Data;Energia elettrica consumata dalla pompa criogneica P200;PT101 Pressione offgas in ingresso al pretrattamento;Valore di recupero percentuale di CO2 dell'impianto;Energia elettrica consumata dalla soffiante V100;EM100 Compressor motor power;Energia elettrica consumata dal compressore V110;Percentuale funzionamento compressore;Energia elettrica consumata dal chiller F400;Energia elettrica consumata dal dissipatore V420;Energia elettrica consumata dal ventilatore V900;Energia elettrica consumata dalla scaldiglia HW203
20/06/2024 02:00:00;;49,999984741211;84,345947265625;;;;66;;;;
20/06/2024 02:00:10;;50,130195617676;87,273002624512;;16,700000762939;;66,25;;;;
20/06/2024 02:00:20;;49,999984741211;87,297107696533;;16,75;;66,5;;;;
20/06/2024 02:00:30;;50,151901245117;87,321212768555;;16,799999237061;;66,75;;;;
20/06/2024 02:00:40;;50,173599243164;88,059700012207;;16,89999961853;;67;;;;
20/06/2024 02:00:50;;50,195304870605;86,00789642334;;17;;67,5;;;;
20/06/2024 02:01:00;;50,13020324707;90,15022277832;;17,10000038147;;68;;;;
20/06/2024 02:01:10;;50,043388366699;81,854415893555;;17,150000572205;;67,857142857143;;;;
20/06/2024 02:01:20;;50,13020324707;85,679889678955;;17,200000762939;;67,714285714286;;;;
20/06/2024 02:01:30;;50,086791992188;89,505363464355;;17,266667048136;;67,571428571429;;;;
20/06/2024 02:01:40;;49,978286743164;91,426063537598;;17,333333333333;;67,428571428571;;;;
20/06/2024 02:01:50;;50,043395996094;85,141143798828;;17,39999961853;;67,285714285714;3719;;;
20/06/2024 02:02:00;;50,021690368652;85,340698242188;;17,300000190735;;67,142857142857;3719,0465116279;;;
20/06/2024 02:02:10;;49,956588745117;95,890213012695;;17,200000762939;;67;3719,0930232558;;;
20/06/2024 02:02:20;;49,913177490234;91,321846008301;;17,240000534058;;66,888888888889;3719,1395348837;;;
20/06/2024 02:02:30;;49,869781494141;86,753479003906;;17,280000305176;;66,777777777778;3719,1860465116;;;
20/06/2024 02:02:40;;49,934883117676;92,542083740234;;17,320000076294;;66,666666666667;3719,2325581395;;;
20/06/2024 02:02:50;;49,999984741211;85,89697265625;;17,359999847412;;66,555555555556;3719,2790697674;;;
20/06/2024 02:03:00;;49,956588745117;82,257141113281;365;17,39999961853;4532;66,444444444444;3719,3255813953;;;
20/06/2024 02:03:10;;50,021690368652;78,917213439941;365,00641025641;17,299999872843;4532,0588235294;66,333333333333;3719,3720930233;;;
20/06/2024 02:03:20;;49,999984741211;81,177421569824;365,01282051282;17,200000127157;4532,1176470588;66,222222222222;3719,4186046512;;;
20/06/2024 02:03:30;;49,848083496094;83,437629699707;365,01923076923;17,10000038147;4532,1764705882;66,111111111111;3719,4651162791;;;
20/06/2024 02:03:40;;49,956588745117;77,219345092773;365,02564102564;17,050000190735;4532,2352941176;66;3719,511627907;;;
20/06/2024 02:03:50;;49,956588745117;79,824432373047;365,03205128205;17;4532,2941176471;66,066666666667;3719,5581395349;;;
20/06/2024 02:04:00;;50,108497619629;84,775466918945;365,03846153846;17,050000190735;4532,3529411765;66,133333333333;3719,6046511628;;;
20/06/2024 02:04:10;;50,086791992188;83,176162719727;365,04487179487;17,10000038147;4532,4117647059;66,2;3719,6511627907;;;
20/06/2024 02:04:20;;49,934883117676;79,224090576172;365,05128205128;17,050000190735;4532,4705882353;66,266666666667;3719,6976744186;;;
20/06/2024 02:04:30;;50,065093994141;80,396778106689;365,05769230769;17;4532,5294117647;66,333333333333;3719,7441860465;;;
20/06/2024 02:04:40;;49,956588745117;81,569465637207;365,0641025641;16,949999809265;4532,5882352941;66,4;3719,7906976744;;;
20/06/2024 02:04:50;;49,999984741211;90,934257507324;365,07051282051;16,89999961853;4532,6470588235;66,466666666667;3719,8372093023;;;
20/06/2024 02:05:00;;50,043395996094;91,626251220703;365,07692307692;16,849999427795;4532,7058823529;66,533333333333;3719,8837209302;;;
20/06/2024 02:05:10;;49,891487121582;84,63053894043;365,08333333333;16,799999237061;4532,7647058824;66,6;3719,9302325581;;;
20/06/2024 02:05:20;;49,956588745117;85,394714355469;365,08974358974;16,89999961853;4532,8235294118;66,666666666667;3719,976744186;;;
20/06/2024 02:05:30;;49,913177490234;89,353267669678;365,09615384615;16,833333333333;4532,8823529412;66,733333333333;3720,023255814;;;
20/06/2024 02:05:40;;49,999984741211;93,311820983887;365,10256410256;16,766667048136;4532,9411764706;66,8;3720,0697674419;;;
20/06/2024 02:05:50;;49,978286743164;81,853553771973;365,10897435897;16,700000762939;4533;66,866666666667;3720,1162790698;;;
20/06/2024 02:06:00;;50,043395996094;80,395606994629;365,11538461538;16,75;4533,0588235294;66,933333333333;3720,1627906977;;;
20/06/2024 02:06:10;;50,086791992188;87,12442779541;365,12179487179;16,799999237061;4533,1176470588;67;3720,2093023256;;;
20/06/2024 02:06:20;;49,999984741211;88,658744812012;365,12820512821;16,75;4533,1764705882;66,75;3720,2558139535;;;
20/06/2024 02:06:30;;49,978286743164;87,710224151611;365,13461538462;16,700000762939;4533,2352941176;66,5;3720,3023255814;;;
20/06/2024 02:06:40;;49,956588745117;86,761703491211;365,14102564103;16,675000667572;4533,2941176471;66,25;3720,3488372093;;;
20/06/2024 02:06:50;;50,043395996094;79,477691650391;365,14743589744;16,650000572205;4533,3529411765;66;3720,3953488372;;;
20/06/2024 02:07:00;;49,999984741211;85,500511169434;365,15384615385;16,625000476837;4533,4117647059;65,8;3720,4418604651;;;
20/06/2024 02:07:10;;50,043395996094;76,671020507813;365,16025641026;16,60000038147;4533,4705882353;65,6;3720,488372093;;;
20/06/2024 02:07:20;;49,956581115723;79,258445739746;365,16666666667;16,699999809265;4533,5294117647;65,4;3720,5348837209;;;
20/06/2024 02:07:30;;50,043395996094;77,697608947754;365,17307692308;16,799999237061;4533,5882352941;65,2;3720,5813953488;;;
20/06/2024 02:07:40;;50,086791992188;76,136772155762;365,17948717949;16,749999523163;4533,6470588235;65;3720,6279069767;;;
20/06/2024 02:07:50;;50,065093994141;72,021362304688;365,1858974359;16,699999809265;4533,7058823529;64,75;3720,6744186047;;;
20/06/2024 02:08:00;;49,913177490234;79,103614807129;365,19230769231;16,650000095367;4533,7647058824;64,5;3720,7209302326;;;
20/06/2024 02:08:10;;49,956588745117;72,520843505859;365,19871794872;16,60000038147;4533,8235294118;64,25;3720,7674418605;;;
20/06/2024 02:08:20;;50,021690368652;74,338569641113;365,20512820513;16,799999237061;4533,8823529412;64;3720,8139534884;;;
20/06/2024 02:08:30;;49,956588745117;75,050025939941;365,21153846154;16,700000762939;4533,9411764706;63,5;3720,8604651163;;;
20/06/2024 02:08:40;;49,934883117676;75,76148223877;365,21794871795;16,683334032694;4534;63;3720,9069767442;;;
20/06/2024 02:08:50;;50,043395996094;72,67650604248;365,22435897436;16,66666730245;4534,0588235294;62,75;3720,9534883721;;;
20/06/2024 02:09:00;;50,021690368652;74,765815734863;365,23076923077;16,650000572205;4534,1176470588;62,5;3721;;;
20/06/2024 02:09:10;;49,956588745117;78,991111755371;365,23717948718;16,63333384196;4534,1764705882;62,25;3721,05;;;
20/06/2024 02:09:20;;49,999992370605;85,314186096191;365,24358974359;16,616667111715;4534,2352941176;62;3721,1;;;
20/06/2024 02:09:30;;49,999984741211;75,619445800781;365,25;16,60000038147;4534,2941176471;61,666666666667;3721,15;;;
20/06/2024 02:09:40;;49,956588745117;75,768520355225;365,25641025641;16,700000762939;4534,3529411765;61,333333333333;3721,2;;;
20/06/2024 02:09:50;;50,086791992188;75,917594909668;365,26282051282;16,650000572205;4534,4117647059;61;3721,25;;;
20/06/2024 02:10:00;;50,043395996094;86,762657165527;365,26923076923;16,60000038147;4534,4705882353;60,5;3721,3;;;
20/06/2024 02:10:10;;49,956581115723;79,955940246582;365,27564102564;16,5;4534,5294117647;60;3721,35;;;
20/06/2024 02:10:20;;50,065093994141;88,774002075195;365,28205128205;16,39999961853;4534,5882352941;59,75;3721,4;;;
20/06/2024 02:10:30;;49,913177490234;85,771423339844;365,28846153846;16,60000038147;4534,6470588235;59,5;3721,45;;;
20/06/2024 02:10:40;;50,043395996094;91,328800201416;365,29487179487;16,575000286102;4534,7058823529;59,25;3721,5;;;
20/06/2024 02:10:50;;50,108497619629;96,886177062988;365,30128205128;16,550000190735;4534,7647058824;59;3721,55;;;
20/06/2024 02:11:00;;50,086791992188;99,334976196289;365,30769230769;16,525000095367;4534,8235294118;58,666666666667;3721,6;;;
20/06/2024 02:11:10;;50,086791992188;103,90349578857;365,3141025641;16,5;4534,8823529412;58,333333333333;3721,65;;;
20/06/2024 02:11:20;;50,043395996094;99,399307250977;365,32051282051;16,474999904633;4534,9411764706;58;3721,7;;;
20/06/2024 02:11:30;;50,108497619629;101,9280090332;365,32692307692;16,449999809265;4535;57,666666666667;3721,75;;;
20/06/2024 02:11:40;;50,021690368652;105,81512069702;365,33333333333;16,424999713898;4535,0588235294;57,333333333333;3721,8;;;
20/06/2024 02:11:50;;50,173599243164;109,70223236084;365,33974358974;16,39999961853;4535,1176470588;57;3721,85;;;
20/06/2024 02:12:00;;50,130195617676;107,67724609375;365,34615384615;16,700000762939;4535,1764705882;57,142857142857;3721,9;;;
20/06/2024 02:12:10;;50,260406494141;104,04470825195;365,35256410256;16,75;4535,2352941176;57,285714285714;3721,95;;;
20/06/2024 02:12:20;;50,217010498047;109,13507843018;365,35897435897;16,799999237061;4535,2941176471;57,428571428571;3722;;;
20/06/2024 02:12:30;;50,108497619629;94,923675537109;365,36538461538;17;4535,3529411765;57,571428571429;3722,05;;;
20/06/2024 02:12:40;;50,043395996094;98,281627655029;365,37179487179;17,200000762939;4535,4117647059;57,714285714286;3722,1;;;
20/06/2024 02:12:50;;49,999984741211;101,63957977295;365,37820512821;17,300000190735;4535,4705882353;57,857142857143;3722,15;;;
20/06/2024 02:13:00;;49,978286743164;97,093566894531;365,38461538462;17,39999961853;4535,5294117647;58;3722,2;;;
20/06/2024 02:13:10;;49,956588745117;95,891990661621;365,39102564103;17,299999237061;4535,5882352941;58,5;3722,25;;;
20/06/2024 02:13:20;;49,934883117676;90,391250610352;365,39743589744;17,39999961853;4535,6470588235;59;3722,3;;;
20/06/2024 02:13:30;;50,043395996094;86,439697265625;365,40384615385;17,349999427795;4535,7058823529;59,333333333333;3722,35;;;
20/06/2024 02:13:40;;49,934883117676;92,379783630371;365,41025641026;17,299999237061;4535,7647058824;59,666666666667;3722,4;;;
20/06/2024 02:13:50;;49,999984741211;87,854148864746;365,41666666667;17,288888295492;4535,8235294118;60;3722,45;;;
20/06/2024 02:14:00;;49,999992370605;83,328514099121;365,42307692308;17,277777353923;4535,8823529412;60,25;3722,5;;;
20/06/2024 02:14:10;;49,999984741211;87,369102478027;365,42948717949;17,266666412354;4535,9411764706;60,5;3722,55;;;
20/06/2024 02:14:20;;49,956588745117;82,815475463867;365,4358974359;17,255555470785;4536;60,75;3722,6;;;
20/06/2024 02:14:30;;50,065093994141;81,144050598145;365,44230769231;17,244444529215;4536,0588235294;61;3722,65;;;
20/06/2024 02:14:40;;49,999984741211;75,947784423828;365,44871794872;17,233333587646;4536,1176470588;61,5;3722,7;;;
20/06/2024 02:14:50;;49,869781494141;75,058662414551;365,45512820513;17,222222646077;4536,1764705882;62;3722,75;;;
20/06/2024 02:15:00;;49,782981872559;74,169540405273;365,46153846154;17,211111704508;4536,2352941176;62,25;3722,8;;;
20/06/2024 02:15:10;;49,826385498047;77,179679870605;365,46794871795;17,200000762939;4536,2941176471;62,5;3722,85;;;
20/06/2024 02:15:20;;49,674468994141;72,264030456543;365,47435897436;17,299999237061;4536,3529411765;62,75;3722,9;;;
20/06/2024 02:15:30;;49,761276245117;66,911712646484;365,48076923077;17,199999809265;4536,4117647059;63;3722,95;;;
20/06/2024 02:15:40;;49,826385498047;62,64559173584;365,48717948718;17,10000038147;4536,4705882353;63,333333333333;3723;;;
20/06/2024 02:15:50;;49,782974243164;64,06628036499;365,49358974359;17;4536,5294117647;63,666666666667;3723,0476190476;;;
20/06/2024 02:16:00;;49,848083496094;65,486968994141;365,5;16,89999961853;4536,5882352941;64;3723,0952380952;;;
20/06/2024 02:16:10;;49,956588745117;57,144863128662;365,50641025641;16,799999237061;4536,6470588235;64,5;3723,1428571429;;;
20/06/2024 02:16:20;;49,848075866699;63,163173675537;365,51282051282;16,699999809265;4536,7058823529;65;3723,1904761905;;;
20/06/2024 02:16:30;;49,956581115723;65,02116394043;365,51923076923;16,60000038147;4536,7647058824;65,25;3723,2380952381;;;
20/06/2024 02:16:40;;49,999984741211;66,488204956055;365,52564102564;16,5;4536,8235294118;65,5;3723,2857142857;;;
20/06/2024 02:16:50;;49,956588745117;67,178909301758;365,53205128205;16,39999961853;4536,8823529412;65,75;3723,3333333333;;;
20/06/2024 02:17:00;;50,130195617676;67,869613647461;365,53846153846;16,299999237061;4536,9411764706;66;3723,380952381;;;
20/06/2024 02:17:10;;49,999984741211;65,241889953613;365,54487179487;16,349999427795;4537;66,333333333333;3723,4285714286;;;
20/06/2024 02:17:20;;50,065093994141;77,379211425781;365,55128205128;16,39999961853;4537,0588235294;66,666666666667;3723,4761904762;;;
20/06/2024 02:17:30;;50,086791992188;73,406753540039;365,55769230769;16,300000190735;4537,1176470588;67;3723,5238095238;;;
20/06/2024 02:17:40;;50,151901245117;81,201904296875;365,5641025641;16,200000762939;4537,1764705882;67,333333333333;3723,5714285714;;;
20/06/2024 02:17:50;;50,13020324707;75,49728012085;365,57051282051;16,222222858005;4537,2352941176;67,666666666667;3723,619047619;;;
20/06/2024 02:18:00;;50,151901245117;69,792655944824;365,57692307692;16,244444953071;4537,2941176471;68;3723,6666666667;;;
20/06/2024 02:18:10;;50,173599243164;73,344970703125;365,58333333333;16,266667048136;4537,3529411765;68,333333333333;3723,7142857143;;;
20/06/2024 02:18:20;;50,043388366699;83,169761657715;365,58974358974;16,288889143202;4537,4117647059;68,666666666667;3723,7619047619;;;
20/06/2024 02:18:30;;50,13020324707;77,923385620117;365,59615384615;16,311111238268;4537,4705882353;69;3723,8095238095;;;
20/06/2024 02:18:40;;50,065093994141;79,330894470215;365,60256410256;16,333333333333;4537,5294117647;69,333333333333;3723,8571428571;;;
20/06/2024 02:18:50;;50,065093994141;78,122093200684;365,60897435897;16,355555428399;4537,5882352941;69,666666666667;3723,9047619048;;;
20/06/2024 02:19:00;;50,13020324707;77,683132171631;365,61538461538;16,377777523465;4537,6470588235;70;3723,9523809524;;;
20/06/2024 02:19:10;;50,173599243164;77,244171142578;365,62179487179;16,39999961853;4537,7058823529;70,333333333333;3724;;;
20/06/2024 02:19:20;;50,086791992188;71,430549621582;365,62820512821;16,359999847412;4537,7647058824;70,666666666667;3724,0476190476;;;
20/06/2024 02:19:30;;50,043395996094;65,644844055176;365,63461538462;16,320000076294;4537,8235294118;71;3724,0952380952;;;
20/06/2024 02:19:40;;50,13020324707;62,153499603271;365,64102564103;16,280000305176;4537,8823529412;70,666666666667;3724,1428571429;;;
20/06/2024 02:19:50;;49,913177490234;60,879386901855;365,64743589744;16,240000534058;4537,9411764706;70,333333333333;3724,1904761905;;;
20/06/2024 02:20:00;;49,978286743164;61,141510009766;365,65384615385;16,200000762939;4538;70;3724,2380952381;;;
20/06/2024 02:20:10;;50,086791992188;61,403633117676;365,66025641026;16,25;4538,0588235294;69,75;3724,2857142857;;;
20/06/2024 02:20:20;;50,043395996094;62,67068862915;365,66666666667;16,299999237061;4538,1176470588;69,5;3724,3333333333;;;
20/06/2024 02:20:30;;49,999984741211;73,062889099121;365,67307692308;16,224999427795;4538,1764705882;69,25;3724,380952381;;;
20/06/2024 02:20:40;;50,065093994141;82,410278320313;365,67948717949;16,14999961853;4538,2352941176;69;3724,4285714286;;;
20/06/2024 02:20:50;;50,065093994141;85,898010253906;365,6858974359;16,074999809265;4538,2941176471;68,5;3724,4761904762;;;
20/06/2024 02:21:00;;50,13020324707;92,254817962646;365,69230769231;16;4538,3529411765;68;3724,5238095238;;;
20/06/2024 02:21:10;;50,086791992188;98,611625671387;365,69871794872;16,10000038147;4538,4117647059;67,666666666667;3724,5714285714;;;
20/06/2024 02:21:20;;50,217010498047;103,48085021973;365,70512820513;16,140000152588;4538,4705882353;67,333333333333;3724,619047619;;;
20/06/2024 02:21:30;;50,108497619629;107,14231872559;365,71153846154;16,179999923706;4538,5294117647;67;3724,6666666667;;;
20/06/2024 02:21:40;;50,086791992188;95,940734863281;365,71794871795;16,219999694824;4538,5882352941;67,25;3724,7142857143;;;
20/06/2024 02:21:50;;50,130195617676;137,8621673584;365,72435897436;16,259999465942;4538,6470588235;67,5;3724,7619047619;;;
20/06/2024 02:22:00;;50,184452056885;133,76111602783;365,73076923077;16,299999237061;4538,7058823529;67,75;3724,8095238095;;;
20/06/2024 02:22:10;;50,238708496094;129,66006469727;365,73717948718;16,349999427795;4538,7647058824;68;3724,8571428571;;;
20/06/2024 02:22:20;;50,151901245117;102,38220977783;365,74358974359;16,39999961853;4538,8235294118;68,5;3724,9047619048;;;
20/06/2024 02:22:30;;50,086791992188;139,23712158203;365,75;16,60000038147;4538,8823529412;69;3724,9523809524;;;
20/06/2024 02:22:40;;50,130195617676;116,95139312744;365,75641025641;16,650000572205;4538,9411764706;69,25;3725;;;
20/06/2024 02:22:50;;49,956588745117;95,398162841797;365,76282051282;16,700000762939;4539;69,5;3725,0476190476;;;
20/06/2024 02:23:00;;49,999984741211;97,859550476074;365,76923076923;16,85000038147;4539,0588235294;69,75;3725,0952380952;;;
20/06/2024 02:23:10;;49,956581115723;100,32093811035;365,77564102564;17;4539,1176470588;70;3725,1428571429;;;
20/06/2024 02:23:20;;49,934883117676;107,5139541626;365,78205128205;17,10000038147;4539,1764705882;70,5;3725,1904761905;;;
20/06/2024 02:23:30;;49,999984741211;91,881385803223;365,78846153846;17,299999237061;4539,2352941176;71;3725,2380952381;;;
20/06/2024 02:23:40;;49,967437744141;100,10026550293;365,79487179487;17,25;4539,2941176471;71,333333333333;3725,2857142857;;;
20/06/2024 02:23:50;;49,93489074707;99,834732055664;365,80128205128;17,200000762939;4539,3529411765;71,666666666667;3725,3333333333;;;
20/06/2024 02:24:00;;49,848075866699;94,051719665527;365,80769230769;17,150000572205;4539,4117647059;72;3725,380952381;;;
20/06/2024 02:24:10;;49,85892868042;100,11209869385;365,8141025641;17,10000038147;4539,4705882353;72,25;3725,4285714286;;;
20/06/2024 02:24:20;;49,869781494141;106,17247772217;365,82051282051;17,112500429153;4539,5294117647;72,5;3725,4761904762;;;
20/06/2024 02:24:30;;49,913177490234;115,36392211914;365,82692307692;17,125000476837;4539,5882352941;72,75;3725,5238095238;;;
20/06/2024 02:24:40;;49,848075866699;101,52410125732;365,83333333333;17,137500524521;4539,6470588235;73;3725,5714285714;;;
20/06/2024 02:24:50;;49,956588745117;109,30351257324;365,83974358974;17,150000572205;4539,7058823529;73,5;3725,619047619;;;
20/06/2024 02:25:00;;49,956588745117;118,41165924072;365,84615384615;17,162500619888;4539,7647058824;74;3725,6666666667;;;
20/06/2024 02:25:10;;50,086791992188;109,48394393921;365,85256410256;17,175000667572;4539,8235294118;74,25;3725,7142857143;;;
20/06/2024 02:25:20;;49,978286743164;100,5562286377;365,85897435897;17,187500715256;4539,8823529412;74,5;3725,7619047619;;;
20/06/2024 02:25:30;;49,956588745117;110,30487060547;365,86538461538;17,200000762939;4539,9411764706;74,75;3725,8095238095;;;
20/06/2024 02:25:40;;49,913177490234;119,02898406982;365,87179487179;17,188889609443;4540;75;3725,8571428571;;;
20/06/2024 02:25:50;;49,891479492188;132,6728515625;365,87820512821;17,177778455946;4540,0606060606;75,333333333333;3725,9047619048;;;
20/06/2024 02:26:00;;49,869781494141;109,2071762085;365,88461538462;17,16666730245;4540,1212121212;75,666666666667;3725,9523809524;;;
20/06/2024 02:26:10;;49,869781494141;68,390406608582;365,89102564103;17,155556148953;4540,1818181818;76;3726;;;
20/06/2024 02:26:20;;49,565963745117;27,573637008667;365,89743589744;17,144444995456;4540,2424242424;76,5;3726,0476190476;;;
20/06/2024 02:26:30;;49,739570617676;15,414876937866;365,90384615385;17,13333384196;4540,303030303;77;3726,0952380952;;;
20/06/2024 02:26:40;;49,826385498047;33,134284973145;365,91025641026;17,122222688463;4540,3636363636;77,25;3726,1428571429;;;
20/06/2024 02:26:50;;49,891479492188;18,099943161011;365,91666666667;17,111111534966;4540,4242424242;77,5;3726,1904761905;;;
20/06/2024 02:27:00;;49,782974243164;16,595143643829;365,92307692308;17,10000038147;4540,4848484848;77,75;3726,2380952381;;;
20/06/2024 02:27:10;;49,913177490234;15,090344126647;365,92948717949;17,200000762939;4540,5454545455;78;3726,2857142857;;;
20/06/2024 02:27:20;;49,826385498047;13,585544609465;365,9358974359;17,150000572205;4540,6060606061;78,333333333333;3726,3333333333;;;
20/06/2024 02:27:30;;49,999992370605;12,080745092283;365,94230769231;17,10000038147;4540,6666666667;78,666666666667;3726,380952381;;;
20/06/2024 02:27:40;;49,913177490234;10,575945575101;365,94871794872;17,200000762939;4540,7272727273;79;3726,4285714286;;;197
20/06/2024 02:27:50;;49,956588745117;9,0711460579187;365,95512820513;17,150000572205;4540,7878787879;79,333333333333;3726,4761904762;;;197,00549450549
20/06/2024 02:28:00;;49,913177490234;7,5663465407367;365,96153846154;17,10000038147;4540,8484848485;79,666666666667;3726,5238095238;;;197,01098901099
20/06/2024 02:28:10;;49,999984741211;6,0615470235546;365,96794871795;17,200000762939;4540,9090909091;80;3726,5714285714;;;197,01648351648
20/06/2024 02:28:20;;49,934883117676;4,5567475063726;365,97435897436;17,10000038147;4540,9696969697;80,333333333333;3726,619047619;;;197,02197802198
20/06/2024 02:28:30;;49,956581115723;3,0519479891906;365,98076923077;17,13333384196;4541,0303030303;80,666666666667;3726,6666666667;;;197,02747252747
20/06/2024 02:28:40;;49,999984741211;1,5471484720086;365,98717948718;17,16666730245;4541,0909090909;81;3726,7142857143;;;197,03296703297
20/06/2024 02:28:50;;49,848083496094;0,042348954826593;365,99358974359;17,200000762939;4541,1515151515;81,333333333333;3726,7619047619;;;197,03846153846
20/06/2024 02:29:00;;49,956588745117;0,070571631193161;366;17,150000572205;4541,2121212121;81,666666666667;3726,8095238095;;;197,04395604396
20/06/2024 02:29:10;;49,848083496094;0,049461165443063;366,00598802395;17,10000038147;4541,2727272727;82;3726,8571428571;;;197,04945054945
20/06/2024 02:29:20;;49,826385498047;0,028350699692965;366,0119760479;17,200000762939;4541,3333333333;82,333333333333;3726,9047619048;;;197,05494505495
20/06/2024 02:29:30;;49,913185119629;0,035762082785368;366,01796407186;17,10000038147;4541,3939393939;82,666666666667;3726,9523809524;;;197,06043956044
20/06/2024 02:29:40;;49,869781494141;0,043173465877771;366,02395209581;17;4541,4545454545;83;3727;;;197,06593406593
20/06/2024 02:29:50;;49,934883117676;0,050584848970175;366,02994011976;16,89999961853;4541,5151515152;83,333333333333;3727,0666666667;;;197,07142857143
20/06/2024 02:30:00;;50,043395996094;0,057996232062578;366,03592814371;16,800000190735;4541,5757575758;83,666666666667;3727,1333333333;;;197,07692307692
20/06/2024 02:30:10;;49,999984741211;0,055192705243826;366,04191616766;16,700000762939;4541,6363636364;84;3727,2;;;197,08241758242
20/06/2024 02:30:20;;49,956588745117;0,052389178425074;366,04790419162;16,675000667572;4541,696969697;84,25;3727,2666666667;;;197,08791208791
20/06/2024 02:30:30;;50,108497619629;0,049585651606321;366,05389221557;16,650000572205;4541,7575757576;84,5;3727,3333333333;;;197,09340659341
20/06/2024 02:30:40;;49,999984741211;0,046782124787569;366,05988023952;16,625000476837;4541,8181818182;84,75;3727,4;;;197,0989010989
20/06/2024 02:30:50;;50,086791992188;0,043978597968817;366,06586826347;16,60000038147;4541,8787878788;85;3727,4666666667;;;197,1043956044
20/06/2024 02:31:00;;49,999984741211;0,047468906734139;366,07185628743;16,650000572205;4541,9393939394;85,5;3727,5333333333;;;197,10989010989
20/06/2024 02:31:10;;49,956588745117;0,050959215499461;366,07784431138;16,700000762939;4542;86;3727,6;;;197,11538461538
20/06/2024 02:31:20;;49,999992370605;0,054449524264783;366,08383233533;16,60000038147;4542,0555555556;85,857142857143;3727,6666666667;;;197,12087912088
20/06/2024 02:31:30;;49,913177490234;0,057939833030105;366,08982035928;16,56666692098;4542,1111111111;85,714285714286;3727,7333333333;;;197,12637362637
20/06/2024 02:31:40;;49,934883117676;0,061430141795427;366,09580838323;16,53333346049;4542,1666666667;85,571428571429;3727,8;;;197,13186813187
20/06/2024 02:31:50;;49,934883117676;0,064920450560749;366,10179640719;16,5;4542,2222222222;85,428571428571;3727,8666666667;;;197,13736263736
20/06/2024 02:32:00;;49,869781494141;0,068410759326071;366,10778443114;16,56666692098;4542,2777777778;85,285714285714;3727,9333333333;;;197,14285714286
20/06/2024 02:32:10;;49,826385498047;0,071901068091393;366,11377245509;16,63333384196;4542,3333333333;85,142857142857;3728;;;197,14835164835
20/06/2024 02:32:20;;49,782974243164;0,057438965886831;366,11976047904;16,700000762939;4542,3888888889;85;3728,0666666667;;;197,15384615385
20/06/2024 02:32:30;;49,782981872559;0,04297686368227;366,12574850299;16,60000038147;4542,4444444444;84,5;3728,1333333333;;;197,15934065934
20/06/2024 02:32:40;;49,73957824707;0,038173011814555;366,13173652695;16,5;4542,5;84;3728,2;;;197,16483516484
20/06/2024 02:32:50;;49,696166992188;0,033369159946839;366,1377245509;16,39999961853;4542,5555555556;83,75;3728,2666666667;;;197,17032967033
20/06/2024 02:33:00;;49,652770996094;0,028565308079123;366,14371257485;16,60000038147;4542,6111111111;83,5;3728,3333333333;;;197,17582417582
20/06/2024 02:33:10;;49,696166992188;0,071154125034809;366,1497005988;16,39999961853;4542,6666666667;83,25;3728,4;;;197,18131868132
20/06/2024 02:33:20;;49,674468994141;0,071209900081158;366,15568862275;16,36666615804;4542,7222222222;83;3728,4666666667;;;197,18681318681
20/06/2024 02:33:30;;49,696166992188;0,071265675127506;366,16167664671;16,33333269755;4542,7777777778;82,666666666667;3728,5333333333;;;197,19230769231
20/06/2024 02:33:40;;49,609359741211;0,07141837477684;366,16766467066;16,299999237061;4542,8333333333;82,333333333333;3728,6;;;197,1978021978
20/06/2024 02:33:50;;49,565956115723;0,072322264313698;366,17365269461;16,200000762939;4542,8888888889;82;3728,6666666667;;;197,2032967033
20/06/2024 02:34:00;;49,73957824707;36,104793548584;366,17964071856;15,89999961853;4542,9444444444;81,5;3728,7333333333;;;197,20879120879
20/06/2024 02:34:10;;49,696166992188;47,593421936035;366,18562874251;15,849999904633;4543;81;3728,8;;;197,21428571429
20/06/2024 02:34:20;;50,108497619629;48,96028137207;366,19161676647;15,800000190735;4543,0555555556;80,75;3728,8666666667;;;197,21978021978
20/06/2024 02:34:30;;49,782974243164;50,327140808105;366,19760479042;15,650000095367;4543,1111111111;80,5;3728,9333333333;;;197,22527472527
20/06/2024 02:34:40;;49,631065368652;41,891788482666;366,20359281437;15,5;4543,1666666667;80,25;3729;;;197,23076923077
20/06/2024 02:34:50;;49,522552490234;28,089544296265;366,20958083832;15,300000190735;4543,2222222222;80;3729,0681818182;;;197,23626373626
20/06/2024 02:35:00;;49,565956115723;31,747489929199;366,21556886228;15,5;4543,2777777778;79,666666666667;3729,1363636364;;;197,24175824176
20/06/2024 02:35:10;;49,717872619629;41,964351654053;366,22155688623;15,39999961853;4543,3333333333;79,333333333333;3729,2045454545;;;197,24725274725
20/06/2024 02:35:20;;49,826385498047;51,833318710327;366,22754491018;15,349999666214;4543,3888888889;79;3729,2727272727;;;197,25274725275
20/06/2024 02:35:30;;49,913177490234;61,702285766602;366,23353293413;15,299999713898;4543,4444444444;78,666666666667;3729,3409090909;;;197,25824175824
20/06/2024 02:35:40;;49,848083496094;77,738723754883;366,23952095808;15,249999761581;4543,5;78,333333333333;3729,4090909091;;;197,26373626374
20/06/2024 02:35:50;;49,956588745117;85,644546508789;366,24550898204;15,199999809265;4543,5555555556;78;3729,4772727273;;;197,26923076923
20/06/2024 02:36:00;;49,848075866699;77,57022857666;366,25149700599;15,224999904633;4543,6111111111;77,666666666667;3729,5454545455;;;197,27472527473
20/06/2024 02:36:10;;49,782974243164;68,389633178711;366,25748502994;15,25;4543,6666666667;77,333333333333;3729,6136363636;;;197,28021978022
20/06/2024 02:36:20;;49,707019805908;71,416786193848;366,26347305389;15,275000095367;4543,7222222222;77;3729,6818181818;;;197,28571428571
20/06/2024 02:36:30;;49,631065368652;74,443939208984;366,26946107784;15,300000190735;4543,7777777778;76,75;3729,75;;;197,29120879121
20/06/2024 02:36:40;;49,717872619629;75,798538208008;366,2754491018;15,199999809265;4543,8333333333;76,5;3729,8181818182;;;197,2967032967
20/06/2024 02:36:50;;49,565963745117;79,894134521484;366,28143712575;15,25;4543,8888888889;76,25;3729,8863636364;;;197,3021978022
20/06/2024 02:37:00;;49,609359741211;79,854377746582;366,2874251497;15,300000190735;4543,9444444444;76;3729,9545454545;;;197,30769230769
20/06/2024 02:37:10;;49,522552490234;80,288757324219;366,29341317365;15,266666730245;4544;75,5;3730,0227272727;;;197,31318681319
20/06/2024 02:37:20;;49,609359741211;85,475780487061;366,2994011976;15,233333269755;4544,0526315789;75;3730,0909090909;;;197,31868131868
20/06/2024 02:37:30;;49,544258117676;90,662803649902;366,30538922156;15,199999809265;4544,1052631579;74,75;3730,1590909091;;;197,32417582418
20/06/2024 02:37:40;;49,435760498047;79,887077331543;366,31137724551;15,10000038147;4544,1578947368;74,5;3730,2272727273;;;197,32967032967
20/06/2024 02:37:50;;49,479156494141;85,550628662109;366,31736526946;15,050000190735;4544,2105263158;74,25;3730,2954545455;;;197,33516483516
20/06/2024 02:38:00;;49,479156494141;92,245140075684;366,32335329341;15;4544,2631578947;74;3730,3636363636;;;197,34065934066
20/06/2024 02:38:10;;49,522552490234;96,960868835449;366,32934131737;14,89999961853;4544,3157894737;73,666666666667;3730,4318181818;;;197,34615384615
20/06/2024 02:38:20;;49,652770996094;100,00775146484;366,33532934132;14,800000190735;4544,3684210526;73,333333333333;3730,5;;;197,35164835165
20/06/2024 02:38:30;;49,609359741211;97,667209625244;366,34131736527;14,75;4544,4210526316;73;3730,5681818182;;;197,35714285714
20/06/2024 02:38:40;;49,761276245117;95,326667785645;366,34730538922;14,699999809265;4544,4736842105;72,5;3730,6363636364;;;197,36263736264
20/06/2024 02:38:50;;49,73957824707;97,943481445313;366,35329341317;14,599999904633;4544,5263157895;72;3730,7045454545;;;197,36813186813
20/06/2024 02:39:00;;49,913177490234;94,186683654785;366,35928143713;14,5;4544,5789473684;71,75;3730,7727272727;;;197,37362637363
20/06/2024 02:39:10;;49,913185119629;95,205101013184;366,36526946108;14,39999961853;4544,6315789474;71,5;3730,8409090909;;;197,37912087912
20/06/2024 02:39:20;;49,826385498047;97,408340454102;366,37125748503;14,366666475932;4544,6842105263;71,25;3730,9090909091;;;197,38461538462
20/06/2024 02:39:30;;49,913185119629;99,120014190674;366,37724550898;14,333333333333;4544,7368421053;71;3730,9772727273;;;197,39010989011
20/06/2024 02:39:40;;49,826385498047;100,83168792725;366,38323353293;14,300000190735;4544,7894736842;70,666666666667;3731,0454545455;;;197,3956043956
20/06/2024 02:39:50;;50,086791992188;99,165679931641;366,38922155689;14,39999961853;4544,8421052632;70,333333333333;3731,1136363636;;;197,4010989011
20/06/2024 02:40:00;;49,999984741211;94,285484313965;366,39520958084;14,300000190735;4544,8947368421;70;3731,1818181818;;;197,40659340659
20/06/2024 02:40:10;;50,043395996094;104,78087615967;366,40119760479;14,233333587646;4544,9473684211;69,5;3731,25;;;197,41208791209
20/06/2024 02:40:20;;50,065093994141;114,15773773193;366,40718562874;14,166666984558;4545;69;3731,3181818182;;;197,41758241758
20/06/2024 02:40:30;;50,043395996094;102,43524169922;366,41317365269;14,10000038147;4545,0526315789;68,75;3731,3863636364;;;197,42307692308
20/06/2024 02:40:40;;50,086791992188;90,712745666504;366,41916167665;14,300000190735;4545,1052631579;68,5;3731,4545454545;;;197,42857142857
20/06/2024 02:40:50;;50,065093994141;107,82258605957;366,4251497006;14,287500143051;4545,1578947368;68,25;3731,5227272727;;;197,43406593407
20/06/2024 02:41:00;;50,086791992188;121,19301605225;366,43113772455;14,275000095367;4545,2105263158;68;3731,5909090909;;;197,43956043956
20/06/2024 02:41:10;;50,065093994141;107,42570495605;366,4371257485;14,262500047684;4545,2631578947;67,666666666667;3731,6590909091;;;197,44505494505
20/06/2024 02:41:20;;50,043395996094;108,58345031738;366,44311377246;14,25;4545,3157894737;67,333333333333;3731,7272727273;;;197,45054945055
20/06/2024 02:41:30;;50,108497619629;116,07738113403;366,44910179641;14,237499952316;4545,3684210526;67;3731,7954545455;;;197,45604395604
20/06/2024 02:41:40;;50,086791992188;123,57131195068;366,45508982036;14,224999904633;4545,4210526316;66,666666666667;3731,8636363636;;;197,46153846154
20/06/2024 02:41:50;;50,021690368652;101,49131774902;366,46107784431;14,212499856949;4545,4736842105;66,333333333333;3731,9318181818;;;197,46703296703
20/06/2024 02:42:00;;50,086791992188;114,869140625;366,46706586826;14,199999809265;4545,5263157895;66;3732;;;197,47252747253
20/06/2024 02:42:10;;50,086791992188;131,38958740234;366,47305389222;14,266666412354;4545,5789473684;65,666666666667;3732,0555555556;;;197,47802197802
20/06/2024 02:42:20;;50,108497619629;117,30723571777;366,47904191617;14,333333015442;4545,6315789474;65,333333333333;3732,1111111111;;;197,48351648352
20/06/2024 02:42:30;;50,086791992188;105,5418548584;366,48502994012;14,39999961853;4545,6842105263;65;3732,1666666667;;;197,48901098901
20/06/2024 02:42:40;;50,13020324707;93,776473999023;366,49101796407;14,449999809265;4545,7368421053;64,666666666667;3732,2222222222;;;197,49450549451
20/06/2024 02:42:50;;50,086791992188;138,15875244141;366,49700598802;14,5;4545,7894736842;64,333333333333;3732,2777777778;;;197,5
20/06/2024 02:43:00;;50,086791992188;120,32244110107;366,50299401198;14,699999809265;4545,8421052632;64;3732,3333333333;;;197,50549450549
20/06/2024 02:43:10;;50,086791992188;96,255317687988;366,50898203593;14,671428407942;4545,8947368421;63,666666666667;3732,3888888889;;;197,51098901099
20/06/2024 02:43:20;;49,913177490234;135,64491271973;366,51497005988;14,642857006618;4545,9473684211;63,333333333333;3732,4444444444;;;197,51648351648
20/06/2024 02:43:30;;49,869781494141;119,7911605835;366,52095808383;14,614285605294;4546;63;3732,5;;;197,52197802198
20/06/2024 02:43:40;;50,021690368652;108,93574523926;366,52694610778;14,585714203971;4546,0526315789;62,666666666667;3732,5555555556;;;197,52747252747
20/06/2024 02:43:50;;50,086791992188;98,08032989502;366,53293413174;14,557142802647;4546,1052631579;62,333333333333;3732,6111111111;;;197,53296703297
20/06/2024 02:44:00;;50,043388366699;98,90234375;366,53892215569;14,528571401324;4546,1578947368;62;3732,6666666667;;;197,53846153846
20/06/2024 02:44:10;;49,999984741211;121,56832122803;366,54491017964;14,5;4546,2105263158;61,75;3732,7222222222;;;197,54395604396
20/06/2024 02:44:20;;49,869781494141;100,28411102295;366,55089820359;14,46666653951;4546,2631578947;61,5;3732,7777777778;;;197,54945054945
20/06/2024 02:44:30;;49,934883117676;102,80661773682;366,55688622754;14,43333307902;4546,3157894737;61,25;3732,8333333333;;;197,55494505495
20/06/2024 02:44:40;;49,956588745117;111,26074981689;366,5628742515;14,39999961853;4546,3684210526;61;3732,8888888889;;;197,56043956044
20/06/2024 02:44:50;;49,934883117676;119,71488189697;366,56886227545;14,416666348775;4546,4210526316;60,5;3732,9444444444;;;197,56593406593
20/06/2024 02:45:00;;49,999984741211;99,902198791504;366,5748502994;14,43333307902;4546,4736842105;60;3733;;;197,57142857143
20/06/2024 02:45:10;;49,956588745117;108,31563568115;366,58083832335;14,449999809265;4546,5263157895;59,75;3733,0555555556;;;197,57692307692
20/06/2024 02:45:20;;50,065093994141;119,67548370361;366,58682634731;14,46666653951;4546,5789473684;59,5;3733,1111111111;;;197,58241758242
20/06/2024 02:45:30;;49,913177490234;104,61437988281;366,59281437126;14,483333269755;4546,6315789474;59,25;3733,1666666667;;;197,58791208791
20/06/2024 02:45:40;;50,021690368652;108,17623138428;366,59880239521;14,5;4546,6842105263;59;3733,2222222222;;;197,59340659341
20/06/2024 02:45:50;;49,999984741211;111,73808288574;366,60479041916;14,566666603088;4546,7368421053;58,666666666667;3733,2777777778;;;197,5989010989
20/06/2024 02:46:00;;49,956588745117;123,28090667725;366,61077844311;14,633333206177;4546,7894736842;58,333333333333;3733,3333333333;;;197,6043956044
20/06/2024 02:46:10;;50,043395996094;106,63924407959;366,61676646707;14,699999809265;4546,8421052632;58;3733,3888888889;;;197,60989010989
20/06/2024 02:46:20;;49,956581115723;112,04800415039;366,62275449102;14,650000095367;4546,8947368421;57,5;3733,4444444444;;;197,61538461538
20/06/2024 02:46:30;;49,956588745117;126,61904907227;366,62874251497;14,60000038147;4546,9473684211;57;3733,5;;;197,62087912088
20/06/2024 02:46:40;;50,021690368652;130,62431335449;366,63473053892;14,700000286102;4547;56,75;3733,5555555556;;;197,62637362637
20/06/2024 02:46:50;;49,956588745117;134,62957763672;366,64071856287;14,800000190735;4547,0526315789;56,5;3733,6111111111;;;197,63186813187
20/06/2024 02:47:00;;49,999992370605;115,91917419434;366,64670658683;14,75;4547,1052631579;56,25;3733,6666666667;;;197,63736263736
20/06/2024 02:47:10;;50,043395996094;128,75331115723;366,65269461078;14,699999809265;4547,1578947368;56;3733,7222222222;;;197,64285714286
20/06/2024 02:47:20;;49,978286743164;137,00149536133;366,65868263473;14,733333110809;4547,2105263158;55,666666666667;3733,7777777778;;;197,64835164835
20/06/2024 02:47:30;;49,999984741211;118,50992584229;366,66467065868;14,766666412354;4547,2631578947;55,333333333333;3733,8333333333;;;197,65384615385
20/06/2024 02:47:40;;49,956588745117;124,6434135437;366,67065868263;14,799999713898;4547,3157894737;55;3733,8888888889;;;197,65934065934
20/06/2024 02:47:50;;49,956581115723;130,77690124512;366,67664670659;14,833333015442;4547,3684210526;54,5;3733,9444444444;;;197,66483516484
20/06/2024 02:48:00;;49,956588745117;138,96557617188;366,68263473054;14,866666316986;4547,4210526316;54;3734;;;197,67032967033
20/06/2024 02:48:10;;50,043395996094;157,47506713867;366,68862275449;14,89999961853;4547,4736842105;53,75;3734,0363636364;;;197,67582417582
20/06/2024 02:48:20;;50,065093994141;131,9776763916;366,69461077844;14,949999809265;4547,5263157895;53,5;3734,0727272727;;;197,68131868132
20/06/2024 02:48:30;;50,086791992188;140,95269775391;366,7005988024;15;4547,5789473684;53,25;3734,1090909091;;;197,68681318681
20/06/2024 02:48:40;;49,999984741211;160,68174743652;366,70658682635;14,949999809265;4547,6315789474;53;3734,1454545455;;;197,69230769231
20/06/2024 02:48:50;;50,043395996094;147,77923583984;366,7125748503;14,89999961853;4547,6842105263;52,666666666667;3734,1818181818;;;197,6978021978
20/06/2024 02:49:00;;50,065093994141;134,87672424316;366,71856287425;14,949999809265;4547,7368421053;52,333333333333;3734,2181818182;;;197,7032967033
20/06/2024 02:49:10;;50,086791992188;142,00117492676;366,7245508982;15;4547,7894736842;52;3734,2545454545;;;197,70879120879
20/06/2024 02:49:20;;50,130195617676;161,35813903809;366,73053892216;14,96666653951;4547,8421052632;52,166666666667;3734,2909090909;;;197,71428571429
20/06/2024 02:49:30;;50,151901245117;165,45378112793;366,73652694611;14,93333307902;4547,8947368421;52,333333333333;3734,3272727273;;;197,71978021978
20/06/2024 02:49:40;;50,173599243164;143,3936920166;366,74251497006;14,89999961853;4547,9473684211;52,5;3734,3636363636;;;197,72527472527
20/06/2024 02:49:50;;50,217010498047;153,37905883789;366,74850299401;15,199999809265;4548;52,666666666667;3734,4;;;197,73076923077
20/06/2024 02:50:00;;50,151901245117;163,36442565918;366,75449101796;15,25;4548,0555555556;52,833333333333;3734,4363636364;;;197,73626373626
20/06/2024 02:50:10;;50,303802490234;165,87048339844;366,76047904192;15,300000190735;4548,1111111111;53;3734,4727272727;;;197,74175824176
20/06/2024 02:50:20;;50,260406494141;139,22850036621;366,76646706587;15,400000095367;4548,1666666667;53,25;3734,5090909091;;;197,74725274725
20/06/2024 02:50:30;;50,217010498047;154,69766235352;366,77245508982;15,5;4548,2222222222;53,5;3734,5454545455;;;197,75274725275
20/06/2024 02:50:40;;50,151901245117;155,03713989258;366,77844311377;15,60000038147;4548,2777777778;53,75;3734,5818181818;;;197,75824175824
20/06/2024 02:50:50;;50,173599243164;142,37718963623;366,78443113772;15,75;4548,3333333333;54;3734,6181818182;;;197,76373626374
20/06/2024 02:51:00;;49,999984741211;129,71723937988;366,79041916168;15,89999961853;4548,3888888889;54,5;3734,6545454545;;;197,76923076923
20/06/2024 02:51:10;;50,021690368652;145,88571166992;366,79640718563;16,200000762939;4548,4444444444;55;3734,6909090909;;;197,77472527473
20/06/2024 02:51:20;;49,913177490234;148,45104980469;366,80239520958;16,266667048136;4548,5;55,333333333333;3734,7272727273;;;197,78021978022
20/06/2024 02:51:30;;49,978286743164;127,03948974609;366,80838323353;16,333333333333;4548,5555555556;55,666666666667;3734,7636363636;;;197,78571428571
20/06/2024 02:51:40;;49,956581115723;141,3885345459;366,81437125749;16,39999961853;4548,6111111111;56;3734,8;;;197,79120879121
20/06/2024 02:51:50;;49,913177490234;145,23736572266;366,82035928144;16,333333333333;4548,6666666667;56,25;3734,8363636364;;;197,7967032967
20/06/2024 02:52:00;;49,956588745117;149,08619689941;366,82634730539;16,266667048136;4548,7222222222;56,5;3734,8727272727;;;197,8021978022
20/06/2024 02:52:10;;49,891479492188;124,19561004639;366,83233532934;16,200000762939;4548,7777777778;56,75;3734,9090909091;;;197,80769230769
20/06/2024 02:52:20;;49,999984741211;99,64990234375;366,83832335329;16,299999237061;4548,8333333333;57;3734,9454545455;;;197,81318681319
20/06/2024 02:52:30;;49,978286743164;138,18827819824;366,84431137725;16,14999961853;4548,8888888889;57,5;3734,9818181818;;;197,81868131868
20/06/2024 02:52:40;;49,869781494141;112,13173675537;366,8502994012;16;4548,9444444444;58;3735,0181818182;;;197,82417582418
20/06/2024 02:52:50;;49,696166992188;104,32389068604;366,85628742515;15,949999809265;4549;58,25;3735,0545454545;;;197,82967032967
20/06/2024 02:53:00;;49,869781494141;94,96529006958;366,8622754491;15,89999961853;4549,0555555556;58,5;3735,0909090909;;;197,83516483516
20/06/2024 02:53:10;;49,913177490234;85,606689453125;366,86826347305;15,799999713898;4549,1111111111;58,75;3735,1272727273;;;197,84065934066
20/06/2024 02:53:20;;49,978286743164;80,295219421387;366,87425149701;15,699999809265;4549,1666666667;59;3735,1636363636;;;197,84615384615
20/06/2024 02:53:30;;50,021690368652;84,670623779297;366,88023952096;15,5;4549,2222222222;59,333333333333;3735,2;;;197,85164835165
20/06/2024 02:53:40;;49,913177490234;81,109878540039;366,88622754491;15,300000190735;4549,2777777778;59,666666666667;3735,2363636364;;;197,85714285714
20/06/2024 02:53:50;;50,086799621582;76,620574951172;366,89221556886;15,200000127157;4549,3333333333;60;3735,2727272727;;;197,86263736264
20/06/2024 02:54:00;;50,043395996094;78,682758331299;366,89820359281;15,100000063578;4549,3888888889;60,5;3735,3090909091;;;197,86813186813
20/06/2024 02:54:10;;50,282104492188;80,744941711426;366,90419161677;15;4549,4444444444;61;3735,3454545455;;;197,87362637363
20/06/2024 02:54:20;;50,303802490234;83,646987915039;366,91017964072;14,89999961853;4549,5;61,25;3735,3818181818;;;197,87912087912
20/06/2024 02:54:30;;50,260406494141;95,83130645752;366,91616766467;15;4549,5555555556;61,5;3735,4181818182;;;197,88461538462
20/06/2024 02:54:40;;50,173599243164;89,719619750977;366,92215568862;15,10000038147;4549,6111111111;61,75;3735,4545454545;;;197,89010989011
20/06/2024 02:54:50;;50,303802490234;96,542205810547;366,92814371257;15;4549,6666666667;62;3735,4909090909;;;197,8956043956
20/06/2024 02:55:00;;50,347213745117;95,526065826416;366,93413173653;14,89999961853;4549,7222222222;62,333333333333;3735,5272727273;;;197,9010989011
20/06/2024 02:55:10;;50,217010498047;94,509925842285;366,94011976048;14,999999682109;4549,7777777778;62,666666666667;3735,5636363636;;;197,90659340659
20/06/2024 02:55:20;;50,195304870605;91,239936828613;366,94610778443;15,099999745687;4549,8333333333;63;3735,6;;;197,91208791209
20/06/2024 02:55:30;;50,260406494141;105,45542144775;366,95209580838;15,199999809265;4549,8888888889;63,333333333333;3735,6363636364;;;197,91758241758
20/06/2024 02:55:40;;50,260406494141;93,815078735352;366,95808383234;15,150000095367;4549,9444444444;63,666666666667;3735,6727272727;;;197,92307692308
20/06/2024 02:55:50;;50,195301055908;94,771499633789;366,96407185629;15,10000038147;4550;64;3735,7090909091;;;197,92857142857
20/06/2024 02:56:00;;50,130195617676;88,828178405762;366,97005988024;15,199999809265;4550,0555555556;64,333333333333;3735,7454545455;;;197,93406593407
20/06/2024 02:56:10;;50,217010498047;82,884857177734;366,97604790419;15,400000095367;4550,1111111111;64,666666666667;3735,7818181818;;;197,93956043956
20/06/2024 02:56:20;;50,217002868652;88,323219299316;366,98203592814;15,60000038147;4550,1666666667;65;3735,8181818182;;;197,94505494505
20/06/2024 02:56:30;;50,195304870605;97,066787719727;366,9880239521;15,5;4550,2222222222;65,25;3735,8545454545;;;197,95054945055
20/06/2024 02:56:40;;50,086791992188;87,039581298828;366,99401197605;15,633333206177;4550,2777777778;65,5;3735,8909090909;;;197,95604395604
20/06/2024 02:56:50;;50,021690368652;86,99373626709;367;15,766666412354;4550,3333333333;65,75;3735,9272727273;;;197,96153846154
20/06/2024 02:57:00;;49,999984741211;86,784519195557;367,00617283951;15,89999961853;4550,3888888889;66;3735,9636363636;;;197,96703296703
20/06/2024 02:57:10;;50,086791992188;86,575302124023;367,01234567901;15,949999809265;4550,4444444444;66,5;3736;;;197,97252747253
20/06/2024 02:57:20;;50,043395996094;88,987915039063;367,01851851852;16;4550,5;67;3736,0512820513;;;197,97802197802
20/06/2024 02:57:30;;49,978286743164;87,232925415039;367,02469135802;15,89999961853;4550,5555555556;67,333333333333;3736,1025641026;;;197,98351648352
20/06/2024 02:57:40;;49,999984741211;95,299468994141;367,03086419753;16;4550,6111111111;67,666666666667;3736,1538461538;;;197,98901098901
20/06/2024 02:57:50;;49,999992370605;97,470184326172;367,03703703704;15,974999904633;4550,6666666667;68;3736,2051282051;;;197,99450549451
20/06/2024 02:58:00;;49,999988555908;97,018104553223;367,04320987654;15,949999809265;4550,7222222222;68,25;3736,2564102564;;;198
20/06/2024 02:58:10;;49,999984741211;96,39391708374;367,04938271605;15,924999713898;4550,7777777778;68,5;3736,3076923077;;;198,00549450549
20/06/2024 02:58:20;;49,869781494141;95,769729614258;367,05555555556;15,89999961853;4550,8333333333;68,75;3736,358974359;;;198,01098901099
20/06/2024 02:58:30;;50,086799621582;103,12879180908;367,06172839506;15,849999904633;4550,8888888889;69;3736,4102564103;;;198,01648351648
20/06/2024 02:58:40;;50,043395996094;96,298561096191;367,06790123457;15,800000190735;4550,9444444444;69,5;3736,4615384615;;;198,02197802198
20/06/2024 02:58:50;;50,108497619629;105,85640716553;367,07407407407;16;4551;70;3736,5128205128;;;198,02747252747
20/06/2024 02:59:00;;50,086791992188;112,20696258545;367,08024691358;15,800000190735;4551,0555555556;69,857142857143;3736,5641025641;;;198,03296703297
20/06/2024 02:59:10;;50,108497619629;109,55647277832;367,08641975309;15,700000286102;4551,1111111111;69,714285714286;3736,6153846154;;;198,03846153846
20/06/2024 02:59:20;;50,13020324707;106,90598297119;367,09259259259;15,60000038147;4551,1666666667;69,571428571429;3736,6666666667;;;198,04395604396
20/06/2024 02:59:30;;50,173599243164;96,693084716797;367,0987654321;15,699999809265;4551,2222222222;69,428571428571;3736,7179487179;;;198,04945054945
20/06/2024 02:59:40;;50,086791992188;95,943267822266;367,1049382716;15,800000190735;4551,2777777778;69,285714285714;3736,7692307692;;;198,05494505495
20/06/2024 02:59:50;;50,13020324707;104,016456604;367,11111111111;15,60000038147;4551,3333333333;69,142857142857;3736,8205128205;;;198,06043956044
20/06/2024 03:00:00;;50,130195617676;97,572120666504;367,11728395062;15,585714612688;4551,3888888889;69;3736,8717948718;;;198,06593406593
20/06/2024 03:00:10;;50,13020324707;96,20365524292;367,12345679012;15,571428843907;4551,4444444444;68,5;3736,9230769231;;;198,07142857143
20/06/2024 03:00:20;;50,173599243164;94,835189819336;367,12962962963;15,557143075126;4551,5;68;3736,9743589744;;;198,07692307692
20/06/2024 03:00:30;;50,13020324707;108,0659866333;367,13580246914;15,542857306344;4551,5555555556;67,75;3737,0256410256;;;198,08241758242
20/06/2024 03:00:40;;50,130195617676;105,82531738281;367,14197530864;15,528571537563;4551,6111111111;67,5;3737,0769230769;;;198,08791208791
20/06/2024 03:00:50;;50,13020324707;99,984840393066;367,14814814815;15,514285768781;4551,6666666667;67,25;3737,1282051282;;;198,09340659341
20/06/2024 03:01:00;;50,173599243164;102,78854370117;367,15432098765;15,5;4551,7222222222;67;3737,1794871795;;;198,0989010989
20/06/2024 03:01:10;;50,108497619629;98,445079803467;367,16049382716;15,60000038147;4551,7777777778;66,666666666667;3737,2307692308;;;198,1043956044
20/06/2024 03:01:20;;50,173599243164;94,101615905762;367,16666666667;15,5;4551,8333333333;66,333333333333;3737,2820512821;;;198,10989010989
20/06/2024 03:01:30;;50,086791992188;74,276611328125;367,17283950617;15,53333346049;4551,8888888889;66;3737,3333333333;;;198,11538461538
20/06/2024 03:01:40;;50,065093994141;88,752090454102;367,17901234568;15,56666692098;4551,9444444444;65,666666666667;3737,3846153846;;;198,12087912088
20/06/2024 03:01:50;;50,173599243164;104,5239944458;367,18518518519;15,60000038147;4552;65,333333333333;3737,4358974359;;;198,12637362637
20/06/2024 03:02:00;;50,13020324707;96,120361328125;367,19135802469;15,550000190735;4552,0555555556;65;3737,4871794872;;;198,13186813187
20/06/2024 03:02:10;;50,043395996094;96,229602813721;367,1975308642;15,5;4552,1111111111;64,666666666667;3737,5384615385;;;198,13736263736
20/06/2024 03:02:20;;50,043388366699;96,338844299316;367,2037037037;15,550000190735;4552,1666666667;64,333333333333;3737,5897435897;;;198,14285714286
20/06/2024 03:02:30;;50,13020324707;103,80326843262;367,20987654321;15,60000038147;4552,2222222222;64;3737,641025641;;;198,14835164835
20/06/2024 03:02:40;;50,108497619629;110,37339019775;367,21604938272;15,5;4552,2777777778;63,666666666667;3737,6923076923;;;198,15384615385
20/06/2024 03:02:50;;50,108497619629;105,35905456543;367,22222222222;15,60000038147;4552,3333333333;63,333333333333;3737,7435897436;;;198,15934065934
20/06/2024 03:03:00;;50,043395996094;99,624725341797;367,22839506173;15,550000190735;4552,3888888889;63;3737,7948717949;;;198,16483516484
20/06/2024 03:03:10;;50,086799621582;116,45995330811;367,23456790123;15,5;4552,4444444444;62,666666666667;3737,8461538462;;;198,17032967033
20/06/2024 03:03:20;;50,173599243164;116,54741668701;367,24074074074;15,53333346049;4552,5;62,333333333333;3737,8974358974;;;198,17582417582
20/06/2024 03:03:30;;50,021690368652;116,63488006592;367,24691358025;15,56666692098;4552,5555555556;62;3737,9487179487;;;198,18131868132
20/06/2024 03:03:40;;50,086791992188;92,611808776855;367,25308641975;15,60000038147;4552,6111111111;61,666666666667;3738;;;198,18681318681
20/06/2024 03:03:50;;49,999984741211;103,9584274292;367,25925925926;15,56666692098;4552,6666666667;61,333333333333;3738,05;;;198,19230769231
20/06/2024 03:04:00;;50,021690368652;113,67986297607;367,26543209877;15,53333346049;4552,7222222222;61;3738,1;;;198,1978021978
20/06/2024 03:04:10;;50,043395996094;95,982955932617;367,27160493827;15,5;4552,7777777778;60,75;3738,15;;;198,2032967033
20/06/2024 03:04:20;;50,086791992188;100,78816986084;367,27777777778;15,550000190735;4552,8333333333;60,5;3738,2;;;198,20879120879
20/06/2024 03:04:30;;49,999984741211;105,59338378906;367,28395061728;15,60000038147;4552,8888888889;60,25;3738,25;;;198,21428571429
20/06/2024 03:04:40;;50,043388366699;110,88626098633;367,29012345679;15,800000190735;4552,9444444444;60;3738,3;;;198,21978021978
20/06/2024 03:04:50;;50,043395996094;128,12571716309;367,2962962963;15,700000286102;4553;59,5;3738,35;;;198,22527472527
20/06/2024 03:05:00;;49,999984741211;107,44681549072;367,3024691358;15,60000038147;4553,0555555556;59;3738,4;;;198,23076923077
20/06/2024 03:05:10;;49,956588745117;110,90963745117;367,30864197531;15,800000190735;4553,1111111111;58,666666666667;3738,45;;;198,23626373626
20/06/2024 03:05:20;;50,043395996094;117,56699371338;367,31481481481;15,60000038147;4553,1666666667;58,333333333333;3738,5;;;198,24175824176
20/06/2024 03:05:30;;49,999984741211;124,22434997559;367,32098765432;15,622222582499;4553,2222222222;58;3738,55;;;198,24725274725
20/06/2024 03:05:40;;49,999992370605;104,99471282959;367,32716049383;15,644444783529;4553,2777777778;57,666666666667;3738,6;;;198,25274725275
20/06/2024 03:05:50;;49,956588745117;109,71970367432;367,33333333333;15,666666984558;4553,3333333333;57,333333333333;3738,65;;;198,25824175824
20/06/2024 03:06:00;;49,999984741211;125,60597991943;367,33950617284;15,688889185588;4553,3888888889;57;3738,7;;;198,26373626374
20/06/2024 03:06:10;;49,913177490234;133,43423461914;367,34567901235;15,711111386617;4553,4444444444;56,666666666667;3738,75;;;198,26923076923
20/06/2024 03:06:20;;49,978286743164;122,53879928589;367,35185185185;15,733333587646;4553,5;56,333333333333;3738,8;;;198,27472527473
20/06/2024 03:06:30;;50,043395996094;111,64336395264;367,35802469136;15,755555788676;4553,5555555556;56;3738,85;;;198,28021978022
20/06/2024 03:06:40;;50,021690368652;122,60657501221;367,36419753086;15,777777989705;4553,6111111111;55,75;3738,9;;;198,28571428571
20/06/2024 03:06:50;;49,956588745117;136,24287414551;367,37037037037;15,800000190735;4553,6666666667;55,5;3738,95;;;198,29120879121
20/06/2024 03:07:00;;49,978286743164;114,71594238281;367,37654320988;15,849999904633;4553,7222222222;55,25;3739;;;198,2967032967
20/06/2024 03:07:10;;50,043395996094;121,73845672607;367,38271604938;15,89999961853;4553,7777777778;55;3739,05;;;198,3021978022
20/06/2024 03:07:20;;50,086791992188;128,75221633911;367,38888888889;15,883333047231;4553,8333333333;54,5;3739,1;;;198,30769230769
20/06/2024 03:07:30;;50,021690368652;135,76597595215;367,3950617284;15,866666475932;4553,8888888889;54;3739,15;;;198,31318681319
20/06/2024 03:07:40;;49,956588745117;123,44226837158;367,4012345679;15,849999904633;4553,9444444444;53,666666666667;3739,2;;;198,31868131868
20/06/2024 03:07:50;;50,021690368652;120,44273376465;367,40740740741;15,833333333333;4554;53,333333333333;3739,25;;;198,32417582418
20/06/2024 03:08:00;;50,13020324707;137,13629150391;367,41358024691;15,816666762034;4554,0571428571;53;3739,3;;;198,32967032967
20/06/2024 03:08:10;;50,086791992188;127,8131942749;367,41975308642;15,800000190735;4554,1142857143;52,75;3739,35;;;198,33516483516
20/06/2024 03:08:20;;50,021690368652;123,21510314941;367,42592592593;15,849999904633;4554,1714285714;52,5;3739,4;;;198,34065934066
20/06/2024 03:08:30;;49,956588745117;130,30313873291;367,43209876543;15,89999961853;4554,2285714286;52,25;3739,45;;;198,34615384615
20/06/2024 03:08:40;;50,021690368652;137,39117431641;367,43827160494;15,866666475932;4554,2857142857;52;3739,5;;;198,35164835165
20/06/2024 03:08:50;;50,086791992188;137,31044006348;367,44444444444;15,833333333333;4554,3428571429;51,5;3739,55;;;198,35714285714
20/06/2024 03:09:00;;50,043388366699;113,22824859619;367,45061728395;15,800000190735;4554,4;51;3739,6;;;198,36263736264
20/06/2024 03:09:10;;50,065093994141;136,87855529785;367,45679012346;15,900000095367;4554,4571428571;50,75;3739,65;;;198,36813186813
20/06/2024 03:09:20;;49,999984741211;134,75854492188;367,46296296296;16;4554,5142857143;50,5;3739,7;;;198,37362637363
20/06/2024 03:09:30;;49,913177490234;123,58432006836;367,46913580247;16,03333346049;4554,5714285714;50,25;3739,75;;;198,37912087912
20/06/2024 03:09:40;;49,913185119629;112,41009521484;367,47530864198;16,06666692098;4554,6285714286;50;3739,8;;;198,38461538462
20/06/2024 03:09:50;;50,086791992188;138,03866577148;367,48148148148;16,10000038147;4554,6857142857;49,666666666667;3739,85;;;198,39010989011
20/06/2024 03:10:00;;50,043395996094;138,04719543457;367,48765432099;16,199999809265;4554,7428571429;49,333333333333;3739,9;;;198,3956043956
20/06/2024 03:10:10;;49,956588745117;118,0668258667;367,49382716049;16,299999237061;4554,8;49;3739,95;;;198,4010989011
20/06/2024 03:10:20;;50,065093994141;98,846565246582;367,5;16,324999332428;4554,8571428571;48,5;3740;;;198,40659340659
20/06/2024 03:10:30;;49,913177490234;120,18982315063;367,50617283951;16,349999427795;4554,9142857143;48;3740,0392156863;;103;198,41208791209
20/06/2024 03:10:40;;50,021690368652;141,53308105469;367,51234567901;16,374999523163;4554,9714285714;48,25;3740,0784313725;;103,00142247511;198,41758241758
20/06/2024 03:10:50;;50,086791992188;122,82625579834;367,51851851852;16,39999961853;4555,0285714286;48,5;3740,1176470588;;103,00284495021;198,42307692308
20/06/2024 03:11:00;;49,978286743164;101,34618377686;367,52469135802;16,300000190735;4555,0857142857;48,75;3740,1568627451;;103,00426742532;198,42857142857
20/06/2024 03:11:10;;50,043395996094;144,96282958984;367,53086419753;16,200000762939;4555,1428571429;49;3740,1960784314;;103,00568990043;198,43406593407
20/06/2024 03:11:20;;50,086791992188;126,18553924561;367,53703703704;16,250000476837;4555,2;49,333333333333;3740,2352941176;;103,00711237553;198,43956043956
20/06/2024 03:11:30;;50,13020324707;114,95373535156;367,54320987654;16,300000190735;4555,2571428571;49,666666666667;3740,2745098039;;103,00853485064;198,44505494505
20/06/2024 03:11:40;;49,999992370605;103,72193145752;367,54938271605;16,349999904633;4555,3142857143;50;3740,3137254902;;103,00995732575;198,45054945055
20/06/2024 03:11:50;;50,086799621582;105,17362213135;367,55555555556;16,39999961853;4555,3714285714;50,333333333333;3740,3529411765;;103,01137980085;198,45604395604
20/06/2024 03:12:00;;50,086791992188;130,97262573242;367,56172839506;16,299999237061;4555,4285714286;50,666666666667;3740,3921568627;;103,01280227596;198,46153846154
20/06/2024 03:12:10;;50,021690368652;106,95161437988;367,56790123457;16,5;4555,4857142857;51;3740,431372549;;103,01422475107;198,46703296703
20/06/2024 03:12:20;;50,13020324707;105,69443511963;367,57407407407;16,550000190735;4555,5428571429;51,333333333333;3740,4705882353;;103,01564722617;198,47252747253
20/06/2024 03:12:30;;49,999992370605;132,73106384277;367,58024691358;16,60000038147;4555,6;51,666666666667;3740,5098039216;;103,01706970128;198,47802197802
20/06/2024 03:12:40;;50,065093994141;120,84606552124;367,58641975309;16,5;4555,6571428571;52;3740,5490196078;;103,01849217639;198,48351648352
20/06/2024 03:12:50;;50,043395996094;108,96106719971;367,59259259259;16,299999237061;4555,7142857143;52,333333333333;3740,5882352941;;103,01991465149;198,48901098901
20/06/2024 03:13:00;;50,086791992188;103,73342895508;367,5987654321;16,349999427795;4555,7714285714;52,666666666667;3740,6274509804;;103,0213371266;198,49450549451
20/06/2024 03:13:10;;50,13020324707;111,10108184814;367,6049382716;16,39999961853;4555,8285714286;53;3740,6666666667;;103,02275960171;198,5
20/06/2024 03:13:20;;50,075946807861;107,47389984131;367,61111111111;16,299999237061;4555,8857142857;53,333333333333;3740,7058823529;;103,02418207681;198,50549450549
20/06/2024 03:13:30;;50,021690368652;100,9193649292;367,61728395062;16,342856543405;4555,9428571429;53,666666666667;3740,7450980392;;103,02560455192;198,51098901099
20/06/2024 03:13:40;;49,956588745117;105,12092208862;367,62345679012;16,385713849749;4556;54;3740,7843137255;;103,02702702703;198,51648351648
20/06/2024 03:13:50;;49,999984741211;109,32247924805;367,62962962963;16,428571156093;4556,0588235294;54,333333333333;3740,8235294118;;103,02844950213;198,52197802198
20/06/2024 03:14:00;;50,13020324707;108,14804077148;367,63580246914;16,471428462437;4556,1176470588;54,666666666667;3740,862745098;;103,02987197724;198,52747252747
20/06/2024 03:14:10;;50,065093994141;101,88137054443;367,64197530864;16,514285768781;4556,1764705882;55;3740,9019607843;;103,03129445235;198,53296703297
20/06/2024 03:14:20;;50,086791992188;107,43365478516;367,64814814815;16,557143075126;4556,2352941176;55,25;3740,9411764706;;103,03271692745;198,53846153846
20/06/2024 03:14:30;;49,999984741211;112,80349731445;367,65432098765;16,60000038147;4556,2941176471;55,5;3740,9803921569;;103,03413940256;198,54395604396
20/06/2024 03:14:40;;50,086791992188;111,74799346924;367,66049382716;16,39999961853;4556,3529411765;55,75;3741,0196078431;;103,03556187767;198,54945054945
20/06/2024 03:14:50;;50,043395996094;110,69248962402;367,66666666667;16,60000038147;4556,4117647059;56;3741,0588235294;;103,03698435277;198,55494505495
20/06/2024 03:15:00;;49,999984741211;115,85053253174;367,67283950617;16,612500429153;4556,4705882353;56,5;3741,0980392157;;103,03840682788;198,56043956044
20/06/2024 03:15:10;;50,043395996094;98,397163391113;367,67901234568;16,625000476837;4556,5294117647;57;3741,137254902;;103,03982930299;198,56593406593
20/06/2024 03:15:20;;50,065093994141;99,955001831055;367,68518518519;16,637500524521;4556,5882352941;57,333333333333;3741,1764705882;;103,04125177809;198,57142857143
20/06/2024 03:15:30;;50,021690368652;100,19448852539;367,69135802469;16,650000572205;4556,6470588235;57,666666666667;3741,2156862745;;103,0426742532;198,57692307692
20/06/2024 03:15:40;;50,13020324707;95,054977416992;367,6975308642;16,662500619888;4556,7058823529;58;3741,2549019608;;103,04409672831;198,58241758242
20/06/2024 03:15:50;;50,086799621582;89,915466308594;367,7037037037;16,675000667572;4556,7647058824;58,25;3741,2941176471;;103,04551920341;198,58791208791
20/06/2024 03:16:00;;50,043395996094;91,226264953613;367,70987654321;16,687500715256;4556,8235294118;58,5;3741,3333333333;;103,04694167852;198,59340659341
20/06/2024 03:16:10;;50,043388366699;88,382293701172;367,71604938272;16,700000762939;4556,8823529412;58,75;3741,3725490196;;103,04836415363;198,5989010989
20/06/2024 03:16:20;;50,13020324707;79,779113769531;367,72222222222;16,60000038147;4556,9411764706;59;3741,4117647059;;103,04978662873;198,6043956044
20/06/2024 03:16:30;;50,043395996094;79,43416595459;367,72839506173;16,63333384196;4557;59,5;3741,4509803922;;103,05120910384;198,60989010989
20/06/2024 03:16:40;;49,999984741211;77,895084381104;367,73456790123;16,66666730245;4557,0588235294;60;3741,4901960784;;103,05263157895;198,61538461538
20/06/2024 03:16:50;;49,956581115723;76,356002807617;367,74074074074;16,700000762939;4557,1176470588;60,25;3741,5294117647;;103,05405405405;198,62087912088
20/06/2024 03:17:00;;50,086791992188;75,449783325195;367,74691358025;16,650000572205;4557,1764705882;60,5;3741,568627451;;103,05547652916;198,62637362637
20/06/2024 03:17:10;;49,913185119629;80,922698974609;367,75308641975;16,60000038147;4557,2352941176;60,75;3741,6078431373;;103,05689900427;198,63186813187
20/06/2024 03:17:20;;49,869781494141;72,510360717773;367,75925925926;16,699999809265;4557,2941176471;61;3741,6470588235;;103,05832147937;198,63736263736
20/06/2024 03:17:30;;49,869781494141;69,126991271973;367,76543209877;16,799999237061;4557,3529411765;61,333333333333;3741,6862745098;;103,05974395448;198,64285714286
20/06/2024 03:17:40;;49,848083496094;68,215042114258;367,77160493827;16,699999809265;4557,4117647059;61,666666666667;3741,7254901961;;103,06116642959;198,64835164835
20/06/2024 03:17:50;;49,913177490234;70,454086303711;367,77777777778;16,60000038147;4557,4705882353;62;3741,7647058824;;103,06258890469;198,65384615385
20/06/2024 03:18:00;;49,869781494141;72,693130493164;367,78395061728;16,550000190735;4557,5294117647;62,5;3741,8039215686;;103,0640113798;198,65934065934
20/06/2024 03:18:10;;50,043395996094;72,826324462891;367,79012345679;16,5;4557,5882352941;63;3741,8431372549;;103,06543385491;198,66483516484
20/06/2024 03:18:20;;49,999984741211;79,120719909668;367,7962962963;16,299999237061;4557,6470588235;63,25;3741,8823529412;;103,06685633001;198,67032967033
20/06/2024 03:18:30;;49,999992370605;82,104179382324;367,8024691358;16,25;4557,7058823529;63,5;3741,9215686275;;103,06827880512;198,67582417582
20/06/2024 03:18:40;;50,021690368652;85,030479431152;367,80864197531;16,200000762939;4557,7647058824;63,75;3741,9607843137;;103,06970128023;198,68131868132
20/06/2024 03:18:50;;50,086791992188;83,365375518799;367,81481481481;16,150000572205;4557,8235294118;64;3742;;103,07112375533;198,68681318681
20/06/2024 03:19:00;;50,086799621582;81,700271606445;367,82098765432;16,10000038147;4557,8823529412;64,333333333333;3742,0526315789;;103,07254623044;198,69230769231
20/06/2024 03:19:10;;50,086791992188;82,228393554688;367,82716049383;15,89999961853;4557,9411764706;64,666666666667;3742,1052631579;;103,07396870555;198,6978021978
20/06/2024 03:19:20;;50,130195617676;86,019882202148;367,83333333333;15,866666475932;4558;65;3742,1578947368;;103,07539118065;198,7032967033
20/06/2024 03:19:30;;50,13020324707;90,739479064941;367,83950617284;15,833333333333;4558,0571428571;65,333333333333;3742,2105263158;;103,07681365576;198,70879120879
20/06/2024 03:19:40;;50,130195617676;86,407249450684;367,84567901235;15,800000190735;4558,1142857143;65,666666666667;3742,2631578947;;103,07823613087;198,71428571429
20/06/2024 03:19:50;;50,260406494141;89,436115264893;367,85185185185;15,89999961853;4558,1714285714;66;3742,3157894737;;103,07965860597;198,71978021978
20/06/2024 03:20:00;;50,217002868652;92,464981079102;367,85802469136;15,866666475932;4558,2285714286;66,333333333333;3742,3684210526;;103,08108108108;198,72527472527
20/06/2024 03:20:10;;50,173599243164;91,980628967285;367,86419753086;15,833333333333;4558,2857142857;66,666666666667;3742,4210526316;;103,08250355619;198,73076923077
20/06/2024 03:20:20;;50,238708496094;88,127174377441;367,87037037037;15,800000190735;4558,3428571429;67;3742,4736842105;;103,08392603129;198,73626373626
20/06/2024 03:20:30;;50,217010498047;89,634971618652;367,87654320988;15,900000095367;4558,4;67,25;3742,5263157895;;103,0853485064;198,74175824176
20/06/2024 03:20:40;;50,13020324707;87,194435119629;367,88271604938;16;4558,4571428571;67,5;3742,5789473684;;103,08677098151;198,74725274725
20/06/2024 03:20:50;;50,195304870605;91,142246246338;367,88888888889;16,06666692098;4558,5142857143;67,75;3742,6315789474;;103,08819345661;198,75274725275
20/06/2024 03:21:00;;50,13020324707;95,090057373047;367,8950617284;16,13333384196;4558,5714285714;68;3742,6842105263;;103,08961593172;198,75824175824
20/06/2024 03:21:10;;50,173599243164;87,612525939941;367,9012345679;16,200000762939;4558,6285714286;67,5;3742,7368421053;;103,09103840683;198,76373626374
20/06/2024 03:21:20;;50,260406494141;87,081825256348;367,90740740741;16,10000038147;4558,6857142857;67;3742,7894736842;;103,09246088193;198,76923076923
20/06/2024 03:21:30;;50,065093994141;95,457191467285;367,91358024691;16,200000762939;4558,7428571429;66,666666666667;3742,8421052632;;103,09388335704;198,77472527473
20/06/2024 03:21:40;;50,217010498047;75,382835388184;367,91975308642;16,233333587646;4558,8;66,333333333333;3742,8947368421;;103,09530583215;198,78021978022
20/06/2024 03:21:50;;50,130195617676;78,540946960449;367,92592592593;16,266666412354;4558,8571428571;66;3742,9473684211;;103,09672830725;198,78571428571
20/06/2024 03:22:00;;50,065090179443;81,699058532715;367,93209876543;16,299999237061;4558,9142857143;65,75;3743;;103,09815078236;198,79120879121
20/06/2024 03:22:10;;49,999984741211;69,40234375;367,93827160494;16,285713740758;4558,9714285714;65,5;3743,0526315789;;103,09957325747;198,7967032967
20/06/2024 03:22:20;;49,891479492188;91,031517028809;367,94444444444;16,271428244455;4559,0285714286;65,25;3743,1052631579;;103,10099573257;198,8021978022
20/06/2024 03:22:30;;49,956588745117;82,388999938965;367,95061728395;16,257142748152;4559,0857142857;65;3743,1578947368;;103,10241820768;198,80769230769
20/06/2024 03:22:40;;49,869781494141;94,44841003418;367,95679012346;16,242857251848;4559,1428571429;64,5;3743,2105263158;;103,10384068279;198,81318681319
20/06/2024 03:22:50;;50,021690368652;101,9683380127;367,96296296296;16,228571755545;4559,2;64;3743,2631578947;;103,10526315789;198,81868131868
20/06/2024 03:23:00;;49,913177490234;97,418087005615;367,96913580247;16,214286259242;4559,2571428571;63,666666666667;3743,3157894737;;103,106685633;198,82417582418
20/06/2024 03:23:10;;49,869781494141;92,867835998535;367,97530864198;16,200000762939;4559,3142857143;63,333333333333;3743,3684210526;;103,10810810811;198,82967032967
20/06/2024 03:23:20;;49,913185119629;95,953758239746;367,98148148148;16,13333384196;4559,3714285714;63;3743,4210526316;;103,10953058321;198,83516483516
20/06/2024 03:23:30;;49,913177490234;95,482574462891;367,98765432099;16,06666692098;4559,4285714286;62,75;3743,4736842105;;103,11095305832;198,84065934066
20/06/2024 03:23:40;;49,999984741211;99,290580749512;367,99382716049;16;4559,4857142857;62,5;3743,5263157895;;103,11237553343;198,84615384615
20/06/2024 03:23:50;;49,956588745117;108,57514953613;368;15,949999809265;4559,5428571429;62,25;3743,5789473684;;103,11379800853;198,85164835165
20/06/2024 03:24:00;;49,999992370605;102,46009063721;368,00641025641;15,89999961853;4559,6;62;3743,6315789474;;103,11522048364;198,85714285714
20/06/2024 03:24:10;;50,065093994141;96,345031738281;368,01282051282;15,799999872843;4559,6571428571;61,5;3743,6842105263;;103,11664295875;198,86263736264
20/06/2024 03:24:20;;50,043395996094;87,223373413086;368,01923076923;15,700000127157;4559,7142857143;61;3743,7368421053;;103,11806543385;198,86813186813
20/06/2024 03:24:30;;49,956588745117;104,40288543701;368,02564102564;15,60000038147;4559,7714285714;60,75;3743,7894736842;;103,11948790896;198,87362637363
20/06/2024 03:24:40;;50,065093994141;114,0341796875;368,03205128205;15,550000190735;4559,8285714286;60,5;3743,8421052632;;103,12091038407;198,87912087912
20/06/2024 03:24:50;;50,065093994141;107,03576660156;368,03846153846;15,5;4559,8857142857;60,25;3743,8947368421;;103,12233285917;198,88461538462
20/06/2024 03:25:00;;50,043395996094;105,75780105591;368,04487179487;15,60000038147;4559,9428571429;60;3743,9473684211;;103,12375533428;198,89010989011
20/06/2024 03:25:10;;50,13020324707;104,47983551025;368,05128205128;15,550000190735;4560;59,666666666667;3744;;103,12517780939;198,8956043956
20/06/2024 03:25:20;;49,999984741211;122,30322265625;368,05769230769;15,5;4560,0555555556;59,333333333333;3744,0606060606;;103,1266002845;198,9010989011
20/06/2024 03:25:30;;50,043388366699;105,63704681396;368,0641025641;15,550000190735;4560,1111111111;59;3744,1212121212;;103,1280227596;198,90659340659
20/06/2024 03:25:40;;50,086791992188;87,23356628418;368,07051282051;15,60000038147;4560,1666666667;58,666666666667;3744,1818181818;;103,12944523471;198,91208791209
20/06/2024 03:25:50;;50,13020324707;113,26560974121;368,07692307692;15,5909094377;4560,2222222222;58,333333333333;3744,2424242424;;103,13086770982;198,91758241758
20/06/2024 03:26:00;;50,043395996094;109,64638137817;368,08333333333;15,58181849393;4560,2777777778;58;3744,303030303;;103,13229018492;198,92307692308
20/06/2024 03:26:10;;50,086791992188;106,02715301514;368,08974358974;15,57272755016;4560,3333333333;57,666666666667;3744,3636363636;;103,13371266003;198,92857142857
20/06/2024 03:26:20;;50,065093994141;83,075317382813;368,09615384615;15,56363660639;4560,3888888889;57,333333333333;3744,4242424242;;103,13513513514;198,93406593407
20/06/2024 03:26:30;;50,043395996094;119,30059051514;368,10256410256;15,55454566262;4560,4444444444;57;3744,4848484848;;103,13655761024;198,93956043956
20/06/2024 03:26:40;;49,956588745117;98,513679504395;368,10897435897;15,54545471885;4560,5;56,75;3744,5454545455;;103,13798008535;198,94505494505
20/06/2024 03:26:50;;50,086799621582;78,072319030762;368,11538461538;15,53636377508;4560,5555555556;56,5;3744,6060606061;;103,13940256046;198,95054945055
20/06/2024 03:27:00;;49,999992370605;80,14884185791;368,12179487179;15,52727283131;4560,6111111111;56,25;3744,6666666667;;103,14082503556;198,95604395604
20/06/2024 03:27:10;;50,173599243164;82,225364685059;368,12820512821;15,51818188754;4560,6666666667;56;3744,7272727273;;103,14224751067;198,96153846154
20/06/2024 03:27:20;;50,043388366699;87,564109802246;368,13461538462;15,50909094377;4560,7222222222;55,5;3744,7878787879;;103,14366998578;198,96703296703
20/06/2024 03:27:30;;49,999992370605;79,770935058594;368,14102564103;15,5;4560,7777777778;55;3744,8484848485;;103,14509246088;198,97252747253
20/06/2024 03:27:40;;49,956588745117;86,4267578125;368,14743589744;15,60000038147;4560,8333333333;54,666666666667;3744,9090909091;;103,14651493599;198,97802197802
20/06/2024 03:27:50;;49,999984741211;89,622428894043;368,15384615385;15,640000343323;4560,8888888889;54,333333333333;3744,9696969697;;103,1479374111;198,98351648352
20/06/2024 03:28:00;;49,999992370605;81,241157531738;368,16025641026;15,680000305176;4560,9444444444;54;3745,0303030303;;103,1493598862;198,98901098901
20/06/2024 03:28:10;;49,956588745117;85,757717132568;368,16666666667;15,720000267029;4561;53,75;3745,0909090909;;103,15078236131;198,99450549451
20/06/2024 03:28:20;;49,999984741211;90,274276733398;368,17307692308;15,760000228882;4561,0555555556;53,5;3745,1515151515;;103,15220483642;199
20/06/2024 03:28:30;;49,956581115723;102,05657196045;368,17948717949;15,800000190735;4561,1111111111;53,25;3745,2121212121;;103,15362731152;199,00549450549
20/06/2024 03:28:40;;49,956588745117;86,101188659668;368,1858974359;15,699999809265;4561,1666666667;53;3745,2727272727;;103,15504978663;199,01098901099
20/06/2024 03:28:50;;49,956581115723;95,94654083252;368,19230769231;15,800000190735;4561,2222222222;52,5;3745,3333333333;;103,15647226174;199,01648351648
20/06/2024 03:29:00;;49,913185119629;105,14852905273;368,19871794872;15,833333333333;4561,2777777778;52;3745,3939393939;;103,15789473684;199,02197802198
20/06/2024 03:29:10;;49,999984741211;98,511024475098;368,20512820513;15,866666475932;4561,3333333333;51,666666666667;3745,4545454545;;103,15931721195;199,02747252747
20/06/2024 03:29:20;;49,913185119629;91,873519897461;368,21153846154;15,89999961853;4561,3888888889;51,333333333333;3745,5151515152;;103,16073968706;199,03296703297
20/06/2024 03:29:30;;49,934886932373;103,15836334229;368,21794871795;15,800000190735;4561,4444444444;51;3745,5757575758;;103,16216216216;199,03846153846
20/06/2024 03:29:40;;49,956588745117;110,99088287354;368,22435897436;15,849999904633;4561,5;50,75;3745,6363636364;;103,16358463727;199,04395604396
20/06/2024 03:29:50;;49,934883117676;125,42398834229;368,23076923077;15,89999961853;4561,5555555556;50,5;3745,696969697;;103,16500711238;199,04945054945
20/06/2024 03:30:00;;49,934883117676;108,83276367188;368,23717948718;16;4561,6111111111;50,25;3745,7575757576;;103,16642958748;199,05494505495
20/06/2024 03:30:10;;49,913177490234;115,60828781128;368,24358974359;15,933333396912;4561,6666666667;50;3745,8181818182;;103,16785206259;199,06043956044
20/06/2024 03:30:20;;49,956588745117;122,38381195068;368,25;15,866666793823;4561,7222222222;49,5;3745,8787878788;;103,1692745377;199,06593406593
20/06/2024 03:30:30;;50,043395996094;131,21305847168;368,25641025641;15,800000190735;4561,7777777778;49;3745,9393939394;;103,1706970128;199,07142857143
20/06/2024 03:30:40;;49,956588745117;111,63453674316;368,26282051282;15,816666762034;4561,8333333333;48,75;3746;;103,17211948791;199,07692307692
20/06/2024 03:30:50;;49,978286743164;129,23425292969;368,26923076923;15,833333333333;4561,8888888889;48,5;3746,0625;;103,17354196302;199,08241758242
20/06/2024 03:31:00;;49,999984741211;139,7657623291;368,27564102564;15,849999904633;4561,9444444444;48,25;3746,125;;103,17496443812;199,08791208791
20/06/2024 03:31:10;;50,043395996094;124,87758255005;368,28205128205;15,866666475932;4562;48;3746,1875;;103,17638691323;199,09340659341
20/06/2024 03:31:20;;49,956588745117;109,989402771;368,28846153846;15,883333047231;4562,0571428571;47,666666666667;3746,25;;103,17780938834;199,0989010989
20/06/2024 03:31:30;;50,043395996094;135,52731323242;368,29487179487;15,89999961853;4562,1142857143;47,333333333333;3746,3125;;103,17923186344;199,1043956044
20/06/2024 03:31:40;;50,086791992188;133,09024047852;368,30128205128;15,93333307902;4562,1714285714;47;3746,375;;103,18065433855;199,10989010989
20/06/2024 03:31:50;;49,956581115723;103,89234924316;368,30769230769;15,96666653951;4562,2285714286;46,666666666667;3746,4375;;103,18207681366;199,11538461538
20/06/2024 03:32:00;;49,999984741211;142,34289550781;368,3141025641;16;4562,2857142857;46,333333333333;3746,5;;103,18349928876;199,12087912088
20/06/2024 03:32:10;;50,021690368652;125,38286590576;368,32051282051;16,14999961853;4562,3428571429;46;3746,5625;;103,18492176387;199,12637362637
20/06/2024 03:32:20;;49,913177490234;110,8776473999;368,32692307692;16,299999237061;4562,4;45,666666666667;3746,625;;103,18634423898;199,13186813187
20/06/2024 03:32:30;;49,913185119629;96,372428894043;368,33333333333;16,39999961853;4562,4571428571;45,333333333333;3746,6875;;103,18776671408;199,13736263736
20/06/2024 03:32:40;;50,043395996094;98,818420410156;368,33974358974;16,5;4562,5142857143;45;3746,75;;103,18918918919;199,14285714286
20/06/2024 03:32:50;;49,956588745117;112,01858520508;368,34615384615;16,60000038147;4562,5714285714;44,666666666667;3746,8125;;103,1906116643;199,14835164835
20/06/2024 03:33:00;;49,934883117676;96,558448791504;368,35256410256;16,700000762939;4562,6285714286;44,333333333333;3746,875;;103,1920341394;199,15384615385
20/06/2024 03:33:10;;49,913177490234;107,61627197266;368,35897435897;16,685714994158;4562,6857142857;44;3746,9375;;103,19345661451;199,15934065934
20/06/2024 03:33:20;;49,891479492188;105,80182647705;368,36538461538;16,671429225377;4562,7428571429;44,166666666667;3747;;103,19487908962;199,16483516484
20/06/2024 03:33:30;;49,934883117676;103,98738098145;368,37179487179;16,657143456595;4562,8;44,333333333333;3747,0625;;103,19630156472;199,17032967033
20/06/2024 03:33:40;;49,956588745117;100,02257537842;368,37820512821;16,642857687814;4562,8571428571;44,5;3747,125;;103,19772403983;199,17582417582
20/06/2024 03:33:50;;49,999984741211;112,28839111328;368,38461538462;16,628571919033;4562,9142857143;44,666666666667;3747,1875;;103,19914651494;199,18131868132
20/06/2024 03:34:00;;49,913177490234;120,63829803467;368,39102564103;16,614286150251;4562,9714285714;44,833333333333;3747,25;;103,20056899004;199,18681318681
20/06/2024 03:34:10;;49,956588745117;107,55163574219;368,39743589744;16,60000038147;4563,0285714286;45;3747,3125;;103,20199146515;199,19230769231
20/06/2024 03:34:20;;49,978286743164;112,76273345947;368,40384615385;16,63333384196;4563,0857142857;45,25;3747,375;;103,20341394026;199,1978021978
20/06/2024 03:34:30;;50,043395996094;117,97383117676;368,41025641026;16,66666730245;4563,1428571429;45,5;3747,4375;;103,20483641536;199,2032967033
20/06/2024 03:34:40;;49,978286743164;126,99625396729;368,41666666667;16,700000762939;4563,2;45,75;3747,5;;103,20625889047;199,20879120879
20/06/2024 03:34:50;;49,999984741211;113,50687408447;368,42307692308;16,650000572205;4563,2571428571;46;3747,5625;;103,20768136558;199,21428571429
20/06/2024 03:35:00;;50,086791992188;122,13764190674;368,42948717949;16,60000038147;4563,3142857143;46,5;3747,625;;103,20910384068;199,21978021978
20/06/2024 03:35:10;;49,978286743164;134,10972595215;368,4358974359;16,700000762939;4563,3714285714;47;3747,6875;;103,21052631579;199,22527472527
20/06/2024 03:35:20;;50,065093994141;141,47204589844;368,44230769231;16,85000038147;4563,4285714286;47,333333333333;3747,75;;103,2119487909;199,23076923077
20/06/2024 03:35:30;;49,956588745117;148,83436584473;368,44871794872;17;4563,4857142857;47,666666666667;3747,8125;;103,213371266;199,23626373626
20/06/2024 03:35:40;;50,065093994141;125,37725067139;368,45512820513;17,10000038147;4563,5428571429;48;3747,875;;103,21479374111;199,24175824176
20/06/2024 03:35:50;;49,999984741211;138,40881347656;368,46153846154;17,150000572205;4563,6;48,25;3747,9375;;103,21621621622;199,24725274725
20/06/2024 03:36:00;;50,086791992188;138,88642883301;368,46794871795;17,200000762939;4563,6571428571;48,5;3748;;103,21763869132;199,25274725275
20/06/2024 03:36:10;;50,043395996094;122,49108886719;368,47435897436;17,300000190735;4563,7142857143;48,75;3748,0434782609;;103,21906116643;199,25824175824
20/06/2024 03:36:20;;49,913177490234;131,38772583008;368,48076923077;17,39999961853;4563,7714285714;49;3748,0869565217;;103,22048364154;199,26373626374
20/06/2024 03:36:30;;49,999992370605;140,28436279297;368,48717948718;17,200000762939;4563,8285714286;49,5;3748,1304347826;;103,22190611664;199,26923076923
20/06/2024 03:36:40;;49,956588745117;128,96520996094;368,49358974359;17,216667334239;4563,8857142857;50;3748,1739130435;;103,22332859175;199,27472527473
20/06/2024 03:36:50;;49,93489074707;101,58029937744;368,5;17,233333905538;4563,9428571429;50,333333333333;3748,2173913043;;103,22475106686;199,28021978022
20/06/2024 03:37:00;;49,999992370605;134,80395507813;368,50641025641;17,250000476837;4564;50,666666666667;3748,2608695652;;103,22617354196;199,28571428571
20/06/2024 03:37:10;;49,913177490234;117,12213897705;368,51282051282;17,266667048136;4564,0606060606;51;3748,3043478261;;103,22759601707;199,29120879121
20/06/2024 03:37:20;;49,978286743164;96,081878662109;368,51923076923;17,283333619436;4564,1212121212;51,25;3748,347826087;;103,22901849218;199,2967032967
20/06/2024 03:37:30;;49,913177490234;111,02170944214;368,52564102564;17,300000190735;4564,1818181818;51,5;3748,3913043478;;103,23044096728;199,3021978022
20/06/2024 03:37:40;;49,999984741211;125,96154022217;368,53205128205;17,316666762034;4564,2424242424;51,75;3748,4347826087;;103,23186344239;199,30769230769
20/06/2024 03:37:50;;49,956588745117;98,154876708984;368,53846153846;17,333333333333;4564,303030303;52;3748,4782608696;;103,2332859175;199,31318681319
20/06/2024 03:38:00;;49,999984741211;98,820289611816;368,54487179487;17,349999904633;4564,3636363636;52,5;3748,5217391304;;103,2347083926;199,31868131868
20/06/2024 03:38:10;;49,978286743164;93,91618347168;368,55128205128;17,366666475932;4564,4242424242;53;3748,5652173913;;103,23613086771;199,32417582418
20/06/2024 03:38:20;;49,913177490234;84,296447753906;368,55769230769;17,383333047231;4564,4848484848;53,25;3748,6086956522;;103,23755334282;199,32967032967
20/06/2024 03:38:30;;50,043395996094;83,721580505371;368,5641025641;17,39999961853;4564,5454545455;53,5;3748,652173913;;103,23897581792;199,33516483516
20/06/2024 03:38:40;;49,978286743164;83,146713256836;368,57051282051;17,200000762939;4564,6060606061;53,75;3748,6956521739;;103,24039829303;199,34065934066
20/06/2024 03:38:50;;49,913177490234;79,791168212891;368,57692307692;17,16666730245;4564,6666666667;54;3748,7391304348;;103,24182076814;199,34615384615
20/06/2024 03:39:00;;49,956588745117;75,876556396484;368,58333333333;17,13333384196;4564,7272727273;54,333333333333;3748,7826086957;;103,24324324324;199,35164835165
20/06/2024 03:39:10;;49,999984741211;70,644668579102;368,58974358974;17,10000038147;4564,7878787879;54,666666666667;3748,8260869565;;103,24466571835;199,35714285714
20/06/2024 03:39:20;;49,956588745117;72,737838745117;368,59615384615;17,299999237061;4564,8484848485;55;3748,8695652174;;103,24608819346;199,36263736264
20/06/2024 03:39:30;;49,978286743164;73,586170196533;368,60256410256;17,199999809265;4564,9090909091;55,5;3748,9130434783;;103,24751066856;199,36813186813
20/06/2024 03:39:40;;49,913177490234;74,434501647949;368,60897435897;17,10000038147;4564,9696969697;56;3748,9565217391;;103,24893314367;199,37362637363
20/06/2024 03:39:50;;49,999992370605;73,636558532715;368,61538461538;17,06666692098;4565,0303030303;56,25;3749;;103,25035561878;199,37912087912
20/06/2024 03:40:00;;50,13020324707;77,148910522461;368,62179487179;17,03333346049;4565,0909090909;56,5;3749,0434782609;;103,25177809388;199,38461538462
20/06/2024 03:40:10;;50,086791992188;73,267768859863;368,62820512821;17;4565,1515151515;56,75;3749,0869565217;;103,25320056899;199,39010989011
20/06/2024 03:40:20;;50,043395996094;73,844085693359;368,63461538462;17,10000038147;4565,2121212121;57;3749,1304347826;;103,2546230441;199,3956043956
20/06/2024 03:40:30;;49,999984741211;74,348686218262;368,64102564103;16,89999961853;4565,2727272727;57,333333333333;3749,1739130435;;103,2560455192;199,4010989011
20/06/2024 03:40:40;;50,13020324707;74,853286743164;368,64743589744;16,949999809265;4565,3333333333;57,666666666667;3749,2173913043;;103,25746799431;199,40659340659
20/06/2024 03:40:50;;50,151901245117;83,241966247559;368,65384615385;17;4565,3939393939;58;3749,2608695652;;103,25889046942;199,41208791209
20/06/2024 03:41:00;;50,086791992188;79,615097045898;368,66025641026;16,799999237061;4565,4545454545;58,333333333333;3749,3043478261;;103,26031294452;199,41758241758
20/06/2024 03:41:10;;50,086791992188;77,790069580078;368,66666666667;17;4565,5151515152;58,666666666667;3749,347826087;;103,26173541963;199,42307692308
20/06/2024 03:41:20;;50,173606872559;84,390426635742;368,67307692308;16,900000254313;4565,5757575758;59;3749,3913043478;;103,26315789474;199,42857142857
20/06/2024 03:41:30;;50,13020324707;86,162570953369;368,67948717949;16,800000508626;4565,6363636364;59,333333333333;3749,4347826087;;103,26458036984;199,43406593407
20/06/2024 03:41:40;;50,151901245117;87,934715270996;368,6858974359;16,700000762939;4565,696969697;59,666666666667;3749,4782608696;;103,26600284495;199,43956043956
20/06/2024 03:41:50;;50,108497619629;81,451614379883;368,69230769231;16,75;4565,7575757576;60;3749,5217391304;;103,26742532006;199,44505494505
20/06/2024 03:42:00;;50,13020324707;75,494155883789;368,69871794872;16,799999237061;4565,8181818182;60,25;3749,5652173913;;103,26884779516;199,45054945055
20/06/2024 03:42:10;;50,217010498047;83,322288513184;368,70512820513;16,792307046744;4565,8787878788;60,5;3749,6086956522;;103,27027027027;199,45604395604
20/06/2024 03:42:20;;50,130195617676;83,829597473145;368,71153846154;16,784614856427;4565,9393939394;60,75;3749,652173913;;103,27169274538;199,46153846154
20/06/2024 03:42:30;;50,13020324707;77,584922790527;368,71794871795;16,77692266611;4566;61;3749,6956521739;;103,27311522048;199,46703296703
20/06/2024 03:42:40;;50,108497619629;76,064651489258;368,72435897436;16,769230475793;4566,0606060606;61,5;3749,7391304348;;103,27453769559;199,47252747253
20/06/2024 03:42:50;;50,13020324707;74,544380187988;368,73076923077;16,761538285476;4566,1212121212;62;3749,7826086957;;103,2759601707;199,47802197802
20/06/2024 03:43:00;;50,086791992188;82,97046661377;368,73717948718;16,753846095159;4566,1818181818;62,333333333333;3749,8260869565;;103,2773826458;199,48351648352
20/06/2024 03:43:10;;50,13020324707;76,959838867188;368,74358974359;16,746153904841;4566,2424242424;62,666666666667;3749,8695652174;;103,27880512091;199,48901098901
20/06/2024 03:43:20;;50,086791992188;88,004196166992;368,75;16,738461714524;4566,303030303;63;3749,9130434783;;103,28022759602;199,49450549451
20/06/2024 03:43:30;;50,13020324707;87,763961791992;368,75641025641;16,730769524207;4566,3636363636;63,25;3749,9565217391;;103,28165007112;199,5
20/06/2024 03:43:40;;50,195304870605;89,035289764404;368,76282051282;16,72307733389;4566,4242424242;63,5;3750;;103,28307254623;199,50549450549
20/06/2024 03:43:50;;50,086791992188;90,306617736816;368,76923076923;16,715385143573;4566,4848484848;63,75;3750,0465116279;;103,28449502134;199,51098901099
20/06/2024 03:44:00;;50,13020324707;89,461044311523;368,77564102564;16,707692953256;4566,5454545455;64;3750,0930232558;;103,28591749644;199,51648351648
20/06/2024 03:44:10;;50,086791992188;82,369682312012;368,78205128205;16,700000762939;4566,6060606061;64,5;3750,1395348837;;103,28733997155;199,52197802198
20/06/2024 03:44:20;;50,065093994141;79,739639282227;368,78846153846;16,800000190735;4566,6666666667;65;3750,1860465116;;103,28876244666;199,52747252747
20/06/2024 03:44:30;;50,173599243164;85,669525146484;368,79487179487;16,89999961853;4566,7272727273;65,25;3750,2325581395;;103,29018492176;199,53296703297
20/06/2024 03:44:40;;50,108497619629;89,479183197021;368,80128205128;17,10000038147;4566,7878787879;65,5;3750,2790697674;;103,29160739687;199,53846153846
20/06/2024 03:44:50;;50,13020324707;93,288841247559;368,80769230769;17,25;4566,8484848485;65,75;3750,3255813953;;103,29302987198;199,54395604396
20/06/2024 03:45:00;;50,130195617676;96,999122619629;368,8141025641;17,39999961853;4566,9090909091;66;3750,3720930233;;103,29445234708;199,54945054945
20/06/2024 03:45:10;;50,043395996094;90,598175048828;368,82051282051;17,449999809265;4566,9696969697;66,333333333333;3750,4186046512;;103,29587482219;199,55494505495
20/06/2024 03:45:20;;49,978286743164;87,065368652344;368,82692307692;17,5;4567,0303030303;66,666666666667;3750,4651162791;;103,2972972973;199,56043956044
20/06/2024 03:45:30;;50,021690368652;93,816383361816;368,83333333333;17,483333269755;4567,0909090909;67;3750,511627907;;103,2987197724;199,56593406593
20/06/2024 03:45:40;;50,043395996094;89,673439025879;368,83974358974;17,46666653951;4567,1515151515;67,5;3750,5581395349;;103,30014224751;199,57142857143
20/06/2024 03:45:50;;50,021690368652;85,530494689941;368,84615384615;17,449999809265;4567,2121212121;68;3750,6046511628;;103,30156472262;199,57692307692
20/06/2024 03:46:00;;49,956588745117;92,619201660156;368,85256410256;17,43333307902;4567,2727272727;68,25;3750,6511627907;;103,30298719772;199,58241758242
20/06/2024 03:46:10;;49,999984741211;88,207145690918;368,85897435897;17,416666348775;4567,3333333333;68,5;3750,6976744186;;103,30440967283;199,58791208791
20/06/2024 03:46:20;;49,956588745117;88,495063781738;368,86538461538;17,39999961853;4567,3939393939;68,75;3750,7441860465;;103,30583214794;199,59340659341
20/06/2024 03:46:30;;49,956581115723;87,958717346191;368,87179487179;17,449999809265;4567,4545454545;69;3750,7906976744;;103,30725462304;199,5989010989
20/06/2024 03:46:40;;49,956588745117;85,310695648193;368,87820512821;17,5;4567,5151515152;69,333333333333;3750,8372093023;;103,30867709815;199,6043956044
20/06/2024 03:46:50;;50,021690368652;82,662673950195;368,88461538462;17,479999923706;4567,5757575758;69,666666666667;3750,8837209302;;103,31009957326;199,60989010989
20/06/2024 03:47:00;;49,891479492188;83,444190979004;368,89102564103;17,459999847412;4567,6363636364;70;3750,9302325581;;103,31152204836;199,61538461538
20/06/2024 03:47:10;;49,869781494141;78,953437805176;368,89743589744;17,439999771118;4567,696969697;69,666666666667;3750,976744186;;103,31294452347;199,62087912088
20/06/2024 03:47:20;;49,978286743164;80,063339233398;368,90384615385;17,419999694824;4567,7575757576;69,333333333333;3751,023255814;;103,31436699858;199,62637362637
20/06/2024 03:47:30;;49,934883117676;75,242820739746;368,91025641026;17,39999961853;4567,8181818182;69;3751,0697674419;;103,31578947368;199,63186813187
20/06/2024 03:47:40;;49,999984741211;83,516639709473;368,91666666667;17,379999542236;4567,8787878788;68,833333333333;3751,1162790698;;103,31721194879;199,63736263736
20/06/2024 03:47:50;;49,978286743164;79,392261505127;368,92307692308;17,359999465942;4567,9393939394;68,666666666667;3751,1627906977;;103,3186344239;199,64285714286
20/06/2024 03:48:00;;49,782974243164;75,267883300781;368,92948717949;17,339999389648;4568;68,5;3751,2093023256;;103,320056899;199,64835164835
20/06/2024 03:48:10;;49,891479492188;72,766479492188;368,9358974359;17,319999313354;4568,0588235294;68,333333333333;3751,2558139535;;103,32147937411;199,65384615385
20/06/2024 03:48:20;;49,924034118652;72,31330871582;368,94230769231;17,299999237061;4568,1176470588;68,166666666667;3751,3023255814;;103,32290184922;199,65934065934
20/06/2024 03:48:30;;49,956588745117;80,808364868164;368,94871794872;17,349999427795;4568,1764705882;68;3751,3488372093;;103,32432432432;199,66483516484
20/06/2024 03:48:40;;49,891479492188;76,387092590332;368,95512820513;17,39999961853;4568,2352941176;67,666666666667;3751,3953488372;;103,32574679943;199,67032967033
20/06/2024 03:48:50;;49,869781494141;79,626232147217;368,96153846154;17,349999427795;4568,2941176471;67,333333333333;3751,4418604651;;103,32716927454;199,67582417582
20/06/2024 03:49:00;;49,913177490234;82,865371704102;368,96794871795;17,299999237061;4568,3529411765;67;3751,488372093;;103,32859174964;199,68131868132
20/06/2024 03:49:10;;49,999984741211;78,395286560059;368,97435897436;17,200000762939;4568,4117647059;66,666666666667;3751,5348837209;;103,33001422475;199,68681318681
20/06/2024 03:49:20;;49,934883117676;73,081069946289;368,98076923077;17,299999237061;4568,4705882353;66,333333333333;3751,5813953488;;103,33143669986;199,69230769231
20/06/2024 03:49:30;;49,999984741211;76,038291931152;368,98717948718;17,14999961853;4568,5294117647;66;3751,6279069767;;103,33285917496;199,6978021978
20/06/2024 03:49:40;;49,999988555908;71,098602294922;368,99358974359;17;4568,5882352941;65,75;3751,6744186047;;103,33428165007;199,7032967033
20/06/2024 03:49:50;;49,999992370605;73,324668884277;369;17,050000190735;4568,6470588235;65,5;3751,7209302326;;103,33570412518;199,70879120879
20/06/2024 03:50:00;;49,999984741211;75,550735473633;369,00613496933;17,10000038147;4568,7058823529;65,25;3751,7674418605;;103,33712660028;199,71428571429
20/06/2024 03:50:10;;49,913177490234;74,623840332031;369,01226993865;17;4568,7647058824;65;3751,8139534884;;103,33854907539;199,71978021978
20/06/2024 03:50:20;;49,999984741211;75,426391601563;369,01840490798;17,050000190735;4568,8235294118;64,5;3751,8604651163;;103,3399715505;199,72527472527
20/06/2024 03:50:30;;50,021690368652;75,230842590332;369,0245398773;17,10000038147;4568,8823529412;64;3751,9069767442;;103,3413940256;199,73076923077
20/06/2024 03:50:40;;50,086791992188;74,056015014648;369,03067484663;16,949999809265;4568,9411764706;63,75;3751,9534883721;;103,34281650071;199,73626373626
20/06/2024 03:50:50;;50,173599243164;73,590812683105;369,03680981595;16,799999237061;4569;63,5;3752;;103,34423897582;199,74175824176
20/06/2024 03:51:00;;50,065093994141;73,125610351563;369,04294478528;17;4569,0588235294;63,25;3752,0476190476;;103,34566145092;199,74725274725
20/06/2024 03:51:10;;50,13020324707;75,91902923584;369,0490797546;17,010000038147;4569,1176470588;63;3752,0952380952;;103,34708392603;199,75274725275
20/06/2024 03:51:20;;50,108497619629;77,979530334473;369,05521472393;17,020000076294;4569,1764705882;62,5;3752,1428571429;;103,34850640114;199,75824175824
20/06/2024 03:51:30;;50,13020324707;86,791038513184;369,06134969325;17,030000114441;4569,2352941176;62;3752,1904761905;;103,34992887624;199,76373626374
20/06/2024 03:51:40;;50,173599243164;90,471885681152;369,06748466258;17,040000152588;4569,2941176471;61,666666666667;3752,2380952381;;103,35135135135;199,76923076923
20/06/2024 03:51:50;;50,086799621582;96,02367401123;369,0736196319;17,050000190735;4569,3529411765;61,333333333333;3752,2857142857;;103,35277382646;199,77472527473
20/06/2024 03:52:00;;50,130195617676;98,481605529785;369,07975460123;17,060000228882;4569,4117647059;61;3752,3333333333;;103,35419630156;199,78021978022
20/06/2024 03:52:10;;50,13020324707;100,93953704834;369,08588957055;17,070000267029;4569,4705882353;60,75;3752,380952381;;103,35561877667;199,78571428571
20/06/2024 03:52:20;;50,217010498047;101,28234863281;369,09202453988;17,080000305176;4569,5294117647;60,5;3752,4285714286;;103,35704125178;199,79120879121
20/06/2024 03:52:30;;50,195304870605;95,507293701172;369,0981595092;17,090000343323;4569,5882352941;60,25;3752,4761904762;;103,35846372688;199,7967032967
20/06/2024 03:52:40;;50,173599243164;94,576522827148;369,10429447853;17,10000038147;4569,6470588235;60;3752,5238095238;;103,35988620199;199,8021978022
20/06/2024 03:52:50;;49,999984741211;92,431755065918;369,11042944785;17,299999237061;4569,7058823529;60,5;3752,5714285714;;103,3613086771;199,80769230769
20/06/2024 03:53:00;;50,043395996094;90,570419311523;369,11656441718;17,39999961853;4569,7647058824;61;3752,619047619;;103,3627311522;199,81318681319
20/06/2024 03:53:10;;50,065093994141;88,709083557129;369,1226993865;17,46666653951;4569,8235294118;61,333333333333;3752,6666666667;;103,36415362731;199,81868131868
20/06/2024 03:53:20;;50,086791992188;92,383102416992;369,12883435583;17,53333346049;4569,8823529412;61,666666666667;3752,7142857143;;103,36557610242;199,82417582418
20/06/2024 03:53:30;;50,065093994141;91,541633605957;369,13496932515;17,60000038147;4569,9411764706;62;3752,7619047619;;103,36699857752;199,82967032967
20/06/2024 03:53:40;;49,999984741211;84,234855651855;369,14110429448;17,616667111715;4570;62,25;3752,8095238095;;103,36842105263;199,83516483516
20/06/2024 03:53:50;;50,021690368652;97,073417663574;369,1472392638;17,63333384196;4570,0588235294;62,5;3752,8571428571;;103,36984352774;199,84065934066
20/06/2024 03:54:00;;50,043395996094;92,162609100342;369,15337423313;17,650000572205;4570,1176470588;62,75;3752,9047619048;;103,37126600284;199,84615384615
20/06/2024 03:54:10;;49,999984741211;87,251800537109;369,15950920245;17,66666730245;4570,1764705882;63;3752,9523809524;;103,37268847795;199,85164835165
20/06/2024 03:54:20;;50,043395996094;82,820198059082;369,16564417178;17,683334032694;4570,2352941176;63,5;3753;;103,37411095306;199,85714285714
20/06/2024 03:54:30;;50,086791992188;82,305511474609;369,1717791411;17,700000762939;4570,2941176471;64;3753,0476190476;;103,37553342817;199,86263736264
20/06/2024 03:54:40;;49,913177490234;82,679145812988;369,17791411043;17,680000686646;4570,3529411765;64,25;3753,0952380952;;103,37695590327;199,86813186813
20/06/2024 03:54:50;;50,021690368652;71,845207214355;369,18404907975;17,660000610352;4570,4117647059;64,5;3753,1428571429;;103,37837837838;199,87362637363
20/06/2024 03:55:00;;49,956588745117;71,164649963379;369,19018404908;17,640000534058;4570,4705882353;64,75;3753,1904761905;;103,37980085349;199,87912087912
20/06/2024 03:55:10;;49,848083496094;70,484092712402;369,1963190184;17,620000457764;4570,5294117647;65;3753,2380952381;;103,38122332859;199,88461538462
20/06/2024 03:55:20;;49,73957824707;58,094905853271;369,20245398773;17,60000038147;4570,5882352941;65,333333333333;3753,2857142857;;103,3826458037;199,89010989011
20/06/2024 03:55:30;;49,500854492188;0;369,20858895706;17,5;4570,6470588235;65,666666666667;3753,3333333333;;103,38406827881;199,8956043956
20/06/2024 03:55:40;;49,674468994141;0,004852013869418;369,21472392638;17,449999809265;4570,7058823529;66;3753,380952381;;103,38549075391;199,9010989011
20/06/2024 03:55:50;;49,73957824707;0,0097040277388361;369,22085889571;17,39999961853;4570,7647058824;66,333333333333;3753,4285714286;;103,38691322902;199,90659340659
20/06/2024 03:56:00;;49,73957824707;0,014556041608254;369,22699386503;17,349999427795;4570,8235294118;66,666666666667;3753,4761904762;;103,38833570413;199,91208791209
20/06/2024 03:56:10;;49,782974243164;0,019408055477672;369,23312883436;17,299999237061;4570,8823529412;67;3753,5238095238;;103,38975817923;199,91758241758
20/06/2024 03:56:20;;49,826385498047;0,02426006934709;369,23926380368;17,199999809265;4570,9411764706;67,333333333333;3753,5714285714;;103,39118065434;199,92307692308
20/06/2024 03:56:30;;49,913177490234;0,029112083216508;369,24539877301;17,10000038147;4571;67,666666666667;3753,619047619;;103,39260312945;199,92857142857
20/06/2024 03:56:40;;49,913185119629;0,033964097085926;369,25153374233;16,89999961853;4571,0588235294;68;3753,6666666667;;103,39402560455;199,93406593407
20/06/2024 03:56:50;;50,043395996094;0,038816110955344;369,25766871166;16,60000038147;4571,1176470588;68,333333333333;3753,7142857143;;103,39544807966;199,93956043956
20/06/2024 03:57:00;;50,108497619629;0,043668124824762;369,26380368098;16,5;4571,1764705882;68,666666666667;3753,7619047619;;103,39687055477;199,94505494505
20/06/2024 03:57:10;;49,999984741211;0,043930253013968;369,26993865031;16,39999961853;4571,2352941176;69;3753,8095238095;;103,39829302987;199,95054945055
20/06/2024 03:57:20;;50,086791992188;0,044192381203175;369,27607361963;16,60000038147;4571,2941176471;69,333333333333;3753,8571428571;;103,39971550498;199,95604395604
20/06/2024 03:57:30;;50,217010498047;0,048003126867115;369,28220858896;16,550000190735;4571,3529411765;69,666666666667;3753,9047619048;;103,40113798009;199,96153846154
20/06/2024 03:57:40;;50,086791992188;0,051813872531056;369,28834355828;16,5;4571,4117647059;70;3753,9523809524;;103,40256045519;199,96703296703
20/06/2024 03:57:50;;50,13020324707;0,055624618194997;369,29447852761;16,39999961853;4571,4705882353;70,333333333333;3754;;103,4039829303;199,97252747253
20/06/2024 03:58:00;;50,065093994141;0,059435363858938;369,30061349693;16,5;4571,5294117647;70,666666666667;3754,064516129;;103,40540540541;199,97802197802
20/06/2024 03:58:10;;50,13020324707;0,059235745420059;369,30674846626;16,525000095367;4571,5882352941;71;3754,1290322581;;103,40682788051;199,98351648352
20/06/2024 03:58:20;;50,065093994141;0,059036126981179;369,31288343558;16,550000190735;4571,6470588235;71,25;3754,1935483871;;103,40825035562;199,98901098901
20/06/2024 03:58:30;;50,173599243164;0,058836508542299;369,31901840491;16,575000286102;4571,7058823529;71,5;3754,2580645161;;103,40967283073;199,99450549451
20/06/2024 03:58:40;;50,151901245117;0,058750200678002;369,32515337423;16,60000038147;4571,7647058824;71,75;3754,3225806452;;103,41109530583;200
20/06/2024 03:58:50;;50,130199432373;0,058663892813704;369,33128834356;16,625000476837;4571,8235294118;72;3754,3870967742;;103,41251778094;200,00549450549
20/06/2024 03:59:00;;50,108497619629;0,058577584949407;369,33742331288;16,650000572205;4571,8823529412;72,5;3754,4516129032;;103,41394025605;200,01098901099
20/06/2024 03:59:10;;50,13020324707;0,058491277085109;369,34355828221;16,675000667572;4571,9411764706;73;3754,5161290323;;103,41536273115;200,01648351648
20/06/2024 03:59:20;;50,173599243164;0,058404969220812;369,34969325153;16,700000762939;4572;73,333333333333;3754,5806451613;;103,41678520626;200,02197802198
20/06/2024 03:59:30;;50,151901245117;0,058318661356514;369,35582822086;16,60000038147;4572,0588235294;73,666666666667;3754,6451612903;;103,41820768137;200,02747252747
20/06/2024 03:59:40;;49,956588745117;0,058232353492217;369,36196319018;16,700000762939;4572,1176470588;74;3754,7096774194;;103,41963015647;200,03296703297
20/06/2024 03:59:50;;50,043388366699;0,058146045627919;369,36809815951;16,66666730245;4572,1764705882;73,833333333333;3754,7741935484;;103,42105263158;200,03846153846
20/06/2024 04:00:00;;49,956588745117;0,058059737763622;369,37423312883;16,63333384196;4572,2352941176;73,666666666667;3754,8387096774;;103,42247510669;200,04395604396
20/06/2024 04:00:10;;49,826385498047;0,057973429899324;369,38036809816;16,60000038147;4572,2941176471;73,5;3754,9032258065;;103,42389758179;200,04945054945
20/06/2024 04:00:20;;49,956581115723;0,057887122035027;369,38650306748;16,588889227973;4572,3529411765;73,333333333333;3754,9677419355;;103,4253200569;200,05494505495
20/06/2024 04:00:30;;49,913185119629;0,043617075309157;369,39263803681;16,577778074476;4572,4117647059;73,166666666667;3755,0322580645;;103,42674253201;200,06043956044
20/06/2024 04:00:40;;49,696166992188;0,029347028583288;369,39877300613;16,56666692098;4572,4705882353;73;3755,0967741935;;103,42816500711;200,06593406593
20/06/2024 04:00:50;;49,804679870605;0,074008285999298;369,40490797546;16,555555767483;4572,5294117647;72,75;3755,1612903226;;103,42958748222;200,07142857143
20/06/2024 04:01:00;;49,73957824707;0,052100762724876;369,41104294479;16,544444613987;4572,5882352941;72,5;3755,2258064516;;103,43100995733;200,07692307692
20/06/2024 04:01:10;;49,826377868652;0,030193239450455;369,41717791411;16,53333346049;4572,6470588235;72,25;3755,2903225806;;103,43243243243;200,08241758242
20/06/2024 04:01:20;;49,717872619629;0,037127915024757;369,42331288344;16,522222306993;4572,7058823529;72;3755,3548387097;;103,43385490754;200,08791208791
20/06/2024 04:01:30;;49,652770996094;0,04406259059906;369,42944785276;16,511111153497;4572,7647058824;72,2;3755,4193548387;;103,43527738265;200,09340659341
20/06/2024 04:01:40;;49,761276245117;0,050997266173363;369,43558282209;16,5;4572,8235294118;72,4;3755,4838709677;;103,43669985775;200,0989010989
20/06/2024 04:01:50;;49,73957824707;0,057931941747665;369,44171779141;16,474999904633;4572,8823529412;72,6;3755,5483870968;;103,43812233286;200,1043956044
20/06/2024 04:02:00;;49,782974243164;0,064866617321968;369,44785276074;16,449999809265;4572,9411764706;72,8;3755,6129032258;;103,43954480797;200,10989010989
20/06/2024 04:02:10;;49,674468994141;0,065290216356516;369,45398773006;16,424999713898;4573;73;3755,6774193548;;103,44096728307;200,11538461538
20/06/2024 04:02:20;;49,73957824707;0,065713815391064;369,46012269939;16,39999961853;4573,0588235294;73,25;3755,7419354839;;103,44238975818;200,12087912088
20/06/2024 04:02:30;;49,696166992188;0,072335787117481;369,46625766871;16,700000762939;4573,1176470588;73,5;3755,8064516129;;103,44381223329;200,12637362637
20/06/2024 04:02:40;;49,804679870605;0,078957758843899;369,47239263804;16,799999237061;4573,1764705882;73,75;3755,8709677419;;103,44523470839;200,13186813187
20/06/2024 04:02:50;;49,696174621582;0,215252161026;369,47852760736;16,849999427795;4573,2352941176;74;3755,935483871;;103,4466571835;200,13736263736
20/06/2024 04:03:00;;49,674468994141;0,060450356453657;369,48466257669;16,89999961853;4573,2941176471;74,333333333333;3756;;103,44807965861;200,14285714286
20/06/2024 04:03:10;;49,652763366699;68,401878356934;369,49079754601;17,10000038147;4573,3529411765;74,666666666667;3756,05;;103,44950213371;200,14835164835
20/06/2024 04:03:20;;49,826377868652;109,34539031982;369,49693251534;17,150000572205;4573,4117647059;75;3756,1;;103,45092460882;200,15384615385
20/06/2024 04:03:30;;50,390609741211;106,92768096924;369,50306748466;17,200000762939;4573,4705882353;75,333333333333;3756,15;;103,45234708393;200,15934065934
20/06/2024 04:03:40;;50,195297241211;104,50997161865;369,50920245399;17,300000190735;4573,5294117647;75,666666666667;3756,2;;103,45376955903;200,16483516484
20/06/2024 04:03:50;;49,479156494141;77,211097717285;369,51533742331;17,39999961853;4573,5882352941;76;3756,25;;103,45519203414;200,17032967033
20/06/2024 04:04:00;;49,001724243164;67,171424865723;369,52147239264;17,300000190735;4573,6470588235;76,333333333333;3756,3;;103,45661450925;200,17582417582
20/06/2024 04:04:10;;48,871520996094;47,463642120361;369,52760736196;17,200000762939;4573,7058823529;76,666666666667;3756,35;;103,45803698435;200,18131868132
20/06/2024 04:04:20;;49,088531494141;43,005401611328;369,53374233129;17,10000038147;4573,7647058824;77;3756,4;;103,45945945946;200,18681318681
20/06/2024 04:04:30;;49,262145996094;46,524063110352;369,53987730061;17,200000762939;4573,8235294118;77,25;3756,45;;103,46088193457;200,19230769231
20/06/2024 04:04:40;;49,305541992188;50,042724609375;369,54601226994;17;4573,8823529412;77,5;3756,5;;103,46230440967;200,1978021978
20/06/2024 04:04:50;;49,327247619629;62,23462677002;369,55214723926;16,799999237061;4573,9411764706;77,75;3756,55;;103,46372688478;200,2032967033
20/06/2024 04:05:00;;49,435760498047;69,631530761719;369,55828220859;16,60000038147;4574;78;3756,6;;103,46514935989;200,20879120879
20/06/2024 04:05:10;;49,435752868652;76,80786895752;369,56441717791;16,449999809265;4574,0555555556;78,5;3756,65;;103,46657183499;200,21428571429
20/06/2024 04:05:20;;49,435760498047;86,827377319336;369,57055214724;16,299999237061;4574,1111111111;79;3756,7;;103,4679943101;200,21978021978
20/06/2024 04:05:30;;49,544258117676;91,40616607666;369,57668711656;16,14999961853;4574,1666666667;79,333333333333;3756,75;;103,46941678521;200,22527472527
20/06/2024 04:05:40;;49,696166992188;95,984954833984;369,58282208589;16;4574,2222222222;79,666666666667;3756,8;;103,47083926031;200,23076923077
20/06/2024 04:05:50;;49,674468994141;96,933631896973;369,58895705521;15,800000190735;4574,2777777778;80;3756,85;;103,47226173542;200,23626373626
20/06/2024 04:06:00;;49,869781494141;110,19204711914;369,59509202454;15,650000095367;4574,3333333333;80,25;3756,9;;103,47368421053;200,24175824176
20/06/2024 04:06:10;;49,913185119629;115,39444732666;369,60122699387;15,5;4574,3888888889;80,5;3756,95;;103,47510668563;200,24725274725
20/06/2024 04:06:20;;50,108497619629;112,42832946777;369,60736196319;15,39999961853;4574,4444444444;80,75;3757;;103,47652916074;200,25274725275
20/06/2024 04:06:30;;50,173599243164;103,77962493896;369,61349693252;15,46666653951;4574,5;81;3757,05;;103,47795163585;200,25824175824
20/06/2024 04:06:40;;50,043395996094;99,887901306152;369,61963190184;15,53333346049;4574,5555555556;81,5;3757,1;;103,47937411095;200,26373626374
20/06/2024 04:06:50;;49,978286743164;95,99617767334;369,62576687117;15,60000038147;4574,6111111111;82;3757,15;;103,48079658606;200,26923076923
20/06/2024 04:07:00;;49,869781494141;98,753234863281;369,63190184049;15,580000305176;4574,6666666667;82,333333333333;3757,2;;103,48221906117;200,27472527473
20/06/2024 04:07:10;;49,782974243164;91,139045715332;369,63803680982;15,560000228882;4574,7222222222;82,666666666667;3757,25;;103,48364153627;200,28021978022
20/06/2024 04:07:20;;49,73957824707;77,61986541748;369,64417177914;15,540000152588;4574,7777777778;83;3757,3;;103,48506401138;200,28571428571
20/06/2024 04:07:30;;49,826377868652;66,396003723145;369,65030674847;15,520000076294;4574,8333333333;83,25;3757,35;;103,48648648649;200,29120879121
20/06/2024 04:07:40;;49,869781494141;62,343963623047;369,65644171779;15,5;4574,8888888889;83,5;3757,4;;103,48790896159;200,2967032967
20/06/2024 04:07:50;;49,804679870605;58,291923522949;369,66257668712;15,514285768781;4574,9444444444;83,75;3757,45;;103,4893314367;200,3021978022
20/06/2024 04:08:00;;49,73957824707;60,391426086426;369,66871165644;15,528571537563;4575;84;3757,5;;103,49075391181;200,30769230769
20/06/2024 04:08:10;;49,739570617676;63,210964202881;369,67484662577;15,542857306344;4575,0555555556;84,5;3757,55;;103,49217638691;200,31318681319
20/06/2024 04:08:20;;49,913177490234;71,134346008301;369,68098159509;15,557143075126;4575,1111111111;85;3757,6;;103,49359886202;200,31868131868
20/06/2024 04:08:30;;49,869781494141;66,349884033203;369,68711656442;15,571428843907;4575,1666666667;85,25;3757,65;;103,49502133713;200,32417582418
20/06/2024 04:08:40;;49,934883117676;71,17858505249;369,69325153374;15,585714612688;4575,2222222222;85,5;3757,7;;103,49644381223;200,32967032967
20/06/2024 04:08:50;;49,956588745117;76,007286071777;369,69938650307;15,60000038147;4575,2777777778;85,75;3757,75;;103,49786628734;200,33516483516
20/06/2024 04:09:00;;50,021690368652;79,180557250977;369,70552147239;15,525000333786;4575,3333333333;86;3757,8;;103,49928876245;200,34065934066
20/06/2024 04:09:10;;49,869781494141;78,98250579834;369,71165644172;15,450000286102;4575,3888888889;86,333333333333;3757,85;;103,50071123755;200,34615384615
20/06/2024 04:09:20;;49,956588745117;76,623168945313;369,71779141104;15,375000238419;4575,4444444444;86,666666666667;3757,9;;103,50213371266;200,35164835165
20/06/2024 04:09:30;;50,043395996094;80,89599609375;369,72392638037;15,300000190735;4575,5;87;3757,95;;103,50355618777;200,35714285714
20/06/2024 04:09:40;;49,913177490234;84,173141479492;369,73006134969;15,39999961853;4575,5555555556;87,5;3758;;103,50497866287;200,36263736264
20/06/2024 04:09:50;;50,021690368652;87,450286865234;369,73619631902;15,300000190735;4575,6111111111;88;3758,0526315789;;103,50640113798;200,36813186813
20/06/2024 04:10:00;;49,999984741211;86,002082824707;369,74233128834;15,400000254313;4575,6666666667;87,75;3758,1052631579;;103,50782361309;200,37362637363
20/06/2024 04:10:10;;50,043388366699;87,894233703613;369,74846625767;15,500000317891;4575,7222222222;87,5;3758,1578947368;;103,50924608819;200,37912087912
20/06/2024 04:10:20;;50,086791992188;90,373100280762;369,75460122699;15,60000038147;4575,7777777778;87,25;3758,2105263158;;103,5106685633;200,38461538462
20/06/2024 04:10:30;;50,065093994141;87,20792388916;369,76073619632;15,450000286102;4575,8333333333;87;3758,2631578947;;103,51209103841;200,39010989011
20/06/2024 04:10:40;;49,999984741211;85,488159179688;369,76687116564;15,300000190735;4575,8888888889;86,666666666667;3758,3157894737;;103,51351351351;200,3956043956
20/06/2024 04:10:50;;50,086791992188;83,768394470215;369,77300613497;15,333333333333;4575,9444444444;86,333333333333;3758,3684210526;;103,51493598862;200,4010989011
20/06/2024 04:11:00;;50,086799621582;85,304992675781;369,77914110429;15,366666475932;4576;86;3758,4210526316;;103,51635846373;200,40659340659
20/06/2024 04:11:10;;49,956588745117;80,928108215332;369,78527607362;15,39999961853;4576,0540540541;85,666666666667;3758,4736842105;;103,51778093883;200,41208791209
20/06/2024 04:11:20;;50,108497619629;84,666038513184;369,79141104294;15,300000190735;4576,1081081081;85,333333333333;3758,5263157895;;103,51920341394;200,41758241758
20/06/2024 04:11:30;;50,173599243164;80,345329284668;369,79754601227;15,39999961853;4576,1621621622;85;3758,5789473684;;103,52062588905;200,42307692308
20/06/2024 04:11:40;;50,086791992188;79,845146179199;369,8036809816;15,5;4576,2162162162;84,666666666667;3758,6315789474;;103,52204836415;200,42857142857
20/06/2024 04:11:50;;50,021690368652;80,106956481934;369,80981595092;15,449999809265;4576,2702702703;84,333333333333;3758,6842105263;;103,52347083926;200,43406593407
20/06/2024 04:12:00;;50,086791992188;80,368766784668;369,81595092025;15,39999961853;4576,3243243243;84;3758,7368421053;;103,52489331437;200,43956043956
20/06/2024 04:12:10;;50,065093994141;75,190979003906;369,82208588957;15,349999666214;4576,3783783784;83,75;3758,7894736842;;103,52631578947;200,44505494505
20/06/2024 04:12:20;;50,13020324707;74,63191986084;369,8282208589;15,299999713898;4576,4324324324;83,5;3758,8421052632;;103,52773826458;200,45054945055
20/06/2024 04:12:30;;49,956588745117;68,233299255371;369,83435582822;15,249999761581;4576,4864864865;83,25;3758,8947368421;;103,52916073969;200,45604395604
20/06/2024 04:12:40;;49,999984741211;72,346664428711;369,84049079755;15,199999809265;4576,5405405405;83;3758,9473684211;;103,53058321479;200,46153846154
20/06/2024 04:12:50;;50,065093994141;71,107696533203;369,84662576687;15,300000190735;4576,5945945946;82,5;3759;;103,5320056899;200,46703296703
20/06/2024 04:13:00;;50,043395996094;69,868728637695;369,8527607362;15,25;4576,6486486486;82;3759,0526315789;;103,53342816501;200,47252747253
20/06/2024 04:13:10;;50,043388366699;63,137619018555;369,85889570552;15,199999809265;4576,7027027027;81,666666666667;3759,1052631579;;103,53485064011;200,47802197802
20/06/2024 04:13:20;;50,043395996094;80,394569396973;369,86503067485;15,150000095367;4576,7567567568;81,333333333333;3759,1578947368;;103,53627311522;200,48351648352
20/06/2024 04:13:30;;49,999984741211;77,633613586426;369,87116564417;15,10000038147;4576,8108108108;81;3759,2105263158;;103,53769559033;200,48901098901
20/06/2024 04:13:40;;50,043388366699;84,986846923828;369,8773006135;15,150000095367;4576,8648648649;80,75;3759,2631578947;;103,53911806543;200,49450549451
20/06/2024 04:13:50;;50,086791992188;76,584156036377;369,88343558282;15,199999809265;4576,9189189189;80,5;3759,3157894737;;103,54054054054;200,5
20/06/2024 04:14:00;;50,043395996094;68,181465148926;369,88957055215;15,099999904633;4576,972972973;80,25;3759,3684210526;;103,54196301565;200,50549450549
20/06/2024 04:14:10;;50,043388366699;72,246765136719;369,89570552147;15;4577,027027027;80;3759,4210526316;;103,54338549075;200,51098901099
20/06/2024 04:14:20;;50,043395996094;85,073013305664;369,9018404908;14,89999961853;4577,0810810811;79,5;3759,4736842105;;103,54480796586;200,51648351648
20/06/2024 04:14:30;;49,999984741211;75,931678771973;369,90797546012;14,800000190735;4577,1351351351;79;3759,5263157895;;103,54623044097;200,52197802198
20/06/2024 04:14:40;;49,978286743164;79,558013916016;369,91411042945;14,833333333333;4577,1891891892;78,75;3759,5789473684;;103,54765291607;200,52747252747
20/06/2024 04:14:50;;49,913177490234;79,474910736084;369,92024539877;14,866666475932;4577,2432432432;78,5;3759,6315789474;;103,54907539118;200,53296703297
20/06/2024 04:15:00;;49,934883117676;79,391807556152;369,9263803681;14,89999961853;4577,2972972973;78,25;3759,6842105263;;103,55049786629;200,53846153846
20/06/2024 04:15:10;;49,913185119629;82,855804443359;369,93251533742;14,833333015442;4577,3513513514;78;3759,7368421053;;103,55192034139;200,54395604396
20/06/2024 04:15:20;;49,956588745117;82,812133789063;369,93865030675;14,766666412354;4577,4054054054;77,666666666667;3759,7894736842;;103,5533428165;200,54945054945
20/06/2024 04:15:30;;49,999984741211;89,248405456543;369,94478527607;14,699999809265;4577,4594594595;77,333333333333;3759,8421052632;;103,55476529161;200,55494505495
20/06/2024 04:15:40;;49,913185119629;92,811378479004;369,9509202454;14,633333206177;4577,5135135135;77;3759,8947368421;;103,55618776671;200,56043956044
20/06/2024 04:15:50;;50,043395996094;101,12030792236;369,95705521472;14,566666603088;4577,5675675676;76,5;3759,9473684211;;103,55761024182;200,56593406593
20/06/2024 04:16:00;;50,108497619629;109,42923736572;369,96319018405;14,5;4577,6216216216;76;3760;;103,55903271693;200,57142857143
20/06/2024 04:16:10;;50,108497619629;97,958854675293;369,96932515337;14,550000190735;4577,6756756757;75,75;3760,0666666667;;103,56045519203;200,57692307692
20/06/2024 04:16:20;;50,13020324707;84,711776733398;369,9754601227;14,60000038147;4577,7297297297;75,5;3760,1333333333;;103,56187766714;200,58241758242
20/06/2024 04:16:30;;50,130195617676;87,768203735352;369,98159509202;14,39999961853;4577,7837837838;75,25;3760,2;;103,56330014225;200,58791208791
20/06/2024 04:16:40;;50,086791992188;78,294273376465;369,98773006135;14,5;4577,8378378378;75;3760,2666666667;;103,56472261735;200,59340659341
20/06/2024 04:16:50;;50,13020324707;84,431884765625;369,99386503067;14,449999809265;4577,8918918919;74,666666666667;3760,3333333333;;103,56614509246;200,5989010989
20/06/2024 04:17:00;;50,13020324707;86,980686187744;370;14,39999961853;4577,9459459459;74,333333333333;3760,4;;103,56756756757;200,6043956044
20/06/2024 04:17:10;;50,13020324707;89,529487609863;370,00606060606;14,419999694824;4578;74;3760,4666666667;;103,56899004267;200,60989010989
20/06/2024 04:17:20;;50,260406494141;74,836883544922;370,01212121212;14,439999771118;4578,0526315789;73,5;3760,5333333333;;103,57041251778;200,61538461538
20/06/2024 04:17:30;;50,13020324707;72,471244812012;370,01818181818;14,459999847412;4578,1052631579;73;3760,6;;103,57183499289;200,62087912088
20/06/2024 04:17:40;;50,173599243164;80,448944091797;370,02424242424;14,479999923706;4578,1578947368;72,75;3760,6666666667;;103,57325746799;200,62637362637
20/06/2024 04:17:50;;50,065093994141;81,56714630127;370,0303030303;14,5;4578,2105263158;72,5;3760,7333333333;;103,5746799431;200,63186813187
20/06/2024 04:18:00;;50,13020324707;79,585674285889;370,03636363636;14,474999904633;4578,2631578947;72,25;3760,8;;103,57610241821;200,63736263736
20/06/2024 04:18:10;;50,086791992188;77,604202270508;370,04242424242;14,449999809265;4578,3157894737;72;3760,8666666667;;103,57752489331;200,64285714286
20/06/2024 04:18:20;;50,13020324707;85,224761962891;370,04848484848;14,424999713898;4578,3684210526;71,666666666667;3760,9333333333;;103,57894736842;200,64835164835
20/06/2024 04:18:30;;50,086799621582;99,022392272949;370,05454545455;14,39999961853;4578,4210526316;71,333333333333;3761;;103,58036984353;200,65384615385
20/06/2024 04:18:40;;50,043395996094;81,555541992188;370,06060606061;14,43333307902;4578,4736842105;71;3761,0666666667;;103,58179231863;200,65934065934
20/06/2024 04:18:50;;50,217010498047;93,435989379883;370,06666666667;14,46666653951;4578,5263157895;70,666666666667;3761,1333333333;;103,58321479374;200,66483516484
20/06/2024 04:19:00;;50,13020324707;99,002300262451;370,07272727273;14,5;4578,5789473684;70,333333333333;3761,2;;103,58463726885;200,67032967033
20/06/2024 04:19:10;;50,086791992188;104,56861114502;370,07878787879;14,46666653951;4578,6315789474;70;3761,2666666667;;103,58605974395;200,67582417582
20/06/2024 04:19:20;;50,043388366699;88,059104919434;370,08484848485;14,43333307902;4578,6842105263;69,666666666667;3761,3333333333;;103,58748221906;200,68131868132
20/06/2024 04:19:30;;49,999984741211;98,759346008301;370,09090909091;14,39999961853;4578,7368421053;69,333333333333;3761,4;;103,58890469417;200,68681318681
20/06/2024 04:19:40;;50,065093994141;108,62054443359;370,09696969697;14,442856788635;4578,7894736842;69;3761,4666666667;;103,59032716927;200,69230769231
20/06/2024 04:19:50;;50,086791992188;121,47064208984;370,10303030303;14,48571395874;4578,8421052632;68,75;3761,5333333333;;103,59174964438;200,6978021978
20/06/2024 04:20:00;;50,086791992188;113,07819366455;370,10909090909;14,528571128845;4578,8947368421;68,5;3761,6;;103,59317211949;200,7032967033
20/06/2024 04:20:10;;50,086791992188;104,68574523926;370,11515151515;14,57142829895;4578,9473684211;68,25;3761,6666666667;;103,59459459459;200,70879120879
20/06/2024 04:20:20;;50,065093994141;113,43978881836;370,12121212121;14,614285469055;4579;68;3761,7333333333;;103,5960170697;200,71428571429
20/06/2024 04:20:30;;50,043395996094;126,26867675781;370,12727272727;14,65714263916;4579,0526315789;67,5;3761,8;;103,59743954481;200,71978021978
20/06/2024 04:20:40;;49,999984741211;110,70146179199;370,13333333333;14,699999809265;4579,1052631579;67;3761,8666666667;;103,59886201991;200,72527472527
20/06/2024 04:20:50;;50,043395996094;116,86448669434;370,13939393939;14,60000038147;4579,1578947368;66,666666666667;3761,9333333333;;103,60028449502;200,73076923077
20/06/2024 04:21:00;;49,999984741211;124,37698364258;370,14545454545;14,700000286102;4579,2105263158;66,333333333333;3762;;103,60170697013;200,73626373626
20/06/2024 04:21:10;;49,999984741211;131,88948059082;370,15151515152;14,800000190735;4579,2631578947;66;3762,0666666667;;103,60312944523;200,74175824176
20/06/2024 04:21:20;29;50,043395996094;142,00064086914;370,15757575758;14,89999961853;4579,3157894737;65,75;3762,1333333333;;103,60455192034;200,74725274725
20/06/2024 04:21:30;29,000729394602;49,956588745117;120,26049804688;370,16363636364;14,800000190735;4579,3684210526;65,5;3762,2;;103,60597439545;200,75274725275
20/06/2024 04:21:40;29,001458789205;49,913177490234;136,0482635498;370,1696969697;14,849999904633;4579,4210526316;65,25;3762,2666666667;;103,60739687055;200,75824175824
20/06/2024 04:21:50;29,002188183807;49,978286743164;147,44259643555;370,17575757576;14,89999961853;4579,4736842105;65;3762,3333333333;;103,60881934566;200,76373626374
20/06/2024 04:22:00;29,00291757841;49,913177490234;121,34331512451;370,18181818182;14,800000190735;4579,5263157895;64,5;3762,4;;103,61024182077;200,76923076923
20/06/2024 04:22:10;29,003646973012;49,978286743164;129,19267654419;370,18787878788;14,849999904633;4579,5789473684;64;3762,4666666667;;103,61166429587;200,77472527473
20/06/2024 04:22:20;29,004376367615;50,043395996094;137,04203796387;370,19393939394;14,89999961853;4579,6315789474;63,75;3762,5333333333;;103,61308677098;200,78021978022
20/06/2024 04:22:30;29,005105762217;49,956588745117;146,11647033691;370,2;14,800000190735;4579,6842105263;63,5;3762,6;;103,61450924609;200,78571428571
20/06/2024 04:22:40;29,00583515682;49,999984741211;127,82111358643;370,20606060606;14,849999904633;4579,7368421053;63,25;3762,6666666667;;103,61593172119;200,79120879121
20/06/2024 04:22:50;29,006564551422;49,978286743164;143,86134338379;370,21212121212;14,89999961853;4579,7894736842;63;3762,7333333333;;103,6173541963;200,7967032967
20/06/2024 04:23:00;29,007293946025;49,913177490234;150,00401306152;370,21818181818;14,949999809265;4579,8421052632;62,666666666667;3762,8;;103,61877667141;200,8021978022
20/06/2024 04:23:10;29,008023340627;50,043395996094;137,94130325317;370,22424242424;15;4579,8947368421;62,333333333333;3762,8666666667;;103,62019914651;200,80769230769
20/06/2024 04:23:20;29,00875273523;49,956588745117;125,87859344482;370,2303030303;15,050000190735;4579,9473684211;62;3762,9333333333;;103,62162162162;200,81318681319
20/06/2024 04:23:30;29,009482129832;49,999992370605;145,6614074707;370,23636363636;15,10000038147;4580;61,5;3763;;103,62304409673;200,81868131868
20/06/2024 04:23:40;29,010211524435;50,043395996094;151,34091186523;370,24242424242;15,116666952769;4580,0555555556;61;3763,0465116279;;103,62446657183;200,82417582418
20/06/2024 04:23:50;29,010940919037;49,956588745117;124,13903808594;370,24848484848;15,133333524068;4580,1111111111;60,75;3763,0930232558;;103,62588904694;200,82967032967
20/06/2024 04:24:00;29,01167031364;49,978286743164;107,50120544434;370,25454545455;15,150000095367;4580,1666666667;60,5;3763,1395348837;;103,62731152205;200,83516483516
20/06/2024 04:24:10;29,012399708242;49,913177490234;124,71186065674;370,26060606061;15,166666666667;4580,2222222222;60,25;3763,1860465116;;103,62873399716;200,84065934066
20/06/2024 04:24:20;29,013129102845;50,043395996094;141,92251586914;370,26666666667;15,183333237966;4580,2777777778;60;3763,2325581395;;103,63015647226;200,84615384615
20/06/2024 04:24:30;29,013858497447;49,956588745117;117,2057723999;370,27272727273;15,199999809265;4580,3333333333;59,666666666667;3763,2790697674;;103,63157894737;200,85164835165
20/06/2024 04:24:40;29,01458789205;49,999984741211;106,91184997559;370,27878787879;15,150000095367;4580,3888888889;59,333333333333;3763,3255813953;;103,63300142248;200,85714285714
20/06/2024 04:24:50;29,015317286652;49,999992370605;144,47496032715;370,28484848485;15,10000038147;4580,4444444444;59;3763,3720930233;;103,63442389758;200,86263736264
20/06/2024 04:25:00;29,016046681255;49,956588745117;118,05263519287;370,29090909091;15,150000333786;4580,5;58,666666666667;3763,4186046512;;103,63584637269;200,86813186813
20/06/2024 04:25:10;29,016776075857;49,999984741211;113,56735610962;370,29696969697;15,200000286102;4580,5555555556;58,333333333333;3763,4651162791;;103,6372688478;200,87362637363
20/06/2024 04:25:20;29,01750547046;50,043395996094;109,08207702637;370,30303030303;15,250000238419;4580,6111111111;58;3763,511627907;;103,6386913229;200,87912087912
20/06/2024 04:25:30;29,018234865062;49,956581115723;117,99515533447;370,30909090909;15,300000190735;4580,6666666667;57,666666666667;3763,5581395349;;103,64011379801;200,88461538462
20/06/2024 04:25:40;29,018964259664;49,956588745117;119,37393951416;370,31515151515;15,199999809265;4580,7222222222;57,333333333333;3763,6046511628;;103,64153627312;200,89010989011
20/06/2024 04:25:50;29,019693654267;50,043395996094;110,1997756958;370,32121212121;15,266666412354;4580,7777777778;57;3763,6511627907;;103,64295874822;200,8956043956
20/06/2024 04:26:00;29,020423048869;50,043388366699;119,40371704102;370,32727272727;15,333333015442;4580,8333333333;56,666666666667;3763,6976744186;;103,64438122333;200,9010989011
20/06/2024 04:26:10;29,021152443472;49,956588745117;120,09792327881;370,33333333333;15,39999961853;4580,8888888889;56,333333333333;3763,7441860465;;103,64580369844;200,90659340659
20/06/2024 04:26:20;29,021881838074;50,086791992188;116,33535766602;370,33939393939;15,300000190735;4580,9444444444;56;3763,7906976744;;103,64722617354;200,91208791209
20/06/2024 04:26:30;29,022611232677;50,086799621582;112,57279205322;370,34545454545;15,450000286102;4581;55,666666666667;3763,8372093023;;103,64864864865;200,91758241758
20/06/2024 04:26:40;29,023340627279;49,999984741211;122,99844360352;370,35151515152;15,60000038147;4581,0555555556;55,333333333333;3763,8837209302;;103,65007112376;200,92307692308
20/06/2024 04:26:50;29,024070021882;50,086791992188;134,494140625;370,35757575758;15,650000095367;4581,1111111111;55;3763,9302325581;;103,65149359886;200,92857142857
20/06/2024 04:27:00;29,024799416484;50,173599243164;113,19300842285;370,36363636364;15,699999809265;4581,1666666667;54,666666666667;3763,976744186;;103,65291607397;200,93406593407
20/06/2024 04:27:10;29,025528811087;50,065093994141;122,43167114258;370,3696969697;15,89999961853;4581,2222222222;54,333333333333;3764,023255814;;103,65433854908;200,93956043956
20/06/2024 04:27:20;29,026258205689;50,086791992188;127,09628295898;370,37575757576;16;4581,2777777778;54;3764,0697674419;;103,65576102418;200,94505494505
20/06/2024 04:27:30;29,026987600292;50,021690368652;131,76089477539;370,38181818182;16,14999961853;4581,3333333333;53,75;3764,1162790698;;103,65718349929;200,95054945055
20/06/2024 04:27:40;29,027716994894;49,999984741211;110,92478179932;370,38787878788;16,299999237061;4581,3888888889;53,5;3764,1627906977;;103,6586059744;200,95604395604
20/06/2024 04:27:50;29,028446389497;49,999992370605;120,88521575928;370,39393939394;16,449999809265;4581,4444444444;53,25;3764,2093023256;;103,6600284495;200,96153846154
20/06/2024 04:28:00;29,029175784099;49,913177490234;129,86111450195;370,4;16,60000038147;4581,5;53;3764,2558139535;;103,66145092461;200,96703296703
20/06/2024 04:28:10;29,029905178702;49,891487121582;135,38485717773;370,40606060606;16,699999809265;4581,5555555556;53,166666666667;3764,3023255814;;103,66287339972;200,97252747253
20/06/2024 04:28:20;29,030634573304;49,913177490234;124,85153579712;370,41212121212;16,799999237061;4581,6111111111;53,333333333333;3764,3488372093;;103,66429587482;200,97802197802
20/06/2024 04:28:30;29,031363967907;49,782974243164;114,3182144165;370,41818181818;16,749999523163;4581,6666666667;53,5;3764,3953488372;;103,66571834993;200,98351648352
20/06/2024 04:28:40;29,032093362509;49,913185119629;122,36762237549;370,42424242424;16,699999809265;4581,7222222222;53,666666666667;3764,4418604651;;103,66714082504;200,98901098901
20/06/2024 04:28:50;29,032822757112;49,999984741211;132,99725341797;370,4303030303;16,650000095367;4581,7777777778;53,833333333333;3764,488372093;;103,66856330014;200,99450549451
20/06/2024 04:29:00;29,033552151714;49,848083496094;114,46270751953;370,43636363636;16,60000038147;4581,8333333333;54;3764,5348837209;;103,66998577525;201
20/06/2024 04:29:10;29,034281546317;49,999984741211;121,77784729004;370,44242424242;16,53333346049;4581,8888888889;54,333333333333;3764,5813953488;;103,67140825036;201,00549450549
20/06/2024 04:29:20;29,035010940919;49,869781494141;127,35388183594;370,44848484848;16,46666653951;4581,9444444444;54,666666666667;3764,6279069767;;103,67283072546;201,01098901099
20/06/2024 04:29:30;29,035740335522;49,869781494141;132,92991638184;370,45454545455;16,39999961853;4582;55;3764,6744186047;;103,67425320057;201,01648351648
20/06/2024 04:29:40;29,036469730124;49,956581115723;148,30435180664;370,46060606061;16,349999427795;4582,0571428571;55,5;3764,7209302326;;103,67567567568;201,02197802198
20/06/2024 04:29:50;29,037199124726;49,999984741211;120,16365814209;370,46666666667;16,299999237061;4582,1142857143;56;3764,7674418605;;103,67709815078;201,02747252747
20/06/2024 04:30:00;29,037928519329;50,086791992188;137,24700927734;370,47272727273;16,39999961853;4582,1714285714;56,25;3764,8139534884;;103,67852062589;201,03296703297
20/06/2024 04:30:10;29,038657913931;49,999984741211;148,70962524414;370,47878787879;16,349999427795;4582,2285714286;56,5;3764,8604651163;;103,679943101;201,03846153846
20/06/2024 04:30:20;29,039387308534;50,151901245117;133,71473693848;370,48484848485;16,299999237061;4582,2857142857;56,75;3764,9069767442;;103,6813655761;201,04395604396
20/06/2024 04:30:30;29,040116703136;50,086791992188;118,71984863281;370,49090909091;16,39999961853;4582,3428571429;57;3764,9534883721;;103,68278805121;201,04945054945
20/06/2024 04:30:40;29,040846097739;50,043395996094;133,32823181152;370,49696969697;16,300000190735;4582,4;57,333333333333;3765;;103,68421052632;201,05494505495
20/06/2024 04:30:50;29,041575492341;50,043395996094;103,22825622559;370,50303030303;16,200000762939;4582,4571428571;57,666666666667;3765,0294117647;;103,68563300142;201,06043956044
20/06/2024 04:31:00;29,042304886944;49,999984741211;92,655372619629;370,50909090909;16,299999237061;4582,5142857143;58;3765,0588235294;;103,68705547653;201,06593406593
20/06/2024 04:31:10;29,043034281546;50,065093994141;88,692985534668;370,51515151515;16,200000762939;4582,5714285714;58,5;3765,0882352941;;103,68847795164;201,07142857143
20/06/2024 04:31:20;29,043763676149;50,13020324707;82,542869567871;370,52121212121;16,25;4582,6285714286;59;3765,1176470588;;103,68990042674;201,07692307692
20/06/2024 04:31:30;29,044493070751;50,021690368652;78,196788787842;370,52727272727;16,299999237061;4582,6857142857;59,25;3765,1470588235;;103,69132290185;201,08241758242
20/06/2024 04:31:40;29,045222465354;50,086791992188;73,850708007813;370,53333333333;16,200000762939;4582,7428571429;59,5;3765,1764705882;;103,69274537696;201,08791208791
20/06/2024 04:31:50;29,045951859956;50,043395996094;79,990592956543;370,53939393939;16,10000038147;4582,8;59,75;3765,2058823529;;103,69416785206;201,09340659341
20/06/2024 04:32:00;29,046681254559;50,086791992188;84,046569824219;370,54545454545;16;4582,8571428571;60;3765,2352941176;;103,69559032717;201,0989010989
20/06/2024 04:32:10;29,047410649161;50,108497619629;86,940071105957;370,55151515152;16,10000038147;4582,9142857143;60,5;3765,2647058824;;103,69701280228;201,1043956044
20/06/2024 04:32:20;29,048140043764;49,999984741211;85,193374633789;370,55757575758;16,090000343323;4582,9714285714;61;3765,2941176471;;103,69843527738;201,10989010989
20/06/2024 04:32:30;29,048869438366;50,13020324707;89,233455657959;370,56363636364;16,080000305176;4583,0285714286;61,25;3765,3235294118;;103,69985775249;201,11538461538
20/06/2024 04:32:40;29,049598832969;50,151901245117;93,273536682129;370,5696969697;16,070000267029;4583,0857142857;61,5;3765,3529411765;;103,7012802276;201,12087912088
20/06/2024 04:32:50;29,050328227571;50,260406494141;96,793006896973;370,57575757576;16,060000228882;4583,1428571429;61,75;3765,3823529412;;103,7027027027;201,12637362637
20/06/2024 04:33:00;29,051057622174;50,130195617676;91,598876953125;370,58181818182;16,050000190735;4583,2;62;3765,4117647059;;103,70412517781;201,13186813187
20/06/2024 04:33:10;29,051787016776;50,173599243164;95,921882629395;370,58787878788;16,040000152588;4583,2571428571;62,333333333333;3765,4411764706;;103,70554765292;201,13736263736
20/06/2024 04:33:20;29,052516411379;50,151901245117;87,803741455078;370,59393939394;16,030000114441;4583,3142857143;62,666666666667;3765,4705882353;;103,70697012802;201,14285714286
20/06/2024 04:33:30;29,053245805981;50,043395996094;86,61743927002;370,6;16,020000076294;4583,3714285714;63;3765,5;;103,70839260313;201,14835164835
20/06/2024 04:33:40;29,053975200584;50,173599243164;85,431137084961;370,60606060606;16,010000038147;4583,4285714286;63,333333333333;3765,5294117647;;103,70981507824;201,15384615385
20/06/2024 04:33:50;29,054704595186;50,13020324707;83,604141235352;370,61212121212;16;4583,4857142857;63,666666666667;3765,5588235294;;103,71123755334;201,15934065934
20/06/2024 04:34:00;29,055433989788;50,108497619629;89,432914733887;370,61818181818;16,14999961853;4583,5428571429;64;3765,5882352941;;103,71266002845;201,16483516484
20/06/2024 04:34:10;29,056163384391;50,217010498047;85,222885131836;370,62424242424;16,299999237061;4583,6;64,333333333333;3765,6176470588;;103,71408250356;201,17032967033
20/06/2024 04:34:20;29,056892778993;50,043395996094;83,332046508789;370,6303030303;16,349999427795;4583,6571428571;64,666666666667;3765,6470588235;;103,71550497866;201,17582417582
20/06/2024 04:34:30;29,057622173596;50,151901245117;85,972648620605;370,63636363636;16,39999961853;4583,7142857143;65;3765,6764705882;;103,71692745377;201,18131868132
20/06/2024 04:34:40;29,058351568198;50,043395996094;88,613250732422;370,64242424242;16,299999237061;4583,7714285714;65,333333333333;3765,7058823529;;103,71834992888;201,18681318681
20/06/2024 04:34:50;29,059080962801;50,065093994141;85,860748291016;370,64848484848;16,39999961853;4583,8285714286;65,666666666667;3765,7352941176;;103,71977240398;201,19230769231
20/06/2024 04:35:00;29,059810357403;50,086791992188;87,489501953125;370,65454545455;16,5;4583,8857142857;66;3765,7647058824;;103,72119487909;201,1978021978
20/06/2024 04:35:10;29,060539752006;50,086799621582;87,880409240723;370,66060606061;16,60000038147;4583,9428571429;66,333333333333;3765,7941176471;;103,7226173542;201,2032967033
20/06/2024 04:35:20;29,061269146608;49,999984741211;82,768600463867;370,66666666667;16,449999809265;4584;66,666666666667;3765,8235294118;;103,7240398293;201,20879120879
20/06/2024 04:35:30;29,061998541211;50,108497619629;85,113861083984;370,67272727273;16,299999237061;4584,0588235294;67;3765,8529411765;;103,72546230441;201,21428571429
20/06/2024 04:35:40;29,062727935813;49,999984741211;87,459121704102;370,67878787879;16,303570679256;4584,1176470588;67,333333333333;3765,8823529412;;103,72688477952;201,21978021978
20/06/2024 04:35:50;29,063457330416;50,13020324707;88,8212890625;370,68484848485;16,307142121451;4584,1764705882;67,666666666667;3765,9117647059;;103,72830725462;201,22527472527
20/06/2024 04:36:00;29,064186725018;50,086799621582;97,097274780273;370,69090909091;16,310713563647;4584,2352941176;68;3765,9411764706;;103,72972972973;201,23076923077
20/06/2024 04:36:10;29,064916119621;50,086791992188;84,15234375;370,69696969697;16,314285005842;4584,2941176471;68,25;3765,9705882353;;103,73115220484;201,23626373626
20/06/2024 04:36:20;29,065645514223;50,086799621582;89,203086853027;370,70303030303;16,317856448037;4584,3529411765;68,5;3766;;103,73257467994;201,24175824176
20/06/2024 04:36:30;29,066374908826;50,086791992188;89,180824279785;370,70909090909;16,321427890233;4584,4117647059;68,75;3766,05;;103,73399715505;201,24725274725
20/06/2024 04:36:40;29,067104303428;50,065093994141;85,091884613037;370,71515151515;16,324999332428;4584,4705882353;69;3766,1;;103,73541963016;201,25274725275
20/06/2024 04:36:50;29,067833698031;50,043395996094;81,002944946289;370,72121212121;16,328570774623;4584,5294117647;69,5;3766,15;;103,73684210526;201,25824175824
20/06/2024 04:37:00;29,068563092633;50,065093994141;85,26513671875;370,72727272727;16,332142216819;4584,5882352941;70;3766,2;;103,73826458037;201,26373626374
20/06/2024 04:37:10;29,069292487236;49,999984741211;88,282722473145;370,73333333333;16,335713659014;4584,6470588235;70,333333333333;3766,25;;103,73968705548;201,26923076923
20/06/2024 04:37:20;29,070021881838;50,086791992188;82,469573974609;370,73939393939;16,339285101209;4584,7058823529;70,666666666667;3766,3;;103,74110953058;201,27472527473
20/06/2024 04:37:30;29,070751276441;50,108497619629;85,647903442383;370,74545454545;16,342856543405;4584,7647058824;71;3766,35;;103,74253200569;201,28021978022
20/06/2024 04:37:40;29,071480671043;50,021690368652;86,03002166748;370,75151515152;16,3464279856;4584,8235294118;71,25;3766,4;;103,7439544808;201,28571428571
20/06/2024 04:37:50;29,072210065646;49,999984741211;86,412139892578;370,75757575758;16,349999427795;4584,8823529412;71,5;3766,45;;103,7453769559;201,29120879121
20/06/2024 04:38:00;29,072939460248;50,086791992188;88,718292236328;370,76363636364;16,353570869991;4584,9411764706;71,75;3766,5;;103,74679943101;201,2967032967
20/06/2024 04:38:10;29,07366885485;50,043395996094;87,543098449707;370,7696969697;16,357142312186;4585;72;3766,55;;103,74822190612;201,3021978022
20/06/2024 04:38:20;29,074398249453;50,086791992188;85,440811157227;370,77575757576;16,360713754381;4585,0588235294;72,5;3766,6;;103,74964438122;201,30769230769
20/06/2024 04:38:30;29,075127644055;50,13020324707;86,363639831543;370,78181818182;16,364285196577;4585,1176470588;73;3766,65;;103,75106685633;201,31318681319
20/06/2024 04:38:40;29,075857038658;50,043395996094;84,641399383545;370,78787878788;16,367856638772;4585,1764705882;73,25;3766,7;;103,75248933144;201,31868131868
20/06/2024 04:38:50;29,07658643326;50,086799621582;82,919158935547;370,79393939394;16,371428080967;4585,2352941176;73,5;3766,75;;103,75391180654;201,32417582418
20/06/2024 04:39:00;29,077315827863;50,13020324707;89,963439941406;370,8;16,374999523163;4585,2941176471;73,75;3766,8;;103,75533428165;201,32967032967
20/06/2024 04:39:10;29,078045222465;50,173599243164;92,117050170898;370,80606060606;16,378570965358;4585,3529411765;74;3766,85;;103,75675675676;201,33516483516
20/06/2024 04:39:20;29,078774617068;49,913177490234;90,945816040039;370,81212121212;16,382142407554;4585,4117647059;74,333333333333;3766,9;;103,75817923186;201,34065934066
20/06/2024 04:39:30;29,07950401167;49,956588745117;93,663543701172;370,81818181818;16,385713849749;4585,4705882353;74,666666666667;3766,95;;103,75960170697;201,34615384615
20/06/2024 04:39:40;29,080233406273;50,13020324707;95,306045532227;370,82424242424;16,389285291944;4585,5294117647;75;3767;;103,76102418208;201,35164835165
20/06/2024 04:39:50;29,080962800875;50,043388366699;96,948547363281;370,8303030303;16,39285673414;4585,5882352941;74,833333333333;3767,05;;103,76244665718;201,35714285714
20/06/2024 04:40:00;29,081692195478;50,043395996094;91,152420043945;370,83636363636;16,396428176335;4585,6470588235;74,666666666667;3767,1;;103,76386913229;201,36263736264
20/06/2024 04:40:10;29,08242159008;50,065093994141;81,593002319336;370,84242424242;16,39999961853;4585,7058823529;74,5;3767,15;;103,7652916074;201,36813186813
20/06/2024 04:40:20;29,083150984683;50,173599243164;89,975509643555;370,84848484848;16,349999427795;4585,7647058824;74,333333333333;3767,2;;103,7667140825;201,37362637363
20/06/2024 04:40:30;29,083880379285;50,086791992188;87,367881774902;370,85454545455;16,299999237061;4585,8235294118;74,166666666667;3767,25;;103,76813655761;201,37912087912
20/06/2024 04:40:40;29,084609773888;49,999984741211;85,591094970703;370,86060606061;16,39999961853;4585,8823529412;74;3767,3;;103,76955903272;201,38461538462
20/06/2024 04:40:50;29,08533916849;50,065093994141;83,814308166504;370,86666666667;16,300000190735;4585,9411764706;73,666666666667;3767,35;;103,77098150782;201,39010989011
20/06/2024 04:41:00;29,086068563093;49,913177490234;87,673866271973;370,87272727273;16,200000762939;4586;73,333333333333;3767,4;;103,77240398293;201,3956043956
20/06/2024 04:41:10;29,086797957695;50,043395996094;89,154121398926;370,87878787879;16,299999237061;4586,0571428571;73;3767,45;;103,77382645804;201,4010989011
20/06/2024 04:41:20;29,087527352298;50,010841369629;84,236305236816;370,88484848485;16,199999809265;4586,1142857143;72,666666666667;3767,5;;103,77524893314;201,40659340659
20/06/2024 04:41:30;29,0882567469;49,978286743164;81,314109802246;370,89090909091;16,10000038147;4586,1714285714;72,333333333333;3767,55;;103,77667140825;201,41208791209
20/06/2024 04:41:40;29,088986141503;50,065093994141;85,170593261719;370,89696969697;16,050000190735;4586,2285714286;72;3767,6;;103,77809388336;201,41758241758
20/06/2024 04:41:50;29,089715536105;50,13020324707;83,137092590332;370,90303030303;16;4586,2857142857;71,666666666667;3767,65;;103,77951635846;201,42307692308
20/06/2024 04:42:00;29,090444930708;49,999984741211;81,103591918945;370,90909090909;15,949999809265;4586,3428571429;71,333333333333;3767,7;;103,78093883357;201,42857142857
20/06/2024 04:42:10;29,09117432531;50,108497619629;87,368507385254;370,91515151515;15,89999961853;4586,4;71;3767,75;;103,78236130868;201,43406593407
20/06/2024 04:42:20;29,091903719912;50,086791992188;78,596542358398;370,92121212121;16;4586,4571428571;70,666666666667;3767,8;;103,78378378378;201,43956043956
20/06/2024 04:42:30;29,092633114515;50,043395996094;89,511756896973;370,92727272727;15,949999809265;4586,5142857143;70,333333333333;3767,85;;103,78520625889;201,44505494505
20/06/2024 04:42:40;29,093362509117;50,130195617676;79,405578613281;370,93333333333;15,89999961853;4586,5714285714;70;3767,9;;103,786628734;201,45054945055
20/06/2024 04:42:50;29,09409190372;50,13020324707;79,365333557129;370,93939393939;16;4586,6285714286;69,666666666667;3767,95;;103,7880512091;201,45604395604
20/06/2024 04:43:00;29,094821298322;50,108497619629;79,325088500977;370,94545454545;15,949999809265;4586,6857142857;69,333333333333;3768;;103,78947368421;201,46153846154
20/06/2024 04:43:10;29,095550692925;50,043395996094;101,82802581787;370,95151515152;15,89999961853;4586,7428571429;69;3768,0487804878;;103,79089615932;201,46703296703
20/06/2024 04:43:20;29,096280087527;49,999984741211;94,660858154297;370,95757575758;15,914285387312;4586,8;68,666666666667;3768,0975609756;;103,79231863442;201,47252747253
20/06/2024 04:43:30;29,09700948213;49,956588745117;104,93280029297;370,96363636364;15,928571156093;4586,8571428571;68,333333333333;3768,1463414634;;103,79374110953;201,47802197802
20/06/2024 04:43:40;29,097738876732;50,065093994141;109,32292938232;370,9696969697;15,942856924874;4586,9142857143;68;3768,1951219512;;103,79516358464;201,48351648352
20/06/2024 04:43:50;29,098468271335;50,043395996094;107,69756317139;370,97575757576;15,957142693656;4586,9714285714;67,75;3768,243902439;;103,79658605974;201,48901098901
20/06/2024 04:44:00;29,099197665937;50,065093994141;106,07219696045;370,98181818182;15,971428462437;4587,0285714286;67,5;3768,2926829268;;103,79800853485;201,49450549451
20/06/2024 04:44:10;29,09992706054;49,956581115723;115,35754394531;370,98787878788;15,985714231219;4587,0857142857;67,25;3768,3414634146;;103,79943100996;201,5
20/06/2024 04:44:20;29,100656455142;50,043395996094;103,07981109619;370,99393939394;16;4587,1428571429;67;3768,3902439024;;103,80085348506;201,50549450549
20/06/2024 04:44:30;29,101385849745;49,999984741211;108,67839813232;371;15,988888846503;4587,2;66,5;3768,4390243902;;103,80227596017;201,51098901099
20/06/2024 04:44:40;29,102115244347;49,956588745117;122,35346984863;371,00641025641;15,977777693007;4587,2571428571;66;3768,487804878;;103,80369843528;201,51648351648
20/06/2024 04:44:50;29,10284463895;50,043395996094;116,67916107178;371,01282051282;15,96666653951;4587,3142857143;65,75;3768,5365853659;;103,80512091038;201,52197802198
20/06/2024 04:45:00;29,103574033552;49,978286743164;111,00485229492;371,01923076923;15,955555386013;4587,3714285714;65,5;3768,5853658537;;103,80654338549;201,52747252747
20/06/2024 04:45:10;29,104303428155;50,043395996094;108,36139678955;371,02564102564;15,944444232517;4587,4285714286;65,25;3768,6341463415;;103,8079658606;201,53296703297
20/06/2024 04:45:20;29,105032822757;49,956581115723;122,01455688477;371,03205128205;15,93333307902;4587,4857142857;65;3768,6829268293;;103,8093883357;201,53846153846
20/06/2024 04:45:30;29,10576221736;49,978286743164;114,74747467041;371,03846153846;15,922221925524;4587,5428571429;64,666666666667;3768,7317073171;;103,81081081081;201,54395604396
20/06/2024 04:45:40;29,106491611962;50,021690368652;111,75456237793;371,04487179487;15,911110772027;4587,6;64,333333333333;3768,7804878049;;103,81223328592;201,54945054945
20/06/2024 04:45:50;29,107221006565;50,13020324707;124,90047454834;371,05128205128;15,89999961853;4587,6571428571;64;3768,8292682927;;103,81365576102;201,55494505495
20/06/2024 04:46:00;29,107950401167;50,173606872559;122,49682617188;371,05769230769;15,937499761581;4587,7142857143;63,5;3768,8780487805;;103,81507823613;201,56043956044
20/06/2024 04:46:10;29,10867979577;50,173599243164;120,09317779541;371,0641025641;15,974999904633;4587,7714285714;63;3768,9268292683;;103,81650071124;201,56593406593
20/06/2024 04:46:20;29,109409190372;50,065093994141;94,215621948242;371,07051282051;16,012500047684;4587,8285714286;62,75;3768,9756097561;;103,81792318634;201,57142857143
20/06/2024 04:46:30;29,110138584974;49,999984741211;127,66946411133;371,07692307692;16,050000190735;4587,8857142857;62,5;3769,0243902439;;103,81934566145;201,57692307692
20/06/2024 04:46:40;29,110867979577;50,108497619629;118,52408599854;371,08333333333;16,087500333786;4587,9428571429;62,25;3769,0731707317;;103,82076813656;201,58241758242
20/06/2024 04:46:50;29,111597374179;50,13020324707;97,70036315918;371,08974358974;16,125000476837;4588;62;3769,1219512195;;103,82219061166;201,58791208791
20/06/2024 04:47:00;29,112326768782;50,021690368652;113,33847808838;371,09615384615;16,162500619888;4588,0571428571;61,666666666667;3769,1707317073;;103,82361308677;201,59340659341
20/06/2024 04:47:10;29,113056163384;49,999984741211;128,97659301758;371,10256410256;16,200000762939;4588,1142857143;61,333333333333;3769,2195121951;;103,82503556188;201,5989010989
20/06/2024 04:47:20;29,113785557987;50,086791992188;119,6968536377;371,10897435897;16,16666730245;4588,1714285714;61;3769,2682926829;;103,82645803698;201,6043956044
20/06/2024 04:47:30;29,114514952589;50,086799621582;94,133499145508;371,11538461538;16,13333384196;4588,2285714286;60,5;3769,3170731707;;103,82788051209;201,60989010989
20/06/2024 04:47:40;29,115244347192;50,021690368652;89,422721862793;371,12179487179;16,10000038147;4588,2857142857;60;3769,3658536585;;103,8293029872;201,61538461538
20/06/2024 04:47:50;29,115973741794;50,086791992188;118,60221862793;371,12820512821;16,200000762939;4588,3428571429;59,75;3769,4146341463;;103,8307254623;201,62087912088
20/06/2024 04:48:00;29,116703136397;50,021690368652;105,88125228882;371,13461538462;16,22500038147;4588,4;59,5;3769,4634146341;;103,83214793741;201,62637362637
20/06/2024 04:48:10;29,117432530999;49,869781494141;93,160285949707;371,14102564103;16,25;4588,4571428571;59,25;3769,512195122;;103,83357041252;201,63186813187
20/06/2024 04:48:20;29,118161925602;49,956588745117;90,026840209961;371,14743589744;16,27499961853;4588,5142857143;59;3769,5609756098;;103,83499288762;201,63736263736
20/06/2024 04:48:30;29,118891320204;49,999984741211;115,24389648438;371,15384615385;16,299999237061;4588,5714285714;58,666666666667;3769,6097560976;;103,83641536273;201,64285714286
20/06/2024 04:48:40;29,119620714807;50,065093994141;93,995819091797;371,16025641026;16,25;4588,6285714286;58,333333333333;3769,6585365854;;103,83783783784;201,64835164835
20/06/2024 04:48:50;29,120350109409;49,999984741211;90,983612060547;371,16666666667;16,200000762939;4588,6857142857;58;3769,7073170732;;103,83926031294;201,65384615385
20/06/2024 04:49:00;29,121079504012;49,934883117676;94,998226165771;371,17307692308;16,25;4588,7428571429;57,666666666667;3769,756097561;;103,84068278805;201,65934065934
20/06/2024 04:49:10;29,121808898614;50,043395996094;99,012840270996;371,17948717949;16,299999237061;4588,8;57,333333333333;3769,8048780488;;103,84210526316;201,66483516484
20/06/2024 04:49:20;29,122538293217;49,891479492188;91,677200317383;371,1858974359;16,349999427795;4588,8571428571;57;3769,8536585366;;103,84352773826;201,67032967033
20/06/2024 04:49:30;29,123267687819;49,956588745117;89,686500549316;371,19230769231;16,39999961853;4588,9142857143;56,666666666667;3769,9024390244;;103,84495021337;201,67582417582
20/06/2024 04:49:40;29,123997082422;50,021690368652;101,00080871582;371,19871794872;16,299999237061;4588,9714285714;56,333333333333;3769,9512195122;;103,84637268848;201,68131868132
20/06/2024 04:49:50;29,124726477024;49,869781494141;95,093887329102;371,20512820513;16,33333269755;4589,0285714286;56;3770;;103,84779516358;201,68681318681
20/06/2024 04:50:00;29,125455871627;49,999992370605;93,525573730469;371,21153846154;16,36666615804;4589,0857142857;55,75;3770,05;;103,84921763869;201,69230769231
20/06/2024 04:50:10;29,126185266229;49,978290557861;91,957260131836;371,21794871795;16,39999961853;4589,1428571429;55,5;3770,1;;103,8506401138;201,6978021978
20/06/2024 04:50:20;29,126914660832;49,956588745117;102,26599884033;371,22435897436;16,374999761581;4589,2;55,25;3770,15;;103,8520625889;201,7032967033
20/06/2024 04:50:30;29,127644055434;49,956581115723;111,92333984375;371,23076923077;16,349999904633;4589,2571428571;55;3770,2;;103,85348506401;201,70879120879
20/06/2024 04:50:40;29,128373450036;49,956588745117;92,279090881348;371,23717948718;16,325000047684;4589,3142857143;54,5;3770,25;;103,85490753912;201,71428571429
20/06/2024 04:50:50;29,129102844639;49,978286743164;104,14246368408;371,24358974359;16,300000190735;4589,3714285714;54;3770,3;;103,85633001422;201,71978021978
20/06/2024 04:51:00;29,129832239241;49,999984741211;111,48713684082;371,25;16,275000333786;4589,4285714286;53,666666666667;3770,35;;103,85775248933;201,72527472527
20/06/2024 04:51:10;29,130561633844;50,043395996094;102,93650817871;371,25641025641;16,250000476837;4589,4857142857;53,333333333333;3770,4;;103,85917496444;201,73076923077
20/06/2024 04:51:20;29,131291028446;50,065093994141;94,385879516602;371,26282051282;16,225000619888;4589,5428571429;53;3770,45;;103,86059743954;201,73626373626
20/06/2024 04:51:30;29,132020423049;49,913177490234;105,59507751465;371,26923076923;16,200000762939;4589,6;52,75;3770,5;;103,86201991465;201,74175824176
20/06/2024 04:51:40;29,132749817651;49,978286743164;113,84868621826;371,27564102564;16,22500038147;4589,6571428571;52,5;3770,55;;103,86344238976;201,74725274725
20/06/2024 04:51:50;29,133479212254;50,043395996094;125,65665435791;371,28205128205;16,25;4589,7142857143;52,25;3770,6;;103,86486486486;201,75274725275
20/06/2024 04:52:00;29,134208606856;49,999984741211;106,54712677002;371,28846153846;16,27499961853;4589,7714285714;52;3770,65;;103,86628733997;201,75824175824
20/06/2024 04:52:10;29,134938001459;49,999984741211;112,29714584351;371,29487179487;16,299999237061;4589,8285714286;51,5;3770,7;;103,86770981508;201,76373626374
20/06/2024 04:52:20;29,135667396061;50,13020324707;118,04716491699;371,30128205128;16,200000762939;4589,8857142857;51;3770,75;;103,86913229018;201,76923076923
20/06/2024 04:52:30;29,136396790664;49,999992370605;128,28129577637;371,30769230769;16,299999237061;4589,9428571429;50,75;3770,8;;103,87055476529;201,77472527473
20/06/2024 04:52:40;29,137126185266;50,043395996094;107,1466293335;371,3141025641;16,316665967306;4590;50,5;3770,85;;103,8719772404;201,78021978022
20/06/2024 04:52:50;29,137855579869;49,978286743164;114,31170654297;371,32051282051;16,33333269755;4590,0588235294;50,25;3770,9;;103,8733997155;201,78571428571
20/06/2024 04:53:00;29,138584974471;50,043395996094;130,27174377441;371,32692307692;16,349999427795;4590,1176470588;50;3770,95;;103,87482219061;201,79120879121
20/06/2024 04:53:10;29,139314369074;50,108497619629;134,97545623779;371,33333333333;16,36666615804;4590,1764705882;49,666666666667;3771;;103,87624466572;201,7967032967
20/06/2024 04:53:20;29,140043763676;50,086791992188;139,67916870117;371,33974358974;16,383332888285;4590,2352941176;49,333333333333;3771,05;;103,87766714083;201,8021978022
20/06/2024 04:53:30;29,140773158279;49,956588745117;119,84507751465;371,34615384615;16,39999961853;4590,2941176471;49;3771,1;;103,87908961593;201,80769230769
20/06/2024 04:53:40;29,141502552881;50,043388366699;135,30661010742;371,35256410256;16,349999427795;4590,3529411765;48,5;3771,15;;103,88051209104;201,81318681319
20/06/2024 04:53:50;29,142231947484;50,043395996094;144,35827636719;371,35897435897;16,299999237061;4590,4117647059;48;3771,2;;103,88193456615;201,81868131868
20/06/2024 04:54:00;29,142961342086;49,978286743164;122,8688583374;371,36538461538;16,39999961853;4590,4705882353;47,75;3771,25;;103,88335704125;201,82417582418
20/06/2024 04:54:10;29,143690736689;50,043388366699;129,99305343628;371,37179487179;16,60000038147;4590,5294117647;47,5;3771,3;;103,88477951636;201,82967032967
20/06/2024 04:54:20;29,144420131291;49,956588745117;137,11724853516;371,37820512821;16,63333384196;4590,5882352941;47,25;3771,35;;103,88620199147;201,83516483516
20/06/2024 04:54:30;29,145149525894;50,043395996094;143,79046630859;371,38461538462;16,66666730245;4590,6470588235;47;3771,4;;103,88762446657;201,84065934066
20/06/2024 04:54:40;29,145878920496;50,065093994141;120,15480804443;371,39102564103;16,700000762939;4590,7058823529;47,333333333333;3771,45;;103,88904694168;201,84615384615
20/06/2024 04:54:50;29,146608315098;49,956588745117;140,06623840332;371,39743589744;16,75;4590,7647058824;47,666666666667;3771,5;;103,89046941679;201,85164835165
20/06/2024 04:55:00;29,147337709701;50,086791992188;144,69242858887;371,40384615385;16,799999237061;4590,8235294118;48;3771,55;;103,89189189189;201,85714285714
20/06/2024 04:55:10;29,148067104303;49,913185119629;130,47277069092;371,41025641026;16,849999427795;4590,8823529412;48,333333333333;3771,6;;103,893314367;201,86263736264
20/06/2024 04:55:20;29,148796498906;50,043395996094;116,25311279297;371,41666666667;16,89999961853;4590,9411764706;48,666666666667;3771,65;;103,89473684211;201,86813186813
20/06/2024 04:55:30;29,149525893508;50,021690368652;145,6123046875;371,42307692308;17;4591;49;3771,7;;103,89615931721;201,87362637363
20/06/2024 04:55:40;29,150255288111;50,086791992188;141,56030273438;371,42948717949;16,89999961853;4591,0588235294;49,333333333333;3771,75;;103,89758179232;201,87912087912
20/06/2024 04:55:50;29,150984682713;49,999992370605;114,00104522705;371,4358974359;16,799999237061;4591,1176470588;49,666666666667;3771,8;;103,89900426743;201,88461538462
20/06/2024 04:56:00;29,151714077316;49,999984741211;103,07006835938;371,44230769231;16,89999961853;4591,1764705882;50;3771,85;50;103,90042674253;201,89010989011
20/06/2024 04:56:10;29,152443471918;50,043395996094;137,74157714844;371,44871794872;17,10000038147;4591,2352941176;50,333333333333;3771,9;50,000877192982;103,90184921764;201,8956043956
20/06/2024 04:56:20;29,153172866521;50,086791992188;122,69418716431;371,45512820513;17,077778074476;4591,2941176471;50,666666666667;3771,95;50,001754385965;103,90327169275;201,9010989011
20/06/2024 04:56:30;29,153902261123;49,978286743164;107,64679718018;371,46153846154;17,055555767483;4591,3529411765;51;3772;50,002631578947;103,90469416785;201,90659340659
20/06/2024 04:56:40;29,154631655726;49,956588745117;99,948120117188;371,46794871795;17,03333346049;4591,4117647059;51,333333333333;3772,04;50,00350877193;103,90611664296;201,91208791209
20/06/2024 04:56:50;29,155361050328;50,021690368652;132,30084228516;371,47435897436;17,011111153497;4591,4705882353;51,666666666667;3772,08;50,004385964912;103,90753911807;201,91758241758
20/06/2024 04:57:00;29,156090444931;50,043395996094;105,16257476807;371,48076923077;16,988888846503;4591,5294117647;52;3772,12;50,005263157895;103,90896159317;201,92307692308
20/06/2024 04:57:10;29,156819839533;49,978286743164;100,14818572998;371,48717948718;16,96666653951;4591,5882352941;52,333333333333;3772,16;50,006140350877;103,91038406828;201,92857142857
20/06/2024 04:57:20;29,157549234136;50,043395996094;103,89633560181;371,49358974359;16,944444232517;4591,6470588235;52,666666666667;3772,2;50,00701754386;103,91180654339;201,93406593407
20/06/2024 04:57:30;29,158278628738;50,086791992188;107,64448547363;371,5;16,922221925524;4591,7058823529;53;3772,24;50,007894736842;103,91322901849;201,93956043956
20/06/2024 04:57:40;29,159008023341;49,978286743164;106,10488891602;371,50641025641;16,89999961853;4591,7647058824;53,25;3772,28;50,008771929825;103,9146514936;201,94505494505
20/06/2024 04:57:50;29,159737417943;50,043395996094;102,41366577148;371,51282051282;16,799999237061;4591,8235294118;53,5;3772,32;50,009649122807;103,91607396871;201,95054945055
20/06/2024 04:58:00;29,160466812546;50,108497619629;108,62261199951;371,51923076923;16,849999427795;4591,8823529412;53,75;3772,36;50,010526315789;103,91749644381;201,95604395604
20/06/2024 04:58:10;29,161196207148;50,065093994141;98,175636291504;371,52564102564;16,89999961853;4591,9411764706;54;3772,4;50,011403508772;103,91891891892;201,96153846154
20/06/2024 04:58:20;29,161925601751;50,173599243164;98,351982116699;371,53205128205;16,949999809265;4592;54,5;3772,44;50,012280701754;103,92034139403;201,96703296703
20/06/2024 04:58:30;29,162654996353;50,13020324707;98,528327941895;371,53846153846;17;4592,0588235294;55;3772,48;50,013157894737;103,92176386913;201,97252747253
20/06/2024 04:58:40;29,163384390956;50,108497619629;93,474609375;371,54487179487;16,89999961853;4592,1176470588;55,25;3772,52;50,014035087719;103,92318634424;201,97802197802
20/06/2024 04:58:50;29,164113785558;49,956581115723;83,105621337891;371,55128205128;16,889999580383;4592,1764705882;55,5;3772,56;50,014912280702;103,92460881935;201,98351648352
20/06/2024 04:59:00;29,16484318016;49,956588745117;80,195465087891;371,55769230769;16,879999542236;4592,2352941176;55,75;3772,6;50,015789473684;103,92603129445;201,98901098901
20/06/2024 04:59:10;29,165572574763;49,934883117676;73,312362670898;371,5641025641;16,869999504089;4592,2941176471;56;3772,64;50,016666666667;103,92745376956;201,99450549451
20/06/2024 04:59:20;29,166301969365;49,956588745117;71,87841796875;371,57051282051;16,859999465942;4592,3529411765;56,333333333333;3772,68;50,017543859649;103,92887624467;202
20/06/2024 04:59:30;29,167031363968;49,913177490234;70,444473266602;371,57692307692;16,849999427795;4592,4117647059;56,666666666667;3772,72;50,018421052632;103,93029871977;202,00549450549
20/06/2024 04:59:40;29,16776075857;49,869781494141;73,684959411621;371,58333333333;16,839999389648;4592,4705882353;57;3772,76;50,019298245614;103,93172119488;202,01098901099
20/06/2024 04:59:50;29,168490153173;49,956588745117;72,306266784668;371,58974358974;16,829999351501;4592,5294117647;57,5;3772,8;50,020175438596;103,93314366999;202,01648351648
20/06/2024 05:00:00;29,169219547775;49,999992370605;70,24681854248;371,59615384615;16,819999313354;4592,5882352941;58;3772,84;50,021052631579;103,93456614509;202,02197802198
20/06/2024 05:00:10;29,169948942378;49,913177490234;68,157539367676;371,60256410256;16,809999275208;4592,6470588235;58,25;3772,88;50,021929824561;103,9359886202;202,02747252747
20/06/2024 05:00:20;29,17067833698;49,891479492188;71,05899810791;371,60897435897;16,799999237061;4592,7058823529;58,5;3772,92;50,022807017544;103,93741109531;202,03296703297
20/06/2024 05:00:30;29,171407731583;49,826385498047;69,342136383057;371,61538461538;17;4592,7647058824;58,75;3772,96;50,023684210526;103,93883357041;202,03846153846
20/06/2024 05:00:40;29,172137126185;49,913177490234;67,625274658203;371,62179487179;16,925000190735;4592,8235294118;59;3773;50,024561403509;103,94025604552;202,04395604396
20/06/2024 05:00:50;29,172866520788;49,945732116699;71,417297363281;371,62820512821;16,85000038147;4592,8823529412;59,333333333333;3773,04;50,025438596491;103,94167852063;202,04945054945
20/06/2024 05:01:00;29,17359591539;49,978286743164;70,657737731934;371,63461538462;16,775000572205;4592,9411764706;59,666666666667;3773,08;50,026315789474;103,94310099573;202,05494505495
20/06/2024 05:01:10;29,174325309993;49,999992370605;72,066070556641;371,64102564103;16,700000762939;4593;60;3773,12;50,027192982456;103,94452347084;202,06043956044
20/06/2024 05:01:20;29,175054704595;49,999988555908;76,146728515625;371,64743589744;16,650000572205;4593,0588235294;60,5;3773,16;50,028070175439;103,94594594595;202,06593406593
20/06/2024 05:01:30;29,175784099198;49,999984741211;78,794067382813;371,65384615385;16,60000038147;4593,1176470588;61;3773,2;50,028947368421;103,94736842105;202,07142857143
20/06/2024 05:01:40;29,1765134938;50,108497619629;81,44140625;371,66025641026;16,449999809265;4593,1764705882;61,25;3773,24;50,029824561404;103,94879089616;202,07692307692
20/06/2024 05:01:50;29,177242888403;50,086791992188;83,282135009766;371,66666666667;16,299999237061;4593,2352941176;61,5;3773,28;50,030701754386;103,95021337127;202,08241758242
20/06/2024 05:02:00;29,177972283005;50,173599243164;79,396835327148;371,67307692308;16,349999427795;4593,2941176471;61,75;3773,32;50,031578947368;103,95163584637;202,08791208791
20/06/2024 05:02:10;29,178701677608;50,173606872559;82,335594177246;371,67948717949;16,39999961853;4593,3529411765;62;3773,36;50,032456140351;103,95305832148;202,09340659341
20/06/2024 05:02:20;29,17943107221;50,13020324707;78,884872436523;371,6858974359;16,299999237061;4593,4117647059;62,333333333333;3773,4;50,033333333333;103,95448079659;202,0989010989
20/06/2024 05:02:30;29,180160466813;50,086791992188;78,909339904785;371,69230769231;16,349999427795;4593,4705882353;62,666666666667;3773,44;50,034210526316;103,95590327169;202,1043956044
20/06/2024 05:02:40;29,180889861415;50,130195617676;78,933807373047;371,69871794872;16,39999961853;4593,5294117647;63;3773,48;50,035087719298;103,9573257468;202,10989010989
20/06/2024 05:02:50;29,181619256018;50,173599243164;83,082572937012;371,70512820513;16,349999904633;4593,5882352941;63,333333333333;3773,52;50,035964912281;103,95874822191;202,11538461538
20/06/2024 05:03:00;29,18234865062;50,195304870605;84,035453796387;371,71153846154;16,300000190735;4593,6470588235;63,666666666667;3773,56;50,036842105263;103,96017069701;202,12087912088
20/06/2024 05:03:10;29,183078045222;50,173599243164;84,758361816406;371,71794871795;16,250000476837;4593,7058823529;64;3773,6;50,037719298246;103,96159317212;202,12637362637
20/06/2024 05:03:20;29,183807439825;50,217010498047;80,40860748291;371,72435897436;16,200000762939;4593,7647058824;64,333333333333;3773,64;50,038596491228;103,96301564723;202,13186813187
20/06/2024 05:03:30;29,184536834427;50,13020324707;81,287155151367;371,73076923077;16,222222858005;4593,8235294118;64,666666666667;3773,68;50,039473684211;103,96443812233;202,13736263736
20/06/2024 05:03:40;29,18526622903;50,043395996094;82,165702819824;371,73717948718;16,244444953071;4593,8823529412;65;3773,72;50,040350877193;103,96586059744;202,14285714286
20/06/2024 05:03:50;29,185995623632;50,130195617676;85,35929107666;371,74358974359;16,266667048136;4593,9411764706;65,25;3773,76;50,041228070175;103,96728307255;202,14835164835
20/06/2024 05:04:00;29,186725018235;50,13020324707;87,961151123047;371,75;16,288889143202;4594;65,5;3773,8;50,042105263158;103,96870554765;202,15384615385
20/06/2024 05:04:10;29,187454412837;50,173599243164;89,90599822998;371,75641025641;16,311111238268;4594,0571428571;65,75;3773,84;50,04298245614;103,97012802276;202,15934065934
20/06/2024 05:04:20;29,18818380744;50,217002868652;85,619155883789;371,76282051282;16,333333333333;4594,1142857143;66;3773,88;50,043859649123;103,97155049787;202,16483516484
20/06/2024 05:04:30;29,188913202042;50,043395996094;83,844459533691;371,76923076923;16,355555428399;4594,1714285714;65,5;3773,92;50,044736842105;103,97297297297;202,17032967033
20/06/2024 05:04:40;29,189642596645;50,13020324707;82,069763183594;371,77564102564;16,377777523465;4594,2285714286;65;3773,96;50,045614035088;103,97439544808;202,17582417582
20/06/2024 05:04:50;29,190371991247;49,999984741211;86,739486694336;371,78205128205;16,39999961853;4594,2857142857;64,666666666667;3774;50,04649122807;103,97581792319;202,18131868132
20/06/2024 05:05:00;29,19110138585;50,086791992188;90,521881103516;371,78846153846;16,299999237061;4594,3428571429;64,333333333333;3774,0540540541;50,047368421053;103,97724039829;202,18681318681
20/06/2024 05:05:10;29,191830780452;50,043395996094;83,176216125488;371,79487179487;16,324999332428;4594,4;64;3774,1081081081;50,048245614035;103,9786628734;202,19230769231
20/06/2024 05:05:20;29,192560175055;49,999984741211;85,132583618164;371,80128205128;16,349999427795;4594,4571428571;63,75;3774,1621621622;50,049122807018;103,98008534851;202,1978021978
20/06/2024 05:05:30;29,193289569657;50,086799621582;82,73454284668;371,80769230769;16,374999523163;4594,5142857143;63,5;3774,2162162162;50,05;103,98150782361;202,2032967033
20/06/2024 05:05:40;29,19401896426;49,999984741211;83,539173126221;371,8141025641;16,39999961853;4594,5714285714;63,25;3774,2702702703;50,050877192982;103,98293029872;202,20879120879
20/06/2024 05:05:50;29,194748358862;50,086799621582;84,343803405762;371,82051282051;16,411764369291;4594,6285714286;63;3774,3243243243;50,051754385965;103,98435277383;202,21428571429
20/06/2024 05:06:00;29,195477753465;50,086799621582;96,685287475586;371,82692307692;16,423529120053;4594,6857142857;62,5;3774,3783783784;50,052631578947;103,98577524893;202,21978021978
20/06/2024 05:06:10;29,196207148067;50,173599243164;87,056259155273;371,83333333333;16,435293870814;4594,7428571429;62;3774,4324324324;50,05350877193;103,98719772404;202,22527472527
20/06/2024 05:06:20;29,19693654267;50,065093994141;89,319831848145;371,83974358974;16,447058621575;4594,8;61,75;3774,4864864865;50,054385964912;103,98862019915;202,23076923077
20/06/2024 05:06:30;29,197665937272;50,13020324707;94,002891540527;371,84615384615;16,458823372336;4594,8571428571;61,5;3774,5405405405;50,055263157895;103,99004267425;202,23626373626
20/06/2024 05:06:40;29,198395331875;50,086791992188;89,299964904785;371,85256410256;16,470588123097;4594,9142857143;61,25;3774,5945945946;50,056140350877;103,99146514936;202,24175824176
20/06/2024 05:06:50;29,199124726477;49,999984741211;84,597038269043;371,85897435897;16,482352873858;4594,9714285714;61;3774,6486486486;50,05701754386;103,99288762447;202,24725274725
20/06/2024 05:07:00;29,19985412108;49,956588745117;87,209136962891;371,86538461538;16,494117624619;4595,0285714286;60,666666666667;3774,7027027027;50,057894736842;103,99431009957;202,25274725275
20/06/2024 05:07:10;29,200583515682;49,999984741211;87,12328338623;371,87179487179;16,505882375381;4595,0857142857;60,333333333333;3774,7567567568;50,058771929825;103,99573257468;202,25824175824
20/06/2024 05:07:20;29,201312910284;50,021690368652;75,197929382324;371,87820512821;16,517647126142;4595,1428571429;60;3774,8108108108;50,059649122807;103,99715504979;202,26373626374
20/06/2024 05:07:30;29,202042304887;49,956588745117;78,690650939941;371,88461538462;16,529411876903;4595,2;59,5;3774,8648648649;50,060526315789;103,99857752489;202,26923076923
20/06/2024 05:07:40;29,202771699489;49,999984741211;84,898487091064;371,89102564103;16,541176627664;4595,2571428571;59;3774,9189189189;50,061403508772;104;202,27472527473
20/06/2024 05:07:50;29,203501094092;49,999992370605;91,106323242188;371,89743589744;16,552941378425;4595,3142857143;58,75;3774,972972973;50,062280701754;104,00141843972;202,28021978022
20/06/2024 05:08:00;29,204230488694;49,999992370605;74,951515197754;371,90384615385;16,564706129186;4595,3714285714;58,5;3775,027027027;50,063157894737;104,00283687943;202,28571428571
20/06/2024 05:08:10;29,204959883297;49,913177490234;84,530143737793;371,91025641026;16,576470879947;4595,4285714286;58,25;3775,0810810811;50,064035087719;104,00425531915;202,29120879121
20/06/2024 05:08:20;29,205689277899;50,021690368652;92,867919921875;371,91666666667;16,588235630709;4595,4857142857;58;3775,1351351351;50,064912280702;104,00567375887;202,2967032967
20/06/2024 05:08:30;29,206418672502;49,999984741211;175,1847076416;371,92307692308;16,60000038147;4595,5428571429;57,666666666667;3775,1891891892;50,065789473684;104,00709219858;202,3021978022
20/06/2024 05:08:40;29,207148067104;49,739570617676;18237,592353821;371,92948717949;16,200000762939;4595,6;57,333333333333;3775,2432432432;50,066666666667;104,0085106383;202,30769230769
20/06/2024 05:08:50;29,207877461707;49,479156494141;36300;371,9358974359;16,050000190735;4595,6571428571;57;3775,2972972973;50,067543859649;104,00992907801;202,31318681319
20/06/2024 05:09:00;29,208606856309;49,652770996094;103,76536560059;371,94230769231;15,89999961853;4595,7142857143;56,666666666667;3775,3513513514;50,068421052632;104,01134751773;202,31868131868
20/06/2024 05:09:10;29,209336250912;49,999984741211;102,60386657715;371,94871794872;15,699999809265;4595,7714285714;56,333333333333;3775,4054054054;50,069298245614;104,01276595745;202,32417582418
20/06/2024 05:09:20;29,210065645514;50,021690368652;92,086761474609;371,95512820513;15,5;4595,8285714286;56;3775,4594594595;50,070175438596;104,01418439716;202,32967032967
20/06/2024 05:09:30;29,210795040117;50,173599243164;104,75470733643;371,96153846154;15,39999961853;4595,8857142857;55,666666666667;3775,5135135135;50,071052631579;104,01560283688;202,33516483516
20/06/2024 05:09:40;29,211524434719;50,217010498047;105,97887039185;371,96794871795;15,349999904633;4595,9428571429;55,333333333333;3775,5675675676;50,071929824561;104,0170212766;202,34065934066
20/06/2024 05:09:50;29,212253829322;50,13020324707;107,20303344727;371,97435897436;15,300000190735;4596;55;3775,6216216216;50,072807017544;104,01843971631;202,34615384615
20/06/2024 05:10:00;29,212983223924;50,195304870605;87,256927490234;371,98076923077;15,39999961853;4596,0606060606;54,666666666667;3775,6756756757;50,073684210526;104,01985815603;202,35164835165
20/06/2024 05:10:10;29,213712618527;50,238700866699;102,29972839355;371,98717948718;15,449999809265;4596,1212121212;54,333333333333;3775,7297297297;50,074561403509;104,02127659574;202,35714285714
20/06/2024 05:10:20;29,214442013129;50,260406494141;92,789108276367;371,99358974359;15,5;4596,1818181818;54;3775,7837837838;50,075438596491;104,02269503546;202,36263736264
20/06/2024 05:10:30;29,215171407732;50,217002868652;98,303283691406;372;15,53333346049;4596,2424242424;53,666666666667;3775,8378378378;50,076315789474;104,02411347518;202,36813186813
20/06/2024 05:10:40;29,215900802334;50,086791992188;101,72973632813;372,00740740741;15,56666692098;4596,303030303;53,333333333333;3775,8918918919;50,077192982456;104,02553191489;202,37362637363
20/06/2024 05:10:50;29,216630196937;50,13020324707;95,144561767578;372,01481481481;15,60000038147;4596,3636363636;53;3775,9459459459;50,078070175439;104,02695035461;202,37912087912
20/06/2024 05:11:00;29,217359591539;50,108497619629;88,559387207031;372,02222222222;15,800000190735;4596,4242424242;52,666666666667;3776;50,078947368421;104,02836879433;202,38461538462
20/06/2024 05:11:10;29,218088986142;50,075942993164;77,679374694824;372,02962962963;15,866666793823;4596,4848484848;52,333333333333;3776,0540540541;50,079824561404;104,02978723404;202,39010989011
20/06/2024 05:11:20;29,218818380744;50,043388366699;82,95987701416;372,03703703704;15,933333396912;4596,5454545455;52;3776,1081081081;50,080701754386;104,03120567376;202,3956043956
20/06/2024 05:11:30;29,219547775346;49,956588745117;80,981597900391;372,04444444444;16;4596,6060606061;51,75;3776,1621621622;50,081578947368;104,03262411348;202,4010989011
20/06/2024 05:11:40;29,220277169949;50,021690368652;80,703033447266;372,05185185185;16,299999237061;4596,6666666667;51,5;3776,2162162162;50,082456140351;104,03404255319;202,40659340659
20/06/2024 05:11:50;29,221006564551;49,913177490234;86,766689300537;372,05925925926;16,449999809265;4596,7272727273;51,25;3776,2702702703;50,083333333333;104,03546099291;202,41208791209
20/06/2024 05:12:00;29,221735959154;49,804679870605;92,830345153809;372,06666666667;16,60000038147;4596,7878787879;51;3776,3243243243;50,084210526316;104,03687943262;202,41758241758
20/06/2024 05:12:10;29,222465353756;49,73957824707;83,136245727539;372,07407407407;16,700000762939;4596,8484848485;50,5;3776,3783783784;50,085087719298;104,03829787234;202,42307692308
20/06/2024 05:12:20;29,223194748359;49,761276245117;90,054382324219;372,08148148148;16,799999237061;4596,9090909091;50;3776,4324324324;50,085964912281;104,03971631206;202,42857142857
20/06/2024 05:12:30;29,223924142961;49,782974243164;101,89026641846;372,08888888889;16,83333269755;4596,9696969697;49,666666666667;3776,4864864865;50,086842105263;104,04113475177;202,43406593407
20/06/2024 05:12:40;29,224653537564;49,739570617676;111,16539001465;372,0962962963;16,86666615804;4597,0303030303;49,333333333333;3776,5405405405;50,087719298246;104,04255319149;202,43956043956
20/06/2024 05:12:50;29,225382932166;49,761276245117;106,29858779907;372,1037037037;16,89999961853;4597,0909090909;49;3776,5945945946;50,088596491228;104,04397163121;202,44505494505
20/06/2024 05:13:00;29,226112326769;55,729156494141;101,4317855835;372,11111111111;16,93333307902;4597,1515151515;48,75;3776,6486486486;50,089473684211;104,04539007092;202,45054945055
20/06/2024 05:13:10;29,226841721371;59,331588745117;126,65943145752;372,11851851852;16,96666653951;4597,2121212121;48,5;3776,7027027027;50,090350877193;104,04680851064;202,45604395604
20/06/2024 05:13:20;29,227571115974;58,897552490234;155,78419494629;372,12592592593;17;4597,2727272727;48,25;3776,7567567568;50,091228070175;104,04822695035;202,46153846154
20/06/2024 05:13:30;29,228300510576;55,620643615723;128,27452087402;372,13333333333;17,299999237061;4597,3333333333;48;3776,8108108108;50,092105263158;104,04964539007;202,46703296703
20/06/2024 05:13:40;29,229029905179;52,712661743164;140,98503112793;372,14074074074;18,10000038147;4597,3939393939;47,5;3776,8648648649;50,09298245614;104,05106382979;202,47252747253
20/06/2024 05:13:50;29,229759299781;51,605895996094;137,79433441162;372,14814814815;18,35000038147;4597,4545454545;47;3776,9189189189;50,093859649123;104,0524822695;202,47802197802
20/06/2024 05:14:00;29,230488694384;50,998252868652;134,60363769531;372,15555555556;18,60000038147;4597,5151515152;46,75;3776,972972973;50,094736842105;104,05390070922;202,48351648352
20/06/2024 05:14:10;29,231218088986;50,455718994141;101,2790222168;372,16296296296;19,200000762939;4597,5757575758;46,5;3777,027027027;50,095614035088;104,05531914894;202,48901098901
20/06/2024 05:14:20;29,231947483589;50,173599243164;137,54574584961;372,17037037037;19,799999237061;4597,6363636364;46,25;3777,0810810811;50,09649122807;104,05673758865;202,49450549451
20/06/2024 05:14:30;29,232676878191;50,021690368652;110,54681396484;372,17777777778;20,299999237061;4597,696969697;46;3777,1351351351;50,097368421053;104,05815602837;202,5
20/06/2024 05:14:40;29,233406272794;49,913177490234;91,611755371094;372,18518518519;20,449999809265;4597,7575757576;45,666666666667;3777,1891891892;50,098245614035;104,05957446809;202,50549450549
20/06/2024 05:14:50;29,234135667396;49,826385498047;107,29949951172;372,19259259259;20,60000038147;4597,8181818182;45,333333333333;3777,2432432432;50,099122807018;104,0609929078;202,51098901099
20/06/2024 05:15:00;29,234865061999;49,717872619629;122,98724365234;372,2;21,200000762939;4597,8787878788;45;3777,2972972973;50,1;104,06241134752;202,51648351648
20/06/2024 05:15:10;29,235594456601;49,565963745117;93,73526763916;372,20740740741;21,60000038147;4597,9393939394;44,5;3777,3513513514;50,100877192982;104,06382978723;202,52197802198
20/06/2024 05:15:20;29,236323851204;49,565956115723;94,646377563477;372,21481481481;21,5;4598;44;3777,4054054054;50,101754385965;104,06524822695;202,52747252747
20/06/2024 05:15:30;29,237053245806;49,544258117676;107,16747283936;372,22222222222;21,60000038147;4598,0697674419;44,25;3777,4594594595;50,102631578947;104,06666666667;202,53296703297
20/06/2024 05:15:40;29,237782640408;49,565963745117;92,707595825195;372,22962962963;21,700000762939;4598,1395348837;44,5;3777,5135135135;50,10350877193;104,06808510638;202,53846153846
20/06/2024 05:15:50;29,238512035011;49,500854492188;107,24720001221;372,23703703704;21,60000038147;4598,2093023256;44,75;3777,5675675676;50,104385964912;104,0695035461;202,54395604396
20/06/2024 05:16:00;29,239241429613;49,522552490234;111,64219665527;372,24444444444;21,5;4598,2790697674;45;3777,6216216216;50,105263157895;104,07092198582;202,54945054945
20/06/2024 05:16:10;29,239970824216;49,565956115723;116,03719329834;372,25185185185;21,39999961853;4598,3488372093;45,5;3777,6756756757;50,106140350877;104,07234042553;202,55494505495
20/06/2024 05:16:20;29,240700218818;49,652763366699;103,69731140137;372,25925925926;21,299999237061;4598,4186046512;46;3777,7297297297;50,10701754386;104,07375886525;202,56043956044
20/06/2024 05:16:30;29,241429613421;49,652770996094;114,84284210205;372,26666666667;21,14999961853;4598,488372093;46,25;3777,7837837838;50,107894736842;104,07517730496;202,56593406593
20/06/2024 05:16:40;29,242159008023;49,609359741211;132,1904296875;372,27407407407;21;4598,5581395349;46,5;3777,8378378378;50,108771929825;104,07659574468;202,57142857143
20/06/2024 05:16:50;29,242888402626;49,782981872559;139,35859680176;372,28148148148;20,700000762939;4598,6279069767;46,75;3777,8918918919;50,109649122807;104,0780141844;202,57692307692
20/06/2024 05:17:00;29,243617797228;49,869781494141;138,3021774292;372,28888888889;20,650000572205;4598,6976744186;47;3777,9459459459;50,110526315789;104,07943262411;202,58241758242
20/06/2024 05:17:10;29,244347191831;49,869781494141;137,24575805664;372,2962962963;20,60000038147;4598,7674418605;47,333333333333;3778;50,111403508772;104,08085106383;202,58791208791
20/06/2024 05:17:20;29,245076586433;49,913185119629;148,47505187988;372,3037037037;20,5;4598,8372093023;47,666666666667;3778,0444444444;50,112280701754;104,08226950355;202,59340659341
20/06/2024 05:17:30;29,245805981036;50,086791992188;121,09124755859;372,31111111111;20,449999809265;4598,9069767442;48;3778,0888888889;50,113157894737;104,08368794326;202,5989010989
20/06/2024 05:17:40;29,246535375638;50,217010498047;143,1414642334;372,31851851852;20,39999961853;4598,976744186;48,5;3778,1333333333;50,114035087719;104,08510638298;202,6043956044
20/06/2024 05:17:50;29,247264770241;50,195304870605;133,45628356934;372,32592592593;20,449999809265;4599,0465116279;49;3778,1777777778;50,114912280702;104,0865248227;202,60989010989
20/06/2024 05:18:00;29,247994164843;50,151901245117;119,055519104;372,33333333333;20,5;4599,1162790698;49,25;3778,2222222222;50,115789473684;104,08794326241;202,61538461538
20/06/2024 05:18:10;29,248723559446;50,173599243164;104,65475463867;372,34074074074;20,520000076294;4599,1860465116;49,5;3778,2666666667;50,116666666667;104,08936170213;202,62087912088
20/06/2024 05:18:20;29,249452954048;50,195304870605;104,99192810059;372,34814814815;20,540000152588;4599,2558139535;49,75;3778,3111111111;50,117543859649;104,09078014184;202,62637362637
20/06/2024 05:18:30;29,250182348651;50,13020324707;110,02754974365;372,35555555556;20,560000228882;4599,3255813953;50;3778,3555555556;50,118421052632;104,09219858156;202,63186813187
20/06/2024 05:18:40;29,250911743253;50,108497619629;101,06407165527;372,36296296296;20,580000305176;4599,3953488372;50,333333333333;3778,4;50,119298245614;104,09361702128;202,63736263736
20/06/2024 05:18:50;29,251641137856;50,217010498047;114,37271881104;372,37037037037;20,60000038147;4599,4651162791;50,666666666667;3778,4444444444;50,120175438596;104,09503546099;202,64285714286
20/06/2024 05:19:00;29,252370532458;50,108497619629;112,29578781128;372,37777777778;20,699999809265;4599,5348837209;51;3778,4888888889;50,121052631579;104,09645390071;202,64835164835
20/06/2024 05:19:10;29,253099927061;50,173599243164;110,21885681152;372,38518518519;20,799999237061;4599,6046511628;51,333333333333;3778,5333333333;50,121929824561;104,09787234043;202,65384615385
20/06/2024 05:19:20;29,253829321663;49,913177490234;98,39803314209;372,39259259259;21,10000038147;4599,6744186047;51,666666666667;3778,5777777778;50,122807017544;104,09929078014;202,65934065934
20/06/2024 05:19:30;29,254558716265;49,956581115723;89,386459350586;372,4;21,150000572205;4599,7441860465;52;3778,6222222222;50,123684210526;104,10070921986;202,66483516484
20/06/2024 05:19:40;29,255288110868;49,652770996094;36,591262817383;372,40740740741;21,200000762939;4599,8139534884;52,333333333333;3778,6666666667;50,124561403509;104,10212765957;202,67032967033
20/06/2024 05:19:50;29,25601750547;49,609359741211;13,071894645691;372,41481481481;21,10000038147;4599,8837209302;52,666666666667;3778,7111111111;50,125438596491;104,10354609929;202,67582417582
20/06/2024 05:20:00;29,256746900073;49,696174621582;11,766170060728;372,42222222222;21,200000762939;4599,9534883721;53;3778,7555555556;50,126315789474;104,10496453901;202,68131868132
20/06/2024 05:20:10;29,257476294675;49,739570617676;10,460445475765;372,42962962963;21,299999237061;4600,023255814;53,333333333333;3778,8;50,127192982456;104,10638297872;202,68681318681
20/06/2024 05:20:20;29,258205689278;49,652770996094;9,1547208908014;372,43703703704;21,14999961853;4600,0930232558;53,666666666667;3778,8444444444;50,128070175439;104,10780141844;202,69230769231
20/06/2024 05:20:30;29,25893508388;49,826377868652;7,8489963058382;372,44444444444;21;4600,1627906977;54;3778,8888888889;50,128947368421;104,10921985816;202,6978021978
20/06/2024 05:20:40;29,259664478483;49,804679870605;6,5432717208751;372,45185185185;21,10000038147;4600,2325581395;54,333333333333;3778,9333333333;50,129824561404;104,11063829787;202,7032967033
20/06/2024 05:20:50;29,260393873085;49,913177490234;5,2375471359119;372,45925925926;21;4600,3023255814;54,666666666667;3778,9777777778;50,130701754386;104,11205673759;202,70879120879
20/06/2024 05:21:00;29,261123267688;49,804679870605;3,9318225509487;372,46666666667;20,949999809265;4600,3720930233;55;3779,0222222222;50,131578947368;104,1134751773;202,71428571429
20/06/2024 05:21:10;29,26185266229;49,869781494141;2,6260979659855;372,47407407407;20,89999961853;4600,4418604651;55,333333333333;3779,0666666667;50,132456140351;104,11489361702;202,71978021978
20/06/2024 05:21:20;29,262582056893;49,869781494141;1,3203733810224;372,48148148148;20,700000762939;4600,511627907;55,666666666667;3779,1111111111;50,133333333333;104,11631205674;202,72527472527
20/06/2024 05:21:30;29,263311451495;49,913177490234;0,014648796059191;372,48888888889;20,60000038147;4600,5813953488;56;3779,1555555556;50,134210526316;104,11773049645;202,73076923077
20/06/2024 05:21:40;29,264040846098;50,043395996094;0,0073243980295956;372,4962962963;20,550000190735;4600,6511627907;56,25;3779,2;50,135087719298;104,11914893617;202,73626373626
20/06/2024 05:21:50;29,2647702407;49,913177490234;0;372,5037037037;20,5;4600,7209302326;56,5;3779,2444444444;50,135964912281;104,12056737589;202,74175824176
20/06/2024 05:22:00;29,265499635303;50,021690368652;0,029559561982751;372,51111111111;20,449999809265;4600,7906976744;56,75;3779,2888888889;50,136842105263;104,1219858156;202,74725274725
20/06/2024 05:22:10;29,266229029905;49,999984741211;0,059119123965502;372,51851851852;20,39999961853;4600,8604651163;57;3779,3333333333;50,137719298246;104,12340425532;202,75274725275
20/06/2024 05:22:20;29,266958424508;50,086799621582;0,088489040732384;372,52592592593;20,299999237061;4600,9302325581;57,5;3779,3777777778;50,138596491228;104,12482269504;202,75824175824
20/06/2024 05:22:30;29,26768781911;50,086791992188;0,059934072196484;372,53333333333;20,200000762939;4601;58;3779,4222222222;50,139473684211;104,12624113475;202,76373626374
20/06/2024 05:22:40;29,268417213713;49,978286743164;0,052321730181575;372,54074074074;20,25;4601,0681818182;58,25;3779,4666666667;50,140350877193;104,12765957447;202,76923076923
20/06/2024 05:22:50;29,269146608315;49,999984741211;0,044709388166666;372,54814814815;20,299999237061;4601,1363636364;58,5;3779,5111111111;50,141228070175;104,12907801418;202,77472527473
20/06/2024 05:23:00;29,269876002918;50,13020324707;0,043362252922221;372,55555555556;20,200000762939;4601,2045454545;58,75;3779,5555555556;50,142105263158;104,1304964539;202,78021978022
20/06/2024 05:23:10;29,27060539752;50,151901245117;0,042015117677775;372,56296296296;20,299999237061;4601,2727272727;59;3779,6;50,14298245614;104,13191489362;202,78571428571
20/06/2024 05:23:20;29,271334792123;50,260406494141;0,04066798243333;372,57037037037;20,233332951864;4601,3409090909;59,333333333333;3779,6444444444;50,143859649123;104,13333333333;202,79120879121
20/06/2024 05:23:30;29,272064186725;50,13020324707;0,039320847188885;372,57777777778;20,166666666667;4601,4090909091;59,666666666667;3779,6888888889;50,144736842105;104,13475177305;202,7967032967
20/06/2024 05:23:40;29,272793581327;50,173599243164;0,037973711944439;372,58518518519;20,10000038147;4601,4772727273;60;3779,7333333333;50,145614035088;104,13617021277;202,8021978022
20/06/2024 05:23:50;29,27352297593;50,217010498047;0,036626576699994;372,59259259259;20,200000762939;4601,5454545455;60,5;3779,7777777778;50,14649122807;104,13758865248;202,80769230769
20/06/2024 05:24:00;29,274252370532;50,13020324707;0,035279441455548;372,6;20,150000572205;4601,6136363636;61;3779,8222222222;50,147368421053;104,1390070922;202,81318681319
20/06/2024 05:24:10;29,274981765135;50,217002868652;0,033932306211103;372,60740740741;20,10000038147;4601,6818181818;61,25;3779,8666666667;50,148245614035;104,14042553191;202,81868131868
20/06/2024 05:24:20;29,275711159737;50,173599243164;0,032585170966658;372,61481481481;20,150000572205;4601,75;61,5;3779,9111111111;50,149122807018;104,14184397163;202,82417582418
20/06/2024 05:24:30;29,27644055434;50,217010498047;0,031238035722212;372,62222222222;20,200000762939;4601,8181818182;61,75;3779,9555555556;50,15;104,14326241135;202,82967032967
20/06/2024 05:24:40;29,277169948942;50,043395996094;0,029890900477767;372,62962962963;20,208333969116;4601,8863636364;62;3780;50,150877192982;104,14468085106;202,83516483516
20/06/2024 05:24:50;29,277899343545;50,086799621582;0,022379841189831;372,63703703704;20,216667175293;4601,9545454545;62,333333333333;3780,064516129;50,151754385965;104,14609929078;202,84065934066
20/06/2024 05:25:00;29,278628738147;50,086791992188;0,014868781901896;372,64444444444;20,22500038147;4602,0227272727;62,666666666667;3780,1290322581;50,152631578947;104,1475177305;202,84615384615
20/06/2024 05:25:10;29,27935813275;49,999992370605;0,018546873587184;372,65185185185;20,233333587646;4602,0909090909;63;3780,1935483871;50,15350877193;104,14893617021;202,85164835165
20/06/2024 05:25:20;29,280087527352;49,956581115723;0,022224965272471;372,65925925926;20,241666793823;4602,1590909091;63,5;3780,2580645161;50,154385964912;104,15035460993;202,85714285714
20/06/2024 05:25:30;29,280816921955;49,826385498047;0,025903056957759;372,66666666667;20,25;4602,2272727273;64;3780,3225806452;50,155263157895;104,15177304965;202,86263736264
20/06/2024 05:25:40;29,281546316557;49,913185119629;0,029581148643047;372,67407407407;20,258333206177;4602,2954545455;64,25;3780,3870967742;50,156140350877;104,15319148936;202,86813186813
20/06/2024 05:25:50;29,28227571116;49,652770996094;0,033259240328334;372,68148148148;20,266666412354;4602,3636363636;64,5;3780,4516129032;50,15701754386;104,15460992908;202,87362637363
20/06/2024 05:26:00;29,283005105762;49,717872619629;0,036937332013622;372,68888888889;20,27499961853;4602,4318181818;64,75;3780,5161290323;50,157894736842;104,15602836879;202,87912087912
20/06/2024 05:26:10;29,283734500365;49,565963745117;0,04061542369891;372,6962962963;20,283332824707;4602,5;65;3780,5806451613;50,158771929825;104,15744680851;202,88461538462
20/06/2024 05:26:20;29,284463894967;49,609367370605;0,044293515384197;372,7037037037;20,291666030884;4602,5681818182;65,333333333333;3780,6451612903;50,159649122807;104,15886524823;202,89010989011
20/06/2024 05:26:30;29,28519328957;49,696166992188;0,044237056126197;372,71111111111;20,299999237061;4602,6363636364;65,666666666667;3780,7096774194;50,160526315789;104,16028368794;202,8956043956
20/06/2024 05:26:40;29,285922684172;49,565963745117;0,044180596868197;372,71851851852;20,25;4602,7045454545;66;3780,7741935484;50,161403508772;104,16170212766;202,9010989011
20/06/2024 05:26:50;29,286652078775;49,522560119629;0,044124137610197;372,72592592593;20,200000762939;4602,7727272727;65,666666666667;3780,8387096774;50,162280701754;104,16312056738;202,90659340659
20/06/2024 05:27:00;29,287381473377;49,522552490234;3,6145460605621;372,73333333333;20,299999237061;4602,8409090909;65,333333333333;3780,9032258065;50,163157894737;104,16453900709;202,91208791209
20/06/2024 05:27:10;29,28811086798;49,435752868652;0,072632193565369;372,74074074074;20,199999809265;4602,9090909091;65;3780,9677419355;50,164035087719;104,16595744681;202,91758241758
20/06/2024 05:27:20;29,288840262582;49,457450866699;0,058351568877697;372,74814814815;20,10000038147;4602,9772727273;64,666666666667;3781,0322580645;50,164912280702;104,16737588652;202,92307692308
20/06/2024 05:27:30;29,289569657185;49,479156494141;17,954939868301;372,75555555556;20,200000762939;4603,0454545455;64,333333333333;3781,0967741935;50,165789473684;104,16879432624;202,92857142857
20/06/2024 05:27:40;29,290299051787;49,500862121582;35,851528167725;372,76296296296;20,10000038147;4603,1136363636;64;3781,1612903226;50,166666666667;104,17021276596;202,93406593407
20/06/2024 05:27:50;29,291028446389;49,869781494141;57,224292755127;372,77037037037;20;4603,1818181818;63,75;3781,2258064516;50,167543859649;104,17163120567;202,93956043956
20/06/2024 05:28:00;29,291757840992;49,782974243164;62,185615539551;372,77777777778;19,800000190735;4603,25;63,5;3781,2903225806;50,168421052632;104,17304964539;202,94505494505
20/06/2024 05:28:10;29,292487235594;49,500854492188;39,476020812988;372,78518518519;19,60000038147;4603,3181818182;63,25;3781,3548387097;50,169298245614;104,17446808511;202,95054945055
20/06/2024 05:28:20;29,293216630197;49,218734741211;28,424272537231;372,79259259259;19,5;4603,3863636364;63;3781,4193548387;50,170175438596;104,17588652482;202,95604395604
20/06/2024 05:28:30;29,293946024799;49,175331115723;30,016156196594;372,8;19,39999961853;4603,4545454545;62,5;3781,4838709677;50,171052631579;104,17730496454;202,96153846154
20/06/2024 05:28:40;29,294675419402;49,34895324707;31,608039855957;372,80740740741;19,299999237061;4603,5227272727;62;3781,5483870968;50,171929824561;104,17872340426;202,96703296703
20/06/2024 05:28:50;29,295404814004;49,479156494141;39,312892913818;372,81481481481;19;4603,5909090909;61,666666666667;3781,6129032258;50,172807017544;104,18014184397;202,97252747253
20/06/2024 05:29:00;29,296134208607;49,652763366699;54,939208984375;372,82222222222;18,799999237061;4603,6590909091;61,333333333333;3781,6774193548;50,173684210526;104,18156028369;202,97802197802
20/06/2024 05:29:10;29,296863603209;49,73957824707;74,644218444824;372,82962962963;18,64999961853;4603,7272727273;61;3781,7419354839;50,174561403509;104,1829787234;202,98351648352
20/06/2024 05:29:20;29,297592997812;49,717872619629;67,647514343262;372,83703703704;18,5;4603,7954545455;60,75;3781,8064516129;50,175438596491;104,18439716312;202,98901098901
20/06/2024 05:29:30;29,298322392414;49,782974243164;68,208713531494;372,84444444444;18,39999961853;4603,8636363636;60,5;3781,8709677419;50,176315789474;104,18581560284;202,99450549451
20/06/2024 05:29:40;29,299051787017;49,631065368652;68,769912719727;372,85185185185;18,299999237061;4603,9318181818;60,25;3781,935483871;50,177192982456;104,18723404255;203
20/06/2024 05:29:50;29,299781181619;49,652770996094;73,44800567627;372,85925925926;18,200000762939;4604;60;3782;50,178070175439;104,18865248227;203,00549450549
20/06/2024 05:30:00;29,300510576222;49,609359741211;73,746551513672;372,86666666667;18,10000038147;4604,0606060606;59,5;3782,0714285714;50,178947368421;104,19007092199;203,01098901099
20/06/2024 05:30:10;29,301239970824;49,674468994141;69,887939453125;372,87407407407;17,89999961853;4604,1212121212;59;3782,1428571429;50,179824561404;104,1914893617;203,01648351648
20/06/2024 05:30:20;29,301969365427;49,696166992188;82,961669921875;372,88148148148;17,949999809265;4604,1818181818;58,75;3782,2142857143;50,180701754386;104,19290780142;203,02197802198
20/06/2024 05:30:30;29,302698760029;49,631065368652;83,549339294434;372,88888888889;18;4604,2424242424;58,5;3782,2857142857;50,181578947368;104,19432624113;203,02747252747
20/06/2024 05:30:40;29,303428154632;49,696166992188;84,008068084717;372,8962962963;17,89999961853;4604,303030303;58,25;3782,3571428571;50,182456140351;104,19574468085;203,03296703297
20/06/2024 05:30:50;29,304157549234;49,631065368652;84,466796875;372,9037037037;18;4604,3636363636;58;3782,4285714286;50,183333333333;104,19716312057;203,03846153846
20/06/2024 05:31:00;29,304886943837;49,522552490234;81,653778076172;372,91111111111;17,949999809265;4604,4242424242;57,666666666667;3782,5;50,184210526316;104,19858156028;203,04395604396
20/06/2024 05:31:10;29,305616338439;49,565963745117;90,151634216309;372,91851851852;17,89999961853;4604,4848484848;57,333333333333;3782,5714285714;50,185087719298;104,2;203,04945054945
20/06/2024 05:31:20;29,306345733042;49,500854492188;94,237670898438;372,92592592593;17,800000190735;4604,5454545455;57;3782,6428571429;50,185964912281;104,20141843972;203,05494505495
20/06/2024 05:31:30;29,307075127644;49,565963745117;87,50399017334;372,93333333333;17,700000762939;4604,6060606061;56,5;3782,7142857143;50,186842105263;104,20283687943;203,06043956044
20/06/2024 05:31:40;29,307804522247;49,609359741211;87,681934356689;372,94074074074;17,60000038147;4604,6666666667;56;3782,7857142857;50,187719298246;104,20425531915;203,06593406593
20/06/2024 05:31:50;29,308533916849;49,522552490234;87,859878540039;372,94814814815;17,5;4604,7272727273;55,75;3782,8571428571;50,188596491228;104,20567375887;203,07142857143
20/06/2024 05:32:00;29,309263311451;49,761276245117;92,70255279541;372,95555555556;17,700000762939;4604,7878787879;55,5;3782,9285714286;50,189473684211;104,20709219858;203,07692307692
20/06/2024 05:32:10;29,309992706054;49,73957824707;84,547218322754;372,96296296296;17,5;4604,8484848485;55,25;3783;50,190350877193;104,2085106383;203,08241758242
20/06/2024 05:32:20;29,310722100656;49,804679870605;103,04107666016;372,97037037037;17,449999809265;4604,9090909091;55;3783,0714285714;50,191228070175;104,20992907801;203,08791208791
20/06/2024 05:32:30;29,311451495259;49,815528869629;112,17051696777;372,97777777778;17,39999961853;4604,9696969697;54,666666666667;3783,1428571429;50,192105263158;104,21134751773;203,09340659341
20/06/2024 05:32:40;29,312180889861;49,826377868652;107,45478820801;372,98518518519;17,449999809265;4605,0303030303;54,333333333333;3783,2142857143;50,19298245614;104,21276595745;203,0989010989
20/06/2024 05:32:50;29,312910284464;49,913177490234;102,73905944824;372,99259259259;17,5;4605,0909090909;54;3783,2857142857;50,193859649123;104,21418439716;203,1043956044
20/06/2024 05:33:00;29,313639679066;49,978286743164;99,556060791016;373;17,39999961853;4605,1515151515;53,666666666667;3783,3571428571;50,194736842105;104,21560283688;203,10989010989
20/06/2024 05:33:10;29,314369073669;49,956588745117;105,6763381958;373,0071942446;17,299999237061;4605,2121212121;53,333333333333;3783,4285714286;50,195614035088;104,2170212766;203,11538461538
20/06/2024 05:33:20;29,315098468271;49,999984741211;108,4666595459;373,01438848921;17,199999809265;4605,2727272727;53;3783,5;50,19649122807;104,21843971631;203,12087912088
20/06/2024 05:33:30;29,315827862874;50,043388366699;109,53333282471;373,02158273381;17,10000038147;4605,3333333333;52,666666666667;3783,5714285714;50,197368421053;104,21985815603;203,12637362637
20/06/2024 05:33:40;29,316557257476;50,086791992188;102,57526397705;373,02877697842;17,299999237061;4605,3939393939;52,333333333333;3783,6428571429;50,198245614035;104,22127659574;203,13186813187
20/06/2024 05:33:50;29,317286652079;50,108497619629;95,617195129395;373,03597122302;17,25;4605,4545454545;52;3783,7142857143;50,199122807018;104,22269503546;203,13736263736
20/06/2024 05:34:00;29,318016046681;50,13020324707;99,268966674805;373,04316546763;17,200000762939;4605,5151515152;51,75;3783,7857142857;50,2;104,22411347518;203,14285714286
20/06/2024 05:34:10;29,318745441284;50,108497619629;113,089012146;373,05035971223;17,150000572205;4605,5757575758;51,5;3783,8571428571;50,200877192982;104,22553191489;203,14835164835
20/06/2024 05:34:20;29,319474835886;50,13020324707;94,297286987305;373,05755395683;17,10000038147;4605,6363636364;51,25;3783,9285714286;50,201754385965;104,22695035461;203,15384615385
20/06/2024 05:34:30;29,320204230489;50,173599243164;111,27211761475;373,06474820144;17,200000762939;4605,696969697;51;3784;50,202631578947;104,22836879433;203,15934065934
20/06/2024 05:34:40;29,320933625091;50,086791992188;122,67726898193;373,07194244604;17,240000534058;4605,7575757576;50,5;3784,0714285714;50,20350877193;104,22978723404;203,16483516484
20/06/2024 05:34:50;29,321663019694;50,195304870605;127,08416366577;373,07913669065;17,280000305176;4605,8181818182;50;3784,1428571429;50,204385964912;104,23120567376;203,17032967033
20/06/2024 05:35:00;29,322392414296;50,195304870605;131,49105834961;373,08633093525;17,320000076294;4605,8787878788;49,666666666667;3784,2142857143;50,205263157895;104,23262411348;203,17582417582
20/06/2024 05:35:10;29,323121808899;50,086791992188;115,08776855469;373,09352517986;17,359999847412;4605,9393939394;49,333333333333;3784,2857142857;50,206140350877;104,23404255319;203,18131868132
20/06/2024 05:35:20;29,323851203501;50,282112121582;123,82569122314;373,10071942446;17,39999961853;4606;49;3784,3571428571;50,20701754386;104,23546099291;203,18681318681
20/06/2024 05:35:30;29,324580598104;50,195304870605;141,76892089844;373,10791366906;17,449999809265;4606,0625;48,75;3784,4285714286;50,207894736842;104,23687943262;203,19230769231
20/06/2024 05:35:40;29,325309992706;50,141048431396;119,1742401123;373,11510791367;17,5;4606,125;48,5;3784,5;50,208771929825;104,23829787234;203,1978021978
20/06/2024 05:35:50;29,326039387309;50,086791992188;123,64157104492;373,12230215827;17,60000038147;4606,1875;48,25;3784,5714285714;50,209649122807;104,23971631206;203,2032967033
20/06/2024 05:36:00;29,326768781911;50,13020324707;128,10890197754;373,12949640288;17,700000762939;4606,25;48;3784,6428571429;50,210526315789;104,24113475177;203,20879120879
20/06/2024 05:36:10;29,327498176513;50,086791992188;149,76065063477;373,13669064748;17,799999237061;4606,3125;47,5;3784,7142857143;50,211403508772;104,24255319149;203,21428571429
20/06/2024 05:36:20;29,328227571116;50,086799621582;147,48809814453;373,14388489209;17,89999961853;4606,375;47;3784,7857142857;50,212280701754;104,24397163121;203,21978021978
20/06/2024 05:36:30;29,328956965718;50,086791992188;127,60136413574;373,15107913669;17,949999809265;4606,4375;46,666666666667;3784,8571428571;50,213157894737;104,24539007092;203,22527472527
20/06/2024 05:36:40;29,329686360321;49,999984741211;146,54856872559;373,15827338129;18;4606,5;46,333333333333;3784,9285714286;50,214035087719;104,24680851064;203,23076923077
20/06/2024 05:36:50;29,330415754923;50,065093994141;142,21838378906;373,1654676259;18,025000095367;4606,5625;46;3785;50,214912280702;104,24822695035;203,23626373626
20/06/2024 05:37:00;29,331145149526;50,13020324707;137,88819885254;373,1726618705;18,050000190735;4606,625;45,75;3785,0540540541;50,215789473684;104,24964539007;203,24175824176
20/06/2024 05:37:10;29,331874544128;50,021690368652;137,94940185547;373,17985611511;18,075000286102;4606,6875;45,5;3785,1081081081;50,216666666667;104,25106382979;203,24725274725
20/06/2024 05:37:20;29,332603938731;49,869781494141;159,61521911621;373,18705035971;18,10000038147;4606,75;45,25;3785,1621621622;50,217543859649;104,2524822695;203,25274725275
20/06/2024 05:37:30;29,333333333333;49,999984741211;135,59407043457;373,19424460432;18;4606,8125;45;3785,2162162162;50,218421052632;104,25390070922;203,25824175824
20/06/2024 05:37:40;29,334062727936;49,913177490234;108,66458129883;373,20143884892;18,020000076294;4606,875;44,5;3785,2702702703;50,219298245614;104,25531914894;203,26373626374
20/06/2024 05:37:50;29,334792122538;49,696174621582;132,21430206299;373,20863309353;18,040000152588;4606,9375;44;3785,3243243243;50,220175438596;104,25673758865;203,26923076923
20/06/2024 05:38:00;29,335521517141;49,826385498047;155,76402282715;373,21582733813;18,060000228882;4607;43,75;3785,3783783784;50,221052631579;104,25815602837;203,27472527473
20/06/2024 05:38:10;29,336250911743;49,956581115723;131,4174041748;373,22302158273;18,080000305176;4607,0625;43,5;3785,4324324324;50,221929824561;104,25957446809;203,28021978022
20/06/2024 05:38:20;29,336980306346;50,021690368652;110,46530914307;373,23021582734;18,10000038147;4607,125;43,25;3785,4864864865;50,222807017544;104,2609929078;203,28571428571
20/06/2024 05:38:30;29,337709700948;50,13020324707;153,99862670898;373,23741007194;18,13333384196;4607,1875;43;3785,5405405405;50,223684210526;104,26241134752;203,29120879121
20/06/2024 05:38:40;29,338439095551;49,999984741211;123,96012878418;373,24460431655;18,16666730245;4607,25;43,166666666667;3785,5945945946;50,224561403509;104,26382978723;203,2967032967
20/06/2024 05:38:50;29,339168490153;50,13020324707;117,88068389893;373,25179856115;18,200000762939;4607,3125;43,333333333333;3785,6486486486;50,225438596491;104,26524822695;203,3021978022
20/06/2024 05:39:00;29,339897884756;50,086791992188;111,80123901367;373,25899280576;18,299999237061;4607,375;43,5;3785,7027027027;50,226315789474;104,26666666667;203,30769230769
20/06/2024 05:39:10;29,340627279358;50,065093994141;125,66431427002;373,26618705036;18,5;4607,4375;43,666666666667;3785,7567567568;50,227192982456;104,26808510638;203,31318681319
20/06/2024 05:39:20;29,341356673961;50,13020324707;114,73640441895;373,27338129496;18,799999237061;4607,5;43,833333333333;3785,8108108108;50,228070175439;104,2695035461;203,31868131868
20/06/2024 05:39:30;29,342086068563;50,043388366699;116,58079528809;373,28057553957;18,89999961853;4607,5625;44;3785,8648648649;50,228947368421;104,27092198582;203,32417582418
20/06/2024 05:39:40;29,342815463166;50,043395996094;130,60534667969;373,28776978417;19;4607,625;44,333333333333;3785,9189189189;50,229824561404;104,27234042553;203,32967032967
20/06/2024 05:39:50;29,343544857768;50,13020324707;114,48931884766;373,29496402878;19,10000038147;4607,6875;44,666666666667;3785,972972973;50,230701754386;104,27375886525;203,33516483516
20/06/2024 05:40:00;29,344274252371;50,173599243164;118,87434387207;373,30215827338;19,050000190735;4607,75;45;3786,027027027;50,231578947368;104,27517730496;203,34065934066
20/06/2024 05:40:10;29,345003646973;50,086799621582;123,25936889648;373,30935251799;19;4607,8125;45,333333333333;3786,0810810811;50,232456140351;104,27659574468;203,34615384615
20/06/2024 05:40:20;29,345733041575;50,217010498047;135,89198303223;373,31654676259;19,10000038147;4607,875;45,666666666667;3786,1351351351;50,233333333333;104,2780141844;203,35164835165
20/06/2024 05:40:30;29,346462436178;50,162754058838;147,7074432373;373,32374100719;19,200000762939;4607,9375;46;3786,1891891892;50,234210526316;104,27943262411;203,35714285714
20/06/2024 05:40:40;29,34719183078;50,108497619629;129,70860290527;373,3309352518;19,10000038147;4608;46,333333333333;3786,2432432432;50,235087719298;104,28085106383;203,36263736264
20/06/2024 05:40:50;29,347921225383;50,173599243164;133,56890869141;373,3381294964;19,150000572205;4608,0666666667;46,666666666667;3786,2972972973;50,235964912281;104,28226950355;203,36813186813
20/06/2024 05:41:00;29,348650619985;50,13020324707;141,51370239258;373,34532374101;19,200000762939;4608,1333333333;47;3786,3513513514;50,236842105263;104,28368794326;203,37362637363
20/06/2024 05:41:10;29,349380014588;50,130195617676;149,45849609375;373,35251798561;19,39999961853;4608,2;47,333333333333;3786,4054054054;50,237719298246;104,28510638298;203,37912087912
20/06/2024 05:41:20;29,35010940919;50,043395996094;126,52356719971;373,35971223022;19,300000190735;4608,2666666667;47,666666666667;3786,4594594595;50,238596491228;104,2865248227;203,38461538462
20/06/2024 05:41:30;29,350838803793;50,086799621582;134,06901550293;373,36690647482;19,200000762939;4608,3333333333;48;3786,5135135135;50,239473684211;104,28794326241;203,39010989011
20/06/2024 05:41:40;29,351568198395;49,956588745117;153,59815979004;373,37410071942;19,10000038147;4608,4;48,25;3786,5675675676;50,240350877193;104,28936170213;203,3956043956
20/06/2024 05:41:50;29,352297592998;49,999984741211;151,11074829102;373,38129496403;19,13333384196;4608,4666666667;48,5;3786,6216216216;50,241228070175;104,29078014184;203,4010989011
20/06/2024 05:42:00;29,3530269876;50,130195617676;146,37129211426;373,38848920863;19,16666730245;4608,5333333333;48,75;3786,6756756757;50,242105263158;104,29219858156;203,40659340659
20/06/2024 05:42:10;29,353756382203;50,13020324707;141,6318359375;373,39568345324;19,200000762939;4608,6;49;3786,7297297297;50,24298245614;104,29361702128;203,41208791209
20/06/2024 05:42:20;29,354485776805;50,108497619629;158,4322052002;373,40287769784;19,10000038147;4608,6666666667;49,5;3786,7837837838;50,243859649123;104,29503546099;203,41758241758
20/06/2024 05:42:30;29,355215171408;50,086791992188;142,76432800293;373,41007194245;19,25;4608,7333333333;50;3786,8378378378;50,244736842105;104,29645390071;203,42307692308
20/06/2024 05:42:40;29,35594456601;50,108497619629;146,76153564453;373,41726618705;19,39999961853;4608,8;50,333333333333;3786,8918918919;50,245614035088;104,29787234043;203,42857142857
20/06/2024 05:42:50;29,356673960613;50,13020324707;132,85176086426;373,42446043165;19,43333307902;4608,8666666667;50,666666666667;3786,9459459459;50,24649122807;104,29929078014;203,43406593407
20/06/2024 05:43:00;29,357403355215;50,043395996094;122,26569366455;373,43165467626;19,46666653951;4608,9333333333;51;3787;50,247368421053;104,30070921986;203,43956043956
20/06/2024 05:43:10;29,358132749818;49,999984741211;111,67962646484;373,43884892086;19,5;4609;51,25;3787,0322580645;50,248245614035;104,30212765957;203,44505494505
20/06/2024 05:43:20;29,35886214442;50,086791992188;92,858795166016;373,44604316547;19,462500095367;4609,0666666667;51,5;3787,064516129;50,249122807018;104,30354609929;203,45054945055
20/06/2024 05:43:30;29,359591539023;49,999992370605;83,982154846191;373,45323741007;19,425000190735;4609,1333333333;51,75;3787,0967741935;50,25;104,30496453901;203,45604395604
20/06/2024 05:43:40;29,360320933625;50,086791992188;81,589897155762;373,46043165468;19,387500286102;4609,2;52;3787,1290322581;50,250877192982;104,30638297872;203,46153846154
20/06/2024 05:43:50;29,361050328228;49,869781494141;75,610885620117;373,46762589928;19,35000038147;4609,2666666667;52,5;3787,1612903226;50,251754385965;104,30780141844;203,46703296703
20/06/2024 05:44:00;29,36177972283;49,869781494141;74,060516357422;373,47482014388;19,312500476837;4609,3333333333;53;3787,1935483871;50,252631578947;104,30921985816;203,47252747253
20/06/2024 05:44:10;29,362509117433;49,826377868652;72,510147094727;373,48201438849;19,275000572205;4609,4;53,333333333333;3787,2258064516;50,25350877193;104,31063829787;203,47802197802
20/06/2024 05:44:20;29,363238512035;49,913177490234;72,015014648438;373,48920863309;19,237500667572;4609,4666666667;53,666666666667;3787,2580645161;50,254385964912;104,31205673759;203,48351648352
20/06/2024 05:44:30;29,363967906637;49,956581115723;71,373840332031;373,4964028777;19,200000762939;4609,5333333333;54;3787,2903225806;50,255263157895;104,3134751773;203,48901098901
20/06/2024 05:44:40;29,36469730124;49,956588745117;78,285362243652;373,5035971223;19,175000667572;4609,6;54,25;3787,3225806452;50,256140350877;104,31489361702;203,49450549451
20/06/2024 05:44:50;29,365426695842;50,108497619629;79,971702575684;373,51079136691;19,150000572205;4609,6666666667;54,5;3787,3548387097;50,25701754386;104,31631205674;203,5
20/06/2024 05:45:00;29,366156090445;50,043395996094;75,866928100586;373,51798561151;19,125000476837;4609,7333333333;54,75;3787,3870967742;50,257894736842;104,31773049645;203,50549450549
20/06/2024 05:45:10;29,366885485047;50,086791992188;74,830368041992;373,52517985612;19,10000038147;4609,8;55;3787,4193548387;50,258771929825;104,31914893617;203,51098901099
20/06/2024 05:45:20;29,36761487965;50,021690368652;73,793807983398;373,53237410072;19,200000762939;4609,8666666667;55,5;3787,4516129032;50,259649122807;104,32056737589;203,51648351648
20/06/2024 05:45:30;29,368344274252;50,086791992188;87,205596923828;373,53956834532;19,150000572205;4609,9333333333;56;3787,4838709677;50,260526315789;104,3219858156;203,52197802198
20/06/2024 05:45:40;29,369073668855;50,108497619629;81,917999267578;373,54676258993;19,10000038147;4610;56,25;3787,5161290323;50,261403508772;104,32340425532;203,52747252747
20/06/2024 05:45:50;29,369803063457;50,108497619629;81,527465820313;373,55395683453;19;4610,064516129;56,5;3787,5483870968;50,262280701754;104,32482269504;203,53296703297
20/06/2024 05:46:00;29,37053245806;50,043395996094;85,853424072266;373,56115107914;19,050000190735;4610,1290322581;56,75;3787,5806451613;50,263157894737;104,32624113475;203,53846153846
20/06/2024 05:46:10;29,371261852662;50,108497619629;85,278644561768;373,56834532374;19,10000038147;4610,1935483871;57;3787,6129032258;50,264035087719;104,32765957447;203,54395604396
20/06/2024 05:46:20;29,371991247265;50,086791992188;84,70386505127;373,57553956835;18,89999961853;4610,2580645161;57,333333333333;3787,6451612903;50,264912280702;104,32907801418;203,54945054945
20/06/2024 05:46:30;29,372720641867;50,217010498047;90,787628173828;373,58273381295;19,10000038147;4610,3225806452;57,666666666667;3787,6774193548;50,265789473684;104,3304964539;203,55494505495
20/06/2024 05:46:40;29,37345003647;50,13020324707;85,215766906738;373,58992805755;19,025000095367;4610,3870967742;58;3787,7096774194;50,266666666667;104,33191489362;203,56043956044
20/06/2024 05:46:50;29,374179431072;50,086791992188;80,349212646484;373,59712230216;18,949999809265;4610,4516129032;58,333333333333;3787,7419354839;50,267543859649;104,33333333333;203,56593406593
20/06/2024 05:47:00;29,374908825675;50,238708496094;82,900177001953;373,60431654676;18,874999523163;4610,5161290323;58,666666666667;3787,7741935484;50,268421052632;104,33475177305;203,57142857143
20/06/2024 05:47:10;29,375638220277;50,173599243164;81,250965118408;373,61151079137;18,799999237061;4610,5806451613;59;3787,8064516129;50,269298245614;104,33617021277;203,57692307692
20/06/2024 05:47:20;29,37636761488;50,108497619629;79,601753234863;373,61870503597;19;4610,6451612903;59,333333333333;3787,8387096774;50,270175438596;104,33758865248;203,58241758242
20/06/2024 05:47:30;29,377097009482;50,086791992188;81,735305786133;373,62589928058;18,89999961853;4610,7096774194;59,666666666667;3787,8709677419;50,271052631579;104,3390070922;203,58791208791
20/06/2024 05:47:40;29,377826404085;50,173599243164;81,991500854492;373,63309352518;18,799999237061;4610,7741935484;60;3787,9032258065;50,271929824561;104,34042553191;203,59340659341
20/06/2024 05:47:50;29,378555798687;50,065093994141;83,716148376465;373,64028776978;18,813332621257;4610,8387096774;60,25;3787,935483871;50,272807017544;104,34184397163;203,5989010989
20/06/2024 05:48:00;29,37928519329;50,238700866699;86,349212646484;373,64748201439;18,826666005452;4610,9032258065;60,5;3787,9677419355;50,273684210526;104,34326241135;203,6043956044
20/06/2024 05:48:10;29,380014587892;50,260406494141;87,887023925781;373,65467625899;18,839999389648;4610,9677419355;60,75;3788;50,274561403509;104,34468085106;203,60989010989
20/06/2024 05:48:20;29,380743982495;50,217010498047;89,424835205078;373,6618705036;18,853332773844;4611,0322580645;61;3788,0526315789;50,275438596491;104,34609929078;203,61538461538
20/06/2024 05:48:30;29,381473377097;50,195304870605;86,410934448242;373,6690647482;18,86666615804;4611,0967741935;61,5;3788,1052631579;50,276315789474;104,3475177305;203,62087912088
20/06/2024 05:48:40;29,382202771699;50,173599243164;91,993995666504;373,67625899281;18,879999542236;4611,1612903226;62;3788,1578947368;50,277192982456;104,34893617021;203,62637362637
20/06/2024 05:48:50;29,382932166302;50,151901245117;91,692985534668;373,68345323741;18,893332926432;4611,2258064516;62,333333333333;3788,2105263158;50,278070175439;104,35035460993;203,63186813187
20/06/2024 05:49:00;29,383661560904;50,13020324707;94,798957824707;373,69064748201;18,906666310628;4611,2903225806;62,666666666667;3788,2631578947;50,278947368421;104,35177304965;203,63736263736
20/06/2024 05:49:10;29,384390955507;50,195304870605;92,642044067383;373,69784172662;18,919999694824;4611,3548387097;63;3788,3157894737;50,279824561404;104,35319148936;203,64285714286
20/06/2024 05:49:20;29,385120350109;50,173606872559;90,485130310059;373,70503597122;18,93333307902;4611,4193548387;63,25;3788,3684210526;50,280701754386;104,35460992908;203,64835164835
20/06/2024 05:49:30;29,385849744712;50,086791992188;91,39868927002;373,71223021583;18,946666463216;4611,4838709677;63,5;3788,4210526316;50,281578947368;104,35602836879;203,65384615385
20/06/2024 05:49:40;29,386579139314;50,151901245117;86,688461303711;373,71942446043;18,959999847412;4611,5483870968;63,75;3788,4736842105;50,282456140351;104,35744680851;203,65934065934
20/06/2024 05:49:50;29,387308533917;50,173599243164;94,223190307617;373,72661870504;18,973333231608;4611,6129032258;64;3788,5263157895;50,283333333333;104,35886524823;203,66483516484
20/06/2024 05:50:00;29,388037928519;50,086791992188;88,700080871582;373,73381294964;18,986666615804;4611,6774193548;64,5;3788,5789473684;50,284210526316;104,36028368794;203,67032967033
20/06/2024 05:50:10;29,388767323122;50,13020324707;98,158660888672;373,74100719424;19;4611,7419354839;65;3788,6315789474;50,285087719298;104,36170212766;203,67582417582
20/06/2024 05:50:20;29,389496717724;50,043395996094;90,831592559814;373,74820143885;18,949999809265;4611,8064516129;64,857142857143;3788,6842105263;50,285964912281;104,36312056738;203,68131868132
20/06/2024 05:50:30;29,390226112327;50,086799621582;83,504524230957;373,75539568345;18,89999961853;4611,8709677419;64,714285714286;3788,7368421053;50,286842105263;104,36453900709;203,68681318681
20/06/2024 05:50:40;29,390955506929;50,086791992188;89,31356048584;373,76258992806;18,799999237061;4611,935483871;64,571428571429;3788,7894736842;50,287719298246;104,36595744681;203,69230769231
20/06/2024 05:50:50;29,391684901532;50,108497619629;88,49828338623;373,76978417266;19;4612;64,428571428571;3788,8421052632;50,288596491228;104,36737588652;203,6978021978
20/06/2024 05:51:00;29,392414296134;49,999984741211;84,959938049316;373,77697841727;18,96666653951;4612,0625;64,285714285714;3788,8947368421;50,289473684211;104,36879432624;203,7032967033
20/06/2024 05:51:10;29,393143690737;50,043395996094;89,613250732422;373,78417266187;18,93333307902;4612,125;64,142857142857;3788,9473684211;50,290350877193;104,37021276596;203,70879120879
20/06/2024 05:51:20;29,393873085339;49,934883117676;87,695190429688;373,79136690647;18,89999961853;4612,1875;64;3789;50,291228070175;104,37163120567;203,71428571429
20/06/2024 05:51:30;29,394602479942;50,086791992188;85,777130126953;373,79856115108;18,949999809265;4612,25;63,5;3789,0526315789;50,292105263158;104,37304964539;203,71978021978
20/06/2024 05:51:40;29,395331874544;50,021690368652;84,908660888672;373,80575539568;19;4612,3125;63;3789,1052631579;50,29298245614;104,37446808511;203,72527472527
20/06/2024 05:51:50;29,396061269147;49,956581115723;83,990371704102;373,81294964029;18,949999809265;4612,375;62,75;3789,1578947368;50,293859649123;104,37588652482;203,73076923077
20/06/2024 05:52:00;29,396790663749;50,086791992188;81,341087341309;373,82014388489;18,89999961853;4612,4375;62,5;3789,2105263158;50,294736842105;104,37730496454;203,73626373626
20/06/2024 05:52:10;29,397520058352;49,913177490234;89,345008850098;373,8273381295;18,799999237061;4612,5;62,25;3789,2631578947;50,295614035088;104,37872340426;203,74175824176
20/06/2024 05:52:20;29,398249452954;50,065093994141;91,432216644287;373,8345323741;18,849999427795;4612,5625;62;3789,3157894737;50,29649122807;104,38014184397;203,74725274725
20/06/2024 05:52:30;29,398978847557;49,999984741211;93,519424438477;373,84172661871;18,89999961853;4612,625;61,666666666667;3789,3684210526;50,297368421053;104,38156028369;203,75274725275
20/06/2024 05:52:40;29,399708242159;49,999988555908;84,03539276123;373,84892086331;18,800000190735;4612,6875;61,333333333333;3789,4210526316;50,298245614035;104,3829787234;203,75824175824
20/06/2024 05:52:50;29,400437636761;49,999992370605;97,474174499512;373,85611510791;18,700000762939;4612,75;61;3789,4736842105;50,299122807018;104,38439716312;203,76373626374
20/06/2024 05:53:00;29,401167031364;50,086791992188;90,887084960938;373,86330935252;18,799999237061;4612,8125;60,666666666667;3789,5263157895;50,3;104,38581560284;203,76923076923
20/06/2024 05:53:10;29,401896425966;49,934883117676;83,217102050781;373,87050359712;18,75;4612,875;60,333333333333;3789,5789473684;50,300877192982;104,38723404255;203,77472527473
20/06/2024 05:53:20;29,402625820569;49,826385498047;81,040370941162;373,87769784173;18,700000762939;4612,9375;60;3789,6315789474;50,301754385965;104,38865248227;203,78021978022
20/06/2024 05:53:30;29,403355215171;49,978286743164;78,863639831543;373,88489208633;18,650000572205;4613;59,666666666667;3789,6842105263;50,302631578947;104,39007092199;203,78571428571
20/06/2024 05:53:40;29,404084609774;49,869781494141;88,667472839355;373,89208633094;18,60000038147;4613,0625;59,333333333333;3789,7368421053;50,30350877193;104,3914893617;203,79120879121
20/06/2024 05:53:50;29,404814004376;50,086791992188;100,07635498047;373,89928057554;18,5;4613,125;59;3789,7894736842;50,304385964912;104,39290780142;203,7967032967
20/06/2024 05:54:00;29,405543398979;49,999992370605;106,3614730835;373,90647482014;18,60000038147;4613,1875;58,666666666667;3789,8421052632;50,305263157895;104,39432624113;203,8021978022
20/06/2024 05:54:10;29,406272793581;49,913177490234;101,02587890625;373,91366906475;18,5;4613,25;58,333333333333;3789,8947368421;50,306140350877;104,39574468085;203,80769230769
20/06/2024 05:54:20;29,407002188184;49,956588745117;91,346450805664;373,92086330935;18,39999961853;4613,3125;58;3789,9473684211;50,30701754386;104,39716312057;203,81318681319
20/06/2024 05:54:30;29,407731582786;50,065093994141;92,000732421875;373,92805755396;18,5;4613,375;57,666666666667;3790;50,307894736842;104,39858156028;203,81868131868
20/06/2024 05:54:40;29,408460977389;50,065093994141;92,655014038086;373,93525179856;18,700000762939;4613,4375;57,333333333333;3790,0540540541;50,308771929825;104,4;203,82417582418
20/06/2024 05:54:50;29,409190371991;50,086791992188;90,081748962402;373,94244604317;18,650000572205;4613,5;57;3790,1081081081;50,309649122807;104,40141843972;203,82967032967
20/06/2024 05:55:00;29,409919766594;49,999984741211;91,001853942871;373,94964028777;18,60000038147;4613,5625;56,666666666667;3790,1621621622;50,310526315789;104,40283687943;203,83516483516
20/06/2024 05:55:10;29,410649161196;50,13020324707;89,323547363281;373,95683453237;18,5;4613,625;56,333333333333;3790,2162162162;50,311403508772;104,40425531915;203,84065934066
20/06/2024 05:55:20;29,411378555799;50,065093994141;74,285713195801;373,96402877698;18,449999809265;4613,6875;56;3790,2702702703;50,312280701754;104,40567375887;203,84615384615
20/06/2024 05:55:30;29,412107950401;49,999984741211;77,557163238525;373,97122302158;18,39999961853;4613,75;55,75;3790,3243243243;50,313157894737;104,40709219858;203,85164835165
20/06/2024 05:55:40;29,412837345004;50,130195617676;80,82861328125;373,97841726619;18,5;4613,8125;55,5;3790,3783783784;50,314035087719;104,4085106383;203,85714285714
20/06/2024 05:55:50;29,413566739606;50,043395996094;94,021995544434;373,98561151079;18,550000190735;4613,875;55,25;3790,4324324324;50,314912280702;104,40992907801;203,86263736264
20/06/2024 05:56:00;29,414296134209;49,956588745117;78,950637817383;373,9928057554;18,60000038147;4613,9375;55;3790,4864864865;50,315789473684;104,41134751773;203,86813186813
20/06/2024 05:56:10;29,415025528811;50,043395996094;80,764747619629;374;18,39999961853;4614;54,5;3790,5405405405;50,316666666667;104,41276595745;203,87362637363
20/06/2024 05:56:20;29,415754923414;50,13020324707;91,510681152344;374,00746268657;18,5;4614,064516129;54;3790,5945945946;50,317543859649;104,41418439716;203,87912087912
20/06/2024 05:56:30;29,416484318016;50,108497619629;87,456314086914;374,01492537313;18,60000038147;4614,1290322581;53,666666666667;3790,6486486486;50,318421052632;104,41560283688;203,88461538462
20/06/2024 05:56:40;29,417213712619;50,086795806885;83,401947021484;374,0223880597;18,39999961853;4614,1935483871;53,333333333333;3790,7027027027;50,319298245614;104,4170212766;203,89010989011
20/06/2024 05:56:50;29,417943107221;50,065093994141;86,477645874023;374,02985074627;18,449999809265;4614,2580645161;53;3790,7567567568;50,320175438596;104,41843971631;203,8956043956
20/06/2024 05:57:00;29,418672501823;50,086791992188;99,859741210938;374,03731343284;18,5;4614,3225806452;52,75;3790,8108108108;50,321052631579;104,41985815603;203,9010989011
20/06/2024 05:57:10;29,419401896426;50,043395996094;105,43444061279;374,0447761194;18,449999809265;4614,3870967742;52,5;3790,8648648649;50,321929824561;104,42127659574;203,90659340659
20/06/2024 05:57:20;29,420131291028;49,999984741211;91,835464477539;374,05223880597;18,39999961853;4614,4516129032;52,25;3790,9189189189;50,322807017544;104,42269503546;203,91208791209
20/06/2024 05:57:30;29,420860685631;49,956588745117;97,293376922607;374,05970149254;18,449999809265;4614,5161290323;52;3790,972972973;50,323684210526;104,42411347518;203,91758241758
20/06/2024 05:57:40;29,421590080233;49,913177490234;102,75128936768;374,0671641791;18,5;4614,5806451613;51,5;3791,027027027;50,324561403509;104,42553191489;203,92307692308
20/06/2024 05:57:50;29,422319474836;50,065093994141;107,29109191895;374,07462686567;18,550000190735;4614,6451612903;51;3791,0810810811;50,325438596491;104,42695035461;203,92857142857
20/06/2024 05:58:00;29,423048869438;49,869781494141;97,380386352539;374,08208955224;18,60000038147;4614,7096774194;50,75;3791,1351351351;50,326315789474;104,42836879433;203,93406593407
20/06/2024 05:58:10;29,423778264041;50,043388366699;105,34843444824;374,08955223881;18,5;4614,7741935484;50,5;3791,1891891892;50,327192982456;104,42978723404;203,93956043956
20/06/2024 05:58:20;29,424507658643;49,999984741211;114,14909362793;374,09701492537;18,60000038147;4614,8387096774;50,25;3791,2432432432;50,328070175439;104,43120567376;203,94505494505
20/06/2024 05:58:30;29,425237053246;49,999992370605;122,88383483887;374,10447761194;18,700000762939;4614,9032258065;50;3791,2972972973;50,328947368421;104,43262411348;203,95054945055
20/06/2024 05:58:40;29,425966447848;49,978286743164;131,6185760498;374,11194029851;18,75;4614,9677419355;49,666666666667;3791,3513513514;50,329824561404;104,43404255319;203,95604395604
20/06/2024 05:58:50;29,426695842451;50,043395996094;110,74030303955;374,11940298507;18,799999237061;4615,0322580645;49,333333333333;3791,4054054054;50,330701754386;104,43546099291;203,96153846154
20/06/2024 05:59:00;29,427425237053;49,956588745117;117,59085845947;374,12686567164;18,766666412354;4615,0967741935;49;3791,4594594595;50,331578947368;104,43687943262;203,96703296703
20/06/2024 05:59:10;29,428154631656;49,956581115723;135,70869445801;374,13432835821;18,733333587646;4615,1612903226;48,5;3791,5135135135;50,332456140351;104,43829787234;203,97252747253
20/06/2024 05:59:20;29,428884026258;50,043395996094;114,04222106934;374,14179104478;18,700000762939;4615,2258064516;48;3791,5675675676;50,333333333333;104,43971631206;203,97802197802
20/06/2024 05:59:30;29,429613420861;50,086791992188;127,71614837646;374,14925373134;18,72500038147;4615,2903225806;47,75;3791,6216216216;50,334210526316;104,44113475177;203,98351648352
20/06/2024 05:59:40;29,430342815463;49,934883117676;135,20900344849;374,15671641791;18,75;4615,3548387097;47,5;3791,6756756757;50,335087719298;104,44255319149;203,98901098901
20/06/2024 05:59:50;29,431072210066;49,869781494141;142,70185852051;374,16417910448;18,77499961853;4615,4193548387;47,25;3791,7297297297;50,335964912281;104,44397163121;203,99450549451
20/06/2024 06:00:00;29,431801604668;49,999984741211;131,06491088867;374,17164179104;18,799999237061;4615,4838709677;47;3791,7837837838;50,336842105263;104,44539007092;204
20/06/2024 06:00:10;29,432530999271;50,173599243164;128,17680358887;374,17910447761;18,75;4615,5483870968;46,666666666667;3791,8378378378;50,337719298246;104,44680851064;204,00549450549
20/06/2024 06:00:20;29,433260393873;50,130195617676;145,12408447266;374,18656716418;18,700000762939;4615,6129032258;46,333333333333;3791,8918918919;50,338596491228;104,44822695035;204,01098901099
20/06/2024 06:00:30;29,433989788476;50,13020324707;132,91040039063;374,19402985075;18,85000038147;4615,6774193548;46;3791,9459459459;50,339473684211;104,44964539007;204,01648351648
20/06/2024 06:00:40;29,434719183078;50,086791992188;131,60263061523;374,20149253731;19;4615,7419354839;45,666666666667;3792;50,340350877193;104,45106382979;204,02197802198
20/06/2024 06:00:50;29,435448577681;49,999984741211;130,29486083984;374,20895522388;18,799999237061;4615,8064516129;45,333333333333;3792,0416666667;50,341228070175;104,4524822695;204,02747252747
20/06/2024 06:01:00;29,436177972283;50,065093994141;148,41836547852;374,21641791045;18,849999427795;4615,8709677419;45;3792,0833333333;50,342105263158;104,45390070922;204,03296703297
20/06/2024 06:01:10;29,436907366885;50,043395996094;133,68179321289;374,22388059701;18,89999961853;4615,935483871;44,666666666667;3792,125;50,34298245614;104,45531914894;204,03846153846
20/06/2024 06:01:20;29,437636761488;49,956581115723;106,57894897461;374,23134328358;19;4616;44,333333333333;3792,1666666667;50,343859649123;104,45673758865;204,04395604396
20/06/2024 06:01:30;29,43836615609;50,065093994141;150,17465209961;374,23880597015;19,10000038147;4616,0666666667;44;3792,2083333333;50,344736842105;104,45815602837;204,04945054945
20/06/2024 06:01:40;29,439095550693;49,999984741211;142,3444519043;374,24626865672;19,125000476837;4616,1333333333;43,666666666667;3792,25;50,345614035088;104,45957446809;204,05494505495
20/06/2024 06:01:50;29,439824945295;49,956588745117;134,51425170898;374,25373134328;19,150000572205;4616,2;43,333333333333;3792,2916666667;50,34649122807;104,4609929078;204,06043956044
20/06/2024 06:02:00;29,440554339898;50,13020324707;107,86087799072;374,26119402985;19,175000667572;4616,2666666667;43;3792,3333333333;50,347368421053;104,46241134752;204,06593406593
20/06/2024 06:02:10;29,4412837345;50,043395996094;151,2202911377;374,26865671642;19,200000762939;4616,3333333333;43,333333333333;3792,375;50,348245614035;104,46382978723;204,07142857143
20/06/2024 06:02:20;29,442013129103;49,978286743164;132,86878967285;374,27611940299;19,39999961853;4616,4;43,666666666667;3792,4166666667;50,349122807018;104,46524822695;204,07692307692
20/06/2024 06:02:30;29,442742523705;49,999984741211;107,52209472656;374,28358208955;19,449999809265;4616,4666666667;44;3792,4583333333;50,35;104,46666666667;204,08241758242
20/06/2024 06:02:40;29,443471918308;49,999984741211;107,17937469482;374,29104477612;19,5;4616,5333333333;44,333333333333;3792,5;50,350877192982;104,46808510638;204,08791208791
20/06/2024 06:02:50;29,44420131291;49,956588745117;106,83665466309;374,29850746269;19,39999961853;4616,6;44,666666666667;3792,5416666667;50,351754385965;104,4695035461;204,09340659341
20/06/2024 06:03:00;29,444930707513;49,891479492188;128,8489074707;374,30597014925;19,449999809265;4616,6666666667;45;3792,5833333333;50,352631578947;104,47092198582;204,0989010989
20/06/2024 06:03:10;29,445660102115;49,913177490234;107,01013946533;374,31343283582;19,5;4616,7333333333;45,333333333333;3792,625;50,35350877193;104,47234042553;204,1043956044
20/06/2024 06:03:20;29,446389496718;49,956588745117;110,14469909668;374,32089552239;19,53333346049;4616,8;45,666666666667;3792,6666666667;50,354385964912;104,47375886525;204,10989010989
20/06/2024 06:03:30;29,44711889132;50,043388366699;130,38046264648;374,32835820896;19,56666692098;4616,8666666667;46;3792,7083333333;50,355263157895;104,47517730496;204,11538461538
20/06/2024 06:03:40;29,447848285923;49,999984741211;118,91142272949;374,33582089552;19,60000038147;4616,9333333333;46,333333333333;3792,75;50,356140350877;104,47659574468;204,12087912088
20/06/2024 06:03:50;29,448577680525;50,043395996094;107,4423828125;374,34328358209;19,799999237061;4617;46,666666666667;3792,7916666667;50,35701754386;104,4780141844;204,12637362637
20/06/2024 06:04:00;29,449307075128;50,086799621582;112,62912750244;374,35074626866;19,699999809265;4617,0666666667;47;3792,8333333333;50,357894736842;104,47943262411;204,13186813187
20/06/2024 06:04:10;29,45003646973;49,956588745117;123,85762786865;374,35820895522;19,60000038147;4617,1333333333;47,333333333333;3792,875;50,358771929825;104,48085106383;204,13736263736
20/06/2024 06:04:20;29,450765864333;50,043388366699;108,40282440186;374,36567164179;19,89999961853;4617,2;47,666666666667;3792,9166666667;50,359649122807;104,48226950355;204,14285714286
20/06/2024 06:04:30;29,451495258935;50,13020324707;112,19550323486;374,37313432836;20,200000762939;4617,2666666667;48;3792,9583333333;50,360526315789;104,48368794326;204,14835164835
20/06/2024 06:04:40;29,452224653538;50,086791992188;119,41920471191;374,38059701493;20,300000190735;4617,3333333333;48,333333333333;3793;50,361403508772;104,48510638298;204,15384615385
20/06/2024 06:04:50;29,45295404814;50,043395996094;110,89307785034;374,38805970149;20,39999961853;4617,4;48,666666666667;3793,0416666667;50,362280701754;104,4865248227;204,15934065934
20/06/2024 06:05:00;29,453683442743;49,978286743164;102,36695098877;374,39552238806;20,5;4617,4666666667;49;3793,0833333333;50,363157894737;104,48794326241;204,16483516484
20/06/2024 06:05:10;29,454412837345;49,956588745117;110,87239837646;374,40298507463;20,550000190735;4617,5333333333;49,333333333333;3793,125;50,364035087719;104,48936170213;204,17032967033
20/06/2024 06:05:20;29,455142231947;49,848083496094;118,39877319336;374,41044776119;20,60000038147;4617,6;49,666666666667;3793,1666666667;50,364912280702;104,49078014184;204,17582417582
20/06/2024 06:05:30;29,45587162655;49,999984741211;124,96598052979;374,41791044776;20,89999961853;4617,6666666667;50;3793,2083333333;50,365789473684;104,49219858156;204,18131868132
20/06/2024 06:05:40;29,456601021152;49,826385498047;106,43397521973;374,42537313433;20,700000762939;4617,7333333333;50,25;3793,25;50,366666666667;104,49361702128;204,18681318681
20/06/2024 06:05:50;29,457330415755;49,869781494141;109,59162521362;374,4328358209;20,66666730245;4617,8;50,5;3793,2916666667;50,367543859649;104,49503546099;204,19230769231
20/06/2024 06:06:00;29,458059810357;49,956588745117;112,74927520752;374,44029850746;20,63333384196;4617,8666666667;50,75;3793,3333333333;50,368421052632;104,49645390071;204,1978021978
20/06/2024 06:06:10;29,45878920496;49,804679870605;126,46160125732;374,44776119403;20,60000038147;4617,9333333333;51;3793,375;50,369298245614;104,49787234043;204,2032967033
20/06/2024 06:06:20;29,459518599562;49,782974243164;108,43014526367;374,4552238806;20,63333384196;4618;51,5;3793,4166666667;50,370175438596;104,49929078014;204,20879120879
20/06/2024 06:06:30;29,460247994165;49,761276245117;122,35294342041;374,46268656716;20,66666730245;4618,0666666667;52;3793,4583333333;50,371052631579;104,50070921986;204,21428571429
20/06/2024 06:06:40;29,460977388767;49,913177490234;110,80419158936;374,47014925373;20,700000762939;4618,1333333333;52,333333333333;3793,5;50,371929824561;104,50212765957;204,21978021978
20/06/2024 06:06:50;29,46170678337;49,891487121582;101,17633056641;374,4776119403;20,5;4618,2;52,666666666667;3793,5416666667;50,372807017544;104,50354609929;204,22527472527
20/06/2024 06:07:00;29,462436177972;49,913177490234;91,548469543457;374,48507462687;20,60000038147;4618,2666666667;53;3793,5833333333;50,373684210526;104,50496453901;204,23076923077
20/06/2024 06:07:10;29,463165572575;49,869781494141;91,214317321777;374,49253731343;20,5;4618,3333333333;53,25;3793,625;50,374561403509;104,50638297872;204,23626373626
20/06/2024 06:07:20;29,463894967177;49,848075866699;88,908653259277;374,5;20,449999809265;4618,4;53,5;3793,6666666667;50,375438596491;104,50780141844;204,24175824176
20/06/2024 06:07:30;29,46462436178;49,913185119629;87,008926391602;374,50746268657;20,39999961853;4618,4666666667;53,75;3793,7083333333;50,376315789474;104,50921985816;204,24725274725
20/06/2024 06:07:40;29,465353756382;49,999984741211;83,025688171387;374,51492537313;20,200000762939;4618,5333333333;54;3793,75;50,377192982456;104,51063829787;204,25274725275
20/06/2024 06:07:50;29,466083150985;49,934883117676;81,483943939209;374,5223880597;20,10000038147;4618,6;54,5;3793,7916666667;50,378070175439;104,51205673759;204,25824175824
20/06/2024 06:08:00;29,466812545587;49,999984741211;79,942199707031;374,52985074627;20;4618,6666666667;55;3793,8333333333;50,378947368421;104,5134751773;204,26373626374
20/06/2024 06:08:10;29,46754194019;50,043395996094;80,618019104004;374,53731343284;19,800000190735;4618,7333333333;55,25;3793,875;50,379824561404;104,51489361702;204,26923076923
20/06/2024 06:08:20;29,468271334792;50,086791992188;78,451416015625;374,5447761194;19,60000038147;4618,8;55,5;3793,9166666667;50,380701754386;104,51631205674;204,27472527473
20/06/2024 06:08:30;29,469000729395;50,217010498047;77,812408447266;374,55223880597;19,5;4618,8666666667;55,75;3793,9583333333;50,381578947368;104,51773049645;204,28021978022
20/06/2024 06:08:40;29,469730123997;50,108497619629;76,87865447998;374,55970149254;19,39999961853;4618,9333333333;56;3794;50,382456140351;104,51914893617;204,28571428571
20/06/2024 06:08:50;29,4704595186;50,173599243164;79,555526733398;374,5671641791;19,449999809265;4619;56,333333333333;3794,0444444444;50,383333333333;104,52056737589;204,29120879121
20/06/2024 06:09:00;29,471188913202;50,217010498047;82,232398986816;374,57462686567;19,5;4619,0681818182;56,666666666667;3794,0888888889;50,384210526316;104,5219858156;204,2967032967
20/06/2024 06:09:10;29,471918307805;50,173606872559;79,770668029785;374,58208955224;19,39999961853;4619,1363636364;57;3794,1333333333;50,385087719298;104,52340425532;204,3021978022
20/06/2024 06:09:20;29,472647702407;50,260406494141;82,776153564453;374,58955223881;19,5;4619,2045454545;57,5;3794,1777777778;50,385964912281;104,52482269504;204,30769230769
20/06/2024 06:09:30;29,473377097009;50,151901245117;85,455963134766;374,59701492537;19,60000038147;4619,2727272727;58;3794,2222222222;50,386842105263;104,52624113475;204,31318681319
20/06/2024 06:09:40;29,474106491612;50,217010498047;81,710250854492;374,60447761194;19,89999961853;4619,3409090909;58,25;3794,2666666667;50,387719298246;104,52765957447;204,31868131868
20/06/2024 06:09:50;29,474835886214;50,260406494141;79,396591186523;374,61194029851;19,849999427795;4619,4090909091;58,5;3794,3111111111;50,388596491228;104,52907801418;204,32417582418
20/06/2024 06:10:00;29,475565280817;50,13020324707;77,661827087402;374,61940298507;19,799999237061;4619,4772727273;58,75;3794,3555555556;50,389473684211;104,5304964539;204,32967032967
20/06/2024 06:10:10;29,476294675419;50,238708496094;75,927062988281;374,62686567164;19,849999427795;4619,5454545455;59;3794,4;50,390350877193;104,53191489362;204,33516483516
20/06/2024 06:10:20;29,477024070022;50,173599243164;84,230537414551;374,63432835821;19,89999961853;4619,6136363636;59,333333333333;3794,4444444444;50,391228070175;104,53333333333;204,34065934066
20/06/2024 06:10:30;29,477753464624;50,086791992188;86,615364074707;374,64179104478;20,10000038147;4619,6818181818;59,666666666667;3794,4888888889;50,392105263158;104,53475177305;204,34615384615
20/06/2024 06:10:40;29,478482859227;50,086799621582;84,123146057129;374,64925373134;20;4619,75;60;3794,5333333333;50,39298245614;104,53617021277;204,35164835165
20/06/2024 06:10:50;29,479212253829;50,108497619629;77,40673828125;374,65671641791;19,89999961853;4619,8181818182;60,333333333333;3794,5777777778;50,393859649123;104,53758865248;204,35714285714
20/06/2024 06:11:00;29,479941648432;50,260406494141;78,902477264404;374,66417910448;20,10000038147;4619,8863636364;60,666666666667;3794,6222222222;50,394736842105;104,5390070922;204,36263736264
20/06/2024 06:11:10;29,480671043034;50,086799621582;80,398216247559;374,67164179104;19,89999961853;4619,9545454545;61;3794,6666666667;50,395614035088;104,54042553191;204,36813186813
20/06/2024 06:11:20;29,481400437637;49,869781494141;86,361572265625;374,67910447761;20,10000038147;4620,0227272727;61,333333333333;3794,7111111111;50,39649122807;104,54184397163;204,37362637363
20/06/2024 06:11:30;29,482129832239;50,043395996094;81,792633056641;374,68656716418;20,150000572205;4620,0909090909;61,666666666667;3794,7555555556;50,397368421053;104,54326241135;204,37912087912
20/06/2024 06:11:40;29,482859226842;50,130195617676;85,479331970215;374,69402985075;20,200000762939;4620,1590909091;62;3794,8;50,398245614035;104,54468085106;204,38461538462
20/06/2024 06:11:50;29,483588621444;50,108497619629;84,361419677734;374,70149253731;19,799999237061;4620,2272727273;62,25;3794,8444444444;50,399122807018;104,54609929078;204,39010989011
20/06/2024 06:12:00;29,484318016047;50,141048431396;88,16471862793;374,70895522388;20,10000038147;4620,2954545455;62,5;3794,8888888889;50,4;104,5475177305;204,3956043956
20/06/2024 06:12:10;29,485047410649;50,173599243164;91,968017578125;374,71641791045;20;4620,3636363636;62,75;3794,9333333333;50,400877192982;104,54893617021;204,4010989011
20/06/2024 06:12:20;29,485776805252;50,13020324707;79,930084228516;374,72388059701;19,89999961853;4620,4318181818;63;3794,9777777778;50,401754385965;104,55035460993;204,40659340659
20/06/2024 06:12:30;29,486506199854;50,173599243164;90,694511413574;374,73134328358;19,799999237061;4620,5;63,5;3795,0222222222;50,402631578947;104,55177304965;204,41208791209
20/06/2024 06:12:40;29,487235594457;50,151901245117;96,430450439453;374,73880597015;19,60000038147;4620,5681818182;64;3795,0666666667;50,40350877193;104,55319148936;204,41758241758
20/06/2024 06:12:50;29,487964989059;50,065093994141;94,398681640625;374,74626865672;19,799999237061;4620,6363636364;64,333333333333;3795,1111111111;50,404385964912;104,55460992908;204,42307692308
20/06/2024 06:13:00;29,488694383662;49,956588745117;89,24564743042;374,75373134328;19,83333269755;4620,7045454545;64,666666666667;3795,1555555556;50,405263157895;104,55602836879;204,42857142857
20/06/2024 06:13:10;29,489423778264;49,999984741211;84,092613220215;374,76119402985;19,86666615804;4620,7727272727;65;3795,2;50,406140350877;104,55744680851;204,43406593407
20/06/2024 06:13:20;29,490153172867;50,086799621582;88,7978515625;374,76865671642;19,89999961853;4620,8409090909;65,25;3795,2444444444;50,40701754386;104,55886524823;204,43956043956
20/06/2024 06:13:30;29,490882567469;50,086791992188;87,979850769043;374,77611940299;19,869999694824;4620,9090909091;65,5;3795,2888888889;50,407894736842;104,56028368794;204,44505494505
20/06/2024 06:13:40;29,491611962071;50,065093994141;89,107147216797;374,78358208955;19,839999771118;4620,9772727273;65,75;3795,3333333333;50,408771929825;104,56170212766;204,45054945055
20/06/2024 06:13:50;29,492341356674;49,999984741211;79,543113708496;374,79104477612;19,809999847412;4621,0454545455;66;3795,3777777778;50,409649122807;104,56312056738;204,45604395604
20/06/2024 06:14:00;29,493070751276;50,108497619629;84,227569580078;374,79850746269;19,779999923706;4621,1136363636;66,5;3795,4222222222;50,410526315789;104,56453900709;204,46153846154
20/06/2024 06:14:10;29,493800145879;49,978286743164;85,013862609863;374,80597014925;19,75;4621,1818181818;67;3795,4666666667;50,411403508772;104,56595744681;204,46703296703
20/06/2024 06:14:20;29,494529540481;50,043395996094;85,800155639648;374,81343283582;19,720000076294;4621,25;66,857142857143;3795,5111111111;50,412280701754;104,56737588652;204,47252747253
20/06/2024 06:14:30;29,495258935084;50,065093994141;81,079498291016;374,82089552239;19,690000152588;4621,3181818182;66,714285714286;3795,5555555556;50,413157894737;104,56879432624;204,47802197802
20/06/2024 06:14:40;29,495988329686;50,086791992188;79,705062866211;374,82835820896;19,660000228882;4621,3863636364;66,571428571429;3795,6;50,414035087719;104,57021276596;204,48351648352
20/06/2024 06:14:50;29,496717724289;49,978286743164;85,977783203125;374,83582089552;19,630000305176;4621,4545454545;66,428571428571;3795,6444444444;50,414912280702;104,57163120567;204,48901098901
20/06/2024 06:15:00;29,497447118891;49,956581115723;76,164222717285;374,84328358209;19,60000038147;4621,5227272727;66,285714285714;3795,6888888889;50,415789473684;104,57304964539;204,49450549451
20/06/2024 06:15:10;29,498176513494;49,869781494141;77,183937072754;374,85074626866;19,799999237061;4621,5909090909;66,142857142857;3795,7333333333;50,416666666667;104,57446808511;204,5
20/06/2024 06:15:20;29,498905908096;49,978286743164;78,203651428223;374,85820895522;19,699999809265;4621,6590909091;66;3795,7777777778;50,417543859649;104,57588652482;204,50549450549
20/06/2024 06:15:30;29,499635302699;49,999984741211;81,990005493164;374,86567164179;19,60000038147;4621,7272727273;65,5;3795,8222222222;50,418421052632;104,57730496454;204,51098901099
20/06/2024 06:15:40;29,500364697301;49,934883117676;84,962020874023;374,87313432836;19,650000572205;4621,7954545455;65;3795,8666666667;50,419298245614;104,57872340426;204,51648351648
20/06/2024 06:15:50;29,501094091904;49,999984741211;78,621688842773;374,88059701493;19,700000762939;4621,8636363636;64,75;3795,9111111111;50,420175438596;104,58014184397;204,52197802198
20/06/2024 06:16:00;29,501823486506;49,913177490234;87,189567565918;374,88805970149;19,39999961853;4621,9318181818;64,5;3795,9555555556;50,421052631579;104,58156028369;204,52747252747
20/06/2024 06:16:10;29,502552881109;49,869781494141;88,871036529541;374,89552238806;19,349999427795;4622;64,25;3796;50,421929824561;104,5829787234;204,53296703297
20/06/2024 06:16:20;29,503282275711;49,999984741211;90,552505493164;374,90298507463;19,299999237061;4622,064516129;64;3796,0571428571;50,422807017544;104,58439716312;204,53846153846
20/06/2024 06:16:30;29,504011670314;49,978286743164;96,515731811523;374,91044776119;19,199999809265;4622,1290322581;63,666666666667;3796,1142857143;50,423684210526;104,58581560284;204,54395604396
20/06/2024 06:16:40;29,504741064916;50,086791992188;97,48713684082;374,91791044776;19,10000038147;4622,1935483871;63,333333333333;3796,1714285714;50,424561403509;104,58723404255;204,54945054945
20/06/2024 06:16:50;29,505470459519;50,108497619629;91,651260375977;374,92537313433;19;4622,2580645161;63;3796,2285714286;50,425438596491;104,58865248227;204,55494505495
20/06/2024 06:17:00;29,506199854121;49,913177490234;89,116706848145;374,9328358209;19,050000190735;4622,3225806452;62,666666666667;3796,2857142857;50,426315789474;104,59007092199;204,56043956044
20/06/2024 06:17:10;29,506929248724;50,086791992188;93,837272644043;374,94029850746;19,10000038147;4622,3870967742;62,333333333333;3796,3428571429;50,427192982456;104,5914893617;204,56593406593
20/06/2024 06:17:20;29,507658643326;50,065093994141;98,557838439941;374,94776119403;19;4622,4516129032;62;3796,4;50,428070175439;104,59290780142;204,57142857143
20/06/2024 06:17:30;29,508388037929;49,999984741211;92,908699035645;374,9552238806;18,949999809265;4622,5161290323;61,666666666667;3796,4571428571;50,428947368421;104,59432624113;204,57692307692
20/06/2024 06:17:40;29,509117432531;49,999992370605;97,085067749023;374,96268656716;18,89999961853;4622,5806451613;61,333333333333;3796,5142857143;50,429824561404;104,59574468085;204,58241758242
20/06/2024 06:17:50;29,509846827133;50,043395996094;91,107475280762;374,97014925373;19;4622,6451612903;61;3796,5714285714;50,430701754386;104,59716312057;204,58791208791
20/06/2024 06:18:00;29,510576221736;50,021690368652;94,23592376709;374,9776119403;18,799999237061;4622,7096774194;60,75;3796,6285714286;50,431578947368;104,59858156028;204,59340659341
20/06/2024 06:18:10;29,511305616338;50,065093994141;89,220092773438;374,98507462687;18,849999427795;4622,7741935484;60,5;3796,6857142857;50,432456140351;104,6;204,5989010989
20/06/2024 06:18:20;29,512035010941;50,043395996094;84,204261779785;374,99253731343;18,89999961853;4622,8387096774;60,25;3796,7428571429;50,433333333333;104,60141843972;204,6043956044
20/06/2024 06:18:30;29,512764405543;50,043395996094;93,380981445313;375;18,700000762939;4622,9032258065;60;3796,8;50,434210526316;104,60283687943;204,60989010989
20/06/2024 06:18:40;29,513493800146;50,086799621582;91,844787597656;375,00763358779;18,75;4622,9677419355;59,5;3796,8571428571;50,435087719298;104,60425531915;204,61538461538
20/06/2024 06:18:50;29,514223194748;49,956588745117;78,852035522461;375,01526717557;18,799999237061;4623,0322580645;59;3796,9142857143;50,435964912281;104,60567375887;204,62087912088
20/06/2024 06:19:00;29,514952589351;49,999984741211;88,350608825684;375,02290076336;18,783332824707;4623,0967741935;58,666666666667;3796,9714285714;50,436842105263;104,60709219858;204,62637362637
20/06/2024 06:19:10;29,515681983953;50,043395996094;96,153846740723;375,03053435115;18,766666412354;4623,1612903226;58,333333333333;3797,0285714286;50,437719298246;104,6085106383;204,63186813187
20/06/2024 06:19:20;29,516411378556;50,086791992188;100,38381576538;375,03816793893;18,75;4623,2258064516;58;3797,0857142857;50,438596491228;104,60992907801;204,63736263736
20/06/2024 06:19:30;29,517140773158;50,130195617676;104,61378479004;375,04580152672;18,733333587646;4623,2903225806;57,75;3797,1428571429;50,439473684211;104,61134751773;204,64285714286
20/06/2024 06:19:40;29,517870167761;49,999984741211;89,861541748047;375,0534351145;18,716667175293;4623,3548387097;57,5;3797,2;50,440350877193;104,61276595745;204,64835164835
20/06/2024 06:19:50;29,518599562363;50,021690368652;93,244255065918;375,06106870229;18,700000762939;4623,4193548387;57,25;3797,2571428571;50,441228070175;104,61418439716;204,65384615385
20/06/2024 06:20:00;29,519328956966;50,043395996094;107,20143127441;375,06870229008;18,72500038147;4623,4838709677;57;3797,3142857143;50,442105263158;104,61560283688;204,65934065934
20/06/2024 06:20:10;29,520058351568;49,978286743164;89,735984802246;375,07633587786;18,75;4623,5483870968;56,5;3797,3714285714;50,44298245614;104,6170212766;204,66483516484
20/06/2024 06:20:20;29,520787746171;50,13020324707;93,331016540527;375,08396946565;18,77499961853;4623,6129032258;56;3797,4285714286;50,443859649123;104,61843971631;204,67032967033
20/06/2024 06:20:30;29,521517140773;49,978286743164;96,926048278809;375,09160305344;18,799999237061;4623,6774193548;55,666666666667;3797,4857142857;50,444736842105;104,61985815603;204,67582417582
20/06/2024 06:20:40;29,522246535376;49,999984741211;106,97709655762;375,09923664122;18,75;4623,7419354839;55,333333333333;3797,5428571429;50,445614035088;104,62127659574;204,68131868132
20/06/2024 06:20:50;29,522975929978;50,021690368652;112,98777770996;375,10687022901;18,700000762939;4623,8064516129;55;3797,6;50,44649122807;104,62269503546;204,68681318681
20/06/2024 06:21:00;29,523705324581;49,999992370605;99,103942871094;375,11450381679;18,75;4623,8709677419;54,75;3797,6571428571;50,447368421053;104,62411347518;204,69230769231
20/06/2024 06:21:10;29,524434719183;49,913177490234;112,89720153809;375,12213740458;18,799999237061;4623,935483871;54,5;3797,7142857143;50,448245614035;104,62553191489;204,6978021978
20/06/2024 06:21:20;29,525164113786;49,999984741211;116,30037307739;375,12977099237;18,783332824707;4624;54,25;3797,7714285714;50,449122807018;104,62695035461;204,7032967033
20/06/2024 06:21:30;29,525893508388;49,978286743164;119,7035446167;375,13740458015;18,766666412354;4624,064516129;54;3797,8285714286;50,45;104,62836879433;204,70879120879
20/06/2024 06:21:40;29,526622902991;49,978286743164;104,09909820557;375,14503816794;18,75;4624,1290322581;53,5;3797,8857142857;50,450877192982;104,62978723404;204,71428571429
20/06/2024 06:21:50;29,527352297593;50,173599243164;114,06884002686;375,15267175573;18,733333587646;4624,1935483871;53;3797,9428571429;50,451754385965;104,63120567376;204,71978021978
20/06/2024 06:22:00;29,528081692195;50,043388366699;120,56053924561;375,16030534351;18,716667175293;4624,2580645161;52,75;3798;50,452631578947;104,63262411348;204,72527472527
20/06/2024 06:22:10;29,528811086798;49,956588745117;97,139846801758;375,1679389313;18,700000762939;4624,3225806452;52,5;3798,0571428571;50,45350877193;104,63404255319;204,73076923077
20/06/2024 06:22:20;29,5295404814;50,086791992188;107,2686920166;375,17557251908;18,75;4624,3870967742;52,25;3798,1142857143;50,454385964912;104,63546099291;204,73626373626
20/06/2024 06:22:30;29,530269876003;49,999984741211;117,39753723145;375,18320610687;18,799999237061;4624,4516129032;52;3798,1714285714;50,455263157895;104,63687943262;204,74175824176
20/06/2024 06:22:40;29,530999270605;50,021690368652;125,34966278076;375,19083969466;18,699999809265;4624,5161290323;51,666666666667;3798,2285714286;50,456140350877;104,63829787234;204,74725274725
20/06/2024 06:22:50;29,531728665208;50,043395996094;101,80444335938;375,19847328244;18,60000038147;4624,5806451613;51,333333333333;3798,2857142857;50,45701754386;104,63971631206;204,75274725275
20/06/2024 06:23:00;29,53245805981;49,913177490234;124,11958312988;375,20610687023;18,666666666667;4624,6451612903;51;3798,3428571429;50,457894736842;104,64113475177;204,75824175824
20/06/2024 06:23:10;29,533187454413;50,065093994141;127,74726104736;375,21374045802;18,733332951864;4624,7096774194;50,666666666667;3798,4;50,458771929825;104,64255319149;204,76373626374
20/06/2024 06:23:20;29,533916849015;50,086799621582;116,85568237305;375,2213740458;18,799999237061;4624,7741935484;50,333333333333;3798,4571428571;50,459649122807;104,64397163121;204,76923076923
20/06/2024 06:23:30;29,534646243618;50,043395996094;105,96410369873;375,22900763359;18,60000038147;4624,8387096774;50;3798,5142857143;50,460526315789;104,64539007092;204,77472527473
20/06/2024 06:23:40;29,53537563822;50,13020324707;90,682373046875;375,23664122137;18,650000572205;4624,9032258065;49,666666666667;3798,5714285714;50,461403508772;104,64680851064;204,78021978022
20/06/2024 06:23:50;29,536105032823;50,108497619629;129,71357727051;375,24427480916;18,700000762939;4624,9677419355;49,333333333333;3798,6285714286;50,462280701754;104,64822695035;204,78571428571
20/06/2024 06:24:00;29,536834427425;49,999984741211;105,16844177246;375,25190839695;18,60000038147;4625,0322580645;49;3798,6857142857;50,463157894737;104,64964539007;204,79120879121
20/06/2024 06:24:10;29,537563822028;50,13020324707;93,044410705566;375,25954198473;18,550000190735;4625,0967741935;48,666666666667;3798,7428571429;50,464035087719;104,65106382979;204,7967032967
20/06/2024 06:24:20;29,53829321663;50,086791992188;134,43463134766;375,26717557252;18,5;4625,1612903226;48,333333333333;3798,8;50,464912280702;104,6524822695;204,8021978022
20/06/2024 06:24:30;29,539022611233;49,999984741211;121,22679901123;375,27480916031;18,700000762939;4625,2258064516;48;3798,8571428571;50,465789473684;104,65390070922;204,80769230769
20/06/2024 06:24:40;29,539752005835;50,043388366699;108,0189666748;375,28244274809;18,75;4625,2903225806;47,666666666667;3798,9142857143;50,466666666667;104,65531914894;204,81318681319
20/06/2024 06:24:50;29,540481400438;50,043395996094;95,450668334961;375,29007633588;18,799999237061;4625,3548387097;47,333333333333;3798,9714285714;50,467543859649;104,65673758865;204,81868131868
20/06/2024 06:25:00;29,54121079504;49,913177490234;105,10835266113;375,29770992366;18,700000762939;4625,4193548387;47;3799,0285714286;50,468421052632;104,65815602837;204,82417582418
20/06/2024 06:25:10;29,541940189643;49,956588745117;105,32535552979;375,30534351145;18,800000190735;4625,4838709677;46,666666666667;3799,0857142857;50,469298245614;104,65957446809;204,82967032967
20/06/2024 06:25:20;29,542669584245;50,021690368652;99,480262756348;375,31297709924;18,89999961853;4625,5483870968;46,333333333333;3799,1428571429;50,470175438596;104,6609929078;204,83516483516
20/06/2024 06:25:30;29,543398978848;49,913177490234;102,35418319702;375,32061068702;18,949999809265;4625,6129032258;46;3799,2;50,471052631579;104,66241134752;204,84065934066
20/06/2024 06:25:40;29,54412837345;49,913185119629;105,2281036377;375,32824427481;19;4625,6774193548;45,75;3799,2571428571;50,471929824561;104,66382978723;204,84615384615
20/06/2024 06:25:50;29,544857768053;50,108497619629;106,1322555542;375,3358778626;18,89999961853;4625,7419354839;45,5;3799,3142857143;50,472807017544;104,66524822695;204,85164835165
20/06/2024 06:26:00;29,545587162655;49,999984741211;99,984550476074;375,34351145038;19,10000038147;4625,8064516129;45,25;3799,3714285714;50,473684210526;104,66666666667;204,85714285714
20/06/2024 06:26:10;29,546316557257;50,043395996094;111,91217041016;375,35114503817;19,13333384196;4625,8709677419;45;3799,4285714286;50,474561403509;104,66808510638;204,86263736264
20/06/2024 06:26:20;29,54704595186;49,956588745117;119,68064117432;375,35877862595;19,16666730245;4625,935483871;44,5;3799,4857142857;50,475438596491;104,6695035461;204,86813186813
20/06/2024 06:26:30;29,547775346462;50,043395996094;111,59669113159;375,36641221374;19,200000762939;4626;44;3799,5428571429;50,476315789474;104,67092198582;204,87362637363
20/06/2024 06:26:40;29,548504741065;50,108497619629;103,51274108887;375,37404580153;19,299999237061;4626,0681818182;43,666666666667;3799,6;50,477192982456;104,67234042553;204,87912087912
20/06/2024 06:26:50;29,549234135667;49,999992370605;113,21370697021;375,38167938931;19,25;4626,1363636364;43,333333333333;3799,6571428571;50,478070175439;104,67375886525;204,88461538462
20/06/2024 06:27:00;29,54996353027;50,086791992188;123,36419677734;375,3893129771;19,200000762939;4626,2045454545;43;3799,7142857143;50,478947368421;104,67517730496;204,89010989011
20/06/2024 06:27:10;29,550692924872;50,021690368652;105,32877349854;375,39694656489;19,39999961853;4626,2727272727;43,25;3799,7714285714;50,479824561404;104,67659574468;204,8956043956
20/06/2024 06:27:20;29,551422319475;49,891479492188;118,52661132813;375,40458015267;19,60000038147;4626,3409090909;43,5;3799,8285714286;50,480701754386;104,6780141844;204,9010989011
20/06/2024 06:27:30;29,552151714077;50,086791992188;122,65393066406;375,41221374046;19,550000190735;4626,4090909091;43,75;3799,8857142857;50,481578947368;104,67943262411;204,90659340659
20/06/2024 06:27:40;29,55288110868;49,999992370605;126,78125;375,41984732824;19,5;4626,4772727273;44;3799,9428571429;50,482456140351;104,68085106383;204,91208791209
20/06/2024 06:27:50;29,553610503282;50,043395996094;139,26260375977;375,42748091603;19,60000038147;4626,5454545455;44,5;3800;50,483333333333;104,68226950355;204,91758241758
20/06/2024 06:28:00;29,554339897885;50,043388366699;120,84893798828;375,43511450382;19,650000572205;4626,6136363636;45;3800,0357142857;50,484210526316;104,68368794326;204,92307692308
20/06/2024 06:28:10;29,555069292487;50,108497619629;128,53671264648;375,4427480916;19,700000762939;4626,6818181818;45,333333333333;3800,0714285714;50,485087719298;104,68510638298;204,92857142857
20/06/2024 06:28:20;29,55579868709;49,956588745117;146,4541015625;375,45038167939;19,799999237061;4626,75;45,666666666667;3800,1071428571;50,485964912281;104,6865248227;204,93406593407
20/06/2024 06:28:30;29,556528081692;50,021690368652;123,38151550293;375,45801526718;19,60000038147;4626,8181818182;46;3800,1428571429;50,486842105263;104,68794326241;204,93956043956
20/06/2024 06:28:40;29,557257476295;49,999992370605;126,97342681885;375,46564885496;19,799999237061;4626,8863636364;46,25;3800,1785714286;50,487719298246;104,68936170213;204,94505494505
20/06/2024 06:28:50;29,557986870897;50,043395996094;130,56533813477;375,47328244275;19,949999809265;4626,9545454545;46,5;3800,2142857143;50,488596491228;104,69078014184;204,95054945055
20/06/2024 06:29:00;29,5587162655;49,999984741211;149,22668457031;375,48091603053;20,10000038147;4627,0227272727;46,75;3800,25;50,489473684211;104,69219858156;204,95604395604
20/06/2024 06:29:10;29,559445660102;50,021690368652;151,36773681641;375,48854961832;20,200000762939;4627,0909090909;47;3800,2857142857;50,490350877193;104,69361702128;204,96153846154
20/06/2024 06:29:20;29,560175054705;49,956588745117;131,17446899414;375,49618320611;20,299999237061;4627,1590909091;47,5;3800,3214285714;50,491228070175;104,69503546099;204,96703296703
20/06/2024 06:29:30;29,560904449307;50,043395996094;148,62428283691;375,50381679389;20,349999427795;4627,2272727273;48;3800,3571428571;50,492105263158;104,69645390071;204,97252747253
20/06/2024 06:29:40;29,56163384391;49,891479492188;147,82808685303;375,51145038168;20,39999961853;4627,2954545455;48,25;3800,3928571429;50,49298245614;104,69787234043;204,97802197802
20/06/2024 06:29:50;29,562363238512;49,999984741211;147,03189086914;375,51908396947;20,5;4627,3636363636;48,5;3800,4285714286;50,493859649123;104,69929078014;204,98351648352
20/06/2024 06:30:00;29,563092633115;49,934883117676;127,96849060059;375,52671755725;20,64999961853;4627,4318181818;48,75;3800,4642857143;50,494736842105;104,70070921986;204,98901098901
20/06/2024 06:30:10;29,563822027717;49,73957824707;142,1982421875;375,53435114504;20,799999237061;4627,5;49;3800,5;50,495614035088;104,70212765957;204,99450549451
20/06/2024 06:30:20;29,564551422319;49,869781494141;135,26275634766;375,54198473282;20,700000762939;4627,5681818182;49,333333333333;3800,5357142857;50,49649122807;104,70354609929;205
20/06/2024 06:30:30;29,565280816922;49,869781494141;109,84670257568;375,54961832061;20,89999961853;4627,6363636364;49,666666666667;3800,5714285714;50,497368421053;104,70496453901;205,00549450549
20/06/2024 06:30:40;29,566010211524;49,826377868652;125,39828109741;375,5572519084;20,849999427795;4627,7045454545;50;3800,6071428571;50,498245614035;104,70638297872;205,01098901099
20/06/2024 06:30:50;29,566739606127;49,956588745117;140,94985961914;375,56488549618;20,799999237061;4627,7727272727;50,333333333333;3800,6428571429;50,499122807018;104,70780141844;205,01648351648
20/06/2024 06:31:00;29,567469000729;49,869781494141;134,0281829834;375,57251908397;20,89999961853;4627,8409090909;50,666666666667;3800,6785714286;50,5;104,70921985816;205,02197802198
20/06/2024 06:31:10;29,568198395332;49,891483306885;105,92543792725;375,58015267176;20,849999427795;4627,9090909091;51;3800,7142857143;50,500877192982;104,71063829787;205,02747252747
20/06/2024 06:31:20;29,568927789934;49,913185119629;141,07676696777;375,58778625954;20,799999237061;4627,9772727273;51,333333333333;3800,75;50,501754385965;104,71205673759;205,03296703297
20/06/2024 06:31:30;29,569657184537;49,804679870605;125,8967666626;375,59541984733;20,89999961853;4628,0454545455;51,666666666667;3800,7857142857;50,502631578947;104,7134751773;205,03846153846
20/06/2024 06:31:40;29,570386579139;49,826385498047;113,69735336304;375,60305343511;20,699999809265;4628,1136363636;52;3800,8214285714;50,50350877193;104,71489361702;205,04395604396
20/06/2024 06:31:50;29,571115973742;49,913177490234;101,49794006348;375,6106870229;20,5;4628,1818181818;52,25;3800,8571428571;50,504385964912;104,71631205674;205,04945054945
20/06/2024 06:32:00;29,571845368344;49,999984741211;94,524917602539;375,61832061069;20,449999809265;4628,25;52,5;3800,8928571429;50,505263157895;104,71773049645;205,05494505495
20/06/2024 06:32:10;29,572574762947;49,934883117676;105,31945037842;375,62595419847;20,39999961853;4628,3181818182;52,75;3800,9285714286;50,506140350877;104,71914893617;205,06043956044
20/06/2024 06:32:20;29,573304157549;49,999984741211;98,27611541748;375,63358778626;20,299999237061;4628,3863636364;53;3800,9642857143;50,50701754386;104,72056737589;205,06593406593
20/06/2024 06:32:30;29,574033552152;49,913177490234;82,149398803711;375,64122137405;20,199999809265;4628,4545454545;53,5;3801;50,507894736842;104,7219858156;205,07142857143
20/06/2024 06:32:40;29,574762946754;49,956588745117;79,937191009521;375,64885496183;20,10000038147;4628,5227272727;54;3801,0357142857;50,508771929825;104,72340425532;205,07692307692
20/06/2024 06:32:50;29,575492341357;50,043395996094;77,724983215332;375,65648854962;20,050000190735;4628,5909090909;54,333333333333;3801,0714285714;50,509649122807;104,72482269504;205,08241758242
20/06/2024 06:33:00;29,576221735959;50,021690368652;82,579780578613;375,6641221374;20;4628,6590909091;54,666666666667;3801,1071428571;50,510526315789;104,72624113475;205,08791208791
20/06/2024 06:33:10;29,576951130562;49,999984741211;78,420463562012;375,67175572519;19,89999961853;4628,7272727273;55;3801,1428571429;50,511403508772;104,72765957447;205,09340659341
20/06/2024 06:33:20;29,577680525164;50,130195617676;79,078872680664;375,67938931298;20;4628,7954545455;55,25;3801,1785714286;50,512280701754;104,72907801418;205,0989010989
20/06/2024 06:33:30;29,578409919767;50,043388366699;75,793113708496;375,68702290076;19,89999961853;4628,8636363636;55,5;3801,2142857143;50,513157894737;104,7304964539;205,1043956044
20/06/2024 06:33:40;29,579139314369;50,13020324707;75,495498657227;375,69465648855;19,799999237061;4628,9318181818;55,75;3801,25;50,514035087719;104,73191489362;205,10989010989
20/06/2024 06:33:50;29,579868708972;50,065093994141;78,970272064209;375,70229007634;19,849999427795;4629;56;3801,2857142857;50,514912280702;104,73333333333;205,11538461538
20/06/2024 06:34:00;29,580598103574;50,13020324707;82,445045471191;375,70992366412;19,89999961853;4629,0666666667;56,5;3801,3214285714;50,515789473684;104,73475177305;205,12087912088
20/06/2024 06:34:10;29,581327498177;50,130195617676;89,002128601074;375,71755725191;20;4629,1333333333;57;3801,3571428571;50,516666666667;104,73617021277;205,12637362637
20/06/2024 06:34:20;29,582056892779;50,238708496094;80,297737121582;375,72519083969;19,949999809265;4629,2;57,333333333333;3801,3928571429;50,517543859649;104,73758865248;205,13186813187
20/06/2024 06:34:30;29,582786287381;50,173599243164;83,453353881836;375,73282442748;19,89999961853;4629,2666666667;57,666666666667;3801,4285714286;50,518421052632;104,7390070922;205,13736263736
20/06/2024 06:34:40;29,583515681984;50,282104492188;89,024574279785;375,74045801527;19,799999237061;4629,3333333333;58;3801,4642857143;50,519298245614;104,74042553191;205,14285714286
20/06/2024 06:34:50;29,584245076586;50,238708496094;87,985996246338;375,74809160305;19,83333269755;4629,4;58,25;3801,5;50,520175438596;104,74184397163;205,14835164835
20/06/2024 06:35:00;29,584974471189;49,999984741211;86,947418212891;375,75572519084;19,86666615804;4629,4666666667;58,5;3801,5357142857;50,521052631579;104,74326241135;205,15384615385
20/06/2024 06:35:10;29,585703865791;50,130195617676;86,948738098145;375,76335877863;19,89999961853;4629,5333333333;58,75;3801,5714285714;50,521929824561;104,74468085106;205,15934065934
20/06/2024 06:35:20;29,586433260394;50,303802490234;85,277763366699;375,77099236641;19,849999427795;4629,6;59;3801,6071428571;50,522807017544;104,74609929078;205,16483516484
20/06/2024 06:35:30;29,587162654996;50,13020324707;93,576889038086;375,7786259542;19,799999237061;4629,6666666667;59,5;3801,6428571429;50,523684210526;104,7475177305;205,17032967033
20/06/2024 06:35:40;29,587892049599;50,195304870605;87,727615356445;375,78625954198;19,849999427795;4629,7333333333;60;3801,6785714286;50,524561403509;104,74893617021;205,17582417582
20/06/2024 06:35:50;29,588621444201;50,086791992188;86,236061096191;375,79389312977;19,89999961853;4629,8;60,25;3801,7142857143;50,525438596491;104,75035460993;205,18131868132
20/06/2024 06:36:00;29,589350838804;50,151901245117;84,744506835938;375,80152671756;19,799999237061;4629,8666666667;60,5;3801,75;50,526315789474;104,75177304965;205,18681318681
20/06/2024 06:36:10;29,590080233406;50,13020324707;85,4892578125;375,80916030534;19,842856543405;4629,9333333333;60,75;3801,7857142857;50,527192982456;104,75319148936;205,19230769231
20/06/2024 06:36:20;29,590809628009;50,217010498047;87,293556213379;375,81679389313;19,885713849749;4630;61;3801,8214285714;50,528070175439;104,75460992908;205,1978021978
20/06/2024 06:36:30;29,591539022611;50,13020324707;87,77042388916;375,82442748092;19,928571156093;4630,0666666667;61,333333333333;3801,8571428571;50,528947368421;104,75602836879;205,2032967033
20/06/2024 06:36:40;29,592268417214;50,108497619629;88,327140808105;375,8320610687;19,971428462437;4630,1333333333;61,666666666667;3801,8928571429;50,529824561404;104,75744680851;205,20879120879
20/06/2024 06:36:50;29,592997811816;50,108497619629;90,176662445068;375,83969465649;20,014285768781;4630,2;62;3801,9285714286;50,530701754386;104,75886524823;205,21428571429
20/06/2024 06:37:00;29,593727206419;50,260406494141;92,026184082031;375,84732824427;20,057143075126;4630,2666666667;62,5;3801,9642857143;50,531578947368;104,76028368794;205,21978021978
20/06/2024 06:37:10;29,594456601021;50,173599243164;91,431541442871;375,85496183206;20,10000038147;4630,3333333333;63;3802;50,532456140351;104,76170212766;205,22527472527
20/06/2024 06:37:20;29,595185995624;50,173606872559;96,627388000488;375,86259541985;20;4630,4;63,25;3802,0571428571;50,533333333333;104,76312056738;205,23076923077
20/06/2024 06:37:30;29,595915390226;50,217010498047;97,831398010254;375,87022900763;19,89999961853;4630,4666666667;63,5;3802,1142857143;50,534210526316;104,76453900709;205,23626373626
20/06/2024 06:37:40;29,596644784829;50,173599243164;95,093063354492;375,87786259542;20,200000762939;4630,5333333333;63,75;3802,1714285714;50,535087719298;104,76595744681;205,24175824176
20/06/2024 06:37:50;29,597374179431;50,043395996094;95,036315917969;375,88549618321;20,25;4630,6;64;3802,2285714286;50,535964912281;104,76737588652;205,24725274725
20/06/2024 06:38:00;29,598103574034;50,151901245117;94,979568481445;375,89312977099;20,299999237061;4630,6666666667;64,333333333333;3802,2857142857;50,536842105263;104,76879432624;205,25274725275
20/06/2024 06:38:10;29,598832968636;50,13020324707;84,604774475098;375,90076335878;20,311110390557;4630,7333333333;64,666666666667;3802,3428571429;50,537719298246;104,77021276596;205,25824175824
20/06/2024 06:38:20;29,599562363239;50,086791992188;87,863037109375;375,90839694656;20,322221544054;4630,8;65;3802,4;50,538596491228;104,77163120567;205,26373626374
20/06/2024 06:38:30;29,600291757841;49,978286743164;88,197692871094;375,91603053435;20,33333269755;4630,8666666667;65,333333333333;3802,4571428571;50,539473684211;104,77304964539;205,26923076923
20/06/2024 06:38:40;29,601021152443;50,086791992188;86,239059448242;375,92366412214;20,344443851047;4630,9333333333;65,666666666667;3802,5142857143;50,540350877193;104,77446808511;205,27472527473
20/06/2024 06:38:50;29,601750547046;49,999984741211;83,804878234863;375,93129770992;20,355555004544;4631;66;3802,5714285714;50,541228070175;104,77588652482;205,28021978022
20/06/2024 06:39:00;29,602479941648;50,086791992188;79,641929626465;375,93893129771;20,36666615804;4631,0666666667;65,666666666667;3802,6285714286;50,542105263158;104,77730496454;205,28571428571
20/06/2024 06:39:10;29,603209336251;49,999984741211;75,478981018066;375,9465648855;20,377777311537;4631,1333333333;65,333333333333;3802,6857142857;50,54298245614;104,77872340426;205,29120879121
20/06/2024 06:39:20;29,603938730853;50,13020324707;80,419731140137;375,95419847328;20,388888465034;4631,2;65;3802,7428571429;50,543859649123;104,78014184397;205,2967032967
20/06/2024 06:39:30;29,604668125456;49,999992370605;87,114028930664;375,96183206107;20,39999961853;4631,2666666667;64,666666666667;3802,8;50,544736842105;104,78156028369;205,3021978022
20/06/2024 06:39:40;29,605397520058;49,956588745117;82,267478942871;375,96946564885;20,349999427795;4631,3333333333;64,333333333333;3802,8571428571;50,545614035088;104,7829787234;205,30769230769
20/06/2024 06:39:50;29,606126914661;50,021690368652;81,902870178223;375,97709923664;20,299999237061;4631,4;64;3802,9142857143;50,54649122807;104,78439716312;205,31318681319
20/06/2024 06:40:00;29,606856309263;49,956588745117;80,988349914551;375,98473282443;20,349999427795;4631,4666666667;63,666666666667;3802,9714285714;50,547368421053;104,78581560284;205,31868131868
20/06/2024 06:40:10;29,607585703866;49,891479492188;80,073829650879;375,99236641221;20,39999961853;4631,5333333333;63,333333333333;3803,0285714286;50,548245614035;104,78723404255;205,32417582418
20/06/2024 06:40:20;29,608315098468;49,999984741211;77,186744689941;376;20,300000190735;4631,6;63;3803,0857142857;50,549122807018;104,78865248227;205,32967032967
20/06/2024 06:40:30;29,609044493071;49,934883117676;80,019996643066;376,00763358779;20,200000762939;4631,6666666667;62,666666666667;3803,1428571429;50,55;104,79007092199;205,33516483516
20/06/2024 06:40:40;29,609773887673;50,043395996094;87,287284851074;376,01526717557;20,10000038147;4631,7333333333;62,333333333333;3803,2;50,550877192982;104,7914893617;205,34065934066
20/06/2024 06:40:50;29,610503282276;49,999984741211;75,86109161377;376,02290076336;20;4631,8;62;3803,2571428571;50,551754385965;104,79290780142;205,34615384615
20/06/2024 06:41:00;29,611232676878;49,978286743164;78,412212371826;376,03053435115;19,89999961853;4631,8666666667;61,75;3803,3142857143;50,552631578947;104,79432624113;205,35164835165
20/06/2024 06:41:10;29,611962071481;50,086791992188;80,963333129883;376,03816793893;19,799999237061;4631,9333333333;61,5;3803,3714285714;50,55350877193;104,79574468085;205,35714285714
20/06/2024 06:41:20;29,612691466083;50,021690368652;82,937393188477;376,04580152672;19,700000762939;4632;61,25;3803,4285714286;50,554385964912;104,79716312057;205,36263736264
20/06/2024 06:41:30;29,613420860686;50,065093994141;90,17081451416;376,0534351145;19,650000572205;4632,0666666667;61;3803,4857142857;50,555263157895;104,79858156028;205,36813186813
20/06/2024 06:41:40;29,614150255288;50,043395996094;85,743530273438;376,06106870229;19,60000038147;4632,1333333333;60,5;3803,5428571429;50,556140350877;104,8;205,37362637363
20/06/2024 06:41:50;29,614879649891;50,108497619629;76,611015319824;376,06870229008;19,39999961853;4632,2;60;3803,6;50,55701754386;104,80141843972;205,37912087912
20/06/2024 06:42:00;29,615609044493;50,13020324707;84,608978271484;376,07633587786;19,5;4632,2666666667;59,75;3803,6571428571;50,557894736842;104,80283687943;205,38461538462
20/06/2024 06:42:10;29,616338439096;50,043395996094;92,606941223145;376,08396946565;19,39999961853;4632,3333333333;59,5;3803,7142857143;50,558771929825;104,80425531915;205,39010989011
20/06/2024 06:42:20;29,617067833698;50,108497619629;101,31636047363;376,09160305344;19,299999237061;4632,4;59,25;3803,7714285714;50,559649122807;104,80567375887;205,3956043956
20/06/2024 06:42:30;29,617797228301;50,043395996094;104,43227386475;376,09923664122;19,5;4632,4666666667;59;3803,8285714286;50,560526315789;104,80709219858;205,4010989011
20/06/2024 06:42:40;29,618526622903;50,13020324707;102,98779296875;376,10687022901;19,299999237061;4632,5333333333;58,666666666667;3803,8857142857;50,561403508772;104,8085106383;205,40659340659
20/06/2024 06:42:50;29,619256017505;50,086791992188;95,879829406738;376,11450381679;19,349999427795;4632,6;58,333333333333;3803,9428571429;50,562280701754;104,80992907801;205,41208791209
20/06/2024 06:43:00;29,619985412108;50,086791992188;94,421043395996;376,12213740458;19,39999961853;4632,6666666667;58;3804;50,563157894737;104,81134751773;205,41758241758
20/06/2024 06:43:10;29,62071480671;50,13020324707;92,962257385254;376,12977099237;19,419999694824;4632,7333333333;57,5;3804,0555555556;50,564035087719;104,81276595745;205,42307692308
20/06/2024 06:43:20;29,621444201313;50,086799621582;88,597259521484;376,13740458015;19,439999771118;4632,8;57;3804,1111111111;50,564912280702;104,81418439716;205,42857142857
20/06/2024 06:43:30;29,622173595915;50,217010498047;80,685569763184;376,14503816794;19,459999847412;4632,8666666667;56,75;3804,1666666667;50,565789473684;104,81560283688;205,43406593407
20/06/2024 06:43:40;29,622902990518;50,108497619629;79,36693572998;376,15267175573;19,479999923706;4632,9333333333;56,5;3804,2222222222;50,566666666667;104,8170212766;205,43956043956
20/06/2024 06:43:50;29,62363238512;50,086799621582;96,741271972656;376,16030534351;19,5;4633;56,25;3804,2777777778;50,567543859649;104,81843971631;205,44505494505
20/06/2024 06:44:00;29,624361779723;50,086795806885;79,950294494629;376,1679389313;19,39999961853;4633,0666666667;56;3804,3333333333;50,568421052632;104,81985815603;205,45054945055
20/06/2024 06:44:10;29,625091174325;50,086791992188;78,019020080566;376,17557251908;19,299999237061;4633,1333333333;55,5;3804,3888888889;50,569298245614;104,82127659574;205,45604395604
20/06/2024 06:44:20;29,625820568928;49,999992370605;76,087745666504;376,18320610687;19,39999961853;4633,2;55;3804,4444444444;50,570175438596;104,82269503546;205,46153846154
20/06/2024 06:44:30;29,62654996353;50,13020324707;84,229698181152;376,19083969466;19,5;4633,2666666667;54,666666666667;3804,5;50,571052631579;104,82411347518;205,46703296703
20/06/2024 06:44:40;29,627279358133;50,065093994141;83,509437561035;376,19847328244;19,39999961853;4633,3333333333;54,333333333333;3804,5555555556;50,571929824561;104,82553191489;205,47252747253
20/06/2024 06:44:50;29,628008752735;50,13020324707;78,973091125488;376,20610687023;19,299999237061;4633,4;54;3804,6111111111;50,572807017544;104,82695035461;205,47802197802
20/06/2024 06:45:00;29,628738147338;50,043388366699;85,452163696289;376,21374045802;19,39999961853;4633,4666666667;53,75;3804,6666666667;50,573684210526;104,82836879433;205,48351648352
20/06/2024 06:45:10;29,62946754194;50,043395996094;84,514961242676;376,2213740458;19,5;4633,5333333333;53,5;3804,7222222222;50,574561403509;104,82978723404;205,48901098901
20/06/2024 06:45:20;29,630196936543;50,021690368652;83,577758789063;376,22900763359;19,39999961853;4633,6;53,25;3804,7777777778;50,575438596491;104,83120567376;205,49450549451
20/06/2024 06:45:30;29,630926331145;49,913177490234;82,206169128418;376,23664122137;19,43333307902;4633,6666666667;53;3804,8333333333;50,576315789474;104,83262411348;205,5
20/06/2024 06:45:40;29,631655725748;50,086799621582;93,978713989258;376,24427480916;19,46666653951;4633,7333333333;52,5;3804,8888888889;50,577192982456;104,83404255319;205,50549450549
20/06/2024 06:45:50;29,63238512035;50,086791992188;101,38706207275;376,25190839695;19,5;4633,8;52;3804,9444444444;50,578070175439;104,83546099291;205,51098901099
20/06/2024 06:46:00;29,633114514953;50,065093994141;85,126625061035;376,25954198473;19,512500047684;4633,8666666667;51,75;3805;50,578947368421;104,83687943262;205,51648351648
20/06/2024 06:46:10;29,633843909555;50,13020324707;92,137596130371;376,26717557252;19,525000095367;4633,9333333333;51,5;3805,0555555556;50,579824561404;104,83829787234;205,52197802198
20/06/2024 06:46:20;29,634573304158;50,086799621582;99,148567199707;376,27480916031;19,537500143051;4634;51,25;3805,1111111111;50,580701754386;104,83971631206;205,52747252747
20/06/2024 06:46:30;29,63530269876;50,086791992188;104,16757965088;376,28244274809;19,550000190735;4634,0681818182;51;3805,1666666667;50,581578947368;104,84113475177;205,53296703297
20/06/2024 06:46:40;29,636032093363;50,065093994141;88,664649963379;376,29007633588;19,562500238419;4634,1363636364;50,666666666667;3805,2222222222;50,582456140351;104,84255319149;205,53846153846
20/06/2024 06:46:50;29,636761487965;50,151901245117;102,29502868652;376,29770992366;19,575000286102;4634,2045454545;50,333333333333;3805,2777777778;50,583333333333;104,84397163121;205,54395604396
20/06/2024 06:47:00;29,637490882567;49,999984741211;108,74390411377;376,30534351145;19,587500333786;4634,2727272727;50;3805,3333333333;50,584210526316;104,84539007092;205,54945054945
20/06/2024 06:47:10;29,63822027717;50,065093994141;117,55864334106;376,31297709924;19,60000038147;4634,3409090909;49,666666666667;3805,3888888889;50,585087719298;104,84680851064;205,55494505495
20/06/2024 06:47:20;29,638949671772;50,086791992188;126,37338256836;376,32061068702;19,666666666667;4634,4090909091;49,333333333333;3805,4444444444;50,585964912281;104,84822695035;205,56043956044
20/06/2024 06:47:30;29,639679066375;50,108497619629;105,56502532959;376,32824427481;19,733332951864;4634,4772727273;49;3805,5;50,586842105263;104,84964539007;205,56593406593
20/06/2024 06:47:40;29,640408460977;49,999984741211;113,33234405518;376,3358778626;19,799999237061;4634,5454545455;48,666666666667;3805,5555555556;50,587719298246;104,85106382979;205,57142857143
20/06/2024 06:47:50;29,64113785558;50,086791992188;131,44174194336;376,34351145038;19,60000038147;4634,6136363636;48,333333333333;3805,6111111111;50,588596491228;104,8524822695;205,57692307692
20/06/2024 06:48:00;29,641867250182;50,021690368652;108,88542175293;376,35114503817;20;4634,6818181818;48;3805,6666666667;50,589473684211;104,85390070922;205,58241758242
20/06/2024 06:48:10;29,642596644785;50,065093994141;120,44709014893;376,35877862595;19,799999237061;4634,75;47,666666666667;3805,7222222222;50,590350877193;104,85531914894;205,58791208791
20/06/2024 06:48:20;29,643326039387;50,13020324707;129,38303756714;376,36641221374;19,949999809265;4634,8181818182;47,333333333333;3805,7777777778;50,591228070175;104,85673758865;205,59340659341
20/06/2024 06:48:30;29,64405543399;50,021690368652;138,31898498535;376,37404580153;20,10000038147;4634,8863636364;47;3805,8333333333;50,592105263158;104,85815602837;205,5989010989
20/06/2024 06:48:40;29,644784828592;50,086791992188;120,10973358154;376,38167938931;20,200000762939;4634,9545454545;46,666666666667;3805,8888888889;50,59298245614;104,85957446809;205,6043956044
20/06/2024 06:48:50;29,645514223195;49,978286743164;124,16844177246;376,3893129771;20,39999961853;4635,0227272727;46,333333333333;3805,9444444444;50,593859649123;104,8609929078;205,60989010989
20/06/2024 06:49:00;29,646243617797;49,956588745117;134,6827545166;376,39694656489;20,449999809265;4635,0909090909;46;3806;50,594736842105;104,86241134752;205,61538461538
20/06/2024 06:49:10;29,6469730124;49,999992370605;116,56093597412;376,40458015267;20,5;4635,1590909091;45,666666666667;3806,0434782609;50,595614035088;104,86382978723;205,62087912088
20/06/2024 06:49:20;29,647702407002;50,043395996094;122,83752822876;376,41221374046;20,60000038147;4635,2272727273;45,333333333333;3806,0869565217;50,59649122807;104,86524822695;205,62637362637
20/06/2024 06:49:30;29,648431801605;49,869781494141;129,1141204834;376,41984732824;20,650000572205;4635,2954545455;45;3806,1304347826;50,597368421053;104,86666666667;205,63186813187
20/06/2024 06:49:40;29,649161196207;49,848083496094;132,97172546387;376,42748091603;20,700000762939;4635,3636363636;44,75;3806,1739130435;50,598245614035;104,86808510638;205,63736263736
20/06/2024 06:49:50;29,64989059081;49,804679870605;109,94794464111;376,43511450382;20,60000038147;4635,4318181818;44,5;3806,2173913043;50,599122807018;104,8695035461;205,64285714286
20/06/2024 06:50:00;29,650619985412;49,956588745117;95,934959411621;376,4427480916;20,575000286102;4635,5;44,25;3806,2608695652;50,6;104,87092198582;205,64835164835
20/06/2024 06:50:10;29,651349380015;49,804679870605;133,03247070313;376,45038167939;20,550000190735;4635,5681818182;44;3806,3043478261;50,600877192982;104,87234042553;205,65384615385
20/06/2024 06:50:20;29,652078774617;49,848075866699;120,45687103271;376,45801526718;20,525000095367;4635,6363636364;43,5;3806,347826087;50,601754385965;104,87375886525;205,65934065934
20/06/2024 06:50:30;29,65280816922;49,869781494141;107,8812713623;376,46564885496;20,5;4635,7045454545;43;3806,3913043478;50,602631578947;104,87517730496;205,66483516484
20/06/2024 06:50:40;29,653537563822;49,869781494141;97,73543548584;376,47328244275;20,50909094377;4635,7727272727;43,333333333333;3806,4347826087;50,60350877193;104,87659574468;205,67032967033
20/06/2024 06:50:50;29,654266958425;49,999984741211;127,27406311035;376,48091603053;20,51818188754;4635,8409090909;43,666666666667;3806,4782608696;50,604385964912;104,8780141844;205,67582417582
20/06/2024 06:51:00;29,654996353027;49,826377868652;103,15305328369;376,48854961832;20,52727283131;4635,9090909091;44;3806,5217391304;50,605263157895;104,87943262411;205,68131868132
20/06/2024 06:51:10;29,655725747629;49,999984741211;102,44411468506;376,49618320611;20,53636377508;4635,9772727273;44,25;3806,5652173913;50,606140350877;104,88085106383;205,68681318681
20/06/2024 06:51:20;29,656455142232;49,956588745117;108,62072753906;376,50381679389;20,54545471885;4636,0454545455;44,5;3806,6086956522;50,60701754386;104,88226950355;205,69230769231
20/06/2024 06:51:30;29,657184536834;49,956581115723;114,79734039307;376,51145038168;20,55454566262;4636,1136363636;44,75;3806,652173913;50,607894736842;104,88368794326;205,6978021978
20/06/2024 06:51:40;29,657913931437;50,043395996094;101,4849319458;376,51908396947;20,56363660639;4636,1818181818;45;3806,6956521739;50,608771929825;104,88510638298;205,7032967033
20/06/2024 06:51:50;29,658643326039;49,999984741211;108,01807403564;376,52671755725;20,57272755016;4636,25;45,5;3806,7391304348;50,609649122807;104,8865248227;205,70879120879
20/06/2024 06:52:00;29,659372720642;50,043395996094;119,47129821777;376,53435114504;20,58181849393;4636,3181818182;46;3806,7826086957;50,610526315789;104,88794326241;205,71428571429
20/06/2024 06:52:10;29,660102115244;50,021690368652;102,51195526123;376,54198473282;20,5909094377;4636,3863636364;46,25;3806,8260869565;50,611403508772;104,88936170213;205,71978021978
20/06/2024 06:52:20;29,660831509847;50,217010498047;105,98510360718;376,54961832061;20,60000038147;4636,4545454545;46,5;3806,8695652174;50,612280701754;104,89078014184;205,72527472527
20/06/2024 06:52:30;29,661560904449;50,021690368652;109,45825195313;376,5572519084;20,799999237061;4636,5227272727;46,75;3806,9130434783;50,613157894737;104,89219858156;205,73076923077
20/06/2024 06:52:40;29,662290299052;50,043395996094;116,14141845703;376,56488549618;20,849999427795;4636,5909090909;47;3806,9565217391;50,614035087719;104,89361702128;205,73626373626
20/06/2024 06:52:50;29,663019693654;50,021690368652;127,96828460693;376,57251908397;20,89999961853;4636,6590909091;47,333333333333;3807;50,614912280702;104,89503546099;205,74175824176
20/06/2024 06:53:00;29,663749088257;49,913185119629;108,66359710693;376,58015267176;20,799999237061;4636,7272727273;47,666666666667;3807,0434782609;50,615789473684;104,89645390071;205,74725274725
20/06/2024 06:53:10;29,664478482859;49,999984741211;116,32683563232;376,58778625954;20,89999961853;4636,7954545455;48;3807,0869565217;50,616666666667;104,89787234043;205,75274725275
20/06/2024 06:53:20;29,665207877462;49,978286743164;131,79777526855;376,59541984733;21,200000762939;4636,8636363636;48,5;3807,1304347826;50,617543859649;104,89929078014;205,75824175824
20/06/2024 06:53:30;29,665937272064;49,978286743164;119,70668792725;376,60305343511;21,10000038147;4636,9318181818;49;3807,1739130435;50,618421052632;104,90070921986;205,76373626374
20/06/2024 06:53:40;29,666666666667;49,869781494141;107,61560058594;376,6106870229;21;4637;49,25;3807,2173913043;50,619298245614;104,90212765957;205,76923076923
20/06/2024 06:53:50;29,667396061269;49,978286743164;117,48827362061;376,61832061069;21,200000762939;4637,0697674419;49,5;3807,2608695652;50,620175438596;104,90354609929;205,77472527473
20/06/2024 06:54:00;29,668125455872;49,913177490234;135,685546875;376,62595419847;21;4637,1395348837;49,75;3807,3043478261;50,621052631579;104,90496453901;205,78021978022
20/06/2024 06:54:10;29,668854850474;49,956588745117;121,02366638184;376,63358778626;21,10000038147;4637,2093023256;50;3807,347826087;50,621929824561;104,90638297872;205,78571428571
20/06/2024 06:54:20;29,669584245077;49,848083496094;130,25814819336;376,64122137405;21,050000190735;4637,2790697674;50,333333333333;3807,3913043478;50,622807017544;104,90780141844;205,79120879121
20/06/2024 06:54:30;29,670313639679;49,913177490234;110,66753387451;376,64885496183;21;4637,3488372093;50,666666666667;3807,4347826087;50,623684210526;104,90921985816;205,7967032967
20/06/2024 06:54:40;29,671043034282;49,913185119629;91,076919555664;376,65648854962;21,050000190735;4637,4186046512;51;3807,4782608696;50,624561403509;104,91063829787;205,8021978022
20/06/2024 06:54:50;29,671772428884;49,826377868652;82,624412536621;376,6641221374;21,10000038147;4637,488372093;51,333333333333;3807,5217391304;50,625438596491;104,91205673759;205,80769230769
20/06/2024 06:55:00;29,672501823487;49,826385498047;79,347450256348;376,67175572519;21;4637,5581395349;51,666666666667;3807,5652173913;50,626315789474;104,9134751773;205,81318681319
20/06/2024 06:55:10;29,673231218089;49,869781494141;59,845268249512;376,67938931298;21,10000038147;4637,6279069767;52;3807,6086956522;50,627192982456;104,91489361702;205,81868131868
20/06/2024 06:55:20;29,673960612691;49,479156494141;31,516174316406;376,68702290076;21,050000190735;4637,6976744186;52,333333333333;3807,652173913;50,628070175439;104,91631205674;205,82417582418
20/06/2024 06:55:30;29,674690007294;49,631065368652;28,892294678371;376,69465648855;21;4637,7674418605;52,666666666667;3807,6956521739;50,628947368421;104,91773049645;205,82967032967
20/06/2024 06:55:40;29,675419401896;49,696166992188;26,268415040337;376,70229007634;21,200000762939;4637,8372093023;53;3807,7391304348;50,629824561404;104,91914893617;205,83516483516
20/06/2024 06:55:50;29,676148796499;49,804679870605;23,644535402302;376,70992366412;21,10000038147;4637,9069767442;53,25;3807,7826086957;50,630701754386;104,92056737589;205,84065934066
20/06/2024 06:56:00;29,676878191101;49,913177490234;21,020655764267;376,71755725191;20,949999809265;4637,976744186;53,5;3807,8260869565;50,631578947368;104,9219858156;205,84615384615
20/06/2024 06:56:10;29,677607585704;49,913185119629;18,396776126232;376,72519083969;20,799999237061;4638,0465116279;53,75;3807,8695652174;50,632456140351;104,92340425532;205,85164835165
20/06/2024 06:56:20;29,678336980306;49,913177490234;15,772896488197;376,73282442748;20,60000038147;4638,1162790698;54;3807,9130434783;50,633333333333;104,92482269504;205,85714285714
20/06/2024 06:56:30;29,679066374909;50,021690368652;13,149016850162;376,74045801527;20,5;4638,1860465116;54,5;3807,9565217391;50,634210526316;104,92624113475;205,86263736264
20/06/2024 06:56:40;29,679795769511;49,956588745117;10,525137212127;376,74809160305;20,39999961853;4638,2558139535;55;3808;50,635087719298;104,92765957447;205,86813186813
20/06/2024 06:56:50;29,680525164114;50,086791992188;7,9012575740926;376,75572519084;20,299999237061;4638,3255813953;55,333333333333;3808,064516129;50,635964912281;104,92907801418;205,87362637363
20/06/2024 06:57:00;29,681254558716;50,065093994141;5,2773779360577;376,76335877863;20,200000762939;4638,3953488372;55,666666666667;3808,1290322581;50,636842105263;104,9304964539;205,87912087912
20/06/2024 06:57:10;29,681983953319;50,043395996094;2,6534982980229;376,77099236641;20,39999961853;4638,4651162791;56;3808,1935483871;50,637719298246;104,93191489362;205,88461538462
20/06/2024 06:57:20;29,682713347921;50,108497619629;0,029618659988046;376,7786259542;20,349999427795;4638,5348837209;56,25;3808,2580645161;50,638596491228;104,93333333333;205,89010989011
20/06/2024 06:57:30;29,683442742524;50,217010498047;0,051482354290783;376,78625954198;20,299999237061;4638,6046511628;56,5;3808,3225806452;50,639473684211;104,93475177305;205,8956043956
20/06/2024 06:57:40;29,684172137126;50,347213745117;0,073346048593521;376,79389312977;20,200000762939;4638,6744186047;56,75;3808,3870967742;50,640350877193;104,93617021277;205,9010989011
20/06/2024 06:57:50;29,684901531729;50,151901245117;0,073051355779171;376,80152671756;20,25;4638,7441860465;57;3808,4516129032;50,641228070175;104,93758865248;205,90659340659
20/06/2024 06:58:00;29,685630926331;50,238700866699;1,0617409944534;376,80916030534;20,299999237061;4638,8139534884;57,5;3808,5161290323;50,642105263158;104,9390070922;205,91208791209
20/06/2024 06:58:10;29,686360320934;50,086791992188;0,072437524795532;376,81679389313;20,200000762939;4638,8837209302;58;3808,5806451613;50,64298245614;104,94042553191;205,91758241758
20/06/2024 06:58:20;29,687089715536;50,086799621582;0,072600919753313;376,82442748092;20,25;4638,9534883721;58,333333333333;3808,6451612903;50,643859649123;104,94184397163;205,92307692308
20/06/2024 06:58:30;29,687819110139;50,173599243164;0,072764314711094;376,8320610687;20,299999237061;4639,023255814;58,666666666667;3808,7096774194;50,644736842105;104,94326241135;205,92857142857
20/06/2024 06:58:40;29,688548504741;50,217010498047;0,065428705886006;376,83969465649;20,33333269755;4639,0930232558;59;3808,7741935484;50,645614035088;104,94468085106;205,93406593407
20/06/2024 06:58:50;29,689277899344;50,195297241211;0,058093097060919;376,84732824427;20,36666615804;4639,1627906977;59,25;3808,8387096774;50,64649122807;104,94609929078;205,93956043956
20/06/2024 06:59:00;29,690007293946;50,217010498047;0,043583571910858;376,85496183206;20,39999961853;4639,2325581395;59,5;3808,9032258065;50,647368421053;104,9475177305;205,94505494505
20/06/2024 06:59:10;29,690736688549;50,151901245117;0,029074046760798;376,86259541985;20,299999237061;4639,3023255814;59,75;3808,9677419355;50,648245614035;104,94893617021;205,95054945055
20/06/2024 06:59:20;29,691466083151;50,217010498047;0,014564521610737;376,87022900763;20,33333269755;4639,3720930233;60;3809,0322580645;50,649122807018;104,95035460993;205,95604395604
20/06/2024 06:59:30;29,692195477753;50,130195617676;0,021949318237603;376,87786259542;20,36666615804;4639,4418604651;60,5;3809,0967741935;50,65;104,95177304965;205,96153846154
20/06/2024 06:59:40;29,692924872356;50,217010498047;0,029334114864469;376,88549618321;20,39999961853;4639,511627907;61;3809,1612903226;50,650877192982;104,95319148936;205,96703296703
20/06/2024 06:59:50;29,693654266958;50,086791992188;0,034146096557379;376,89312977099;20,299999237061;4639,5813953488;61,25;3809,2258064516;50,651754385965;104,95460992908;205,97252747253
20/06/2024 07:00:00;29,694383661561;50,13020324707;0,038958078250289;376,90076335878;20,39999961853;4639,6511627907;61,5;3809,2903225806;50,652631578947;104,95602836879;205,97802197802
20/06/2024 07:00:10;29,695113056163;50,043395996094;0,043770059943199;376,90839694656;20,5;4639,7209302326;61,75;3809,3548387097;50,65350877193;104,95744680851;205,98351648352
20/06/2024 07:00:20;29,695842450766;50,021690368652;0,04247146161894;376,91603053435;20,60000038147;4639,7906976744;62;3809,4193548387;50,654385964912;104,95886524823;205,98901098901
20/06/2024 07:00:30;29,696571845368;50,043395996094;0,041172863294681;376,92366412214;20,650000572205;4639,8604651163;62,333333333333;3809,4838709677;50,655263157895;104,96028368794;205,99450549451
20/06/2024 07:00:40;29,697301239971;49,848083496094;0,039874264970422;376,93129770992;20,700000762939;4639,9302325581;62,666666666667;3809,5483870968;50,656140350877;104,96170212766;206
20/06/2024 07:00:50;29,698030634573;49,869781494141;0,038575666646163;376,93893129771;20,60000038147;4640;63;3809,6129032258;50,65701754386;104,96312056738;206,00549450549
20/06/2024 07:01:00;29,698760029176;49,761276245117;0,037277068321904;376,9465648855;20,550000190735;4640,064516129;63,333333333333;3809,6774193548;50,657894736842;104,96453900709;206,01098901099
20/06/2024 07:01:10;29,699489423778;49,696166992188;0,035978469997644;376,95419847328;20,5;4640,1290322581;63,666666666667;3809,7419354839;50,658771929825;104,96595744681;206,01648351648
20/06/2024 07:01:20;29,700218818381;49,565963745117;0,034679871673385;376,96183206107;20,60000038147;4640,1935483871;64;3809,8064516129;50,659649122807;104,96737588652;206,02197802198
20/06/2024 07:01:30;29,700948212983;49,544258117676;0,033381273349126;376,96946564885;20,5;4640,2580645161;64,333333333333;3809,8709677419;50,660526315789;104,96879432624;206,02747252747
20/06/2024 07:01:40;29,701677607586;49,435760498047;0,032082675024867;376,97709923664;20,53333346049;4640,3225806452;64,666666666667;3809,935483871;50,661403508772;104,97021276596;206,03296703297
20/06/2024 07:01:50;29,702407002188;49,522552490234;0,030784076700608;376,98473282443;20,56666692098;4640,3870967742;65;3810;50,662280701754;104,97163120567;206,03846153846
20/06/2024 07:02:00;29,703136396791;49,392356872559;0,029485478376349;376,99236641221;20,60000038147;4640,4516129032;64,666666666667;3810,0666666667;50,663157894737;104,97304964539;206,04395604396
20/06/2024 07:02:10;29,703865791393;49,414054870605;0,02818688005209;377;20,5;4640,5161290323;64,333333333333;3810,1333333333;50,664035087719;104,97446808511;206,04945054945
20/06/2024 07:02:20;29,704595185996;49,34895324707;0,07078143209219;377,00735294118;20,39999961853;4640,5806451613;64;3810,2;50,664912280702;104,97588652482;206,05494505495
20/06/2024 07:02:30;29,705324580598;49,435752868652;0,071032822132111;377,01470588235;20,300000190735;4640,6451612903;63,666666666667;3810,2666666667;50,665789473684;104,97730496454;206,06043956044
20/06/2024 07:02:40;29,706053975201;49,34895324707;21,342900902033;377,02205882353;20,200000762939;4640,7096774194;63,333333333333;3810,3333333333;50,666666666667;104,97872340426;206,06593406593
20/06/2024 07:02:50;29,706783369803;49,457458496094;42,614768981934;377,02941176471;20,10000038147;4640,7741935484;63;3810,4;50,667543859649;104,98014184397;206,07142857143
20/06/2024 07:03:00;29,707512764406;49,652770996094;49,064987182617;377,03676470588;20;4640,8387096774;62,666666666667;3810,4666666667;50,668421052632;104,98156028369;206,07692307692
20/06/2024 07:03:10;29,708242159008;49,956581115723;59,208633422852;377,04411764706;19,89999961853;4640,9032258065;62,333333333333;3810,5333333333;50,669298245614;104,9829787234;206,08241758242
20/06/2024 07:03:20;29,708971553611;49,587661743164;42,429958343506;377,05147058824;19,60000038147;4640,9677419355;62;3810,6;50,670175438596;104,98439716312;206,08791208791
20/06/2024 07:03:30;29,709700948213;49,218734741211;29,497352600098;377,05882352941;19,39999961853;4641,0322580645;61,75;3810,6666666667;50,671052631579;104,98581560284;206,09340659341
20/06/2024 07:03:40;29,710430342815;49,392349243164;28,772190093994;377,06617647059;19,300000190735;4641,0967741935;61,5;3810,7333333333;50,671929824561;104,98723404255;206,0989010989
20/06/2024 07:03:50;29,711159737418;49,544258117676;33,239286422729;377,07352941176;19,200000762939;4641,1612903226;61,25;3810,8;50,672807017544;104,98865248227;206,1043956044
20/06/2024 07:04:00;29,71188913202;49,73957824707;37,706382751465;377,08088235294;19,10000038147;4641,2258064516;61;3810,8666666667;50,673684210526;104,99007092199;206,10989010989
20/06/2024 07:04:10;29,712618526623;49,782974243164;49,572010040283;377,08823529412;19;4641,2903225806;60,5;3810,9333333333;50,674561403509;104,9914893617;206,11538461538
20/06/2024 07:04:20;29,713347921225;49,804679870605;65,219024658203;377,09558823529;18,799999237061;4641,3548387097;60;3811;50,675438596491;104,99290780142;206,12087912088
20/06/2024 07:04:30;29,714077315828;49,826385498047;65,537925720215;377,10294117647;18,700000762939;4641,4193548387;59,666666666667;3811,0666666667;50,676315789474;104,99432624113;206,12637362637
20/06/2024 07:04:40;29,71480671043;49,652770996094;70,353439331055;377,11029411765;18,63333384196;4641,4838709677;59,333333333333;3811,1333333333;50,677192982456;104,99574468085;206,13186813187
20/06/2024 07:04:50;29,715536105033;49,609359741211;71,654804229736;377,11764705882;18,56666692098;4641,5483870968;59;3811,2;50,678070175439;104,99716312057;206,13736263736
20/06/2024 07:05:00;29,716265499635;49,609367370605;72,956169128418;377,125;18,5;4641,6129032258;58,75;3811,2666666667;50,678947368421;104,99858156028;206,14285714286
20/06/2024 07:05:10;29,716994894238;49,479156494141;70,391151428223;377,13235294118;18,299999237061;4641,6774193548;58,5;3811,3333333333;50,679824561404;105;206,14835164835
20/06/2024 07:05:20;29,71772428884;49,565963745117;72,980072021484;377,13970588235;18,200000762939;4641,7419354839;58,25;3811,4;50,680701754386;105,00137741047;206,15384615385
20/06/2024 07:05:30;29,718453683443;49,435760498047;70,044868469238;377,14705882353;18,25;4641,8064516129;58;3811,4666666667;50,681578947368;105,00275482094;206,15934065934
20/06/2024 07:05:40;29,719183078045;49,609359741211;79,287925720215;377,15441176471;18,299999237061;4641,8709677419;57,5;3811,5333333333;50,682456140351;105,0041322314;206,16483516484
20/06/2024 07:05:50;29,719912472648;49,500854492188;82,535583496094;377,16176470588;18,233332951864;4641,935483871;57;3811,6;50,683333333333;105,00550964187;206,17032967033
20/06/2024 07:06:00;29,72064186725;49,479156494141;85,783241271973;377,16911764706;18,166666666667;4642;56,75;3811,6666666667;50,684210526316;105,00688705234;206,17582417582
20/06/2024 07:06:10;29,721371261853;49,500862121582;86,822799682617;377,17647058824;18,10000038147;4642,0625;56,5;3811,7333333333;50,685087719298;105,00826446281;206,18131868132
20/06/2024 07:06:20;29,722100656455;49,479156494141;86,818183898926;377,18382352941;18,050000190735;4642,125;56,25;3811,8;50,685964912281;105,00964187328;206,18681318681
20/06/2024 07:06:30;29,722830051058;49,414054870605;89,58349609375;377,19117647059;18;4642,1875;56;3811,8666666667;50,686842105263;105,01101928375;206,19230769231
20/06/2024 07:06:40;29,72355944566;49,479156494141;89,287117004395;377,19852941176;18,050000190735;4642,25;55,666666666667;3811,9333333333;50,687719298246;105,01239669421;206,1978021978
20/06/2024 07:06:50;29,724288840263;49,631065368652;97,295787811279;377,20588235294;18,10000038147;4642,3125;55,333333333333;3812;50,688596491228;105,01377410468;206,2032967033
20/06/2024 07:07:00;29,725018234865;49,631065368652;105,30445861816;377,21323529412;18,050000190735;4642,375;55;3812,0638297872;50,689473684211;105,01515151515;206,20879120879
20/06/2024 07:07:10;29,725747629468;49,696166992188;109,30821990967;377,22058823529;18;4642,4375;54,5;3812,1276595745;50,690350877193;105,01652892562;206,21428571429
20/06/2024 07:07:20;29,72647702407;49,73957824707;104,47926330566;377,22794117647;17,89999961853;4642,5;54;3812,1914893617;50,691228070175;105,01790633609;206,21978021978
20/06/2024 07:07:30;29,727206418673;49,913185119629;113,02199554443;377,23529411765;17,799999237061;4642,5625;53,75;3812,2553191489;50,692105263158;105,01928374656;206,22527472527
20/06/2024 07:07:40;29,727935813275;49,956588745117;105,9660949707;377,24264705882;17,89999961853;4642,625;53,5;3812,3191489362;50,69298245614;105,02066115702;206,23076923077
20/06/2024 07:07:50;29,728665207877;49,913185119629;99,199745178223;377,25;17,800000190735;4642,6875;53,25;3812,3829787234;50,693859649123;105,02203856749;206,23626373626
20/06/2024 07:08:00;29,72939460248;49,934883117676;96,381061553955;377,25735294118;17,700000762939;4642,75;53;3812,4468085106;50,694736842105;105,02341597796;206,24175824176
20/06/2024 07:08:10;29,730123997082;50,043395996094;93,562377929688;377,26470588235;17,60000038147;4642,8125;52,666666666667;3812,5106382979;50,695614035088;105,02479338843;206,24725274725
20/06/2024 07:08:20;29,730853391685;50,065093994141;129,70622253418;377,27205882353;17,5;4642,875;52,333333333333;3812,5744680851;50,69649122807;105,0261707989;206,25274725275
20/06/2024 07:08:30;29,731582786287;50,086791992188;123,95252990723;377,27941176471;17,700000762939;4642,9375;52;3812,6382978723;50,697368421053;105,02754820937;206,25824175824
20/06/2024 07:08:40;29,73231218089;50,151901245117;106,85087585449;377,28676470588;17,60000038147;4643;51,666666666667;3812,7021276596;50,698245614035;105,02892561983;206,26373626374
20/06/2024 07:08:50;29,733041575492;50,130195617676;126,65473175049;377,29411764706;17,5;4643,0625;51,333333333333;3812,7659574468;50,699122807018;105,0303030303;206,26923076923
20/06/2024 07:09:00;29,733770970095;50,130199432373;129,47430801392;377,30147058824;17,46666653951;4643,125;51;3812,829787234;50,7;105,03168044077;206,27472527473
20/06/2024 07:09:10;29,734500364697;50,13020324707;132,29388427734;377,30882352941;17,43333307902;4643,1875;50,666666666667;3812,8936170213;50,700877192982;105,03305785124;206,28021978022
20/06/2024 07:09:20;29,7352297593;50,238708496094;110,31079101563;377,31617647059;17,39999961853;4643,25;50,333333333333;3812,9574468085;50,701754385965;105,03443526171;206,28571428571
20/06/2024 07:09:30;29,735959153902;50,195304870605;93,059677124023;377,32352941176;17,428571156093;4643,3125;50;3813,0212765957;50,702631578947;105,03581267218;206,29120879121
20/06/2024 07:09:40;29,736688548505;50,13020324707;142,67274475098;377,33088235294;17,457142693656;4643,375;49,666666666667;3813,085106383;50,70350877193;105,03719008264;206,2967032967
20/06/2024 07:09:50;29,737417943107;50,282104492188;118,10059356689;377,33823529412;17,485714231219;4643,4375;49,333333333333;3813,1489361702;50,704385964912;105,03856749311;206,3021978022
20/06/2024 07:10:00;29,73814733771;50,347213745117;109,08749771118;377,34558823529;17,514285768781;4643,5;49;3813,2127659574;50,705263157895;105,03994490358;206,30769230769
20/06/2024 07:10:10;29,738876732312;50,217010498047;100,07440185547;377,35294117647;17,542857306344;4643,5625;48,666666666667;3813,2765957447;50,706140350877;105,04132231405;206,31318681319
20/06/2024 07:10:20;29,739606126915;50,303810119629;142,57344055176;377,36029411765;17,571428843907;4643,625;48,333333333333;3813,3404255319;50,70701754386;105,04269972452;206,31868131868
20/06/2024 07:10:30;29,740335521517;50,260406494141;119,139793396;377,36764705882;17,60000038147;4643,6875;48;3813,4042553191;50,707894736842;105,04407713499;206,32417582418
20/06/2024 07:10:40;29,74106491612;50,303802490234;101,28691101074;377,375;17,799999237061;4643,75;47,666666666667;3813,4680851064;50,708771929825;105,04545454545;206,32967032967
20/06/2024 07:10:50;29,741794310722;50,130195617676;107,3931350708;377,38235294118;17,849999427795;4643,8125;47,333333333333;3813,5319148936;50,709649122807;105,04683195592;206,33516483516
20/06/2024 07:11:00;29,742523705325;50,217010498047;114,48328399658;377,38970588235;17,89999961853;4643,875;47;3813,5957446809;50,710526315789;105,04820936639;206,34065934066
20/06/2024 07:11:10;29,743253099927;50,130195617676;121,57343292236;377,39705882353;18,10000038147;4643,9375;46,75;3813,6595744681;50,711403508772;105,04958677686;206,34615384615
20/06/2024 07:11:20;29,74398249453;50,043395996094;102,55661010742;377,40441176471;18,150000572205;4644;46,5;3813,7234042553;50,712280701754;105,05096418733;206,35164835165
20/06/2024 07:11:30;29,744711889132;50,13020324707;107,66861724854;377,41176470588;18,200000762939;4644,064516129;46,25;3813,7872340426;50,713157894737;105,0523415978;206,35714285714
20/06/2024 07:11:40;29,745441283735;50,108497619629;122,63009643555;377,41911764706;18,299999237061;4644,1290322581;46;3813,8510638298;50,714035087719;105,05371900826;206,36263736264
20/06/2024 07:11:50;29,746170678337;50,13020324707;103,86972045898;377,42647058824;18,200000762939;4644,1935483871;45,5;3813,914893617;50,714912280702;105,05509641873;206,36813186813
20/06/2024 07:12:00;29,746900072939;50,086799621582;106,06832122803;377,43382352941;18,300000190735;4644,2580645161;45;3813,9787234043;50,715789473684;105,0564738292;206,37362637363
20/06/2024 07:12:10;29,747629467542;49,999984741211;108,26692199707;377,44117647059;18,39999961853;4644,3225806452;44,75;3814,0425531915;50,716666666667;105,05785123967;206,37912087912
20/06/2024 07:12:20;29,748358862144;50,065093994141;120,25063323975;377,44852941176;18,449999809265;4644,3870967742;44,5;3814,1063829787;50,717543859649;105,05922865014;206,38461538462
20/06/2024 07:12:30;29,749088256747;49,956588745117;106,05718231201;377,45588235294;18,5;4644,4516129032;44,25;3814,170212766;50,718421052632;105,06060606061;206,39010989011
20/06/2024 07:12:40;29,749817651349;50,065093994141;110,22883605957;377,46323529412;18,46666653951;4644,5161290323;44;3814,2340425532;50,719298245614;105,06198347107;206,3956043956
20/06/2024 07:12:50;29,750547045952;49,999984741211;123,9951171875;377,47058823529;18,43333307902;4644,5806451613;43,666666666667;3814,2978723404;50,720175438596;105,06336088154;206,4010989011
20/06/2024 07:13:00;29,751276440554;49,999992370605;110,15817260742;377,47794117647;18,39999961853;4644,6451612903;43,333333333333;3814,3617021277;50,721052631579;105,06473829201;206,40659340659
20/06/2024 07:13:10;29,752005835157;49,999984741211;112,36000061035;377,48529411765;18,5;4644,7096774194;43;3814,4255319149;50,721929824561;105,06611570248;206,41208791209
20/06/2024 07:13:20;29,752735229759;49,978286743164;114,56182861328;377,49264705882;18,53333346049;4644,7741935484;43,5;3814,4893617021;50,722807017544;105,06749311295;206,41758241758
20/06/2024 07:13:30;29,753464624362;49,999984741211;127,12197113037;377,5;18,56666692098;4644,8387096774;44;3814,5531914894;50,723684210526;105,06887052342;206,42307692308
20/06/2024 07:13:40;29,754194018964;49,956588745117;134,50465393066;377,50735294118;18,60000038147;4644,9032258065;44,25;3814,6170212766;50,724561403509;105,07024793388;206,42857142857
20/06/2024 07:13:50;29,754923413567;50,065093994141;117,240234375;377,51470588235;18,666666666667;4644,9677419355;44,5;3814,6808510638;50,725438596491;105,07162534435;206,43406593407
20/06/2024 07:14:00;29,755652808169;50,13020324707;129,35635375977;377,52205882353;18,733332951864;4645,0322580645;44,75;3814,7446808511;50,726315789474;105,07300275482;206,43956043956
20/06/2024 07:14:10;29,756382202772;50,173599243164;133,97634887695;377,52941176471;18,799999237061;4645,0967741935;45;3814,8085106383;50,727192982456;105,07438016529;206,44505494505
20/06/2024 07:14:20;29,757111597374;50,217002868652;138,59634399414;377,53676470588;18,83333269755;4645,1612903226;45,333333333333;3814,8723404255;50,728070175439;105,07575757576;206,45054945055
20/06/2024 07:14:30;29,757840991977;50,260406494141;119,81803131104;377,54411764706;18,86666615804;4645,2258064516;45,666666666667;3814,9361702128;50,728947368421;105,07713498623;206,45604395604
20/06/2024 07:14:40;29,758570386579;50,325508117676;131,03448486328;377,55147058824;18,89999961853;4645,2903225806;46;3815;50,729824561404;105,07851239669;206,46153846154
20/06/2024 07:14:50;29,759299781182;50,260406494141;139,59642028809;377,55882352941;19;4645,3548387097;46,5;3815,0392156863;50,730701754386;105,07988980716;206,46703296703
20/06/2024 07:15:00;29,760029175784;50,260406494141;155,98880004883;377,56617647059;19,10000038147;4645,4193548387;47;3815,0784313725;50,731578947368;105,08126721763;206,47252747253
20/06/2024 07:15:10;29,760758570387;50,238708496094;144,13483428955;377,57352941176;19,13333384196;4645,4838709677;47,25;3815,1176470588;50,732456140351;105,0826446281;206,47802197802
20/06/2024 07:15:20;29,761487964989;50,217010498047;132,28086853027;377,58088235294;19,16666730245;4645,5483870968;47,5;3815,1568627451;50,733333333333;105,08402203857;206,48351648352
20/06/2024 07:15:30;29,762217359592;50,282104492188;139,3660736084;377,58823529412;19,200000762939;4645,6129032258;47,75;3815,1960784314;50,734210526316;105,08539944904;206,48901098901
20/06/2024 07:15:40;29,762946754194;50,217010498047;152,15512084961;377,59558823529;19,39999961853;4645,6774193548;48;3815,2352941176;50,735087719298;105,0867768595;206,49450549451
20/06/2024 07:15:50;29,763676148796;50,173599243164;126,38145446777;377,60294117647;19,5;4645,7419354839;48,333333333333;3815,2745098039;50,735964912281;105,08815426997;206,5
20/06/2024 07:16:00;29,764405543399;50,282104492188;134,28271484375;377,61029411765;19,449999809265;4645,8064516129;48,666666666667;3815,3137254902;50,736842105263;105,08953168044;206,50549450549
20/06/2024 07:16:10;29,765134938001;50,13020324707;141,40782928467;377,61764705882;19,39999961853;4645,8709677419;49;3815,3529411765;50,737719298246;105,09090909091;206,51098901099
20/06/2024 07:16:20;29,765864332604;50,217010498047;148,53294372559;377,625;19,60000038147;4645,935483871;49,333333333333;3815,3921568627;50,738596491228;105,09228650138;206,51648351648
20/06/2024 07:16:30;29,766593727206;50,217002868652;156,96545410156;377,63235294118;19,799999237061;4646;49,666666666667;3815,431372549;50,739473684211;105,09366391185;206,52197802198
20/06/2024 07:16:40;29,767323121809;50,390609741211;131,68528747559;377,63970588235;20,10000038147;4646,0666666667;50;3815,4705882353;50,740350877193;105,09504132231;206,52747252747
20/06/2024 07:16:50;29,768052516411;50,238708496094;147,37747192383;377,64705882353;20,25;4646,1333333333;50,333333333333;3815,5098039216;50,741228070175;105,09641873278;206,53296703297
20/06/2024 07:17:00;29,768781911014;50,173599243164;150,59385681152;377,65441176471;20,39999961853;4646,2;50,666666666667;3815,5490196078;50,742105263158;105,09779614325;206,53846153846
20/06/2024 07:17:10;29,769511305616;50,217010498047;136,65748596191;377,66176470588;20,449999809265;4646,2666666667;51;3815,5882352941;50,74298245614;105,09917355372;206,54395604396
20/06/2024 07:17:20;29,770240700219;50,195304870605;122,7211151123;377,66911764706;20,5;4646,3333333333;51,25;3815,6274509804;50,743859649123;105,10055096419;206,54945054945
20/06/2024 07:17:30;29,770970094821;50,065093994141;134,6468963623;377,67647058824;20,700000762939;4646,4;51,5;3815,6666666667;50,744736842105;105,10192837466;206,55494505495
20/06/2024 07:17:40;29,771699489424;49,869781494141;133,23199462891;377,68382352941;20,650000572205;4646,4666666667;51,75;3815,7058823529;50,745614035088;105,10330578512;206,56043956044
20/06/2024 07:17:50;29,772428884026;49,826385498047;107,05890655518;377,69117647059;20,60000038147;4646,5333333333;52;3815,7450980392;50,74649122807;105,10468319559;206,56593406593
20/06/2024 07:18:00;29,773158278629;49,826377868652;91,802581787109;377,69852941176;20,56666692098;4646,6;52,5;3815,7843137255;50,747368421053;105,10606060606;206,57142857143
20/06/2024 07:18:10;29,773887673231;49,869781494141;81,472007751465;377,70588235294;20,53333346049;4646,6666666667;53;3815,8235294118;50,748245614035;105,10743801653;206,57692307692
20/06/2024 07:18:20;29,774617067834;49,804679870605;78,311065673828;377,71323529412;20,5;4646,7333333333;53,333333333333;3815,862745098;50,749122807018;105,108815427;206,58241758242
20/06/2024 07:18:30;29,775346462436;49,913177490234;75,150123596191;377,72058823529;20,39999961853;4646,8;53,666666666667;3815,9019607843;50,75;105,11019283747;206,58791208791
20/06/2024 07:18:40;29,776075857039;49,869781494141;71,982643127441;377,72794117647;20,349999427795;4646,8666666667;54;3815,9411764706;50,750877192982;105,11157024793;206,59340659341
20/06/2024 07:18:50;29,776805251641;49,869781494141;71,228065490723;377,73529411765;20,299999237061;4646,9333333333;54,25;3815,9803921569;50,751754385965;105,1129476584;206,5989010989
20/06/2024 07:19:00;29,777534646244;49,73957824707;68,860496520996;377,74264705882;20;4647;54,5;3816,0196078431;50,752631578947;105,11432506887;206,6043956044
20/06/2024 07:19:10;29,778264040846;49,956581115723;69,185218811035;377,75;19,799999237061;4647,0666666667;54,75;3816,0588235294;50,75350877193;105,11570247934;206,60989010989
20/06/2024 07:19:20;29,778993435449;50,086791992188;74,308654785156;377,75735294118;19,64999961853;4647,1333333333;55;3816,0980392157;50,754385964912;105,11707988981;206,61538461538
20/06/2024 07:19:30;29,779722830051;49,999992370605;79,432090759277;377,76470588235;19,5;4647,2;55,5;3816,137254902;50,755263157895;105,11845730028;206,62087912088
20/06/2024 07:19:40;29,780452224654;50,151901245117;83,892616271973;377,77205882353;19,39999961853;4647,2666666667;56;3816,1764705882;50,756140350877;105,11983471074;206,62637362637
20/06/2024 07:19:50;29,781181619256;50,173599243164;82,658195495605;377,77941176471;19,299999237061;4647,3333333333;56,25;3816,2156862745;50,75701754386;105,12121212121;206,63186813187
20/06/2024 07:20:00;29,781911013858;50,238708496094;86,900756835938;377,78676470588;19;4647,4;56,5;3816,2549019608;50,757894736842;105,12258953168;206,63736263736
20/06/2024 07:20:10;29,782640408461;50,282104492188;92,016212463379;377,79411764706;19,025000095367;4647,4666666667;56,75;3816,2941176471;50,758771929825;105,12396694215;206,64285714286
20/06/2024 07:20:20;29,783369803063;50,303802490234;93,651439666748;377,80147058824;19,050000190735;4647,5333333333;57;3816,3333333333;50,759649122807;105,12534435262;206,64835164835
20/06/2024 07:20:30;29,784099197666;50,347213745117;95,286666870117;377,80882352941;19,075000286102;4647,6;57,333333333333;3816,3725490196;50,760526315789;105,12672176309;206,65384615385
20/06/2024 07:20:40;29,784828592268;50,238700866699;82,565132141113;377,81617647059;19,10000038147;4647,6666666667;57,666666666667;3816,4117647059;50,761403508772;105,12809917355;206,65934065934
20/06/2024 07:20:50;29,785557986871;50,217010498047;89,466819763184;377,82352941176;19,150000572205;4647,7333333333;58;3816,4509803922;50,762280701754;105,12947658402;206,66483516484
20/06/2024 07:21:00;29,786287381473;50,238700866699;89,786918640137;377,83088235294;19,200000762939;4647,8;58,5;3816,4901960784;50,763157894737;105,13085399449;206,67032967033
20/06/2024 07:21:10;29,787016776076;50,303802490234;86,910919189453;377,83823529412;19,233333587646;4647,8666666667;59;3816,5294117647;50,764035087719;105,13223140496;206,67582417582
20/06/2024 07:21:20;29,787746170678;50,282104492188;83,24195098877;377,84558823529;19,266666412354;4647,9333333333;59,25;3816,568627451;50,764912280702;105,13360881543;206,68131868132
20/06/2024 07:21:30;29,788475565281;50,347213745117;79,572982788086;377,85294117647;19,299999237061;4648;59,5;3816,6078431373;50,765789473684;105,1349862259;206,68681318681
20/06/2024 07:21:40;29,789204959883;50,303802490234;85,829040527344;377,86029411765;19,200000762939;4648,0666666667;59,75;3816,6470588235;50,766666666667;105,13636363636;206,69230769231
20/06/2024 07:21:50;29,789934354486;50,260406494141;80,745063781738;377,86764705882;19,233333905538;4648,1333333333;60;3816,6862745098;50,767543859649;105,13774104683;206,6978021978
20/06/2024 07:22:00;29,790663749088;50,238700866699;85,887237548828;377,875;19,266667048136;4648,2;60,333333333333;3816,7254901961;50,768421052632;105,1391184573;206,7032967033
20/06/2024 07:22:10;29,791393143691;50,217010498047;93,868278503418;377,88235294118;19,300000190735;4648,2666666667;60,666666666667;3816,7647058824;50,769298245614;105,14049586777;206,70879120879
20/06/2024 07:22:20;29,792122538293;50,282104492188;90,85725402832;377,88970588235;19,333333333333;4648,3333333333;61;3816,8039215686;50,770175438596;105,14187327824;206,71428571429
20/06/2024 07:22:30;29,792851932896;50,347213745117;87,846229553223;377,89705882353;19,366666475932;4648,4;61,5;3816,8431372549;50,771052631579;105,14325068871;206,71978021978
20/06/2024 07:22:40;29,793581327498;50,282112121582;86,146896362305;377,90441176471;19,39999961853;4648,4666666667;62;3816,8823529412;50,771929824561;105,14462809917;206,72527472527
20/06/2024 07:22:50;29,794310722101;50,260406494141;90,616104125977;377,91176470588;19,299999237061;4648,5333333333;62,25;3816,9215686275;50,772807017544;105,14600550964;206,73076923077
20/06/2024 07:23:00;29,795040116703;50,195304870605;85,983123779297;377,91911764706;19,5;4648,6;62,5;3816,9607843137;50,773684210526;105,14738292011;206,73626373626
20/06/2024 07:23:10;29,795769511306;50,13020324707;81,168449401855;377,92647058824;19,550000190735;4648,6666666667;62,75;3817;50,774561403509;105,14876033058;206,74175824176
20/06/2024 07:23:20;29,796498905908;50,043395996094;89,663787841797;377,93382352941;19,60000038147;4648,7333333333;63;3817,0555555556;50,775438596491;105,15013774105;206,74725274725
20/06/2024 07:23:30;29,797228300511;50,347213745117;88,726089477539;377,94117647059;19,550000190735;4648,8;63,333333333333;3817,1111111111;50,776315789474;105,15151515152;206,75274725275
20/06/2024 07:23:40;29,797957695113;50,173599243164;87,788391113281;377,94852941176;19,5;4648,8666666667;63,666666666667;3817,1666666667;50,777192982456;105,15289256198;206,75824175824
20/06/2024 07:23:50;29,798687089716;50,195304870605;95,746238708496;377,95588235294;19,799999237061;4648,9333333333;64;3817,2222222222;50,778070175439;105,15426997245;206,76373626374
20/06/2024 07:24:00;29,799416484318;50,238708496094;96,971458435059;377,96323529412;19,60000038147;4649;64,333333333333;3817,2777777778;50,778947368421;105,15564738292;206,76923076923
20/06/2024 07:24:10;29,80014587892;50,260406494141;85,817344665527;377,97058823529;19,699999809265;4649,0681818182;64,666666666667;3817,3333333333;50,779824561404;105,15702479339;206,77472527473
20/06/2024 07:24:20;29,800875273523;50,13020324707;81,651374816895;377,97794117647;19,799999237061;4649,1363636364;65;3817,3888888889;50,780701754386;105,15840220386;206,78021978022
20/06/2024 07:24:30;29,801604668125;50,173599243164;82,147884368896;377,98529411765;19,700000762939;4649,2045454545;65,333333333333;3817,4444444444;50,781578947368;105,15977961433;206,78571428571
20/06/2024 07:24:40;29,802334062728;50,195297241211;82,644393920898;377,99264705882;19,650000572205;4649,2727272727;65,666666666667;3817,5;50,782456140351;105,16115702479;206,79120879121
20/06/2024 07:24:50;29,80306345733;50,173599243164;90,027763366699;378;19,60000038147;4649,3409090909;66;3817,5555555556;50,783333333333;105,16253443526;206,7967032967
20/06/2024 07:25:00;29,803792851933;50,086791992188;89,246322631836;378,00769230769;19,640000152588;4649,4090909091;65,666666666667;3817,6111111111;50,784210526316;105,16391184573;206,8021978022
20/06/2024 07:25:10;29,804522246535;50,108497619629;87,166381835938;378,01538461538;19,679999923706;4649,4772727273;65,333333333333;3817,6666666667;50,785087719298;105,1652892562;206,80769230769
20/06/2024 07:25:20;29,805251641138;50,13020324707;97,854194641113;378,02307692308;19,719999694824;4649,5454545455;65;3817,7222222222;50,785964912281;105,16666666667;206,81318681319
20/06/2024 07:25:30;29,80598103574;50,043395996094;95,775539398193;378,03076923077;19,759999465942;4649,6136363636;64,666666666667;3817,7777777778;50,786842105263;105,16804407713;206,81868131868
20/06/2024 07:25:40;29,806710430343;50,086791992188;93,696884155273;378,03846153846;19,799999237061;4649,6818181818;64,333333333333;3817,8333333333;50,787719298246;105,1694214876;206,82417582418
20/06/2024 07:25:50;29,807439824945;50,021690368652;85,657760620117;378,04615384615;19,724999427795;4649,75;64;3817,8888888889;50,788596491228;105,17079889807;206,82967032967
20/06/2024 07:26:00;29,808169219548;49,999984741211;99,818916320801;378,05384615385;19,64999961853;4649,8181818182;63,75;3817,9444444444;50,789473684211;105,17217630854;206,83516483516
20/06/2024 07:26:10;29,80889861415;49,913177490234;88,632431030273;378,06153846154;19,574999809265;4649,8863636364;63,5;3818;50,790350877193;105,17355371901;206,84065934066
20/06/2024 07:26:20;29,809628008753;50,086799621582;73,751472473145;378,06923076923;19,5;4649,9545454545;63,25;3818,0555555556;50,791228070175;105,17493112948;206,84615384615
20/06/2024 07:26:30;29,810357403355;50,021690368652;79,653785705566;378,07692307692;19,39999961853;4650,0227272727;63;3818,1111111111;50,792105263158;105,17630853994;206,85164835165
20/06/2024 07:26:40;29,811086797958;49,913177490234;85,556098937988;378,08461538462;19,449999809265;4650,0909090909;62,5;3818,1666666667;50,79298245614;105,17768595041;206,85714285714
20/06/2024 07:26:50;29,81181619256;50,130195617676;80,884338378906;378,09230769231;19,5;4650,1590909091;62;3818,2222222222;50,793859649123;105,17906336088;206,86263736264
20/06/2024 07:27:00;29,812545587163;50,151901245117;92,354248046875;378,1;19,299999237061;4650,2272727273;61,666666666667;3818,2777777778;50,794736842105;105,18044077135;206,86813186813
20/06/2024 07:27:10;29,813274981765;50,173599243164;102,62428283691;378,10769230769;19,199999809265;4650,2954545455;61,333333333333;3818,3333333333;50,795614035088;105,18181818182;206,87362637363
20/06/2024 07:27:20;29,814004376368;50,217002868652;98,703964233398;378,11538461538;19,10000038147;4650,3636363636;61;3818,3888888889;50,79649122807;105,18319559229;206,87912087912
20/06/2024 07:27:30;29,81473377097;50,217010498047;101,33843231201;378,12307692308;19,200000762939;4650,4318181818;60,75;3818,4444444444;50,797368421053;105,18457300275;206,88461538462
20/06/2024 07:27:40;29,815463165573;50,130195617676;90,965950012207;378,13076923077;19;4650,5;60,5;3818,5;50,798245614035;105,18595041322;206,89010989011
20/06/2024 07:27:50;29,816192560175;50,13020324707;80,593467712402;378,13846153846;19,050000190735;4650,5681818182;60,25;3818,5555555556;50,799122807018;105,18732782369;206,8956043956
20/06/2024 07:28:00;29,816921954778;50,217002868652;83,446578979492;378,14615384615;19,10000038147;4650,6363636364;60;3818,6111111111;50,8;105,18870523416;206,9010989011
20/06/2024 07:28:10;29,81765134938;50,260406494141;94,941108703613;378,15384615385;19,116667111715;4650,7045454545;59,5;3818,6666666667;50,800877192982;105,19008264463;206,90659340659
20/06/2024 07:28:20;29,818380743982;50,303810119629;93,316062927246;378,16153846154;19,13333384196;4650,7727272727;59;3818,7222222222;50,801754385965;105,1914600551;206,91208791209
20/06/2024 07:28:30;29,819110138585;50,260406494141;98,914970397949;378,16923076923;19,150000572205;4650,8409090909;58,666666666667;3818,7777777778;50,802631578947;105,19283746556;206,91758241758
20/06/2024 07:28:40;29,819839533187;50,303802490234;105,65409851074;378,17692307692;19,16666730245;4650,9090909091;58,333333333333;3818,8333333333;50,80350877193;105,19421487603;206,92307692308
20/06/2024 07:28:50;29,82056892779;50,173606872559;112,39322662354;378,18461538462;19,183334032694;4650,9772727273;58;3818,8888888889;50,804385964912;105,1955922865;206,92857142857
20/06/2024 07:29:00;29,821298322392;50,217010498047;129,86175537109;378,19230769231;19,200000762939;4651,0454545455;57,75;3818,9444444444;50,805263157895;105,19696969697;206,93406593407
20/06/2024 07:29:10;29,822027716995;50,217002868652;111,21620941162;378,2;19,299999237061;4651,1136363636;57,5;3819;50,806140350877;105,19834710744;206,93956043956
20/06/2024 07:29:20;29,822757111597;50,173599243164;125,38516235352;378,20769230769;19,39999961853;4651,1818181818;57,25;3819,0454545455;50,80701754386;105,19972451791;206,94505494505
20/06/2024 07:29:30;29,8234865062;50,260406494141;135,32801818848;378,21538461538;19,5;4651,25;57;3819,0909090909;50,807894736842;105,20110192837;206,95054945055
20/06/2024 07:29:40;29,824215900802;50,173599243164;125,18221282959;378,22307692308;19,60000038147;4651,3181818182;56,5;3819,1363636364;50,808771929825;105,20247933884;206,95604395604
20/06/2024 07:29:50;29,824945295405;50,151901245117;115,0364074707;378,23076923077;19,5;4651,3863636364;56;3819,1818181818;50,809649122807;105,20385674931;206,96153846154
20/06/2024 07:30:00;29,825674690007;50,217010498047;129,56611633301;378,23846153846;19,75;4651,4545454545;56,25;3819,2272727273;50,810526315789;105,20523415978;206,96703296703
20/06/2024 07:30:10;29,82640408461;50,260406494141;135,42236328125;378,24615384615;20;4651,5227272727;56,5;3819,2727272727;50,811403508772;105,20661157025;206,97252747253
20/06/2024 07:30:20;29,827133479212;50,108497619629;148,32029724121;378,25384615385;20,5;4651,5909090909;56,75;3819,3181818182;50,812280701754;105,20798898072;206,97802197802
20/06/2024 07:30:30;29,827862873815;50,065093994141;121,38370513916;378,26153846154;20,89999961853;4651,6590909091;57;3819,3636363636;50,813157894737;105,20936639118;206,98351648352
20/06/2024 07:30:40;29,828592268417;50,086791992188;122,16972732544;378,26923076923;21,200000762939;4651,7272727273;57,333333333333;3819,4090909091;50,814035087719;105,21074380165;206,98901098901
20/06/2024 07:30:50;29,82932166302;49,848083496094;122,95574951172;378,27692307692;21,35000038147;4651,7954545455;57,666666666667;3819,4545454545;50,814912280702;105,21212121212;206,99450549451
20/06/2024 07:31:00;29,830051057622;49,696166992188;134,76803588867;378,28461538462;21,5;4651,8636363636;58;3819,5;50,815789473684;105,21349862259;207
20/06/2024 07:31:10;29,830780452225;49,652770996094;111,82217407227;378,29230769231;21,700000762939;4651,9318181818;58,5;3819,5454545455;50,816666666667;105,21487603306;207,00549450549
20/06/2024 07:31:20;29,831509846827;49,609359741211;117,10298919678;378,3;21,799999237061;4652;59;3819,5909090909;50,817543859649;105,21625344353;207,01098901099
20/06/2024 07:31:30;29,83223924143;49,652770996094;130,48922729492;378,30769230769;21,733332951864;4652,0714285714;59,25;3819,6363636364;50,818421052632;105,21763085399;207,01648351648
20/06/2024 07:31:40;29,832968636032;49,609359741211;131,60453796387;378,31538461538;21,666666666667;4652,1428571429;59,5;3819,6818181818;50,819298245614;105,21900826446;207,02197802198
20/06/2024 07:31:50;29,833698030635;49,674468994141;132,71984863281;378,32307692308;21,60000038147;4652,2142857143;59,75;3819,7272727273;50,820175438596;105,22038567493;207,02747252747
20/06/2024 07:32:00;29,834427425237;49,565963745117;115,17683410645;378,33076923077;21,5;4652,2857142857;60;3819,7727272727;50,821052631579;105,2217630854;207,03296703297
20/06/2024 07:32:10;29,83515681984;49,674468994141;132,89819335938;378,33846153846;21,39999961853;4652,3571428571;60,333333333333;3819,8181818182;50,821929824561;105,22314049587;207,03846153846
20/06/2024 07:32:20;29,835886214442;49,73957824707;137,74655151367;378,34615384615;21,5;4652,4285714286;60,666666666667;3819,8636363636;50,822807017544;105,22451790634;207,04395604396
20/06/2024 07:32:30;29,836615609044;49,761276245117;120,64711761475;378,35384615385;21,200000762939;4652,5;61;3819,9090909091;50,823684210526;105,2258953168;207,04945054945
20/06/2024 07:32:40;29,837345003647;50,065093994141;135,74725341797;378,36153846154;21,150000572205;4652,5714285714;61,333333333333;3819,9545454545;50,824561403509;105,22727272727;207,05494505495
20/06/2024 07:32:50;29,838074398249;50,13020324707;137,70598602295;378,36923076923;21,10000038147;4652,6428571429;61,666666666667;3820;50,825438596491;105,22865013774;207,06043956044
20/06/2024 07:33:00;29,838803792852;49,978286743164;139,66471862793;378,37692307692;21;4652,7142857143;62;3820,0454545455;50,826315789474;105,23002754821;207,06593406593
20/06/2024 07:33:10;29,839533187454;50,043395996094;123,26476287842;378,38461538462;20,700000762939;4652,7857142857;62,333333333333;3820,0909090909;50,827192982456;105,23140495868;207,07142857143
20/06/2024 07:33:20;29,840262582057;50,086791992188;145,28330993652;378,39230769231;20,75;4652,8571428571;62,666666666667;3820,1363636364;50,828070175439;105,23278236915;207,07692307692
20/06/2024 07:33:30;29,840991976659;50,108497619629;150,67976379395;378,4;20,799999237061;4652,9285714286;63;3820,1818181818;50,828947368421;105,23415977961;207,08241758242
20/06/2024 07:33:40;29,841721371262;50,173599243164;127,45233917236;378,40769230769;20,89999961853;4653;63,25;3820,2272727273;50,829824561404;105,23553719008;207,08791208791
20/06/2024 07:33:50;29,842450765864;50,086791992188;139,44221115112;378,41538461538;20,60000038147;4653,0714285714;63,5;3820,2727272727;50,830701754386;105,23691460055;207,09340659341
20/06/2024 07:34:00;29,843180160467;50,238708496094;151,43208312988;378,42307692308;20,75;4653,1428571429;63,75;3820,3181818182;50,831578947368;105,23829201102;207,0989010989
20/06/2024 07:34:10;29,843909555069;50,434020996094;148,81771850586;378,43076923077;20,89999961853;4653,2142857143;64;3820,3636363636;50,832456140351;105,23966942149;207,1043956044
20/06/2024 07:34:20;29,844638949672;50,434013366699;120,29135131836;378,43846153846;20,949999809265;4653,2857142857;64,5;3820,4090909091;50,833333333333;105,24104683196;207,10989010989
20/06/2024 07:34:30;29,845368344274;50,303802490234;98,887535095215;378,44615384615;21;4653,3571428571;65;3820,4545454545;50,834210526316;105,24242424242;207,11538461538
20/06/2024 07:34:40;29,846097738877;50,585929870605;118,80819702148;378,45384615385;20,89999961853;4653,4285714286;65,333333333333;3820,5;50,835087719298;105,24380165289;207,12087912088
20/06/2024 07:34:50;29,846827133479;50,434020996094;108,86265563965;378,46153846154;21,10000038147;4653,5;65,666666666667;3820,5454545455;50,835964912281;105,24517906336;207,12637362637
20/06/2024 07:35:00;29,847556528082;50,151901245117;98,917114257813;378,46923076923;21,199999809265;4653,5714285714;66;3820,5909090909;50,836842105263;105,24655647383;207,13186813187
20/06/2024 07:35:10;29,848285922684;49,956588745117;82,226974487305;378,47692307692;21,299999237061;4653,6428571429;66,25;3820,6363636364;50,837719298246;105,2479338843;207,13736263736
20/06/2024 07:35:20;29,849015317287;49,804679870605;74,595726013184;378,48461538462;21,39999961853;4653,7142857143;66,5;3820,6818181818;50,838596491228;105,24931129477;207,14285714286
20/06/2024 07:35:30;29,849744711889;49,869781494141;71,917762756348;378,49230769231;21,200000762939;4653,7857142857;66,75;3820,7272727273;50,839473684211;105,25068870523;207,14835164835
20/06/2024 07:35:40;29,850474106492;49,717872619629;70,030685424805;378,5;21,39999961853;4653,8571428571;67;3820,7727272727;50,840350877193;105,2520661157;207,15384615385
20/06/2024 07:35:50;29,851203501094;49,73957824707;71,575244903564;378,50769230769;21,25;4653,9285714286;67,5;3820,8181818182;50,841228070175;105,25344352617;207,15934065934
20/06/2024 07:36:00;29,851932895697;49,848075866699;73,119804382324;378,51538461538;21,10000038147;4654;68;3820,8636363636;50,842105263158;105,25482093664;207,16483516484
20/06/2024 07:36:10;29,852662290299;49,73957824707;72,745223999023;378,52307692308;21;4654,0714285714;68,25;3820,9090909091;50,84298245614;105,25619834711;207,17032967033
20/06/2024 07:36:20;29,853391684902;49,891479492188;73,681251525879;378,53076923077;21,299999237061;4654,1428571429;68,5;3820,9545454545;50,843859649123;105,25757575758;207,17582417582
20/06/2024 07:36:30;29,854121079504;49,782974243164;77,137901306152;378,53846153846;21,10000038147;4654,2142857143;68,75;3821;50,844736842105;105,25895316804;207,18131868132
20/06/2024 07:36:40;29,854850474106;49,93489074707;79,52108001709;378,54615384615;21,200000762939;4654,2857142857;69;3821,0303030303;50,845614035088;105,26033057851;207,18681318681
20/06/2024 07:36:50;29,855579868709;49,782974243164;76,520168304443;378,55384615385;21,35000038147;4654,3571428571;69,333333333333;3821,0606060606;50,84649122807;105,26170798898;207,19230769231
20/06/2024 07:37:00;29,856309263311;49,848083496094;73,519256591797;378,56153846154;21,5;4654,4285714286;69,666666666667;3821,0909090909;50,847368421053;105,26308539945;207,1978021978
20/06/2024 07:37:10;29,857038657914;49,848075866699;74,279281616211;378,56923076923;21,39999961853;4654,5;70;3821,1212121212;50,848245614035;105,26446280992;207,2032967033
20/06/2024 07:37:20;29,857768052516;49,956588745117;77,461364746094;378,57692307692;20,89999961853;4654,5714285714;70,5;3821,1515151515;50,849122807018;105,26584022039;207,20879120879
20/06/2024 07:37:30;29,858497447119;50,043395996094;84,953018188477;378,58461538462;20,799999237061;4654,6428571429;71;3821,1818181818;50,85;105,26721763085;207,21428571429
20/06/2024 07:37:40;29,859226841721;50,173599243164;87,581008911133;378,59230769231;20,699999809265;4654,7142857143;71,25;3821,2121212121;50,850877192982;105,26859504132;207,21978021978
20/06/2024 07:37:50;29,859956236324;50,217002868652;96,51993560791;378,6;20,60000038147;4654,7857142857;71,5;3821,2424242424;50,851754385965;105,26997245179;207,22527472527
20/06/2024 07:38:00;29,860685630926;50,303802490234;105,30480194092;378,60769230769;20,650000572205;4654,8571428571;71,75;3821,2727272727;50,852631578947;105,27134986226;207,23076923077
20/06/2024 07:38:10;29,861415025529;50,347213745117;114,08966827393;378,61538461538;20,700000762939;4654,9285714286;72;3821,303030303;50,85350877193;105,27272727273;207,23626373626
20/06/2024 07:38:20;29,862144420131;50,390609741211;115,73971557617;378,62307692308;20,650000572205;4655;72,333333333333;3821,3333333333;50,854385964912;105,2741046832;207,24175824176
20/06/2024 07:38:30;29,862873814734;50,434020996094;112,76156616211;378,63076923077;20,60000038147;4655,0714285714;72,666666666667;3821,3636363636;50,855263157895;105,27548209366;207,24725274725
20/06/2024 07:38:40;29,863603209336;50,477416992188;120,18212127686;378,63846153846;20,700000762939;4655,1428571429;73;3821,3939393939;50,856140350877;105,27685950413;207,25274725275
20/06/2024 07:38:50;29,864332603939;50,629325866699;123,25297546387;378,64615384615;20,900000572205;4655,2142857143;73,5;3821,4242424242;50,85701754386;105,2782369146;207,25824175824
20/06/2024 07:39:00;29,865061998541;50,607635498047;117,30176925659;378,65384615385;21,10000038147;4655,2857142857;74;3821,4545454545;50,857894736842;105,27961432507;207,26373626374
20/06/2024 07:39:10;29,865791393144;50,737838745117;111,35056304932;378,66153846154;21,39999961853;4655,3571428571;74,25;3821,4848484848;50,858771929825;105,28099173554;207,26923076923
20/06/2024 07:39:20;29,866520787746;50,824645996094;110,33800506592;378,66923076923;21,64999961853;4655,4285714286;74,5;3821,5151515152;50,859649122807;105,28236914601;207,27472527473
20/06/2024 07:39:30;29,867250182349;51,041656494141;91,986656188965;378,67692307692;21,89999961853;4655,5;74,75;3821,5454545455;50,860526315789;105,28374655647;207,28021978022
20/06/2024 07:39:40;29,867979576951;50,564224243164;85,544631958008;378,68461538462;22,299999237061;4655,5714285714;75;3821,5757575758;50,861403508772;105,28512396694;207,28571428571
20/06/2024 07:39:50;29,868708971554;49,913177490234;70,234069824219;378,69230769231;22,200000762939;4655,6428571429;75,333333333333;3821,6060606061;50,862280701754;105,28650137741;207,29120879121
20/06/2024 07:40:00;29,869438366156;49,414054870605;69,588443756104;378,7;22,25;4655,7142857143;75,666666666667;3821,6363636364;50,863157894737;105,28787878788;207,2967032967
20/06/2024 07:40:10;29,870167760759;49,34895324707;68,942817687988;378,70769230769;22,299999237061;4655,7857142857;76;3821,6666666667;50,864035087719;105,28925619835;207,3021978022
20/06/2024 07:40:20;29,870897155361;49,131935119629;37,765232086182;378,71538461538;22,233332951864;4655,8571428571;76,333333333333;3821,696969697;50,864912280702;105,29063360882;207,30769230769
20/06/2024 07:40:30;29,871626549964;49,34895324707;35,071566105421;378,72307692308;22,166666666667;4655,9285714286;76,666666666667;3821,7272727273;50,865789473684;105,29201101928;207,31318681319
20/06/2024 07:40:40;29,872355944566;49,652763366699;32,377900124661;378,73076923077;22,10000038147;4656;77;3821,7575757576;50,866666666667;105,29338842975;207,31868131868
20/06/2024 07:40:50;29,873085339168;49,869781494141;29,6842341439;378,73846153846;22;4656,0714285714;77,333333333333;3821,7878787879;50,867543859649;105,29476584022;207,32417582418
20/06/2024 07:41:00;29,873814733771;49,978286743164;26,990568163139;378,74615384615;21,85000038147;4656,1428571429;77,666666666667;3821,8181818182;50,868421052632;105,29614325069;207,32967032967
20/06/2024 07:41:10;29,874544128373;50,043395996094;24,296902182379;378,75384615385;21,700000762939;4656,2142857143;78;3821,8484848485;50,869298245614;105,29752066116;207,33516483516
20/06/2024 07:41:20;29,875273522976;49,999992370605;21,603236201618;378,76153846154;21,60000038147;4656,2857142857;78,25;3821,8787878788;50,870175438596;105,29889807163;207,34065934066
20/06/2024 07:41:30;29,876002917578;50,108497619629;18,909570220858;378,76923076923;21,5;4656,3571428571;78,5;3821,9090909091;50,871052631579;105,30027548209;207,34615384615
20/06/2024 07:41:40;29,876732312181;50,173599243164;16,215904240097;378,77692307692;21,39999961853;4656,4285714286;78,75;3821,9393939394;50,871929824561;105,30165289256;207,35164835165
20/06/2024 07:41:50;29,877461706783;50,282104492188;13,522238259337;378,78461538462;21,5;4656,5;79;3821,9696969697;50,872807017544;105,30303030303;207,35714285714
20/06/2024 07:42:00;29,878191101386;50,151901245117;10,828572278576;378,79230769231;21,60000038147;4656,5714285714;79,5;3822;50,873684210526;105,3044077135;207,36263736264
20/06/2024 07:42:10;29,878920495988;50,195304870605;8,1349062978157;378,8;21,39999961853;4656,6428571429;80;3822,0540540541;50,874561403509;105,30578512397;207,36813186813
20/06/2024 07:42:20;29,879649890591;49,999984741211;5,4412403170552;378,80769230769;21,60000038147;4656,7142857143;80,333333333333;3822,1081081081;50,875438596491;105,30716253444;207,37362637363
20/06/2024 07:42:30;29,880379285193;50,13020324707;2,7475743362946;378,81538461538;21,550000190735;4656,7857142857;80,666666666667;3822,1621621622;50,876315789474;105,3085399449;207,37912087912
20/06/2024 07:42:40;29,881108679796;50,086799621582;0,053908355534077;378,82307692308;21,5;4656,8571428571;81;3822,2162162162;50,877192982456;105,30991735537;207,38461538462
20/06/2024 07:42:50;29,881838074398;50,021690368652;0,045227836196621;378,83076923077;21,56666692098;4656,9285714286;81,25;3822,2702702703;50,878070175439;105,31129476584;207,39010989011
20/06/2024 07:43:00;29,882567469001;50,173599243164;0,036547316859166;378,83846153846;21,63333384196;4657;81,5;3822,3243243243;50,878947368421;105,31267217631;207,3956043956
20/06/2024 07:43:10;29,883296863603;50,13020324707;0,02786679752171;378,84615384615;21,700000762939;4657,0714285714;81,75;3822,3783783784;50,879824561404;105,31404958678;207,4010989011
20/06/2024 07:43:20;29,884026258206;50,303802490234;1,7313519716263;378,85384615385;21,299999237061;4657,1428571429;82;3822,4324324324;50,880701754386;105,31542699725;207,40659340659
20/06/2024 07:43:30;29,884755652808;50,347213745117;1,3022450436838;378,86153846154;21,25;4657,2142857143;82,5;3822,4864864865;50,881578947368;105,31680440771;207,41208791209
20/06/2024 07:43:40;29,885485047411;50,303802490234;0,87313811574131;378,86923076923;21,200000762939;4657,2857142857;83;3822,5405405405;50,882456140351;105,31818181818;207,41758241758
20/06/2024 07:43:50;29,886214442013;50,434013366699;0,44403118779883;378,87692307692;21,233333587646;4657,3571428571;83,25;3822,5945945946;50,883333333333;105,31955922865;207,42307692308
20/06/2024 07:44:00;29,886943836616;50,347213745117;0,014924259856343;378,88461538462;21,266666412354;4657,4285714286;83,5;3822,6486486486;50,884210526316;105,32093663912;207,42857142857
20/06/2024 07:44:10;29,887673231218;50,368911743164;0,022750949114561;378,89230769231;21,299999237061;4657,5;83,75;3822,7027027027;50,885087719298;105,32231404959;207,43406593407
20/06/2024 07:44:20;29,888402625821;50,260406494141;0,030577638372779;378,9;21,39999961853;4657,5714285714;84;3822,7567567568;50,885964912281;105,32369146006;207,43956043956
20/06/2024 07:44:30;29,889132020423;50,065093994141;0,038404327630997;378,90769230769;21,5;4657,6428571429;84,333333333333;3822,8108108108;50,886842105263;105,32506887052;207,44505494505
20/06/2024 07:44:40;29,889861415026;50,13020324707;0,046231016889215;378,91538461538;21,550000190735;4657,7142857143;84,666666666667;3822,8648648649;50,887719298246;105,32644628099;207,45054945055
20/06/2024 07:44:50;29,890590809628;49,956588745117;0,054057706147432;378,92307692308;21,60000038147;4657,7857142857;85;3822,9189189189;50,888596491228;105,32782369146;207,45604395604
20/06/2024 07:45:00;29,89132020423;49,913185119629;0,054159388962117;378,93076923077;21,700000762939;4657,8571428571;85,5;3822,972972973;50,889473684211;105,32920110193;207,46153846154
20/06/2024 07:45:10;29,892049598833;49,826385498047;0,054261071776802;378,93846153846;21,650000572205;4657,9285714286;86;3823,027027027;50,890350877193;105,3305785124;207,46703296703
20/06/2024 07:45:20;29,892778993435;49,956581115723;0,054362754591487;378,94615384615;21,60000038147;4658;86,25;3823,0810810811;50,891228070175;105,33195592287;207,47252747253
20/06/2024 07:45:30;29,893508388038;49,934883117676;0,054464437406171;378,95384615385;21,56666692098;4658,0697674419;86,5;3823,1351351351;50,892105263158;105,33333333333;207,47802197802
20/06/2024 07:45:40;29,89423778264;49,869781494141;0,054566120220856;378,96153846154;21,53333346049;4658,1395348837;86,75;3823,1891891892;50,89298245614;105,3347107438;207,48351648352
20/06/2024 07:45:50;29,894967177243;49,913177490234;0,054667803035541;378,96923076923;21,5;4658,2093023256;87;3823,2432432432;50,893859649123;105,33608815427;207,48901098901
20/06/2024 07:46:00;29,895696571845;49,826377868652;0,054769485850226;378,97692307692;21,46666653951;4658,2790697674;87,333333333333;3823,2972972973;50,894736842105;105,33746556474;207,49450549451
20/06/2024 07:46:10;29,896425966448;49,956581115723;0,054871168664911;378,98461538462;21,43333307902;4658,3488372093;87,666666666667;3823,3513513514;50,895614035088;105,33884297521;207,5
20/06/2024 07:46:20;29,89715536105;49,913177490234;0,054972851479595;378,99230769231;21,39999961853;4658,4186046512;88;3823,4054054054;50,89649122807;105,34022038567;207,50549450549
20/06/2024 07:46:30;29,897884755653;49,848083496094;0,05507453429428;379;21,5;4658,488372093;88,333333333333;3823,4594594595;50,897368421053;105,34159779614;207,51098901099
20/06/2024 07:46:40;29,898614150255;49,956588745117;0,055176217108965;379,00751879699;21,39999961853;4658,5581395349;88,666666666667;3823,5135135135;50,898245614035;105,34297520661;207,51648351648
20/06/2024 07:46:50;29,899343544858;49,826385498047;0,055157203227282;379,01503759398;21,349999427795;4658,6279069767;89;3823,5675675676;50,899122807018;105,34435261708;207,52197802198
20/06/2024 07:47:00;29,90007293946;49,869781494141;0,055138189345598;379,02255639098;21,299999237061;4658,6976744186;89,333333333333;3823,6216216216;50,9;105,34573002755;207,52747252747
20/06/2024 07:47:10;29,900802334063;49,826377868652;1,8209646400064;379,03007518797;21,39999961853;4658,7674418605;89,666666666667;3823,6756756757;50,900877192982;105,34710743802;207,53296703297
20/06/2024 07:47:20;29,901531728665;49,76127243042;3,5867910906672;379,03759398496;21,349999427795;4658,8372093023;90;3823,7297297297;50,901754385965;105,34848484848;207,53846153846
20/06/2024 07:47:30;29,902261123268;49,696166992188;5,3526175413281;379,04511278195;21,299999237061;4658,9069767442;90,333333333333;3823,7837837838;50,902631578947;105,34986225895;207,54395604396
20/06/2024 07:47:40;29,90299051787;49,696166992188;7,1184439919889;379,05263157895;21,25;4658,976744186;90,666666666667;3823,8378378378;50,90350877193;105,35123966942;207,54945054945
20/06/2024 07:47:50;29,903719912473;49,717872619629;8,8842704426497;379,06015037594;21,200000762939;4659,0465116279;91;3823,8918918919;50,904385964912;105,35261707989;207,55494505495
20/06/2024 07:48:00;29,904449307075;49,522552490234;10,650096893311;379,06766917293;21,299999237061;4659,1162790698;91,333333333333;3823,9459459459;50,905263157895;105,35399449036;207,56043956044
20/06/2024 07:48:10;29,905178701678;49,652763366699;0,066489361226559;379,07518796992;21,14999961853;4659,1860465116;91,666666666667;3824;50,906140350877;105,35537190083;207,56593406593
20/06/2024 07:48:20;29,90590809628;49,652770996094;0,026469031348825;379,08270676692;21;4659,2558139535;92;3824,0810810811;50,90701754386;105,35674931129;207,57142857143
20/06/2024 07:48:30;29,906637490883;49,652763366699;14,31970634032;379,09022556391;20,89999961853;4659,3255813953;91,666666666667;3824,1621621622;50,907894736842;105,35812672176;207,57692307692
20/06/2024 07:48:40;29,907366885485;49,73957824707;28,612943649292;379,0977443609;20,60000038147;4659,3953488372;91,333333333333;3824,2432432432;50,908771929825;105,35950413223;207,58241758242
20/06/2024 07:48:50;29,908096280088;49,956581115723;44,073875427246;379,10526315789;20,550000190735;4659,4651162791;91;3824,3243243243;50,909649122807;105,3608815427;207,58791208791
20/06/2024 07:49:00;29,90882567469;49,869781494141;45,93482208252;379,11278195489;20,5;4659,5348837209;88,5;3824,4054054054;50,910526315789;105,36225895317;207,59340659341
20/06/2024 07:49:10;29,909555069292;49,848083496094;29,561420440674;379,12030075188;20,299999237061;4659,6046511628;86;3824,4864864865;50,911403508772;105,36363636364;207,5989010989
20/06/2024 07:49:20;29,910284463895;49,327247619629;5,0615406036377;379,12781954887;20,199999809265;4659,6744186047;83,5;3824,5675675676;50,912280701754;105,3650137741;207,6043956044
20/06/2024 07:49:30;29,911013858497;49,392349243164;2,5657182298601;379,13533834586;20,10000038147;4659,7441860465;81;3824,6486486486;50,913157894737;105,36639118457;207,60989010989
20/06/2024 07:49:40;29,9117432531;49,479156494141;0,069895856082439;379,14285714286;19,89999961853;4659,8139534884;70;3824,7297297297;50,914035087719;105,36776859504;207,61538461538
20/06/2024 07:49:50;29,912472647702;49,674468994141;5,5472793579102;379,15037593985;19,60000038147;4659,8837209302;69,875;3824,8108108108;50,914912280702;105,36914600551;207,62087912088
20/06/2024 07:50:00;29,913202042305;49,73957824707;26,28980255127;379,15789473684;19,5;4659,9534883721;69,75;3824,8918918919;50,915789473684;105,37052341598;207,62637362637
20/06/2024 07:50:10;29,913931436907;49,782974243164;39,250709533691;379,16541353383;19,39999961853;4660,023255814;69,625;3824,972972973;50,916666666667;105,37190082645;207,63186813187
20/06/2024 07:50:20;29,91466083151;49,848083496094;62,018878936768;379,17293233083;19,299999237061;4660,0930232558;69,5;3825,0540540541;50,917543859649;105,37327823691;207,63736263736
20/06/2024 07:50:30;29,915390226112;49,869781494141;68,861772537231;379,18045112782;19,233332951864;4660,1627906977;69,375;3825,1351351351;50,918421052632;105,37465564738;207,64285714286
20/06/2024 07:50:40;29,916119620715;49,848075866699;75,704666137695;379,18796992481;19,166666666667;4660,2325581395;69,25;3825,2162162162;50,919298245614;105,37603305785;207,64835164835
20/06/2024 07:50:50;29,916849015317;49,696166992188;63,660667419434;379,1954887218;19,10000038147;4660,3023255814;69,125;3825,2972972973;50,920175438596;105,37741046832;207,65384615385
20/06/2024 07:51:00;29,91757840992;49,782981872559;60,351787567139;379,2030075188;19,200000762939;4660,3720930233;69;3825,3783783784;50,921052631579;105,37878787879;207,65934065934
20/06/2024 07:51:10;29,918307804522;49,609359741211;57,177631378174;379,21052631579;19,125000476837;4660,4418604651;68,875;3825,4594594595;50,921929824561;105,38016528926;207,66483516484
20/06/2024 07:51:20;29,919037199125;49,522560119629;52,906356811523;379,21804511278;19,050000190735;4660,511627907;68,75;3825,5405405405;50,922807017544;105,38154269972;207,67032967033
20/06/2024 07:51:30;29,919766593727;49,652770996094;54,15818977356;379,22556390977;18,974999904633;4660,5813953488;68,625;3825,6216216216;50,923684210526;105,38292011019;207,67582417582
20/06/2024 07:51:40;29,92049598833;49,804672241211;55,410022735596;379,23308270677;18,89999961853;4660,6511627907;68,5;3825,7027027027;50,924561403509;105,38429752066;207,68131868132
20/06/2024 07:51:50;29,921225382932;49,934883117676;55,119453430176;379,24060150376;19;4660,7209302326;68,375;3825,7837837838;50,925438596491;105,38567493113;207,68681318681
20/06/2024 07:52:00;29,921954777535;49,913177490234;56,634532928467;379,24812030075;19,10000038147;4660,7906976744;68,25;3825,8648648649;50,926315789474;105,3870523416;207,69230769231
20/06/2024 07:52:10;29,922684172137;49,826385498047;56,653888702393;379,25563909774;19,299999237061;4660,8604651163;68,125;3825,9459459459;50,927192982456;105,38842975207;207,6978021978
20/06/2024 07:52:20;29,92341356674;49,761276245117;56,542186737061;379,26315789474;19,266666412354;4660,9302325581;68;3826,027027027;50,928070175439;105,38980716253;207,7032967033
20/06/2024 07:52:30;29,924142961342;49,717872619629;57,754390716553;379,27067669173;19,233333587646;4661;67;3826,1081081081;50,928947368421;105,391184573;207,70879120879
20/06/2024 07:52:40;29,924872355945;49,782974243164;55,916156768799;379,27819548872;19,200000762939;4661,0625;66,5;3826,1891891892;50,929824561404;105,39256198347;207,71428571429
20/06/2024 07:52:50;29,925601750547;49,782981872559;54,077922821045;379,28571428571;19,150000572205;4661,125;66;3826,2702702703;50,930701754386;105,39393939394;207,71978021978
20/06/2024 07:53:00;29,92633114515;49,631065368652;53,972114562988;379,29323308271;19,10000038147;4661,1875;65,5;3826,3513513514;50,931578947368;105,39531680441;207,72527472527
20/06/2024 07:53:10;29,927060539752;49,73957824707;60,49214553833;379,3007518797;18,89999961853;4661,25;65;3826,4324324324;50,932456140351;105,39669421488;207,73076923077
20/06/2024 07:53:20;29,927789934354;49,674468994141;62,011699676514;379,30827067669;18,700000762939;4661,3125;63;3826,5135135135;50,933333333333;105,39807162534;207,73626373626
20/06/2024 07:53:30;29,928519328957;49,652763366699;68,191116333008;379,31578947368;18,75;4661,375;62;3826,5945945946;50,934210526316;105,39944903581;207,74175824176
20/06/2024 07:53:40;29,929248723559;49,652770996094;67,062995910645;379,32330827068;18,799999237061;4661,4375;61,333333333333;3826,6756756757;50,935087719298;105,40082644628;207,74725274725
20/06/2024 07:53:50;29,929978118162;49,696174621582;65,934875488281;379,33082706767;18,5;4661,5;60,666666666667;3826,7567567568;50,935964912281;105,40220385675;207,75274725275
20/06/2024 07:54:00;29,930707512764;49,696166992188;70,85359954834;379,33834586466;18,60000038147;4661,5625;60;3826,8378378378;50,936842105263;105,40358126722;207,75824175824
20/06/2024 07:54:10;29,931436907367;49,826377868652;75,11848449707;379,34586466165;18,5;4661,625;59,75;3826,9189189189;50,937719298246;105,40495867769;207,76373626374
20/06/2024 07:54:20;29,932166301969;49,804679870605;90,943000793457;379,35338345865;18,39999961853;4661,6875;59,5;3827;50,938596491228;105,40633608815;207,76923076923
20/06/2024 07:54:30;29,932895696572;49,782974243164;89,141830444336;379,36090225564;18,200000762939;4661,75;59,25;3827,0681818182;50,939473684211;105,40771349862;207,77472527473
20/06/2024 07:54:40;29,933625091174;49,891479492188;93,245212554932;379,36842105263;18,150000572205;4661,8125;59;3827,1363636364;50,940350877193;105,40909090909;207,78021978022
20/06/2024 07:54:50;29,934354485777;49,826385498047;97,348594665527;379,37593984962;18,10000038147;4661,875;58,5;3827,2045454545;50,941228070175;105,41046831956;207,78571428571
20/06/2024 07:55:00;29,935083880379;49,869781494141;87,095329284668;379,38345864662;18,150000572205;4661,9375;58;3827,2727272727;50,942105263158;105,41184573003;207,79120879121
20/06/2024 07:55:10;29,935813274982;49,93489074707;83,849571228027;379,39097744361;18,200000762939;4662;57,75;3827,3409090909;50,94298245614;105,4132231405;207,7967032967
20/06/2024 07:55:20;29,936542669584;49,869781494141;81,992164611816;379,3984962406;18,10000038147;4662,0625;57,5;3827,4090909091;50,943859649123;105,41460055096;207,8021978022
20/06/2024 07:55:30;29,937272064187;49,956581115723;91,612129211426;379,40601503759;18,06666692098;4662,125;57,25;3827,4772727273;50,944736842105;105,41597796143;207,80769230769
20/06/2024 07:55:40;29,938001458789;49,956588745117;95,911643981934;379,41353383459;18,03333346049;4662,1875;57;3827,5454545455;50,945614035088;105,4173553719;207,81318681319
20/06/2024 07:55:50;29,938730853392;49,934883117676;100,21115875244;379,42105263158;18;4662,25;56,666666666667;3827,6136363636;50,94649122807;105,41873278237;207,81868131868
20/06/2024 07:56:00;29,939460247994;49,913177490234;95,700057983398;379,42857142857;17,93333307902;4662,3125;56,333333333333;3827,6818181818;50,947368421053;105,42011019284;207,82417582418
20/06/2024 07:56:10;29,940189642597;49,913185119629;95,893516540527;379,43609022556;17,86666615804;4662,375;56;3827,75;50,948245614035;105,42148760331;207,82967032967
20/06/2024 07:56:20;29,940919037199;49,956581115723;115,54544830322;379,44360902256;17,799999237061;4662,4375;55,5;3827,8181818182;50,949122807018;105,42286501377;207,83516483516
20/06/2024 07:56:30;29,941648431802;49,956588745117;101,19570159912;379,45112781955;17,849999427795;4662,5;55;3827,8863636364;50,95;105,42424242424;207,84065934066
20/06/2024 07:56:40;29,942377826404;49,956581115723;90,081497192383;379,45864661654;17,89999961853;4662,5625;54,75;3827,9545454545;50,950877192982;105,42561983471;207,84615384615
20/06/2024 07:56:50;29,943107221007;50,043395996094;78,967292785645;379,46616541353;17,86666615804;4662,625;54,5;3828,0227272727;50,951754385965;105,42699724518;207,85164835165
20/06/2024 07:57:00;29,943836615609;49,999992370605;104,76335144043;379,47368421053;17,83333269755;4662,6875;54,25;3828,0909090909;50,952631578947;105,42837465565;207,85714285714
20/06/2024 07:57:10;29,944566010212;49,869781494141;99,62281036377;379,48120300752;17,799999237061;4662,75;54;3828,1590909091;50,95350877193;105,42975206612;207,86263736264
20/06/2024 07:57:20;29,945295404814;49,826385498047;79,311386108398;379,48872180451;17,83333269755;4662,8125;53,666666666667;3828,2272727273;50,954385964912;105,43112947658;207,86813186813
20/06/2024 07:57:30;29,946024799416;49,826377868652;111,04244232178;379,4962406015;17,86666615804;4662,875;53,333333333333;3828,2954545455;50,955263157895;105,43250688705;207,87362637363
20/06/2024 07:57:40;29,946754194019;49,934883117676;100,97832489014;379,5037593985;17,89999961853;4662,9375;53;3828,3636363636;50,956140350877;105,43388429752;207,87912087912
20/06/2024 07:57:50;29,947483588621;49,956588745117;88,406482696533;379,51127819549;17,849999427795;4663;52,666666666667;3828,4318181818;50,95701754386;105,43526170799;207,88461538462
20/06/2024 07:58:00;29,948212983224;49,891487121582;75,83464050293;379,51879699248;17,799999237061;4663,0625;52,333333333333;3828,5;50,957894736842;105,43663911846;207,89010989011
20/06/2024 07:58:10;29,948942377826;49,869781494141;71,618995666504;379,52631578947;17,75;4663,125;52;3828,5681818182;50,958771929825;105,43801652893;207,8956043956
20/06/2024 07:58:20;29,949671772429;49,913185119629;95,532028198242;379,53383458647;17,700000762939;4663,1875;51,666666666667;3828,6363636364;50,959649122807;105,43939393939;207,9010989011
20/06/2024 07:58:30;29,950401167031;49,826385498047;81,085563659668;379,54135338346;17,799999237061;4663,25;51,333333333333;3828,7045454545;50,960526315789;105,44077134986;207,90659340659
20/06/2024 07:58:40;29,951130561634;49,956581115723;75,668319702148;379,54887218045;17,733332951864;4663,3125;51;3828,7727272727;50,961403508772;105,44214876033;207,91208791209
20/06/2024 07:58:50;29,951859956236;49,869781494141;89,209053039551;379,55639097744;17,666666666667;4663,375;50,75;3828,8409090909;50,962280701754;105,4435261708;207,91758241758
20/06/2024 07:59:00;29,952589350839;49,913177490234;102,74978637695;379,56390977444;17,60000038147;4663,4375;50,5;3828,9090909091;50,963157894737;105,44490358127;207,92307692308
20/06/2024 07:59:10;29,953318745441;49,978286743164;77,215965270996;379,57142857143;17,700000762939;4663,5;50,25;3828,9772727273;50,964035087719;105,44628099174;207,92857142857
20/06/2024 07:59:20;29,954048140044;49,913177490234;77,747291564941;379,57894736842;17,63333384196;4663,5625;50;3829,0454545455;50,964912280702;105,4476584022;207,93406593407
20/06/2024 07:59:30;29,954777534646;50,043395996094;89,576179504395;379,58646616541;17,56666692098;4663,625;49,5;3829,1136363636;50,965789473684;105,44903581267;207,93956043956
20/06/2024 07:59:40;29,955506929249;49,913177490234;76,801834106445;379,59398496241;17,5;4663,6875;49;3829,1818181818;50,966666666667;105,45041322314;207,94505494505
20/06/2024 07:59:50;29,956236323851;49,826385498047;77,371898651123;379,6015037594;17,599999745687;4663,75;48,666666666667;3829,25;50,967543859649;105,45179063361;207,95054945055
20/06/2024 08:00:00;29,956965718454;49,956581115723;77,941963195801;379,60902255639;17,699999491374;4663,8125;48,333333333333;3829,3181818182;50,968421052632;105,45316804408;207,95604395604
20/06/2024 08:00:10;29,957695113056;49,913177490234;87,244819641113;379,61654135338;17,799999237061;4663,875;48;3829,3863636364;50,969298245614;105,45454545455;207,96153846154
20/06/2024 08:00:20;29,958424507659;49,956588745117;82,313186645508;379,62406015038;17,60000038147;4663,9375;47,75;3829,4545454545;50,970175438596;105,45592286501;207,96703296703
20/06/2024 08:00:30;29,959153902261;49,999984741211;79,559288024902;379,63157894737;17,650000572205;4664;47,5;3829,5227272727;50,971052631579;105,45730027548;207,97252747253
20/06/2024 08:00:40;29,959883296864;50,021690368652;91,683349609375;379,63909774436;17,700000762939;4664,0625;47,25;3829,5909090909;50,971929824561;105,45867768595;207,97802197802
20/06/2024 08:00:50;29,960612691466;49,999984741211;96,138542175293;379,64661654135;17,5;4664,125;47;3829,6590909091;50,972807017544;105,46005509642;207,98351648352
20/06/2024 08:01:00;29,961342086069;49,956588745117;100,59373474121;379,65413533835;17,485714231219;4664,1875;46,5;3829,7272727273;50,973684210526;105,46143250689;207,98901098901
20/06/2024 08:01:10;29,962071480671;50,021690368652;87,156471252441;379,66165413534;17,471428462437;4664,25;46;3829,7954545455;50,974561403509;105,46280991736;207,99450549451
20/06/2024 08:01:20;29,962800875274;50,021690368652;97,14241027832;379,66917293233;17,457142693656;4664,3125;45,666666666667;3829,8636363636;50,975438596491;105,46418732782;208
20/06/2024 08:01:30;29,963530269876;49,999984741211;107,62178039551;379,67669172932;17,442856924874;4664,375;45,333333333333;3829,9318181818;50,976315789474;105,46556473829;208,00549450549
20/06/2024 08:01:40;29,964259664478;50,043395996094;88;379,68421052632;17,428571156093;4664,4375;45;3830;50,977192982456;105,46694214876;208,01098901099
20/06/2024 08:01:50;29,964989059081;50,043395996094;99,251518249512;379,69172932331;17,414285387312;4664,5;44,75;3830,0625;50,978070175439;105,46831955923;208,01648351648
20/06/2024 08:02:00;29,965718453683;50,043395996094;103,15747070313;379,6992481203;17,39999961853;4664,5625;44,5;3830,125;50,978947368421;105,4696969697;208,02197802198
20/06/2024 08:02:10;29,966447848286;50,065093994141;107,06342315674;379,70676691729;17,700000762939;4664,625;44,25;3830,1875;50,979824561404;105,47107438017;208,02747252747
20/06/2024 08:02:20;29,967177242888;50,086791992188;117,35446166992;379,71428571429;17,716667175293;4664,6875;44;3830,25;50,980701754386;105,47245179063;208,03296703297
20/06/2024 08:02:30;29,967906637491;49,956588745117;102,09954833984;379,72180451128;17,733333587646;4664,75;43,5;3830,3125;50,981578947368;105,4738292011;208,03846153846
20/06/2024 08:02:40;29,968636032093;50,086799621582;109,02046966553;379,72932330827;17,75;4664,8125;43;3830,375;50,982456140351;105,47520661157;208,04395604396
20/06/2024 08:02:50;29,969365426696;49,999984741211;125,40866088867;379,73684210526;17,766666412354;4664,875;42,75;3830,4375;50,983333333333;105,47658402204;208,04945054945
20/06/2024 08:03:00;29,970094821298;50,043395996094;117,78149414063;379,74436090226;17,783332824707;4664,9375;42,5;3830,5;50,984210526316;105,47796143251;208,05494505495
20/06/2024 08:03:10;29,970824215901;49,934883117676;110,15432739258;379,75187969925;17,799999237061;4665;42,25;3830,5625;50,985087719298;105,47933884298;208,06043956044
20/06/2024 08:03:20;29,971553610503;49,869781494141;114,10276794434;379,75939849624;17,700000762939;4665,0625;42;3830,625;50,985964912281;105,48071625344;208,06593406593
20/06/2024 08:03:30;29,972283005106;49,934883117676;129,83596801758;379,76691729323;17,75;4665,125;41,666666666667;3830,6875;50,986842105263;105,48209366391;208,07142857143
20/06/2024 08:03:40;29,973012399708;49,913185119629;138,61824035645;379,77443609023;17,799999237061;4665,1875;41,333333333333;3830,75;50,987719298246;105,48347107438;208,07692307692
20/06/2024 08:03:50;29,973741794311;50,086791992188;118,76574707031;379,78195488722;17,849999427795;4665,25;41;3830,8125;50,988596491228;105,48484848485;208,08241758242
20/06/2024 08:04:00;29,974471188913;50,173599243164;127,12965393066;379,78947368421;17,89999961853;4665,3125;40,5;3830,875;50,989473684211;105,48622589532;208,08791208791
20/06/2024 08:04:10;29,975200583516;50,021690368652;135,49356079102;379,7969924812;17,949999809265;4665,375;40;3830,9375;50,990350877193;105,48760330579;208,09340659341
20/06/2024 08:04:20;29,975929978118;49,999984741211;138,09034729004;379,8045112782;18;4665,4375;39,75;3831;50,991228070175;105,48898071625;208,0989010989
20/06/2024 08:04:30;29,976659372721;50,086799621582;122,8673324585;379,81203007519;18,050000190735;4665,5;39,5;3831,0625;50,992105263158;105,49035812672;208,1043956044
20/06/2024 08:04:40;29,977388767323;50,086791992188;141,4907989502;379,81954887218;18,10000038147;4665,5625;39,25;3831,125;50,99298245614;105,49173553719;208,10989010989
20/06/2024 08:04:50;29,978118161926;50,043395996094;139,71626281738;379,82706766917;18;4665,625;39;3831,1875;50,993859649123;105,49311294766;208,11538461538
20/06/2024 08:05:00;29,978847556528;50,065093994141;125,0834274292;379,83458646617;18,200000762939;4665,6875;38,666666666667;3831,25;50,994736842105;105,49449035813;208,12087912088
20/06/2024 08:05:10;29,979576951131;49,999984741211;110,45059204102;379,84210526316;18,266667048136;4665,75;38,333333333333;3831,3125;50,995614035088;105,4958677686;208,12637362637
20/06/2024 08:05:20;29,980306345733;50,065093994141;143,15939331055;379,84962406015;18,333333333333;4665,8125;38;3831,375;50,99649122807;105,49724517906;208,13186813187
20/06/2024 08:05:30;29,981035740336;50,043395996094;139,29696655273;379,85714285714;18,39999961853;4665,875;37,666666666667;3831,4375;50,997368421053;105,49862258953;208,13736263736
20/06/2024 08:05:40;29,981765134938;50,086791992188;110,20536804199;379,86466165414;18,300000190735;4665,9375;37,333333333333;3831,5;50,998245614035;105,5;208,14285714286
20/06/2024 08:05:50;29,98249452954;49,999992370605;149,48745727539;379,87218045113;18,200000762939;4666;37;3831,5625;50,999122807018;105,50137741047;208,14835164835
20/06/2024 08:06:00;29,983223924143;50,086795806885;144,48525238037;379,87969924812;18,25;4666,0625;36,666666666667;3831,625;51;105,50275482094;208,15384615385
20/06/2024 08:06:10;29,983953318745;50,173599243164;139,48304748535;379,88721804511;18,299999237061;4666,125;36,333333333333;3831,6875;51,000892857143;105,5041322314;208,15934065934
20/06/2024 08:06:20;29,984682713348;50,108497619629;111,7912902832;379,89473684211;18,349999427795;4666,1875;36;3831,75;51,001785714286;105,50550964187;208,16483516484
20/06/2024 08:06:30;29,98541210795;50,130195617676;103,89321899414;379,9022556391;18,39999961853;4666,25;35,75;3831,8125;51,002678571429;105,50688705234;208,17032967033
20/06/2024 08:06:40;29,986141502553;50,086791992188;134,06330871582;379,90977443609;18,5;4666,3125;35,5;3831,875;51,003571428571;105,50826446281;208,17582417582
20/06/2024 08:06:50;29,986870897155;50,043388366699;110,54261779785;379,91729323308;18,550000190735;4666,375;35,25;3831,9375;51,004464285714;105,50964187328;208,18131868132
20/06/2024 08:07:00;29,987600291758;50,065093994141;105,53184509277;379,92481203008;18,60000038147;4666,4375;35;3832;51,005357142857;105,51101928375;208,18681318681
20/06/2024 08:07:10;29,98832968636;50,086791992188;120,11109161377;379,93233082707;18,666666666667;4666,5;35,5;3832,0344827586;51,00625;105,51239669421;208,19230769231
20/06/2024 08:07:20;29,989059080963;50,065093994141;134,69033813477;379,93984962406;18,733332951864;4666,5625;36;3832,0689655172;51,007142857143;105,51377410468;208,1978021978
20/06/2024 08:07:30;29,989788475565;49,999984741211;109,48432922363;379,94736842105;18,799999237061;4666,625;36,333333333333;3832,1034482759;51,008035714286;105,51515151515;208,2032967033
20/06/2024 08:07:40;29,990517870168;50,086791992188;107,241355896;379,95488721805;18,849999427795;4666,6875;36,666666666667;3832,1379310345;51,008928571429;105,51652892562;208,20879120879
20/06/2024 08:07:50;29,99124726477;50,108497619629;120,34952545166;379,96240601504;18,89999961853;4666,75;37;3832,1724137931;51,009821428571;105,51790633609;208,21428571429
20/06/2024 08:08:00;29,991976659373;50,097648620605;109,9732131958;379,96992481203;18,849999427795;4666,8125;37,25;3832,2068965517;51,010714285714;105,51928374656;208,21978021978
20/06/2024 08:08:10;29,992706053975;50,086799621582;109,81285858154;379,97744360902;18,799999237061;4666,875;37,5;3832,2413793103;51,011607142857;105,52066115702;208,22527472527
20/06/2024 08:08:20;29,993435448578;50,021690368652;109,65250396729;379,98496240602;19;4666,9375;37,75;3832,275862069;51,0125;105,52203856749;208,23076923077
20/06/2024 08:08:30;29,99416484318;50,043395996094;122,85984802246;379,99248120301;18,89999961853;4667;38;3832,3103448276;51,013392857143;105,52341597796;208,23626373626
20/06/2024 08:08:40;29,994894237783;49,999984741211;109,93773651123;380;19;4667,0681818182;38,5;3832,3448275862;51,014285714286;105,52479338843;208,24175824176
20/06/2024 08:08:50;29,995623632385;50,065093994141;111,74893188477;380,00763358779;19,10000038147;4667,1363636364;39;3832,3793103448;51,015178571429;105,5261707989;208,24725274725
20/06/2024 08:09:00;29,996353026988;50,13020324707;125,68167114258;380,01526717557;19,150000572205;4667,2045454545;39,25;3832,4137931034;51,016071428571;105,52754820937;208,25274725275
20/06/2024 08:09:10;29,99708242159;50,108497619629;129,57624053955;380,02290076336;19,200000762939;4667,2727272727;39,5;3832,4482758621;51,016964285714;105,52892561983;208,25824175824
20/06/2024 08:09:20;29,997811816193;50,086791992188;133,47080993652;380,03053435115;19,150000572205;4667,3409090909;39,75;3832,4827586207;51,017857142857;105,5303030303;208,26373626374
20/06/2024 08:09:30;29,998541210795;50,151901245117;114,52460479736;380,03816793893;19,10000038147;4667,4090909091;40;3832,5172413793;51,01875;105,53168044077;208,26923076923
20/06/2024 08:09:40;29,999270605398;50,065093994141;127,93625640869;380,04580152672;19,199999809265;4667,4772727273;40,333333333333;3832,5517241379;51,019642857143;105,53305785124;208,27472527473
20/06/2024 08:09:50;30;50,260406494141;134,30981445313;380,0534351145;19,299999237061;4667,5454545455;40,666666666667;3832,5862068966;51,020535714286;105,53443526171;208,28021978022
20/06/2024 08:10:00;30,00086281277;50,13020324707;115,0739440918;380,06106870229;19,200000762939;4667,6136363636;41;3832,6206896552;51,021428571429;105,53581267218;208,28571428571
20/06/2024 08:10:10;30,001725625539;50,108497619629;121,35646438599;380,06870229008;19,39999961853;4667,6818181818;41,5;3832,6551724138;51,022321428571;105,53719008264;208,29120879121
20/06/2024 08:10:20;30,002588438309;50,195304870605;127,63898468018;380,07633587786;19,5;4667,75;42;3832,6896551724;51,023214285714;105,53856749311;208,2967032967
20/06/2024 08:10:30;30,003451251079;50,173599243164;134,36116027832;380,08396946565;19,60000038147;4667,8181818182;42,25;3832,724137931;51,024107142857;105,53994490358;208,3021978022
20/06/2024 08:10:40;30,004314063848;50,086791992188;153,30326843262;380,09160305344;19,666666666667;4667,8863636364;42,5;3832,7586206897;51,025;105,54132231405;208,30769230769
20/06/2024 08:10:50;30,005176876618;50,151901245117;128,87097167969;380,09923664122;19,733332951864;4667,9545454545;42,75;3832,7931034483;51,025892857143;105,54269972452;208,31318681319
20/06/2024 08:11:00;30,006039689387;50,086791992188;136,67776489258;380,10687022901;19,799999237061;4668,0227272727;43;3832,8275862069;51,026785714286;105,54407713499;208,31868131868
20/06/2024 08:11:10;30,006902502157;50,065093994141;146,27691650391;380,11450381679;19,89999961853;4668,0909090909;43,333333333333;3832,8620689655;51,027678571429;105,54545454545;208,32417582418
20/06/2024 08:11:20;30,007765314927;50,043395996094;155,87606811523;380,12213740458;19,949999809265;4668,1590909091;43,666666666667;3832,8965517241;51,028571428571;105,54683195592;208,32967032967
20/06/2024 08:11:30;30,008628127696;50,108497619629;128,85255432129;380,12977099237;20;4668,2272727273;44;3832,9310344828;51,029464285714;105,54820936639;208,33516483516
20/06/2024 08:11:40;30,009490940466;50,13020324707;136,81886291504;380,13740458015;20,200000762939;4668,2954545455;44,333333333333;3832,9655172414;51,030357142857;105,54958677686;208,34065934066
20/06/2024 08:11:50;30,010353753236;50,173599243164;155,04753112793;380,14503816794;20,300000190735;4668,3636363636;44,666666666667;3833;51,03125;105,55096418733;208,34615384615
20/06/2024 08:12:00;30,011216566005;49,999984741211;150,75910949707;380,15267175573;20,39999961853;4668,4318181818;45;3833,0344827586;51,032142857143;105,5523415978;208,35164835165
20/06/2024 08:12:10;30,012079378775;50,086791992188;135,96035766602;380,16030534351;20,60000038147;4668,5;45,333333333333;3833,0689655172;51,033035714286;105,55371900826;208,35714285714
20/06/2024 08:12:20;30,012942191544;50,13020324707;144,07893371582;380,1679389313;21;4668,5681818182;45,666666666667;3833,1034482759;51,033928571429;105,55509641873;208,36263736264
20/06/2024 08:12:30;30,013805004314;50,043388366699;152,19750976563;380,17557251908;21,050000190735;4668,6363636364;46;3833,1379310345;51,034821428571;105,5564738292;208,36813186813
20/06/2024 08:12:40;30,014667817084;49,956588745117;141,74813842773;380,18320610687;21,10000038147;4668,7045454545;46,333333333333;3833,1724137931;51,035714285714;105,55785123967;208,37362637363
20/06/2024 08:12:50;30,015530629853;49,999984741211;129,45593261719;380,19083969466;21,299999237061;4668,7727272727;46,666666666667;3833,2068965517;51,036607142857;105,55922865014;208,37912087912
20/06/2024 08:13:00;30,016393442623;49,869781494141;144,34080505371;380,19847328244;21,200000762939;4668,8409090909;47;3833,2413793103;51,0375;105,56060606061;208,38461538462
20/06/2024 08:13:10;30,017256255393;49,956588745117;136,30891418457;380,20610687023;21,299999237061;4668,9090909091;47,333333333333;3833,275862069;51,038392857143;105,56198347107;208,39010989011
20/06/2024 08:13:20;30,018119068162;49,869781494141;124,28784561157;380,21374045802;21,25;4668,9772727273;47,666666666667;3833,3103448276;51,039285714286;105,56336088154;208,3956043956
20/06/2024 08:13:30;30,018981880932;49,826385498047;112,26677703857;380,2213740458;21,200000762939;4669,0454545455;48;3833,3448275862;51,040178571429;105,56473829201;208,4010989011
20/06/2024 08:13:40;30,019844693701;49,913185119629;144,81132507324;380,22900763359;21,233333587646;4669,1136363636;48,333333333333;3833,3793103448;51,041071428571;105,56611570248;208,40659340659
20/06/2024 08:13:50;30,020707506471;49,869781494141;139,78558349609;380,23664122137;21,266666412354;4669,1818181818;48,666666666667;3833,4137931034;51,041964285714;105,56749311295;208,41208791209
20/06/2024 08:14:00;30,021570319241;50,043395996094;111,52481842041;380,24427480916;21,299999237061;4669,25;49;3833,4482758621;51,042857142857;105,56887052342;208,41758241758
20/06/2024 08:14:10;30,02243313201;49,891479492188;145,32852172852;380,25190839695;21;4669,3181818182;49,25;3833,4827586207;51,04375;105,57024793388;208,42307692308
20/06/2024 08:14:20;30,02329594478;50,021690368652;140,93785858154;380,25954198473;21,10000038147;4669,3863636364;49,5;3833,5172413793;51,044642857143;105,57162534435;208,42857142857
20/06/2024 08:14:30;30,02415875755;49,956588745117;136,54719543457;380,26717557252;20,949999809265;4669,4545454545;49,75;3833,5517241379;51,045535714286;105,57300275482;208,43406593407
20/06/2024 08:14:40;30,025021570319;50,13020324707;108,23374938965;380,27480916031;20,799999237061;4669,5227272727;50;3833,5862068966;51,046428571429;105,57438016529;208,43956043956
20/06/2024 08:14:50;30,025884383089;50,065093994141;106,46305084229;380,28244274809;21;4669,5909090909;50,5;3833,6206896552;51,047321428571;105,57575757576;208,44505494505
20/06/2024 08:15:00;30,026747195858;50,021690368652;97,337577819824;380,29007633588;20,89999961853;4669,6590909091;51;3833,6551724138;51,048214285714;105,57713498623;208,45054945055
20/06/2024 08:15:10;30,027610008628;50,173599243164;89,33634185791;380,29770992366;20,799999237061;4669,7272727273;51,25;3833,6896551724;51,049107142857;105,57851239669;208,45604395604
20/06/2024 08:15:20;30,028472821398;50,173606872559;88,220447540283;380,30534351145;20,699999809265;4669,7954545455;51,5;3833,724137931;51,05;105,57988980716;208,46153846154
20/06/2024 08:15:30;30,029335634167;49,956588745117;87,104553222656;380,31297709924;20,60000038147;4669,8636363636;51,75;3833,7586206897;51,050892857143;105,58126721763;208,46703296703
20/06/2024 08:15:40;30,030198446937;50,065093994141;82,398048400879;380,32061068702;20,700000762939;4669,9318181818;52;3833,7931034483;51,051785714286;105,5826446281;208,47252747253
20/06/2024 08:15:50;30,031061259707;49,999984741211;81,082290649414;380,32824427481;20,550000190735;4670;52,333333333333;3833,8275862069;51,052678571429;105,58402203857;208,47802197802
20/06/2024 08:16:00;30,031924072476;49,999984741211;81,835243225098;380,3358778626;20,39999961853;4670,0697674419;52,666666666667;3833,8620689655;51,053571428571;105,58539944904;208,48351648352
20/06/2024 08:16:10;30,032786885246;50,173599243164;79,960823059082;380,34351145038;20,300000190735;4670,1395348837;53;3833,8965517241;51,054464285714;105,5867768595;208,48901098901
20/06/2024 08:16:20;30,033649698016;50,282104492188;78,400482177734;380,35114503817;20,200000762939;4670,2093023256;53,5;3833,9310344828;51,055357142857;105,58815426997;208,49450549451
20/06/2024 08:16:30;30,034512510785;50,173599243164;84,725090026855;380,35877862595;20,300000190735;4670,2790697674;54;3833,9655172414;51,05625;105,58953168044;208,5
20/06/2024 08:16:40;30,035375323555;50,32551574707;91,049697875977;380,36641221374;20,39999961853;4670,3488372093;54,25;3834;51,057142857143;105,59090909091;208,50549450549
20/06/2024 08:16:50;30,036238136324;50,217002868652;85,265609741211;380,37404580153;20,299999237061;4670,4186046512;54,5;3834,0434782609;51,058035714286;105,59228650138;208,51098901099
20/06/2024 08:17:00;30,037100949094;50,260406494141;84,274848937988;380,38167938931;20,289999389648;4670,488372093;54,75;3834,0869565217;51,058928571429;105,59366391185;208,51648351648
20/06/2024 08:17:10;30,037963761864;50,347213745117;82,050903320313;380,3893129771;20,279999542236;4670,5581395349;55;3834,1304347826;51,059821428571;105,59504132231;208,52197802198
20/06/2024 08:17:20;30,038826574633;50,260406494141;80,484725952148;380,39694656489;20,269999694824;4670,6279069767;55,333333333333;3834,1739130435;51,060714285714;105,59641873278;208,52747252747
20/06/2024 08:17:30;30,039689387403;50,151901245117;80,620487213135;380,40458015267;20,259999847412;4670,6976744186;55,666666666667;3834,2173913043;51,061607142857;105,59779614325;208,53296703297
20/06/2024 08:17:40;30,040552200173;50,282104492188;80,756248474121;380,41221374046;20,25;4670,7674418605;56;3834,2608695652;51,0625;105,59917355372;208,53846153846
20/06/2024 08:17:50;30,041415012942;50,217010498047;83,390594482422;380,41984732824;20,240000152588;4670,8372093023;56,5;3834,3043478261;51,063392857143;105,60055096419;208,54395604396
20/06/2024 08:18:00;30,042277825712;50,13020324707;79,151832580566;380,42748091603;20,230000305176;4670,9069767442;57;3834,347826087;51,064285714286;105,60192837466;208,54945054945
20/06/2024 08:18:10;30,043140638481;50,282104492188;83,308738708496;380,43511450382;20,220000457764;4670,976744186;57,25;3834,3913043478;51,065178571429;105,60330578512;208,55494505495
20/06/2024 08:18:20;30,044003451251;50,173599243164;78,530952453613;380,4427480916;20,210000610352;4671,0465116279;57,5;3834,4347826087;51,066071428571;105,60468319559;208,56043956044
20/06/2024 08:18:30;30,044866264021;50,217010498047;79,831790924072;380,45038167939;20,200000762939;4671,1162790698;57,75;3834,4782608696;51,066964285714;105,60606060606;208,56593406593
20/06/2024 08:18:40;30,04572907679;50,282104492188;81,132629394531;380,45801526718;20,299999237061;4671,1860465116;58;3834,5217391304;51,067857142857;105,60743801653;208,57142857143
20/06/2024 08:18:50;30,04659188956;50,173599243164;79,976615905762;380,46564885496;20,5;4671,2558139535;58,333333333333;3834,5652173913;51,06875;105,608815427;208,57692307692
20/06/2024 08:19:00;30,04745470233;50,282104492188;82,57933807373;380,47328244275;20,550000190735;4671,3255813953;58,666666666667;3834,6086956522;51,069642857143;105,61019283747;208,58241758242
20/06/2024 08:19:10;30,048317515099;50,086791992188;83,643768310547;380,48091603053;20,60000038147;4671,3953488372;59;3834,652173913;51,070535714286;105,61157024793;208,58791208791
20/06/2024 08:19:20;30,049180327869;50,130195617676;87,331733703613;380,48854961832;20,63333384196;4671,4651162791;59,333333333333;3834,6956521739;51,071428571429;105,6129476584;208,59340659341
20/06/2024 08:19:30;30,050043140638;50,260406494141;86,351528167725;380,49618320611;20,66666730245;4671,5348837209;59,666666666667;3834,7391304348;51,072321428571;105,61432506887;208,5989010989
20/06/2024 08:19:40;30,050905953408;50,108497619629;85,371322631836;380,50381679389;20,700000762939;4671,6046511628;60;3834,7826086957;51,073214285714;105,61570247934;208,6043956044
20/06/2024 08:19:50;30,051768766178;50,13020324707;82,77311706543;380,51145038168;20,60000038147;4671,6744186047;60,333333333333;3834,8260869565;51,074107142857;105,61707988981;208,60989010989
20/06/2024 08:20:00;30,052631578947;50,238708496094;88,283576965332;380,51908396947;20,700000762939;4671,7441860465;60,666666666667;3834,8695652174;51,075;105,61845730028;208,61538461538
20/06/2024 08:20:10;30,053494391717;50,217010498047;92,762199401855;380,52671755725;20,650000572205;4671,8139534884;61;3834,9130434783;51,075892857143;105,61983471074;208,62087912088
20/06/2024 08:20:20;30,054357204487;50,173599243164;86,636680603027;380,53435114504;20,60000038147;4671,8837209302;61,25;3834,9565217391;51,076785714286;105,62121212121;208,62637362637
20/06/2024 08:20:30;30,055220017256;50,13020324707;86,337726593018;380,54198473282;20,63333384196;4671,9534883721;61,5;3835;51,077678571429;105,62258953168;208,63186813187
20/06/2024 08:20:40;30,056082830026;50,065093994141;86,038772583008;380,54961832061;20,66666730245;4672,023255814;61,75;3835,0434782609;51,078571428571;105,62396694215;208,63736263736
20/06/2024 08:20:50;30,056945642796;50,086791992188;86,303451538086;380,5572519084;20,700000762939;4672,0930232558;62;3835,0869565217;51,079464285714;105,62534435262;208,64285714286
20/06/2024 08:21:00;30,057808455565;50,043395996094;89,821311950684;380,56488549618;20,60000038147;4672,1627906977;62,5;3835,1304347826;51,080357142857;105,62672176309;208,64835164835
20/06/2024 08:21:10;30,058671268335;50,173606872559;90,009391784668;380,57251908397;20,650000572205;4672,2325581395;63;3835,1739130435;51,08125;105,62809917355;208,65384615385
20/06/2024 08:21:20;30,059534081104;49,999984741211;93,36873626709;380,58015267176;20,700000762939;4672,3023255814;63,333333333333;3835,2173913043;51,082142857143;105,62947658402;208,65934065934
20/06/2024 08:21:30;30,060396893874;50,065093994141;94,214752197266;380,58778625954;20,66666730245;4672,3720930233;63,666666666667;3835,2608695652;51,083035714286;105,63085399449;208,66483516484
20/06/2024 08:21:40;30,061259706644;50,086791992188;95,47469329834;380,59541984733;20,63333384196;4672,4418604651;64;3835,3043478261;51,083928571429;105,63223140496;208,67032967033
20/06/2024 08:21:50;30,062122519413;50,130195617676;96,734634399414;380,60305343511;20,60000038147;4672,511627907;64,25;3835,347826087;51,084821428571;105,63360881543;208,67582417582
20/06/2024 08:22:00;30,062985332183;49,999984741211;88,64656829834;380,6106870229;20,593333689372;4672,5813953488;64,5;3835,3913043478;51,085714285714;105,6349862259;208,68131868132
20/06/2024 08:22:10;30,063848144953;50,130195617676;97,078102111816;380,61832061069;20,586666997274;4672,6511627907;64,75;3835,4347826087;51,086607142857;105,63636363636;208,68681318681
20/06/2024 08:22:20;30,064710957722;50,043395996094;91,837455749512;380,62595419847;20,580000305176;4672,7209302326;65;3835,4782608696;51,0875;105,63774104683;208,69230769231
20/06/2024 08:22:30;30,065573770492;49,999984741211;90,766067504883;380,63358778626;20,573333613078;4672,7906976744;65,5;3835,5217391304;51,088392857143;105,6391184573;208,6978021978
20/06/2024 08:22:40;30,066436583261;50,108497619629;88,785247802734;380,64122137405;20,56666692098;4672,8604651163;66;3835,5652173913;51,089285714286;105,64049586777;208,7032967033
20/06/2024 08:22:50;30,067299396031;49,999984741211;86,804428100586;380,64885496183;20,560000228882;4672,9302325581;66,25;3835,6086956522;51,090178571429;105,64187327824;208,70879120879
20/06/2024 08:23:00;30,068162208801;50,021690368652;93,254638671875;380,65648854962;20,553333536784;4673;66,5;3835,652173913;51,091071428571;105,64325068871;208,71428571429
20/06/2024 08:23:10;30,06902502157;50,173599243164;85,372840881348;380,6641221374;20,546666844686;4673,0697674419;66,75;3835,6956521739;51,091964285714;105,64462809917;208,71978021978
20/06/2024 08:23:20;30,06988783434;50,043395996094;82,531257629395;380,67175572519;20,540000152588;4673,1395348837;67;3835,7391304348;51,092857142857;105,64600550964;208,72527472527
20/06/2024 08:23:30;30,07075064711;49,999992370605;86,068710327148;380,67938931298;20,53333346049;4673,2093023256;67,333333333333;3835,7826086957;51,09375;105,64738292011;208,73076923077
20/06/2024 08:23:40;30,071613459879;49,956588745117;82,369029998779;380,68702290076;20,526666768392;4673,2790697674;67,666666666667;3835,8260869565;51,094642857143;105,64876033058;208,73626373626
20/06/2024 08:23:50;30,072476272649;50,065093994141;78,66934967041;380,69465648855;20,520000076294;4673,3488372093;68;3835,8695652174;51,095535714286;105,65013774105;208,74175824176
20/06/2024 08:24:00;30,073339085418;49,978286743164;73,730995178223;380,70229007634;20,513333384196;4673,4186046512;67,5;3835,9130434783;51,096428571429;105,65151515152;208,74725274725
20/06/2024 08:24:10;30,074201898188;49,956588745117;84,732559204102;380,70992366412;20,506666692098;4673,488372093;67;3835,9565217391;51,097321428571;105,65289256198;208,75274725275
20/06/2024 08:24:20;30,075064710958;50,086791992188;75,941436767578;380,71755725191;20,5;4673,5581395349;66,75;3836;51,098214285714;105,65426997245;208,75824175824
20/06/2024 08:24:30;30,075927523727;49,999984741211;80,283126831055;380,72519083969;20,700000762939;4673,6279069767;66,5;3836,0588235294;51,099107142857;105,65564738292;208,76373626374
20/06/2024 08:24:40;30,076790336497;49,913185119629;75,505168914795;380,73282442748;20,650000572205;4673,6976744186;66,25;3836,1176470588;51,1;105,65702479339;208,76923076923
20/06/2024 08:24:50;30,077653149267;49,956588745117;70,727210998535;380,74045801527;20,60000038147;4673,7674418605;66;3836,1764705882;51,100892857143;105,65840220386;208,77472527473
20/06/2024 08:25:00;30,078515962036;49,869781494141;82,062591552734;380,74809160305;20,550000190735;4673,8372093023;65,5;3836,2352941176;51,101785714286;105,65977961433;208,78021978022
20/06/2024 08:25:10;30,079378774806;49,956588745117;79,165504455566;380,75572519084;20,5;4673,9069767442;65;3836,2941176471;51,102678571429;105,66115702479;208,78571428571
20/06/2024 08:25:20;30,080241587575;50,043388366699;77,184814453125;380,76335877863;20,10000038147;4673,976744186;64,75;3836,3529411765;51,103571428571;105,66253443526;208,79120879121
20/06/2024 08:25:30;30,081104400345;50,043395996094;87,628791809082;380,77099236641;19,89999961853;4674,0465116279;64,5;3836,4117647059;51,104464285714;105,66391184573;208,7967032967
20/06/2024 08:25:40;30,081967213115;50,173606872559;84,943309783936;380,7786259542;19,800000190735;4674,1162790698;64,25;3836,4705882353;51,105357142857;105,6652892562;208,8021978022
20/06/2024 08:25:50;30,082830025884;50,13020324707;82,257827758789;380,78625954198;19,700000762939;4674,1860465116;64;3836,5294117647;51,10625;105,66666666667;208,80769230769
20/06/2024 08:26:00;30,083692838654;50,260406494141;83,848640441895;380,79389312977;19,75;4674,2558139535;63,666666666667;3836,5882352941;51,107142857143;105,66804407713;208,81318681319
20/06/2024 08:26:10;30,084555651424;50,282104492188;99,954116821289;380,80152671756;19,799999237061;4674,3255813953;63,333333333333;3836,6470588235;51,108035714286;105,6694214876;208,81868131868
20/06/2024 08:26:20;30,085418464193;50,347213745117;108,99225616455;380,80916030534;19,5;4674,3953488372;63;3836,7058823529;51,108928571429;105,67079889807;208,82417582418
20/06/2024 08:26:30;30,086281276963;50,390609741211;137,64083862305;380,81679389313;19,799999237061;4674,4651162791;62,5;3836,7647058824;51,109821428571;105,67217630854;208,82967032967
20/06/2024 08:26:40;30,087144089733;50,347213745117;122,03309631348;380,82442748092;19,699999809265;4674,5348837209;62;3836,8235294118;51,110714285714;105,67355371901;208,83516483516
20/06/2024 08:26:50;30,088006902502;50,347206115723;134,89754486084;380,8320610687;19,60000038147;4674,6046511628;61,75;3836,8823529412;51,111607142857;105,67493112948;208,84065934066
20/06/2024 08:27:00;30,088869715272;50,260406494141;147,7619934082;380,83969465649;19,799999237061;4674,6744186047;61,5;3836,9411764706;51,1125;105,67630853994;208,84615384615
20/06/2024 08:27:10;30,089732528041;50,347206115723;148,91131591797;380,84732824427;20;4674,7441860465;61,25;3837;51,113392857143;105,67768595041;208,85164835165
20/06/2024 08:27:20;30,090595340811;50,368911743164;116,77973175049;380,85496183206;20,25;4674,8139534884;61;3837,0588235294;51,114285714286;105,67906336088;208,85714285714
20/06/2024 08:27:30;30,091458153581;50,303802490234;142,21279907227;380,86259541985;20,5;4674,8837209302;61,333333333333;3837,1176470588;51,115178571429;105,68044077135;208,86263736264
20/06/2024 08:27:40;30,09232096635;50,13020324707;133,50187683105;380,87022900763;20,89999961853;4674,9534883721;61,666666666667;3837,1764705882;51,116071428571;105,68181818182;208,86813186813
20/06/2024 08:27:50;30,09318377912;50,043388366699;118,65282821655;380,87786259542;21,050000190735;4675,023255814;62;3837,2352941176;51,116964285714;105,68319559229;208,87362637363
20/06/2024 08:28:00;30,09404659189;49,999984741211;103,80377960205;380,88549618321;21,200000762939;4675,0930232558;61,833333333333;3837,2941176471;51,117857142857;105,68457300275;208,87912087912
20/06/2024 08:28:10;30,094909404659;49,913177490234;132,09954833984;380,89312977099;21,60000038147;4675,1627906977;61,666666666667;3837,3529411765;51,11875;105,68595041322;208,88461538462
20/06/2024 08:28:20;30,095772217429;49,826377868652;122,75527954102;380,90076335878;21,650000572205;4675,2325581395;61,5;3837,4117647059;51,119642857143;105,68732782369;208,89010989011
20/06/2024 08:28:30;30,096635030198;49,891479492188;99,175727844238;380,90839694656;21,700000762939;4675,3023255814;61,333333333333;3837,4705882353;51,120535714286;105,68870523416;208,8956043956
20/06/2024 08:28:40;30,097497842968;49,73957824707;91,258499145508;380,91603053435;21,89999961853;4675,3720930233;61,166666666667;3837,5294117647;51,121428571429;105,69008264463;208,9010989011
20/06/2024 08:28:50;30,098360655738;49,739570617676;108,43771362305;380,92366412214;21,949999809265;4675,4418604651;61;3837,5882352941;51,122321428571;105,6914600551;208,90659340659
20/06/2024 08:29:00;30,099223468507;49,869781494141;125,61692810059;380,93129770992;22;4675,511627907;61,333333333333;3837,6470588235;51,123214285714;105,69283746556;208,91208791209
20/06/2024 08:29:10;30,100086281277;49,782974243164;105,07897949219;380,93893129771;21,799999237061;4675,5813953488;61,666666666667;3837,7058823529;51,124107142857;105,69421487603;208,91758241758
20/06/2024 08:29:20;30,100949094047;49,848075866699;98,404327392578;380,9465648855;21,824999332428;4675,6511627907;62;3837,7647058824;51,125;105,6955922865;208,92307692308
20/06/2024 08:29:30;30,101811906816;49,956588745117;129,36279296875;380,95419847328;21,849999427795;4675,7209302326;62,333333333333;3837,8235294118;51,125892857143;105,69696969697;208,92857142857
20/06/2024 08:29:40;30,102674719586;49,978286743164;106,96730804443;380,96183206107;21,874999523163;4675,7906976744;62,666666666667;3837,8823529412;51,126785714286;105,69834710744;208,93406593407
20/06/2024 08:29:50;30,103537532355;49,913177490234;105,54232788086;380,96946564885;21,89999961853;4675,8604651163;63;3837,9411764706;51,127678571429;105,69972451791;208,93956043956
20/06/2024 08:30:00;30,104400345125;50,065093994141;104,11734771729;380,97709923664;21,800000190735;4675,9302325581;63,333333333333;3838;51,128571428571;105,70110192837;208,94505494505
20/06/2024 08:30:10;30,105263157895;49,913177490234;113,33476257324;380,98473282443;21,700000762939;4676;63,666666666667;3838,0384615385;51,129464285714;105,70247933884;208,95054945055
20/06/2024 08:30:20;30,106125970664;50,021690368652;103,16202545166;380,99236641221;21,685714994158;4676,0731707317;64;3838,0769230769;51,130357142857;105,70385674931;208,95604395604
20/06/2024 08:30:30;30,106988783434;49,956588745117;105,92559814453;381;21,671429225377;4676,1463414634;64,25;3838,1153846154;51,13125;105,70523415978;208,96153846154
20/06/2024 08:30:40;30,107851596204;50,021690368652;117,89646148682;381,00806451613;21,657143456595;4676,2195121951;64,5;3838,1538461538;51,132142857143;105,70661157025;208,96703296703
20/06/2024 08:30:50;30,108714408973;49,999984741211;112,63930130005;381,01612903226;21,642857687814;4676,2926829268;64,75;3838,1923076923;51,133035714286;105,70798898072;208,97252747253
20/06/2024 08:31:00;30,109577221743;50,043388366699;107,38214111328;381,02419354839;21,628571919033;4676,3658536585;65;3838,2307692308;51,133928571429;105,70936639118;208,97802197802
20/06/2024 08:31:10;30,110440034513;50,282112121582;108,14223480225;381,03225806452;21,614286150251;4676,4390243902;65,5;3838,2692307692;51,134821428571;105,71074380165;208,98351648352
20/06/2024 08:31:20;30,111302847282;50,173599243164;114,52954864502;381,04032258065;21,60000038147;4676,512195122;66;3838,3076923077;51,135714285714;105,71212121212;208,98901098901
20/06/2024 08:31:30;30,112165660052;50,477416992188;118,77613067627;381,04838709677;21,75;4676,5853658537;66,333333333333;3838,3461538462;51,136607142857;105,71349862259;208,99450549451
20/06/2024 08:31:40;30,113028472821;50,759536743164;93,313682556152;381,0564516129;21,89999961853;4676,6585365854;66,666666666667;3838,3846153846;51,1375;105,71487603306;209
20/06/2024 08:31:50;30,113891285591;50,651031494141;99,390121459961;381,06451612903;22,10000038147;4676,7317073171;67;3838,4230769231;51,138392857143;105,71625344353;209,00549450549
20/06/2024 08:32:00;30,114754098361;50,217002868652;107,12605667114;381,07258064516;22,200000762939;4676,8048780488;67,25;3838,4615384615;51,139285714286;105,71763085399;209,01098901099
20/06/2024 08:32:10;30,11561691113;49,761268615723;114,86199188232;381,08064516129;22,160000610352;4676,8780487805;67,5;3838,5;51,140178571429;105,71900826446;209,01648351648
20/06/2024 08:32:20;30,1164797239;49,522552490234;75,835578918457;381,08870967742;22,120000457764;4676,9512195122;67,75;3838,5384615385;51,141071428571;105,72038567493;209,02197802198
20/06/2024 08:32:30;30,11734253667;49,392349243164;75,507553100586;381,09677419355;22,080000305176;4677,0243902439;68;3838,5769230769;51,141964285714;105,7217630854;209,02747252747
20/06/2024 08:32:40;30,118205349439;49,652763366699;72,331932067871;381,10483870968;22,040000152588;4677,0975609756;68,5;3838,6153846154;51,142857142857;105,72314049587;209,03296703297
20/06/2024 08:32:50;30,119068162209;49,631065368652;72,767158508301;381,11290322581;22;4677,1707317073;69;3838,6538461538;51,14375;105,72451790634;209,03846153846
20/06/2024 08:33:00;30,119930974978;49,522552490234;70,774753570557;381,12096774194;21,949999809265;4677,243902439;69,25;3838,6923076923;51,144642857143;105,7258953168;209,04395604396
20/06/2024 08:33:10;30,120793787748;49,674468994141;68,782348632813;381,12903225806;21,89999961853;4677,3170731707;69,5;3838,7307692308;51,145535714286;105,72727272727;209,04945054945
20/06/2024 08:33:20;30,121656600518;49,782981872559;68,871650695801;381,13709677419;22;4677,3902439024;69,75;3838,7692307692;51,146428571429;105,72865013774;209,05494505495
20/06/2024 08:33:30;30,122519413287;49,782974243164;62,417018890381;381,14516129032;21,949999809265;4677,4634146341;70;3838,8076923077;51,147321428571;105,73002754821;209,06043956044
20/06/2024 08:33:40;30,123382226057;49,761276245117;68,071220397949;381,15322580645;21,89999961853;4677,5365853659;70,333333333333;3838,8461538462;51,148214285714;105,73140495868;209,06593406593
20/06/2024 08:33:50;30,124245038827;49,848075866699;66,031219482422;381,16129032258;21,799999237061;4677,6097560976;70,666666666667;3838,8846153846;51,149107142857;105,73278236915;209,07142857143
20/06/2024 08:34:00;30,125107851596;49,913177490234;66,64599609375;381,16935483871;21,5;4677,6829268293;71;3838,9230769231;51,15;105,73415977961;209,07692307692
20/06/2024 08:34:10;30,125970664366;49,956588745117;67,260772705078;381,17741935484;21,35000038147;4677,756097561;71,5;3838,9615384615;51,150892857143;105,73553719008;209,08241758242
20/06/2024 08:34:20;30,126833477135;49,999984741211;68,682189941406;381,18548387097;21,200000762939;4677,8292682927;72;3839;51,151785714286;105,73691460055;209,08791208791
20/06/2024 08:34:30;30,127696289905;49,999984741211;83,480590820313;381,1935483871;21,299999237061;4677,9024390244;72,25;3839,0384615385;51,152678571429;105,73829201102;209,09340659341
20/06/2024 08:34:40;30,128559102675;50,217010498047;90,64518737793;381,20161290323;21,099999427795;4677,9756097561;72,5;3839,0769230769;51,153571428571;105,73966942149;209,0989010989
20/06/2024 08:34:50;30,129421915444;50,260406494141;103,28602600098;381,20967741935;20,89999961853;4678,0487804878;72,75;3839,1153846154;51,154464285714;105,74104683196;209,1043956044
20/06/2024 08:35:00;30,130284728214;50,368911743164;105,7243270874;381,21774193548;20,799999237061;4678,1219512195;73;3839,1538461538;51,155357142857;105,74242424242;209,10989010989
20/06/2024 08:35:10;30,131147540984;50,477416992188;108,16262817383;381,22580645161;21;4678,1951219512;73,333333333333;3839,1923076923;51,15625;105,74380165289;209,11538461538
20/06/2024 08:35:20;30,132010353753;50,455718994141;111,87841033936;381,23387096774;20,949999809265;4678,2682926829;73,666666666667;3839,2307692308;51,157142857143;105,74517906336;209,12087912088
20/06/2024 08:35:30;30,132873166523;50,390609741211;110,42051696777;381,24193548387;20,89999961853;4678,3414634146;74;3839,2692307692;51,158035714286;105,74655647383;209,12637362637
20/06/2024 08:35:40;30,133735979292;50,629325866699;113,26448059082;381,25;21,299999237061;4678,4146341463;74,333333333333;3839,3076923077;51,158928571429;105,7479338843;209,13186813187
20/06/2024 08:35:50;30,134598792062;50,781234741211;104,33205413818;381,25806451613;21,39999961853;4678,487804878;74,666666666667;3839,3461538462;51,159821428571;105,74931129477;209,13736263736
20/06/2024 08:36:00;30,135461604832;50,802940368652;98,371337890625;381,26612903226;21,799999237061;4678,5609756098;75;3839,3846153846;51,160714285714;105,75068870523;209,14285714286
20/06/2024 08:36:10;30,136324417601;51,193565368652;91,068515777588;381,27419354839;21,949999809265;4678,6341463415;75,333333333333;3839,4230769231;51,161607142857;105,7520661157;209,14835164835
20/06/2024 08:36:20;30,137187230371;50,911445617676;83,765693664551;381,28225806452;22,10000038147;4678,7073170732;75,666666666667;3839,4615384615;51,1625;105,75344352617;209,15384615385
20/06/2024 08:36:30;30,138050043141;50,13020324707;74,221466064453;381,29032258065;22,39999961853;4678,7804878049;76;3839,5;51,163392857143;105,75482093664;209,15934065934
20/06/2024 08:36:40;30,13891285591;49,500854492188;73,035552978516;381,29838709677;22,449999809265;4678,8536585366;76,333333333333;3839,5384615385;51,164285714286;105,75619834711;209,16483516484
20/06/2024 08:36:50;30,13977566868;49,218734741211;59,055019378662;381,3064516129;22,5;4678,9268292683;76,666666666667;3839,5769230769;51,165178571429;105,75757575758;209,17032967033
20/06/2024 08:37:00;30,14063848145;49,479156494141;44,812316894531;381,31451612903;22,43333307902;4679;77;3839,6153846154;51,166071428571;105,75895316804;209,17582417582
20/06/2024 08:37:10;30,141501294219;49,435752868652;43,01342010498;381,32258064516;22,36666615804;4679,0731707317;77,333333333333;3839,6538461538;51,166964285714;105,76033057851;209,18131868132
20/06/2024 08:37:20;30,142364106989;49,565963745117;41,21452331543;381,33064516129;22,299999237061;4679,1463414634;77,666666666667;3839,6923076923;51,167857142857;105,76170798898;209,18681318681
20/06/2024 08:37:30;30,143226919758;49,761276245117;41,814594268799;381,33870967742;22,200000762939;4679,2195121951;78;3839,7307692308;51,16875;105,76308539945;209,19230769231
20/06/2024 08:37:40;30,144089732528;49,913177490234;58,760715484619;381,34677419355;22,150000572205;4679,2926829268;78,333333333333;3839,7692307692;51,169642857143;105,76446280992;209,1978021978
20/06/2024 08:37:50;30,144952545298;50,238708496094;69,145568847656;381,35483870968;22,10000038147;4679,3658536585;78,666666666667;3839,8076923077;51,170535714286;105,76584022039;209,2032967033
20/06/2024 08:38:00;30,145815358067;50,173599243164;88,101303100586;381,36290322581;22,050000190735;4679,4390243902;79;3839,8461538462;51,171428571429;105,76721763085;209,20879120879
20/06/2024 08:38:10;30,146678170837;50,325508117676;94,631839752197;381,37096774194;22;4679,512195122;79,25;3839,8846153846;51,172321428571;105,76859504132;209,21428571429
20/06/2024 08:38:20;30,147540983607;50,390617370605;101,16237640381;381,37903225806;22,10000038147;4679,5853658537;79,5;3839,9230769231;51,173214285714;105,76997245179;209,21978021978
20/06/2024 08:38:30;30,148403796376;50,390609741211;110,23334503174;381,38709677419;22;4679,6585365854;79,75;3839,9615384615;51,174107142857;105,77134986226;209,22527472527
20/06/2024 08:38:40;30,149266609146;50,303802490234;103,57167816162;381,39516129032;21,89999961853;4679,7317073171;80;3840;51,175;105,77272727273;209,23076923077
20/06/2024 08:38:50;30,150129421915;50,13020324707;95,809432983398;381,40322580645;21,96666653951;4679,8048780488;80,5;3840,0465116279;51,175892857143;105,7741046832;209,23626373626
20/06/2024 08:39:00;30,150992234685;50,043388366699;84,668876647949;381,41129032258;22,03333346049;4679,8780487805;81;3840,0930232558;51,176785714286;105,77548209366;209,24175824176
20/06/2024 08:39:10;30,151855047455;50,173599243164;84,937122344971;381,41935483871;22,10000038147;4679,9512195122;81,25;3840,1395348837;51,177678571429;105,77685950413;209,24725274725
20/06/2024 08:39:20;30,152717860224;50,13020324707;85,205368041992;381,42741935484;22,06666692098;4680,0243902439;81,5;3840,1860465116;51,178571428571;105,7782369146;209,25274725275
20/06/2024 08:39:30;30,153580672994;50,260406494141;72,807487487793;381,43548387097;22,03333346049;4680,0975609756;81,75;3840,2325581395;51,179464285714;105,77961432507;209,25824175824
20/06/2024 08:39:40;30,154443485764;49,956588745117;65,377975463867;381,4435483871;22;4680,1707317073;82;3840,2790697674;51,180357142857;105,78099173554;209,26373626374
20/06/2024 08:39:50;30,155306298533;50,238708496094;66,50984954834;381,45161290323;22,03333346049;4680,243902439;82,333333333333;3840,3255813953;51,18125;105,78236914601;209,26923076923
20/06/2024 08:40:00;30,156169111303;50,217010498047;64,752593994141;381,45967741935;22,06666692098;4680,3170731707;82,666666666667;3840,3720930233;51,182142857143;105,78374655647;209,27472527473
20/06/2024 08:40:10;30,157031924072;50,151901245117;66,335529327393;381,46774193548;22,10000038147;4680,3902439024;83;3840,4186046512;51,183035714286;105,78512396694;209,28021978022
20/06/2024 08:40:20;30,157894736842;50,238700866699;67,918464660645;381,47580645161;22,050000190735;4680,4634146341;83,5;3840,4651162791;51,183928571429;105,78650137741;209,28571428571
20/06/2024 08:40:30;30,158757549612;50,260406494141;66,935775756836;381,48387096774;22;4680,5365853659;84;3840,511627907;51,184821428571;105,78787878788;209,29120879121
20/06/2024 08:40:40;30,159620362381;50,412315368652;76,488754272461;381,49193548387;21,96666653951;4680,6097560976;84,25;3840,5581395349;51,185714285714;105,78925619835;209,2967032967
20/06/2024 08:40:50;30,160483175151;50,477416992188;93,686180114746;381,5;21,93333307902;4680,6829268293;84,5;3840,6046511628;51,186607142857;105,79063360882;209,3021978022
20/06/2024 08:41:00;30,161345987921;50,542526245117;100,73119354248;381,50806451613;21,89999961853;4680,756097561;84,75;3840,6511627907;51,1875;105,79201101928;209,30769230769
20/06/2024 08:41:10;30,16220880069;50,477416992188;103,09571075439;381,51612903226;22;4680,8292682927;85;3840,6976744186;51,188392857143;105,79338842975;209,31318681319
20/06/2024 08:41:20;30,16307161346;50,499122619629;104,9727973938;381,52419354839;22,10000038147;4680,9024390244;85,333333333333;3840,7441860465;51,189285714286;105,79476584022;209,31868131868
20/06/2024 08:41:30;30,16393442623;50,347206115723;106,8498840332;381,53225806452;22,200000762939;4680,9756097561;85,666666666667;3840,7906976744;51,190178571429;105,79614325069;209,32417582418
20/06/2024 08:41:40;30,164797238999;50,260406494141;97,254386901855;381,54032258065;22,39999961853;4681,0487804878;86;3840,8372093023;51,191071428571;105,79752066116;209,32967032967
20/06/2024 08:41:50;30,165660051769;50,173606872559;83,900871276855;381,54838709677;22,5;4681,1219512195;86,5;3840,8837209302;51,191964285714;105,79889807163;209,33516483516
20/06/2024 08:42:00;30,166522864538;50,043395996094;74,148445129395;381,5564516129;22,60000038147;4681,1951219512;87;3840,9302325581;51,192857142857;105,80027548209;209,34065934066
20/06/2024 08:42:10;30,167385677308;50,021690368652;68,948654174805;381,56451612903;22,5;4681,2682926829;87,25;3840,976744186;51,19375;105,80165289256;209,34615384615
20/06/2024 08:42:20;30,168248490078;50,065093994141;65,408660888672;381,57258064516;22,550000190735;4681,3414634146;87,5;3841,023255814;51,194642857143;105,80303030303;209,35164835165
20/06/2024 08:42:30;30,169111302847;50,043395996094;61,868667602539;381,58064516129;22,60000038147;4681,4146341463;87,75;3841,0697674419;51,195535714286;105,8044077135;209,35714285714
20/06/2024 08:42:40;30,169974115617;49,999984741211;58,875801086426;381,58870967742;22,700000762939;4681,487804878;88;3841,1162790698;51,196428571429;105,80578512397;209,36263736264
20/06/2024 08:42:50;30,170836928387;50,021690368652;55,781700134277;381,59677419355;22,650000572205;4681,5609756098;88,333333333333;3841,1627906977;51,197321428571;105,80716253444;209,36813186813
20/06/2024 08:43:00;30,171699741156;50,043395996094;55,23461151123;381,60483870968;22,60000038147;4681,6341463415;88,666666666667;3841,2093023256;51,198214285714;105,8085399449;209,37362637363
20/06/2024 08:43:10;30,172562553926;49,978286743164;56,478942871094;381,61290322581;22,5;4681,7073170732;89;3841,2558139535;51,199107142857;105,80991735537;209,37912087912
20/06/2024 08:43:20;30,173425366695;50,13020324707;57,13302230835;381,62096774194;22,39999961853;4681,7804878049;89,333333333333;3841,3023255814;51,2;105,81129476584;209,38461538462
20/06/2024 08:43:30;30,174288179465;50,086799621582;57,787101745605;381,62903225806;22,449999809265;4681,8536585366;89,666666666667;3841,3488372093;51,200892857143;105,81267217631;209,39010989011
20/06/2024 08:43:40;30,175150992235;50,217010498047;67,606391906738;381,63709677419;22,5;4681,9268292683;90;3841,3953488372;51,201785714286;105,81404958678;209,3956043956
20/06/2024 08:43:50;30,176013805004;50,108497619629;71,566909790039;381,64516129032;22,299999237061;4682;90,333333333333;3841,4418604651;51,202678571429;105,81542699725;209,4010989011
20/06/2024 08:44:00;30,176876617774;50,303802490234;74,40355682373;381,65322580645;22,39999961853;4682,0731707317;90,666666666667;3841,488372093;51,203571428571;105,81680440771;209,40659340659
20/06/2024 08:44:10;30,177739430544;50,151901245117;75,787666320801;381,66129032258;22,36666615804;4682,1463414634;91;3841,5348837209;51,204464285714;105,81818181818;209,41208791209
20/06/2024 08:44:20;30,178602243313;50,151901245117;74,944972991943;381,66935483871;22,33333269755;4682,2195121951;91,25;3841,5813953488;51,205357142857;105,81955922865;209,41758241758
20/06/2024 08:44:30;30,179465056083;49,999984741211;74,102279663086;381,67741935484;22,299999237061;4682,2926829268;91,5;3841,6279069767;51,20625;105,82093663912;209,42307692308
20/06/2024 08:44:40;30,180327868852;50,108497619629;73,49210357666;381,68548387097;22,39999961853;4682,3658536585;91,75;3841,6744186047;51,207142857143;105,82231404959;209,42857142857
20/06/2024 08:44:50;30,181190681622;49,999984741211;72,417747497559;381,6935483871;22,349999427795;4682,4390243902;92;3841,7209302326;51,208035714286;105,82369146006;209,43406593407
20/06/2024 08:45:00;30,182053494392;50,043395996094;67,338584899902;381,70161290323;22,299999237061;4682,512195122;92,5;3841,7674418605;51,208928571429;105,82506887052;209,43956043956
20/06/2024 08:45:10;30,182916307161;49,934883117676;63,271816253662;381,70967741935;22,39999961853;4682,5853658537;93;3841,8139534884;51,209821428571;105,82644628099;209,44505494505
20/06/2024 08:45:20;30,183779119931;50,065093994141;63,13226890564;381,71774193548;22,299999237061;4682,6585365854;92,666666666667;3841,8604651163;51,210714285714;105,82782369146;209,45054945055
20/06/2024 08:45:30;30,184641932701;49,999984741211;62,992721557617;381,72580645161;22,199999809265;4682,7317073171;92,333333333333;3841,9069767442;51,211607142857;105,82920110193;209,45604395604
20/06/2024 08:45:40;30,18550474547;50,086799621582;55,537311553955;381,73387096774;22,10000038147;4682,8048780488;92;3841,9534883721;51,2125;105,8305785124;209,46153846154
20/06/2024 08:45:50;30,18636755824;49,826385498047;47,469970703125;381,74193548387;22;4682,8780487805;89,5;3842;51,213392857143;105,83195592287;209,46703296703
20/06/2024 08:46:00;30,187230371009;49,913177490234;42,300987243652;381,75;21,89999961853;4682,9512195122;87;3842,0606060606;51,214285714286;105,83333333333;209,47252747253
20/06/2024 08:46:10;30,188093183779;50,043388366699;49,233978271484;381,75806451613;21,700000762939;4683,0243902439;84,5;3842,1212121212;51,215178571429;105,8347107438;209,47802197802
20/06/2024 08:46:20;30,188955996549;50,151901245117;52,861713409424;381,76612903226;21,650000572205;4683,0975609756;82;3842,1818181818;51,216071428571;105,83608815427;209,48351648352
20/06/2024 08:46:30;30,189818809318;50,043395996094;56,796619415283;381,77419354839;21,60000038147;4683,1707317073;70;3842,2424242424;51,216964285714;105,83746556474;209,48901098901
20/06/2024 08:46:40;30,190681622088;50,151901245117;60,731525421143;381,78225806452;21,39999961853;4683,243902439;69,944444444444;3842,303030303;51,217857142857;105,83884297521;209,49450549451
20/06/2024 08:46:50;30,191544434858;50,11935043335;66,538589477539;381,79032258065;21,5;4683,3170731707;69,888888888889;3842,3636363636;51,21875;105,84022038567;209,5
20/06/2024 08:47:00;30,192407247627;50,086799621582;60,725296020508;381,79838709677;21,449999809265;4683,3902439024;69,833333333333;3842,4242424242;51,219642857143;105,84159779614;209,50549450549
20/06/2024 08:47:10;30,193270060397;49,999984741211;70,92643737793;381,8064516129;21,39999961853;4683,4634146341;69,777777777778;3842,4848484848;51,220535714286;105,84297520661;209,51098901099
20/06/2024 08:47:20;30,194132873167;49,978286743164;71,470527648926;381,81451612903;21,60000038147;4683,5365853659;69,722222222222;3842,5454545455;51,221428571429;105,84435261708;209,51648351648
20/06/2024 08:47:30;30,194995685936;49,999992370605;70,589466094971;381,82258064516;21,299999237061;4683,6097560976;69,666666666667;3842,6060606061;51,222321428571;105,84573002755;209,52197802198
20/06/2024 08:47:40;30,195858498706;50,13020324707;69,708404541016;381,83064516129;21,349999427795;4683,6829268293;69,611111111111;3842,6666666667;51,223214285714;105,84710743802;209,52747252747
20/06/2024 08:47:50;30,196721311475;49,869781494141;65,951637268066;381,83870967742;21,39999961853;4683,756097561;69,555555555556;3842,7272727273;51,224107142857;105,84848484848;209,53296703297
20/06/2024 08:48:00;30,197584124245;50,021690368652;56,470127105713;381,84677419355;21,299999237061;4683,8292682927;69,5;3842,7878787879;51,225;105,84986225895;209,53846153846
20/06/2024 08:48:10;30,198446937015;50,086791992188;63,320415496826;381,85483870968;21,39999961853;4683,9024390244;69,444444444444;3842,8484848485;51,225892857143;105,85123966942;209,54395604396
20/06/2024 08:48:20;30,199309749784;49,999984741211;54,34880065918;381,86290322581;21,200000762939;4683,9756097561;69,388888888889;3842,9090909091;51,226785714286;105,85261707989;209,54945054945
20/06/2024 08:48:30;30,200172562554;50,086799621582;54,248355865479;381,87096774194;21,10000038147;4684,0487804878;69,333333333333;3842,9696969697;51,227678571429;105,85399449036;209,55494505495
20/06/2024 08:48:40;30,201035375324;50,086791992188;54,147911071777;381,87903225806;21;4684,1219512195;69,277777777778;3843,0303030303;51,228571428571;105,85537190083;209,56043956044
20/06/2024 08:48:50;30,201898188093;50,086791992188;52,578247070313;381,88709677419;21,10000038147;4684,1951219512;69,222222222222;3843,0909090909;51,229464285714;105,85674931129;209,56593406593
20/06/2024 08:49:00;30,202761000863;50,021690368652;53,564769744873;381,89516129032;21,050000190735;4684,2682926829;69,166666666667;3843,1515151515;51,230357142857;105,85812672176;209,57142857143
20/06/2024 08:49:10;30,203623813632;50,086791992188;54,396595001221;381,90322580645;21;4684,3414634146;69,111111111111;3843,2121212121;51,23125;105,85950413223;209,57692307692
20/06/2024 08:49:20;30,204486626402;50,086791992188;56,087799072266;381,91129032258;20,949999809265;4684,4146341463;69,055555555556;3843,2727272727;51,232142857143;105,8608815427;209,58241758242
20/06/2024 08:49:30;30,205349439172;50,260406494141;55,739883422852;381,91935483871;20,89999961853;4684,487804878;69;3843,3333333333;51,233035714286;105,86225895317;209,58791208791
20/06/2024 08:49:40;30,206212251941;50,238700866699;55,391967773438;381,92741935484;20,949999809265;4684,5609756098;68,5;3843,3939393939;51,233928571429;105,86363636364;209,59340659341
20/06/2024 08:49:50;30,207075064711;50,260406494141;56,066299438477;381,93548387097;21;4684,6341463415;68;3843,4545454545;51,234821428571;105,8650137741;209,5989010989
20/06/2024 08:50:00;30,207937877481;50,173599243164;57,116882324219;381,9435483871;20,89999961853;4684,7073170732;67,333333333333;3843,5151515152;51,235714285714;105,86639118457;209,6043956044
20/06/2024 08:50:10;30,20880069025;50,130195617676;60,376377105713;381,95161290323;20,96666653951;4684,7804878049;66,666666666667;3843,5757575758;51,236607142857;105,86776859504;209,60989010989
20/06/2024 08:50:20;30,20966350302;50,086795806885;65,354637145996;381,95967741935;21,03333346049;4684,8536585366;66;3843,6363636364;51,2375;105,86914600551;209,61538461538
20/06/2024 08:50:30;30,210526315789;50,043395996094;62,902000427246;381,96774193548;21,10000038147;4684,9268292683;65,4;3843,696969697;51,238392857143;105,87052341598;209,62087912088
20/06/2024 08:50:40;30,211389128559;50,173606872559;60,449363708496;381,97580645161;21;4685;64,8;3843,7575757576;51,239285714286;105,87190082645;209,62637362637
20/06/2024 08:50:50;30,212251941329;50,021690368652;70,647026062012;381,98387096774;21,10000038147;4685,0697674419;64,2;3843,8181818182;51,240178571429;105,87327823691;209,63186813187
20/06/2024 08:51:00;30,213114754098;50,173599243164;66,909286499023;381,99193548387;21,200000762939;4685,1395348837;63,6;3843,8787878788;51,241071428571;105,87465564738;209,63736263736
20/06/2024 08:51:10;30,213977566868;50,108497619629;74,395637512207;382;21,150000572205;4685,2093023256;63;3843,9393939394;51,241964285714;105,87603305785;209,64285714286
20/06/2024 08:51:20;30,214840379638;50,043395996094;89,459579467773;382,00806451613;21,10000038147;4685,2790697674;62,666666666667;3844;51,242857142857;105,87741046832;209,64835164835
20/06/2024 08:51:30;30,215703192407;49,956588745117;95,589584350586;382,01612903226;21,150000572205;4685,3488372093;62,333333333333;3844,0857142857;51,24375;105,87878787879;209,65384615385
20/06/2024 08:51:40;30,216566005177;50,065093994141;87,212043762207;382,02419354839;21,200000762939;4685,4186046512;62;3844,1714285714;51,244642857143;105,88016528926;209,65934065934
20/06/2024 08:51:50;30,217428817947;50,043395996094;78,834503173828;382,03225806452;21,10000038147;4685,488372093;61,75;3844,2571428571;51,245535714286;105,88154269972;209,66483516484
20/06/2024 08:52:00;30,218291630716;49,999992370605;71,866836547852;382,04032258065;21;4685,5581395349;61,5;3844,3428571429;51,246428571429;105,88292011019;209,67032967033
20/06/2024 08:52:10;30,219154443486;49,934883117676;77,198699951172;382,04838709677;21,10000038147;4685,6279069767;61,25;3844,4285714286;51,247321428571;105,88429752066;209,67582417582
20/06/2024 08:52:20;30,220017256255;49,956588745117;83,565315246582;382,0564516129;21,200000762939;4685,6976744186;61;3844,5142857143;51,248214285714;105,88567493113;209,68131868132
20/06/2024 08:52:30;30,220880069025;49,999984741211;74,565002441406;382,06451612903;21,10000038147;4685,7674418605;60,5;3844,6;51,249107142857;105,8870523416;209,68681318681
20/06/2024 08:52:40;30,221742881795;49,913185119629;75,465503692627;382,07258064516;21,150000572205;4685,8372093023;60;3844,6857142857;51,25;105,88842975207;209,69230769231
20/06/2024 08:52:50;30,222605694564;49,869781494141;76,366004943848;382,08064516129;21,200000762939;4685,9069767442;59,666666666667;3844,7714285714;51,250892857143;105,88980716253;209,6978021978
20/06/2024 08:53:00;30,223468507334;49,891487121582;87,295188903809;382,08870967742;21,160000610352;4685,976744186;59,333333333333;3844,8571428571;51,251785714286;105,891184573;209,7032967033
20/06/2024 08:53:10;30,224331320104;50,043395996094;77,017181396484;382,09677419355;21,120000457764;4686,0465116279;59;3844,9428571429;51,252678571429;105,89256198347;209,70879120879
20/06/2024 08:53:20;30,225194132873;49,913177490234;81,838333129883;382,10483870968;21,080000305176;4686,1162790698;58,75;3845,0285714286;51,253571428571;105,89393939394;209,71428571429
20/06/2024 08:53:30;30,226056945643;49,848083496094;96,579971313477;382,11290322581;21,040000152588;4686,1860465116;58,5;3845,1142857143;51,254464285714;105,89531680441;209,71978021978
20/06/2024 08:53:40;30,226919758412;49,934883117676;87,395259857178;382,12096774194;21;4686,2558139535;58,25;3845,2;51,255357142857;105,89669421488;209,72527472527
20/06/2024 08:53:50;30,227782571182;49,913177490234;78,210548400879;382,12903225806;21,050000190735;4686,3255813953;58;3845,2857142857;51,25625;105,89807162534;209,73076923077
20/06/2024 08:54:00;30,228645383952;49,804679870605;91,069915771484;382,13709677419;21,10000038147;4686,3953488372;57,5;3845,3714285714;51,257142857143;105,89944903581;209,73626373626
20/06/2024 08:54:10;30,229508196721;49,913177490234;84,492538452148;382,14516129032;21,200000762939;4686,4651162791;57;3845,4571428571;51,258035714286;105,90082644628;209,74175824176
20/06/2024 08:54:20;30,230371009491;50,086791992188;66,618873596191;382,15322580645;21,150000572205;4686,5348837209;56,75;3845,5428571429;51,258928571429;105,90220385675;209,74725274725
20/06/2024 08:54:30;30,231233822261;49,869781494141;91,646034240723;382,16129032258;21,10000038147;4686,6046511628;56,5;3845,6285714286;51,259821428571;105,90358126722;209,75274725275
20/06/2024 08:54:40;30,23209663503;49,848075866699;82,012496948242;382,16935483871;21;4686,6744186047;56,25;3845,7142857143;51,260714285714;105,90495867769;209,75824175824
20/06/2024 08:54:50;30,2329594478;49,869781494141;72,378959655762;382,17741935484;21,050000190735;4686,7441860465;56;3845,8;51,261607142857;105,90633608815;209,76373626374
20/06/2024 08:55:00;30,233822260569;49,848083496094;64,880409240723;382,18548387097;21,10000038147;4686,8139534884;55,666666666667;3845,8857142857;51,2625;105,90771349862;209,76923076923
20/06/2024 08:55:10;30,234685073339;49,826385498047;72,03401184082;382,1935483871;21;4686,8837209302;55,333333333333;3845,9714285714;51,263392857143;105,90909090909;209,77472527473
20/06/2024 08:55:20;30,235547886109;49,782981872559;64,464546203613;382,20161290323;20,89999961853;4686,9534883721;55;3846,0571428571;51,264285714286;105,91046831956;209,78021978022
20/06/2024 08:55:30;30,236410698878;49,913185119629;68,424507141113;382,20967741935;20,833333333333;4687,023255814;54,5;3846,1428571429;51,265178571429;105,91184573003;209,78571428571
20/06/2024 08:55:40;30,237273511648;49,826385498047;76,453964233398;382,21774193548;20,766667048136;4687,0930232558;54;3846,2285714286;51,266071428571;105,9132231405;209,79120879121
20/06/2024 08:55:50;30,238136324418;49,782974243164;73,251392364502;382,22580645161;20,700000762939;4687,1627906977;53,75;3846,3142857143;51,266964285714;105,91460055096;209,7967032967
20/06/2024 08:56:00;30,238999137187;49,891479492188;70,048820495605;382,23387096774;20,89999961853;4687,2325581395;53,5;3846,4;51,267857142857;105,91597796143;209,8021978022
20/06/2024 08:56:10;30,239861949957;49,826385498047;78,515472412109;382,24193548387;20,75;4687,3023255814;53,25;3846,4857142857;51,26875;105,9173553719;209,80769230769
20/06/2024 08:56:20;30,240724762726;49,891479492188;82,636871337891;382,25;20,60000038147;4687,3720930233;53;3846,5714285714;51,269642857143;105,91873278237;209,81318681319
20/06/2024 08:56:30;30,241587575496;49,782974243164;95,526710510254;382,25806451613;20,650000572205;4687,4418604651;52,666666666667;3846,6571428571;51,270535714286;105,92011019284;209,81868131868
20/06/2024 08:56:40;30,242450388266;49,869781494141;83,39274597168;382,26612903226;20,700000762939;4687,511627907;52,333333333333;3846,7428571429;51,271428571429;105,92148760331;209,82417582418
20/06/2024 08:56:50;30,243313201035;49,869781494141;88,560333251953;382,27419354839;20,60000038147;4687,5813953488;52;3846,8285714286;51,272321428571;105,92286501377;209,82967032967
20/06/2024 08:57:00;30,244176013805;49,869781494141;93,727920532227;382,28225806452;20,650000572205;4687,6511627907;51,666666666667;3846,9142857143;51,273214285714;105,92424242424;209,83516483516
20/06/2024 08:57:10;30,245038826575;49,956588745117;88,563011169434;382,29032258065;20,700000762939;4687,7209302326;51,333333333333;3847;51,274107142857;105,92561983471;209,84065934066
20/06/2024 08:57:20;30,245901639344;49,956581115723;91,407867431641;382,29838709677;20,60000038147;4687,7906976744;51;3847,075;51,275;105,92699724518;209,84615384615
20/06/2024 08:57:30;30,246764452114;49,869781494141;97,857139587402;382,3064516129;20,5;4687,8604651163;50,666666666667;3847,15;51,275892857143;105,92837465565;209,85164835165
20/06/2024 08:57:40;30,247627264884;49,848083496094;75,651290893555;382,31451612903;20,550000190735;4687,9302325581;50,333333333333;3847,225;51,276785714286;105,92975206612;209,85714285714
20/06/2024 08:57:50;30,248490077653;49,826385498047;71,846752166748;382,32258064516;20,60000038147;4688;50;3847,3;51,277678571429;105,93112947658;209,86263736264
20/06/2024 08:58:00;30,249352890423;49,913177490234;68,042213439941;382,33064516129;20,585714612688;4688,0697674419;49,666666666667;3847,375;51,278571428571;105,93250688705;209,86813186813
20/06/2024 08:58:10;30,250215703192;49,934883117676;82,909683227539;382,33870967742;20,571428843907;4688,1395348837;49,333333333333;3847,45;51,279464285714;105,93388429752;209,87362637363
20/06/2024 08:58:20;30,251078515962;49,826385498047;68,93611907959;382,34677419355;20,557143075126;4688,2093023256;49;3847,525;51,280357142857;105,93526170799;209,87912087912
20/06/2024 08:58:30;30,251941328732;49,913185119629;75,388061523438;382,35483870968;20,542857306344;4688,2790697674;48,666666666667;3847,6;51,28125;105,93663911846;209,88461538462
20/06/2024 08:58:40;30,252804141501;49,913177490234;70,598579406738;382,36290322581;20,528571537563;4688,3488372093;48,333333333333;3847,675;51,282142857143;105,93801652893;209,89010989011
20/06/2024 08:58:50;30,253666954271;49,956588745117;71,888130187988;382,37096774194;20,514285768781;4688,4186046512;48;3847,75;51,283035714286;105,93939393939;209,8956043956
20/06/2024 08:59:00;30,254529767041;49,848075866699;73,177680969238;382,37903225806;20,5;4688,488372093;47,666666666667;3847,825;51,283928571429;105,94077134986;209,9010989011
20/06/2024 08:59:10;30,25539257981;49,956588745117;82,024452209473;382,38709677419;20,53333346049;4688,5581395349;47,333333333333;3847,9;51,284821428571;105,94214876033;209,90659340659
20/06/2024 08:59:20;30,25625539258;50,043395996094;87,586769104004;382,39516129032;20,56666692098;4688,6279069767;47;3847,975;51,285714285714;105,9435261708;209,91208791209
20/06/2024 08:59:30;30,257118205349;50,086791992188;80,065231323242;382,40322580645;20,60000038147;4688,6976744186;46,75;3848,05;51,286607142857;105,94490358127;209,91758241758
20/06/2024 08:59:40;30,257981018119;50,043395996094;84,727325439453;382,41129032258;20,550000190735;4688,7674418605;46,5;3848,125;51,2875;105,94628099174;209,92307692308
20/06/2024 08:59:50;30,258843830889;49,978286743164;95,265472412109;382,41935483871;20,5;4688,8372093023;46,25;3848,2;51,288392857143;105,9476584022;209,92857142857
20/06/2024 09:00:00;30,259706643658;50,043395996094;105,80361938477;382,42741935484;20,50909094377;4688,9069767442;46;3848,275;51,289285714286;105,94903581267;209,93406593407
20/06/2024 09:00:10;30,260569456428;49,804679870605;85,796310424805;382,43548387097;20,51818188754;4688,976744186;45,5;3848,35;51,290178571429;105,95041322314;209,93956043956
20/06/2024 09:00:20;30,261432269198;49,782974243164;99,440505981445;382,4435483871;20,52727283131;4689,0465116279;45;3848,425;51,291071428571;105,95179063361;209,94505494505
20/06/2024 09:00:30;30,262295081967;49,934883117676;102,20578765869;382,45161290323;20,53636377508;4689,1162790698;44,666666666667;3848,5;51,291964285714;105,95316804408;209,95054945055
20/06/2024 09:00:40;30,263157894737;49,913185119629;76,611801147461;382,45967741935;20,54545471885;4689,1860465116;44,333333333333;3848,575;51,292857142857;105,95454545455;209,95604395604
20/06/2024 09:00:50;30,264020707506;49,956588745117;106,48134613037;382,46774193548;20,55454566262;4689,2558139535;44;3848,65;51,29375;105,95592286501;209,96153846154
20/06/2024 09:01:00;30,264883520276;49,913177490234;96,431118011475;382,47580645161;20,56363660639;4689,3255813953;43,75;3848,725;51,294642857143;105,95730027548;209,96703296703
20/06/2024 09:01:10;30,265746333046;49,782974243164;86,380889892578;382,48387096774;20,57272755016;4689,3953488372;43,5;3848,8;51,295535714286;105,95867768595;209,97252747253
20/06/2024 09:01:20;30,266609145815;49,782974243164;77,19953918457;382,49193548387;20,58181849393;4689,4651162791;43,25;3848,875;51,296428571429;105,96005509642;209,97802197802
20/06/2024 09:01:30;30,267471958585;49,804679870605;94,077758789063;382,5;20,5909094377;4689,5348837209;43;3848,95;51,297321428571;105,96143250689;209,98351648352
20/06/2024 09:01:40;30,268334771355;49,804679870605;76,679626464844;382,50806451613;20,60000038147;4689,6046511628;42,5;3849,025;51,298214285714;105,96280991736;209,98901098901
20/06/2024 09:01:50;30,269197584124;49,869781494141;84,206130981445;382,51612903226;20,550000190735;4689,6744186047;42;3849,1;51,299107142857;105,96418732782;209,99450549451
20/06/2024 09:02:00;30,270060396894;49,782974243164;90,20238494873;382,52419354839;20,5;4689,7441860465;41,75;3849,175;51,3;105,96556473829;210
20/06/2024 09:02:10;30,270923209664;49,717872619629;96,198638916016;382,53225806452;20,60000038147;4689,8139534884;41,5;3849,25;51,300892857143;105,96694214876;210,00549450549
20/06/2024 09:02:20;30,271786022433;49,869781494141;83,955123901367;382,54032258065;20,550000190735;4689,8837209302;41,25;3849,325;51,301785714286;105,96831955923;210,01098901099
20/06/2024 09:02:30;30,272648835203;49,761276245117;97,43482208252;382,54838709677;20,5;4689,9534883721;41;3849,4;51,302678571429;105,9696969697;210,01648351648
20/06/2024 09:02:40;30,273511647972;49,782974243164;106,18622589111;382,5564516129;20,550000190735;4690,023255814;40,666666666667;3849,475;51,303571428571;105,97107438017;210,02197802198
20/06/2024 09:02:50;30,274374460742;49,826385498047;94,253852844238;382,56451612903;20,60000038147;4690,0930232558;40,333333333333;3849,55;51,304464285714;105,97245179063;210,02747252747
20/06/2024 09:03:00;30,275237273512;49,848083496094;99,80846786499;382,57258064516;20,63333384196;4690,1627906977;40;3849,625;51,305357142857;105,9738292011;210,03296703297
20/06/2024 09:03:10;30,276100086281;49,869781494141;105,36308288574;382,58064516129;20,66666730245;4690,2325581395;40,166666666667;3849,7;51,30625;105,97520661157;210,03846153846
20/06/2024 09:03:20;30,276962899051;49,826377868652;124,03628540039;382,58870967742;20,700000762939;4690,3023255814;40,333333333333;3849,775;51,307142857143;105,97658402204;210,04395604396
20/06/2024 09:03:30;30,277825711821;49,913185119629;110,13710784912;382,59677419355;20,60000038147;4690,3720930233;40,5;3849,85;51,308035714286;105,97796143251;210,04945054945
20/06/2024 09:03:40;30,27868852459;49,826385498047;117,25601196289;382,60483870968;20,75;4690,4418604651;40,666666666667;3849,925;51,308928571429;105,97933884298;210,05494505495
20/06/2024 09:03:50;30,27955133736;49,826377868652;114,9125213623;382,61290322581;20,89999961853;4690,511627907;40,833333333333;3850;51,309821428571;105,98071625344;210,06043956044
20/06/2024 09:04:00;30,280414150129;49,913177490234;101,6851272583;382,62096774194;21;4690,5813953488;41;3850,0606060606;51,310714285714;105,98209366391;210,06593406593
20/06/2024 09:04:10;30,281276962899;49,826385498047;88,457733154297;382,62903225806;20,949999809265;4690,6511627907;41,333333333333;3850,1212121212;51,311607142857;105,98347107438;210,07142857143
20/06/2024 09:04:20;30,282139775669;49,826377868652;125,4518661499;382,63709677419;20,89999961853;4690,7209302326;41,666666666667;3850,1818181818;51,3125;105,98484848485;210,07692307692
20/06/2024 09:04:30;30,283002588438;49,782974243164;97,164169311523;382,64516129032;21,050000190735;4690,7906976744;42;3850,2424242424;51,313392857143;105,98622589532;210,08241758242
20/06/2024 09:04:40;30,283865401208;49,826385498047;87,191421508789;382,65322580645;21,200000762939;4690,8604651163;42,166666666667;3850,303030303;51,314285714286;105,98760330579;210,08791208791
20/06/2024 09:04:50;30,284728213978;49,913185119629;98,695251464844;382,66129032258;21,10000038147;4690,9302325581;42,333333333333;3850,3636363636;51,315178571429;105,98898071625;210,09340659341
20/06/2024 09:05:00;30,285591026747;49,848083496094;93,198837280273;382,66935483871;20,89999961853;4691;42,5;3850,4242424242;51,316071428571;105,99035812672;210,0989010989
20/06/2024 09:05:10;30,286453839517;49,826385498047;87,702423095703;382,67741935484;20,919999694824;4691,0714285714;42,666666666667;3850,4848484848;51,316964285714;105,99173553719;210,1043956044
20/06/2024 09:05:20;30,287316652286;49,826377868652;95,540405273438;382,68548387097;20,939999771118;4691,1428571429;42,833333333333;3850,5454545455;51,317857142857;105,99311294766;210,10989010989
20/06/2024 09:05:30;30,288179465056;49,891479492188;105,44314575195;382,6935483871;20,959999847412;4691,2142857143;43;3850,6060606061;51,31875;105,99449035813;210,11538461538
20/06/2024 09:05:40;30,289042277826;49,913177490234;91,755661010742;382,70161290323;20,979999923706;4691,2857142857;43,333333333333;3850,6666666667;51,319642857143;105,9958677686;210,12087912088
20/06/2024 09:05:50;30,289905090595;49,913185119629;104,51094818115;382,70967741935;21;4691,3571428571;43,666666666667;3850,7272727273;51,320535714286;105,99724517906;210,12637362637
20/06/2024 09:06:00;30,290767903365;49,956588745117;114,34705352783;382,71774193548;20,949999809265;4691,4285714286;44;3850,7878787879;51,321428571429;105,99862258953;210,13186813187
20/06/2024 09:06:10;30,291630716135;49,999992370605;123,04483413696;382,72580645161;20,89999961853;4691,5;44,333333333333;3850,8484848485;51,322321428571;106;210,13736263736
20/06/2024 09:06:20;30,292493528904;49,869781494141;131,74261474609;382,73387096774;21;4691,5714285714;44,666666666667;3850,9090909091;51,323214285714;106,00218340611;210,14285714286
20/06/2024 09:06:30;30,293356341674;50,043395996094;110,31916046143;382,74193548387;21,050000190735;4691,6428571429;45;3850,9696969697;51,324107142857;106,00436681223;210,14835164835
20/06/2024 09:06:40;30,294219154443;49,913185119629;128,20475769043;382,75;21,10000038147;4691,7142857143;45,333333333333;3851,0303030303;51,325;106,00655021834;210,15384615385
20/06/2024 09:06:50;30,295081967213;49,956588745117;120,23162841797;382,75806451613;21,200000762939;4691,7857142857;45,666666666667;3851,0909090909;51,325892857143;106,00873362445;210,15934065934
20/06/2024 09:07:00;30,295944779983;49,869781494141;120,1707611084;382,76612903226;21,10000038147;4691,8571428571;46;3851,1515151515;51,326785714286;106,01091703057;210,16483516484
20/06/2024 09:07:10;30,296807592752;49,826385498047;123,6333732605;382,77419354839;21,199999809265;4691,9285714286;46,25;3851,2121212121;51,327678571429;106,01310043668;210,17032967033
20/06/2024 09:07:20;30,297670405522;49,999984741211;127,0959854126;382,78225806452;21,299999237061;4692;46,5;3851,2727272727;51,328571428571;106,01528384279;210,17582417582
20/06/2024 09:07:30;30,298533218292;49,956588745117;101,86714935303;382,79032258065;21,349999427795;4692,0714285714;46,75;3851,3333333333;51,329464285714;106,01746724891;210,18131868132
20/06/2024 09:07:40;30,299396031061;50,021690368652;90,702301025391;382,79838709677;21,39999961853;4692,1428571429;47;3851,3939393939;51,330357142857;106,01965065502;210,18681318681
20/06/2024 09:07:50;30,300258843831;50,043395996094;111,18552398682;382,8064516129;21,349999427795;4692,2142857143;47,5;3851,4545454545;51,33125;106,02183406114;210,19230769231
20/06/2024 09:08:00;30,301121656601;49,956581115723;89,480804443359;382,81451612903;21,299999237061;4692,2857142857;48;3851,5151515152;51,332142857143;106,02401746725;210,1978021978
20/06/2024 09:08:10;30,30198446937;50,043395996094;94,912223815918;382,82258064516;21,200000762939;4692,3571428571;48,25;3851,5757575758;51,333035714286;106,02620087336;210,2032967033
20/06/2024 09:08:20;30,30284728214;49,956581115723;100,34364318848;382,83064516129;21,39999961853;4692,4285714286;48,5;3851,6363636364;51,333928571429;106,02838427948;210,20879120879
20/06/2024 09:08:30;30,303710094909;49,956588745117;95,465599060059;382,83870967742;21,200000762939;4692,5;48,75;3851,696969697;51,334821428571;106,03056768559;210,21428571429
20/06/2024 09:08:40;30,304572907679;50,043395996094;95,076545715332;382,84677419355;21,25;4692,5714285714;49;3851,7575757576;51,335714285714;106,0327510917;210,21978021978
20/06/2024 09:08:50;30,305435720449;49,913177490234;107,22908782959;382,85483870968;21,299999237061;4692,6428571429;49,333333333333;3851,8181818182;51,336607142857;106,03493449782;210,22527472527
20/06/2024 09:09:00;30,306298533218;50,021690368652;119,41137695313;382,86290322581;21,39999961853;4692,7142857143;49,666666666667;3851,8787878788;51,3375;106,03711790393;210,23076923077
20/06/2024 09:09:10;30,307161345988;49,999984741211;112,29457473755;382,87096774194;21,200000762939;4692,7857142857;50;3851,9393939394;51,338392857143;106,03930131004;210,23626373626
20/06/2024 09:09:20;30,308024158758;50,043395996094;105,17777252197;382,87903225806;21,300000190735;4692,8571428571;50,5;3852;51,339285714286;106,04148471616;210,24175824176
20/06/2024 09:09:30;30,308886971527;49,999984741211;116,12201690674;382,88709677419;21,39999961853;4692,9285714286;51;3852,0606060606;51,340178571429;106,04366812227;210,24725274725
20/06/2024 09:09:40;30,309749784297;50,173599243164;135,26983642578;382,89516129032;21,5;4693;51,25;3852,1212121212;51,341071428571;106,04585152838;210,25274725275
20/06/2024 09:09:50;30,310612597066;49,999984741211;111,05194091797;382,90322580645;21,550000190735;4693,0714285714;51,5;3852,1818181818;51,341964285714;106,0480349345;210,25824175824
20/06/2024 09:10:00;30,311475409836;50,108497619629;126,29941558838;382,91129032258;21,60000038147;4693,1428571429;51,75;3852,2424242424;51,342857142857;106,05021834061;210,26373626374
20/06/2024 09:10:10;30,312338222606;49,913185119629;130,89367675781;382,91935483871;21,650000572205;4693,2142857143;52;3852,303030303;51,34375;106,05240174672;210,26923076923
20/06/2024 09:10:20;30,313201035375;49,913177490234;117,02097320557;382,92741935484;21,700000762939;4693,2857142857;52,333333333333;3852,3636363636;51,344642857143;106,05458515284;210,27472527473
20/06/2024 09:10:30;30,314063848145;49,956588745117;103,14826965332;382,93548387097;21,60000038147;4693,3571428571;52,666666666667;3852,4242424242;51,345535714286;106,05676855895;210,28021978022
20/06/2024 09:10:40;30,314926660915;49,956588745117;130,82485961914;382,9435483871;21,550000190735;4693,4285714286;53;3852,4848484848;51,346428571429;106,05895196507;210,28571428571
20/06/2024 09:10:50;30,315789473684;49,956581115723;110,04563903809;382,95161290323;21,5;4693,5;53,5;3852,5454545455;51,347321428571;106,06113537118;210,29120879121
20/06/2024 09:11:00;30,316652286454;50,043388366699;95,542465209961;382,95967741935;21,449999809265;4693,5714285714;54;3852,6060606061;51,348214285714;106,06331877729;210,2967032967
20/06/2024 09:11:10;30,317515099223;49,956588745117;83,559242248535;382,96774193548;21,39999961853;4693,6428571429;54,25;3852,6666666667;51,349107142857;106,06550218341;210,3021978022
20/06/2024 09:11:20;30,318377911993;49,999984741211;84,425441741943;382,97580645161;21,449999809265;4693,7142857143;54,5;3852,7272727273;51,35;106,06768558952;210,30769230769
20/06/2024 09:11:30;30,319240724763;49,956588745117;85,291641235352;382,98387096774;21,5;4693,7857142857;54,75;3852,7878787879;51,350892857143;106,06986899563;210,31318681319
20/06/2024 09:11:40;30,320103537532;49,978286743164;86,024978637695;382,99193548387;21,449999809265;4693,8571428571;55;3852,8484848485;51,351785714286;106,07205240175;210,31868131868
20/06/2024 09:11:50;30,320966350302;49,913177490234;84,332794189453;383;21,39999961853;4693,9285714286;55,333333333333;3852,9090909091;51,352678571429;106,07423580786;210,32417582418
20/06/2024 09:12:00;30,321829163072;49,934883117676;84,688461303711;383,00787401575;21,424999713898;4694;55,666666666667;3852,9696969697;51,353571428571;106,07641921397;210,32967032967
20/06/2024 09:12:10;30,322691975841;50,086791992188;79,784629821777;383,0157480315;21,449999809265;4694,0714285714;56;3853,0303030303;51,354464285714;106,07860262009;210,33516483516
20/06/2024 09:12:20;30,323554788611;50,021690368652;80,886581420898;383,02362204724;21,474999904633;4694,1428571429;56,333333333333;3853,0909090909;51,355357142857;106,0807860262;210,34065934066
20/06/2024 09:12:30;30,32441760138;49,989135742188;81,98853302002;383,03149606299;21,5;4694,2142857143;56,666666666667;3853,1515151515;51,35625;106,08296943231;210,34615384615
20/06/2024 09:12:40;30,32528041415;49,956581115723;77,014060974121;383,03937007874;21,60000038147;4694,2857142857;57;3853,2121212121;51,357142857143;106,08515283843;210,35164835165
20/06/2024 09:12:50;30,32614322692;49,999984741211;73,581512451172;383,04724409449;21,39999961853;4694,3571428571;57,333333333333;3853,2727272727;51,358035714286;106,08733624454;210,35714285714
20/06/2024 09:13:00;30,327006039689;50,021690368652;78,582260131836;383,05511811024;21,43333307902;4694,4285714286;57,666666666667;3853,3333333333;51,358928571429;106,08951965066;210,36263736264
20/06/2024 09:13:10;30,327868852459;50,043395996094;78,007034301758;383,06299212598;21,46666653951;4694,5;58;3853,3939393939;51,359821428571;106,09170305677;210,36813186813
20/06/2024 09:13:20;30,328731665229;49,913177490234;75,445541381836;383,07086614173;21,5;4694,5714285714;58,25;3853,4545454545;51,360714285714;106,09388646288;210,37362637363
20/06/2024 09:13:30;30,329594477998;49,999984741211;72,884048461914;383,07874015748;21,46666653951;4694,6428571429;58,5;3853,5151515152;51,361607142857;106,096069869;210,37912087912
20/06/2024 09:13:40;30,330457290768;50,086791992188;69,332962036133;383,08661417323;21,43333307902;4694,7142857143;58,75;3853,5757575758;51,3625;106,09825327511;210,38461538462
20/06/2024 09:13:50;30,331320103538;49,956581115723;69,149520874023;383,09448818898;21,39999961853;4694,7857142857;59;3853,6363636364;51,363392857143;106,10043668122;210,39010989011
20/06/2024 09:14:00;30,332182916307;50,13020324707;75,278549194336;383,10236220472;21,36666615804;4694,8571428571;59,5;3853,696969697;51,364285714286;106,10262008734;210,3956043956
20/06/2024 09:14:10;30,333045729077;50,086791992188;70,677635192871;383,11023622047;21,33333269755;4694,9285714286;60;3853,7575757576;51,365178571429;106,10480349345;210,4010989011
20/06/2024 09:14:20;30,333908541846;50,043388366699;71,965831756592;383,11811023622;21,299999237061;4695;60,333333333333;3853,8181818182;51,366071428571;106,10698689956;210,40659340659
20/06/2024 09:14:30;30,334771354616;49,956581115723;73,254028320313;383,12598425197;21,324999332428;4695,0714285714;60,666666666667;3853,8787878788;51,366964285714;106,10917030568;210,41208791209
20/06/2024 09:14:40;30,335634167386;49,999984741211;69,31388092041;383,13385826772;21,349999427795;4695,1428571429;61;3853,9393939394;51,367857142857;106,11135371179;210,41758241758
20/06/2024 09:14:50;30,336496980155;50,065093994141;72,906753540039;383,14173228346;21,374999523163;4695,2142857143;61,25;3854;51,36875;106,1135371179;210,42307692308
20/06/2024 09:15:00;30,337359792925;50,043395996094;77,326400756836;383,14960629921;21,39999961853;4695,2857142857;61,5;3854,05;51,369642857143;106,11572052402;210,42857142857
20/06/2024 09:15:10;30,338222605695;50,108497619629;71,57054901123;383,15748031496;21,700000762939;4695,3571428571;61,75;3854,1;51,370535714286;106,11790393013;210,43406593407
20/06/2024 09:15:20;30,339085418464;49,999984741211;69,456481933594;383,16535433071;21,60000038147;4695,4285714286;62;3854,15;51,371428571429;106,12008733624;210,43956043956
20/06/2024 09:15:30;30,339948231234;50,108497619629;70,917320251465;383,17322834646;21,650000572205;4695,5;62,5;3854,2;51,372321428571;106,12227074236;210,44505494505
20/06/2024 09:15:40;30,340811044003;50,043395996094;72,378158569336;383,1811023622;21,700000762939;4695,5714285714;63;3854,25;51,373214285714;106,12445414847;210,45054945055
20/06/2024 09:15:50;30,341673856773;49,999984741211;64,676071166992;383,18897637795;21,799999237061;4695,6428571429;63,25;3854,3;51,374107142857;106,12663755459;210,45604395604
20/06/2024 09:16:00;30,342536669543;50,086799621582;65,147308349609;383,1968503937;21,75;4695,7142857143;63,5;3854,35;51,375;106,1288209607;210,46153846154
20/06/2024 09:16:10;30,343399482312;50,043395996094;64,842079162598;383,20472440945;21,700000762939;4695,7857142857;63,75;3854,4;51,375892857143;106,13100436681;210,46703296703
20/06/2024 09:16:20;30,344262295082;49,999984741211;63,629455566406;383,2125984252;21,650000572205;4695,8571428571;64;3854,45;51,376785714286;106,13318777293;210,47252747253
20/06/2024 09:16:30;30,345125107852;50,13020324707;64,687061309814;383,22047244094;21,60000038147;4695,9285714286;64,333333333333;3854,5;51,377678571429;106,13537117904;210,47802197802
20/06/2024 09:16:40;30,345987920621;50,065093994141;65,744667053223;383,22834645669;21,5;4696;64,666666666667;3854,55;51,378571428571;106,13755458515;210,48351648352
20/06/2024 09:16:50;30,346850733391;49,999984741211;63,880020141602;383,23622047244;21,550000190735;4696,0714285714;65;3854,6;51,379464285714;106,13973799127;210,48901098901
20/06/2024 09:17:00;30,34771354616;50,108497619629;63,98278427124;383,24409448819;21,60000038147;4696,1428571429;65,5;3854,65;51,380357142857;106,14192139738;210,49450549451
20/06/2024 09:17:10;30,34857635893;50,043395996094;63,711750030518;383,25196850394;21,550000190735;4696,2142857143;66;3854,7;51,38125;106,14410480349;210,5
20/06/2024 09:17:20;30,3494391717;50,130195617676;62,339656829834;383,25984251969;21,5;4696,2857142857;66,25;3854,75;51,382142857143;106,14628820961;210,50549450549
20/06/2024 09:17:30;30,350301984469;50,13020324707;65,349950790405;383,26771653543;21,449999809265;4696,3571428571;66,5;3854,8;51,383035714286;106,14847161572;210,51098901099
20/06/2024 09:17:40;30,351164797239;50,043395996094;68,360244750977;383,27559055118;21,39999961853;4696,4285714286;66,75;3854,85;51,383928571429;106,15065502183;210,51648351648
20/06/2024 09:17:50;30,352027610009;50,108497619629;66,885246276855;383,28346456693;21,5;4696,5;67;3854,9;51,384821428571;106,15283842795;210,52197802198
20/06/2024 09:18:00;30,352890422778;50,173599243164;66,494522094727;383,29133858268;21,46666653951;4696,5714285714;67,333333333333;3854,95;51,385714285714;106,15502183406;210,52747252747
20/06/2024 09:18:10;30,353753235548;50,043395996094;70,642593383789;383,29921259843;21,43333307902;4696,6428571429;67,666666666667;3855;51,386607142857;106,15720524017;210,53296703297
20/06/2024 09:18:20;30,354616048318;50,173599243164;71,563087463379;383,30708661417;21,39999961853;4696,7142857143;68;3855,05;51,3875;106,15938864629;210,53846153846
20/06/2024 09:18:30;30,355478861087;50,151901245117;70,962718963623;383,31496062992;21,374999523163;4696,7857142857;68,333333333333;3855,1;51,388392857143;106,1615720524;210,54395604396
20/06/2024 09:18:40;30,356341673857;49,956588745117;70,362350463867;383,32283464567;21,349999427795;4696,8571428571;68,666666666667;3855,15;51,389285714286;106,16375545852;210,54945054945
20/06/2024 09:18:50;30,357204486626;50,13020324707;64,515678405762;383,33070866142;21,324999332428;4696,9285714286;69;3855,2;51,390178571429;106,16593886463;210,55494505495
20/06/2024 09:19:00;30,358067299396;50,043388366699;65,648010253906;383,33858267717;21,299999237061;4697;69,333333333333;3855,25;51,391071428571;106,16812227074;210,56043956044
20/06/2024 09:19:10;30,358930112166;50,086791992188;68,053817749023;383,34645669291;21,33333269755;4697,0714285714;69,666666666667;3855,3;51,391964285714;106,17030567686;210,56593406593
20/06/2024 09:19:20;30,359792924935;50,021690368652;66,192909240723;383,35433070866;21,36666615804;4697,1428571429;70;3855,35;51,392857142857;106,17248908297;210,57142857143
20/06/2024 09:19:30;30,360655737705;50,13020324707;68,180545806885;383,36220472441;21,39999961853;4697,2142857143;70,5;3855,4;51,39375;106,17467248908;210,57692307692
20/06/2024 09:19:40;30,361518550475;50,086791992188;70,168182373047;383,37007874016;21,349999427795;4697,2857142857;71;3855,45;51,394642857143;106,1768558952;210,58241758242
20/06/2024 09:19:50;30,362381363244;49,956581115723;64,913360595703;383,37795275591;21,299999237061;4697,3571428571;71,25;3855,5;51,395535714286;106,17903930131;210,58791208791
20/06/2024 09:20:00;30,363244176014;49,869781494141;62,773323059082;383,38582677165;21,60000038147;4697,4285714286;71,5;3855,55;51,396428571429;106,18122270742;210,59340659341
20/06/2024 09:20:10;30,364106988783;49,891479492188;73,199127197266;383,3937007874;21,525000095367;4697,5;71,75;3855,6;51,397321428571;106,18340611354;210,5989010989
20/06/2024 09:20:20;30,364969801553;49,913177490234;65,980369567871;383,40157480315;21,449999809265;4697,5714285714;72;3855,65;51,398214285714;106,18558951965;210,6043956044
20/06/2024 09:20:30;30,365832614323;49,913185119629;65,675086975098;383,4094488189;21,374999523163;4697,6428571429;72,333333333333;3855,7;51,399107142857;106,18777292576;210,60989010989
20/06/2024 09:20:40;30,366695427092;49,999984741211;66,588138580322;383,41732283465;21,299999237061;4697,7142857143;72,666666666667;3855,75;51,4;106,18995633188;210,61538461538
20/06/2024 09:20:50;30,367558239862;50,032539367676;67,501190185547;383,42519685039;21,266666412354;4697,7857142857;73;3855,8;51,400892857143;106,19213973799;210,62087912088
20/06/2024 09:21:00;30,368421052632;50,065093994141;66,268898010254;383,43307086614;21,233333587646;4697,8571428571;73,333333333333;3855,85;51,401785714286;106,1943231441;210,62637362637
20/06/2024 09:21:10;30,369283865401;49,999984741211;67,856903076172;383,44094488189;21,200000762939;4697,9285714286;73,666666666667;3855,9;51,402678571429;106,19650655022;210,63186813187
20/06/2024 09:21:20;30,370146678171;49,934883117676;65,997421264648;383,44881889764;21,10000038147;4698;74;3855,95;51,403571428571;106,19868995633;210,63736263736
20/06/2024 09:21:30;30,37100949094;49,934883117676;61,864177703857;383,45669291339;21,299999237061;4698,0714285714;74,333333333333;3856;51,404464285714;106,20087336245;210,64285714286
20/06/2024 09:21:40;30,37187230371;49,999984741211;61,409378051758;383,46456692913;21,14999961853;4698,1428571429;74,666666666667;3856,0606060606;51,405357142857;106,20305676856;210,64835164835
20/06/2024 09:21:50;30,37273511648;50,065093994141;60,954578399658;383,47244094488;21;4698,2142857143;75;3856,1212121212;51,40625;106,20524017467;210,65384615385
20/06/2024 09:22:00;30,373597929249;50,043395996094;62,646335601807;383,48031496063;20,89999961853;4698,2857142857;74,75;3856,1818181818;51,407142857143;106,20742358079;210,65934065934
20/06/2024 09:22:10;30,374460742019;50,108497619629;66,552642822266;383,48818897638;20,799999237061;4698,3571428571;74,5;3856,2424242424;51,408035714286;106,2096069869;210,66483516484
20/06/2024 09:22:20;30,375323554789;50,065093994141;63,74048614502;383,49606299213;20,89999961853;4698,4285714286;74,25;3856,303030303;51,408928571429;106,21179039301;210,67032967033
20/06/2024 09:22:30;30,376186367558;49,999984741211;60,964851379395;383,50393700787;21;4698,5;74;3856,3636363636;51,409821428571;106,21397379913;210,67582417582
20/06/2024 09:22:40;30,377049180328;50,065093994141;62,732440948486;383,51181102362;20,949999809265;4698,5714285714;73,5;3856,4242424242;51,410714285714;106,21615720524;210,68131868132
20/06/2024 09:22:50;30,377911993097;50,043395996094;64,500030517578;383,51968503937;20,89999961853;4698,6428571429;73;3856,4848484848;51,411607142857;106,21834061135;210,68681318681
20/06/2024 09:23:00;30,378774805867;50,097648620605;63,0205078125;383,52755905512;21;4698,7142857143;72,666666666667;3856,5454545455;51,4125;106,22052401747;210,69230769231
20/06/2024 09:23:10;30,379637618637;50,151901245117;63,84391784668;383,53543307087;20,85000038147;4698,7857142857;72,333333333333;3856,6060606061;51,413392857143;106,22270742358;210,6978021978
20/06/2024 09:23:20;30,380500431406;49,999984741211;66,292991638184;383,54330708661;20,700000762939;4698,8571428571;72;3856,6666666667;51,414285714286;106,22489082969;210,7032967033
20/06/2024 09:23:30;30,381363244176;50,260406494141;69,836433410645;383,55118110236;20,799999237061;4698,9285714286;71,75;3856,7272727273;51,415178571429;106,22707423581;210,70879120879
20/06/2024 09:23:40;30,382226056946;50,151901245117;69,726985931396;383,55905511811;20,699999809265;4699;71,5;3856,7878787879;51,416071428571;106,22925764192;210,71428571429
20/06/2024 09:23:50;30,383088869715;50,260406494141;69,617538452148;383,56692913386;20,60000038147;4699,0714285714;71,25;3856,8484848485;51,416964285714;106,23144104803;210,71978021978
20/06/2024 09:24:00;30,383951682485;50,086799621582;66,059761047363;383,57480314961;20,604545853355;4699,1428571429;71;3856,9090909091;51,417857142857;106,23362445415;210,72527472527
20/06/2024 09:24:10;30,384814495255;50,151901245117;70,732719421387;383,58267716535;20,60909132524;4699,2142857143;70,5;3856,9696969697;51,41875;106,23580786026;210,73076923077
20/06/2024 09:24:20;30,385677308024;50,173599243164;78,516677856445;383,5905511811;20,613636797125;4699,2857142857;70;3857,0303030303;51,419642857143;106,23799126638;210,73626373626
20/06/2024 09:24:30;30,386540120794;50,108497619629;77,815368652344;383,59842519685;20,61818226901;4699,3571428571;69,75;3857,0909090909;51,420535714286;106,24017467249;210,74175824176
20/06/2024 09:24:40;30,387402933563;49,978286743164;76,52400970459;383,6062992126;20,622727740895;4699,4285714286;69,5;3857,1515151515;51,421428571429;106,2423580786;210,74725274725
20/06/2024 09:24:50;30,388265746333;49,956588745117;75,232650756836;383,61417322835;20,62727321278;4699,5;69,25;3857,2121212121;51,422321428571;106,24454148472;210,75274725275
20/06/2024 09:25:00;30,389128559103;50,108497619629;74,485992431641;383,62204724409;20,631818684665;4699,5714285714;69;3857,2727272727;51,423214285714;106,24672489083;210,75824175824
20/06/2024 09:25:10;30,389991371872;50,032539367676;72,306846618652;383,62992125984;20,63636415655;4699,6428571429;68,666666666667;3857,3333333333;51,424107142857;106,24890829694;210,76373626374
20/06/2024 09:25:20;30,390854184642;49,956581115723;72,383964538574;383,63779527559;20,640909628435;4699,7142857143;68,333333333333;3857,3939393939;51,425;106,25109170306;210,76923076923
20/06/2024 09:25:30;30,391716997412;49,999984741211;81,598030090332;383,64566929134;20,64545510032;4699,7857142857;68;3857,4545454545;51,425892857143;106,25327510917;210,77472527473
20/06/2024 09:25:40;30,392579810181;50,043395996094;79,001846313477;383,65354330709;20,650000572205;4699,8571428571;67,5;3857,5151515152;51,426785714286;106,25545851528;210,78021978022
20/06/2024 09:25:50;30,393442622951;50,021690368652;76,40015411377;383,66141732283;20,65454604409;4699,9285714286;67;3857,5757575758;51,427678571429;106,2576419214;210,78571428571
20/06/2024 09:26:00;30,39430543572;49,956588745117;73,798461914063;383,66929133858;20,659091515975;4700;66,75;3857,6363636364;51,428571428571;106,25982532751;210,79120879121
20/06/2024 09:26:10;30,39516824849;49,978286743164;71,575065612793;383,67716535433;20,66363698786;4700,0697674419;66,5;3857,696969697;51,429464285714;106,26200873362;210,7967032967
20/06/2024 09:26:20;30,39603106126;49,956588745117;75,605262756348;383,68503937008;20,668182459745;4700,1395348837;66,25;3857,7575757576;51,430357142857;106,26419213974;210,8021978022
20/06/2024 09:26:30;30,396893874029;49,891479492188;75,664642333984;383,69291338583;20,67272793163;4700,2093023256;66;3857,8181818182;51,43125;106,26637554585;210,80769230769
20/06/2024 09:26:40;30,397756686799;50,043395996094;78,404678344727;383,70078740157;20,677273403515;4700,2790697674;65,666666666667;3857,8787878788;51,432142857143;106,26855895197;210,81318681319
20/06/2024 09:26:50;30,398619499569;50,043388366699;76,691329956055;383,70866141732;20,6818188754;4700,3488372093;65,333333333333;3857,9393939394;51,433035714286;106,27074235808;210,81868131868
20/06/2024 09:27:00;30,399482312338;49,913177490234;74,977981567383;383,71653543307;20,686364347284;4700,4186046512;65;3858;51,433928571429;106,27292576419;210,82417582418
20/06/2024 09:27:10;30,400345125108;49,869781494141;76,612747192383;383,72440944882;20,690909819169;4700,488372093;64,666666666667;3858,0833333333;51,434821428571;106,27510917031;210,82967032967
20/06/2024 09:27:20;30,401207937877;49,934883117676;73,213073730469;383,73228346457;20,695455291054;4700,5581395349;64,333333333333;3858,1666666667;51,435714285714;106,27729257642;210,83516483516
20/06/2024 09:27:30;30,402070750647;49,869781494141;73,053153991699;383,74015748031;20,700000762939;4700,6279069767;64;3858,25;51,436607142857;106,27947598253;210,84065934066
20/06/2024 09:27:40;30,402933563417;49,891487121582;69,434425354004;383,74803149606;20,60000038147;4700,6976744186;63,666666666667;3858,3333333333;51,4375;106,28165938865;210,84615384615
20/06/2024 09:27:50;30,403796376186;49,999984741211;74,098316192627;383,75590551181;20,56666692098;4700,7674418605;63,333333333333;3858,4166666667;51,438392857143;106,28384279476;210,85164835165
20/06/2024 09:28:00;30,404659188956;49,782974243164;78,76220703125;383,76377952756;20,53333346049;4700,8372093023;63;3858,5;51,439285714286;106,28602620087;210,85714285714
20/06/2024 09:28:10;30,405522001726;49,891479492188;72,213844299316;383,77165354331;20,5;4700,9069767442;62,666666666667;3858,5833333333;51,440178571429;106,28820960699;210,86263736264
20/06/2024 09:28:20;30,406384814495;49,956588745117;75,687194824219;383,77952755906;20,60000038147;4700,976744186;62,333333333333;3858,6666666667;51,441071428571;106,2903930131;210,86813186813
20/06/2024 09:28:30;30,407247627265;49,934883117676;66,721778869629;383,7874015748;20,39999961853;4701,0465116279;62;3858,75;51,441964285714;106,29257641921;210,87362637363
20/06/2024 09:28:40;30,408110440035;49,869781494141;73,58935546875;383,79527559055;20,5;4701,1162790698;61,666666666667;3858,8333333333;51,442857142857;106,29475982533;210,87912087912
20/06/2024 09:28:50;30,408973252804;50,086791992188;75,977550506592;383,8031496063;20,449999809265;4701,1860465116;61,333333333333;3858,9166666667;51,44375;106,29694323144;210,88461538462
20/06/2024 09:29:00;30,409836065574;49,999992370605;78,365745544434;383,81102362205;20,39999961853;4701,2558139535;61;3859;51,444642857143;106,29912663755;210,89010989011
20/06/2024 09:29:10;30,410698878343;49,999984741211;77,395919799805;383,8188976378;20,349999427795;4701,3255813953;60,666666666667;3859,0833333333;51,445535714286;106,30131004367;210,8956043956
20/06/2024 09:29:20;30,411561691113;50,043395996094;83,91618347168;383,82677165354;20,299999237061;4701,3953488372;60,333333333333;3859,1666666667;51,446428571429;106,30349344978;210,9010989011
20/06/2024 09:29:30;30,412424503883;50,13020324707;92,611320495605;383,83464566929;20,39999961853;4701,4651162791;60;3859,25;51,447321428571;106,3056768559;210,90659340659
20/06/2024 09:29:40;30,413287316652;49,956588745117;88,18431854248;383,84251968504;20,200000762939;4701,5348837209;59,75;3859,3333333333;51,448214285714;106,30786026201;210,91208791209
20/06/2024 09:29:50;30,414150129422;50,021690368652;92,659118652344;383,85039370079;20,150000572205;4701,6046511628;59,5;3859,4166666667;51,449107142857;106,31004366812;210,91758241758
20/06/2024 09:30:00;30,415012942192;50,108497619629;90,244525909424;383,85826771654;20,10000038147;4701,6744186047;59,25;3859,5;51,45;106,31222707424;210,92307692308
20/06/2024 09:30:10;30,415875754961;49,999984741211;87,829933166504;383,86614173228;20,200000762939;4701,7441860465;59;3859,5833333333;51,450892857143;106,31441048035;210,92857142857
20/06/2024 09:30:20;30,416738567731;50,086791992188;84,138320922852;383,87401574803;20,25;4701,8139534884;58,5;3859,6666666667;51,451785714286;106,31659388646;210,93406593407
20/06/2024 09:30:30;30,4176013805;50,043395996094;84,712593078613;383,88188976378;20,299999237061;4701,8837209302;58;3859,75;51,452678571429;106,31877729258;210,93956043956
20/06/2024 09:30:40;30,41846419327;50,108497619629;84,823738098145;383,88976377953;20,39999961853;4701,9534883721;57,666666666667;3859,8333333333;51,453571428571;106,32096069869;210,94505494505
20/06/2024 09:30:50;30,41932700604;50,086791992188;79,592575073242;383,89763779528;20,349999427795;4702,023255814;57,333333333333;3859,9166666667;51,454464285714;106,3231441048;210,95054945055
20/06/2024 09:31:00;30,420189818809;50,173599243164;86,988990783691;383,90551181102;20,299999237061;4702,0930232558;57;3860;51,455357142857;106,32532751092;210,95604395604
20/06/2024 09:31:10;30,421052631579;50,065093994141;94,385406494141;383,91338582677;20,33333269755;4702,1627906977;56,75;3860,0833333333;51,45625;106,32751091703;210,96153846154
20/06/2024 09:31:20;30,421915444349;50,021690368652;99,935234069824;383,92125984252;20,36666615804;4702,2325581395;56,5;3860,1666666667;51,457142857143;106,32969432314;210,96703296703
20/06/2024 09:31:30;30,422778257118;50,13020324707;91,448364257813;383,92913385827;20,39999961853;4702,3023255814;56,25;3860,25;51,458035714286;106,33187772926;210,97252747253
20/06/2024 09:31:40;30,423641069888;50,043388366699;101,46614074707;383,93700787402;20,5;4702,3720930233;56;3860,3333333333;51,458928571429;106,33406113537;210,97802197802
20/06/2024 09:31:50;30,424503882657;49,956588745117;116,20729064941;383,94488188976;20,60000038147;4702,4418604651;55,5;3860,4166666667;51,459821428571;106,33624454148;210,98351648352
20/06/2024 09:32:00;30,425366695427;49,913177490234;108,29597854614;383,95275590551;20,699999809265;4702,511627907;55;3860,5;51,460714285714;106,3384279476;210,98901098901
20/06/2024 09:32:10;30,426229508197;50,021690368652;100,38466644287;383,96062992126;20,799999237061;4702,5813953488;54,75;3860,5833333333;51,461607142857;106,34061135371;210,99450549451
20/06/2024 09:32:20;30,427092320966;49,913177490234;109,39515686035;383,96850393701;21;4702,6511627907;54,5;3860,6666666667;51,4625;106,34279475983;211
20/06/2024 09:32:30;30,427955133736;49,956588745117;124,14423370361;383,97637795276;21,10000038147;4702,7209302326;54,25;3860,75;51,463392857143;106,34497816594;211,00549450549
20/06/2024 09:32:40;30,428817946506;49,956588745117;104,47448730469;383,9842519685;21,200000762939;4702,7906976744;54;3860,8333333333;51,464285714286;106,34716157205;211,01098901099
20/06/2024 09:32:50;30,429680759275;49,934883117676;122,86714172363;383,99212598425;21;4702,8604651163;53,666666666667;3860,9166666667;51,465178571429;106,34934497817;211,01648351648
20/06/2024 09:33:00;30,430543572045;49,956588745117;119,18151855469;384;21,10000038147;4702,9302325581;53,333333333333;3861;51,466071428571;106,35152838428;211,02197802198
20/06/2024 09:33:10;30,431406384814;49,761276245117;115,49589538574;384,00793650794;21,050000190735;4703;53;3861,0512820513;51,466964285714;106,35371179039;211,02747252747
20/06/2024 09:33:20;30,432269197584;49,913177490234;91,065307617188;384,01587301587;21;4703,0714285714;52,5;3861,1025641026;51,467857142857;106,35589519651;211,03296703297
20/06/2024 09:33:30;30,433132010354;49,869781494141;123,37535858154;384,02380952381;21,10000038147;4703,1428571429;52;3861,1538461538;51,46875;106,35807860262;211,03846153846
20/06/2024 09:33:40;30,433994823123;49,782974243164;100,89837646484;384,03174603175;20,89999961853;4703,2142857143;51,75;3861,2051282051;51,469642857143;106,36026200873;211,04395604396
20/06/2024 09:33:50;30,434857635893;49,848083496094;88,569625854492;384,03968253968;21,200000762939;4703,2857142857;51,5;3861,2564102564;51,470535714286;106,36244541485;211,04945054945
20/06/2024 09:34:00;30,435720448663;49,891479492188;93,1223487854;384,04761904762;21,10000038147;4703,3571428571;51,25;3861,3076923077;51,471428571429;106,36462882096;211,05494505495
20/06/2024 09:34:10;30,436583261432;49,869781494141;97,675071716309;384,05555555556;21;4703,4285714286;51;3861,358974359;51,472321428571;106,36681222707;211,06043956044
20/06/2024 09:34:20;30,437446074202;49,891487121582;88,958152770996;384,06349206349;20,89999961853;4703,5;50,666666666667;3861,4102564103;51,473214285714;106,36899563319;211,06593406593
20/06/2024 09:34:30;30,438308886972;50,086791992188;93,86742401123;384,07142857143;21,200000762939;4703,5714285714;50,333333333333;3861,4615384615;51,474107142857;106,3711790393;211,07142857143
20/06/2024 09:34:40;30,439171699741;49,956588745117;104,23318481445;384,07936507937;21,10000038147;4703,6428571429;50;3861,5128205128;51,475;106,37336244541;211,07692307692
20/06/2024 09:34:50;30,440034512511;49,999984741211;90,645111083984;384,0873015873;21;4703,7142857143;50,166666666667;3861,5641025641;51,475892857143;106,37554585153;211,08241758242
20/06/2024 09:35:00;30,44089732528;49,956588745117;100,27799987793;384,09523809524;20,89999961853;4703,7857142857;50,333333333333;3861,6153846154;51,476785714286;106,37772925764;211,08791208791
20/06/2024 09:35:10;30,44176013805;49,826385498047;105,97543334961;384,10317460317;20,799999237061;4703,8571428571;50,5;3861,6666666667;51,477678571429;106,37991266376;211,09340659341
20/06/2024 09:35:20;30,44262295082;49,999992370605;111,67286682129;384,11111111111;20,849999427795;4703,9285714286;50,666666666667;3861,7179487179;51,478571428571;106,38209606987;211,0989010989
20/06/2024 09:35:30;30,443485763589;49,782974243164;129,18371582031;384,11904761905;20,89999961853;4704;50,833333333333;3861,7692307692;51,479464285714;106,38427947598;211,1043956044
20/06/2024 09:35:40;30,444348576359;50,043395996094;107,69009399414;384,12698412698;21;4704,0714285714;51;3861,8205128205;51,480357142857;106,3864628821;211,10989010989
20/06/2024 09:35:50;30,445211389129;49,999992370605;125,05406188965;384,13492063492;21,050000190735;4704,1428571429;51,166666666667;3861,8717948718;51,48125;106,38864628821;211,11538461538
20/06/2024 09:36:00;30,446074201898;49,934883117676;120,60684967041;384,14285714286;21,10000038147;4704,2142857143;51,333333333333;3861,9230769231;51,482142857143;106,39082969432;211,12087912088
20/06/2024 09:36:10;30,446937014668;49,999984741211;122,97790145874;384,15079365079;20,799999237061;4704,2857142857;51,5;3861,9743589744;51,483035714286;106,39301310044;211,12637362637
20/06/2024 09:36:20;30,447799827437;50,043388366699;125,34895324707;384,15873015873;20,700000762939;4704,3571428571;51,666666666667;3862,0256410256;51,483928571429;106,39519650655;211,13186813187
20/06/2024 09:36:30;30,448662640207;50,13020324707;99,03881072998;384,16666666667;20,85000038147;4704,4285714286;51,833333333333;3862,0769230769;51,484821428571;106,39737991266;211,13736263736
20/06/2024 09:36:40;30,449525452977;50,043395996094;79,216369628906;384,1746031746;21;4704,5;52;3862,1282051282;51,485714285714;106,39956331878;211,14285714286
20/06/2024 09:36:50;30,450388265746;50,043388366699;84,901313781738;384,18253968254;21,200000762939;4704,5714285714;52,333333333333;3862,1794871795;51,486607142857;106,40174672489;211,14835164835
20/06/2024 09:37:00;30,451251078516;50,13020324707;76,130798339844;384,19047619048;21,10000038147;4704,6428571429;52,666666666667;3862,2307692308;51,4875;106,403930131;211,15384615385
20/06/2024 09:37:10;30,452113891286;49,956588745117;77,63655090332;384,19841269841;21;4704,7142857143;53;3862,2820512821;51,488392857143;106,40611353712;211,15934065934
20/06/2024 09:37:20;30,452976704055;49,913177490234;79,142303466797;384,20634920635;21,200000762939;4704,7857142857;53,25;3862,3333333333;51,489285714286;106,40829694323;211,16483516484
20/06/2024 09:37:30;30,453839516825;50,021690368652;77,154365539551;384,21428571429;21,25;4704,8571428571;53,5;3862,3846153846;51,490178571429;106,41048034934;211,17032967033
20/06/2024 09:37:40;30,454702329594;49,913177490234;73,262855529785;384,22222222222;21,299999237061;4704,9285714286;53,75;3862,4358974359;51,491071428571;106,41266375546;211,17582417582
20/06/2024 09:37:50;30,455565142364;50,086791992188;72,945785522461;384,23015873016;21,5;4705;54;3862,4871794872;51,491964285714;106,41484716157;211,18131868132
20/06/2024 09:38:00;30,456427955134;49,934883117676;73,862205505371;384,2380952381;21,449999809265;4705,0714285714;54,111111111111;3862,5384615385;51,492857142857;106,41703056769;211,18681318681
20/06/2024 09:38:10;30,457290767903;49,956588745117;72,536170959473;384,24603174603;21,39999961853;4705,1428571429;54,222222222222;3862,5897435897;51,49375;106,4192139738;211,19230769231
20/06/2024 09:38:20;30,458153580673;49,869781494141;71,210136413574;384,25396825397;21,60000038147;4705,2142857143;54,333333333333;3862,641025641;51,494642857143;106,42139737991;211,1978021978
20/06/2024 09:38:30;30,459016393443;49,826377868652;71,155975341797;384,2619047619;21,575000286102;4705,2857142857;54,444444444444;3862,6923076923;51,495535714286;106,42358078603;211,2032967033
20/06/2024 09:38:40;30,459879206212;49,869781494141;66,349395751953;384,26984126984;21,550000190735;4705,3571428571;54,555555555556;3862,7435897436;51,496428571429;106,42576419214;211,20879120879
20/06/2024 09:38:50;30,460742018982;49,869781494141;73,193183898926;384,27777777778;21,525000095367;4705,4285714286;54,666666666667;3862,7948717949;51,497321428571;106,42794759825;211,21428571429
20/06/2024 09:39:00;30,461604831752;49,913177490234;71,629699707031;384,28571428571;21,5;4705,5;54,777777777778;3862,8461538462;51,498214285714;106,43013100437;211,21978021978
20/06/2024 09:39:10;30,462467644521;49,913185119629;72,419479370117;384,29365079365;21,474999904633;4705,5714285714;54,888888888889;3862,8974358974;51,499107142857;106,43231441048;211,22527472527
20/06/2024 09:39:20;30,463330457291;50,043395996094;73,209259033203;384,30158730159;21,449999809265;4705,6428571429;55;3862,9487179487;51,5;106,43449781659;211,23076923077
20/06/2024 09:39:30;30,46419327006;49,848083496094;68,391082763672;384,30952380952;21,424999713898;4705,7142857143;55,5;3863;51,500892857143;106,43668122271;211,23626373626
20/06/2024 09:39:40;30,46505608283;49,826377868652;70,986343383789;384,31746031746;21,39999961853;4705,7857142857;56;3863,0454545455;51,501785714286;106,43886462882;211,24175824176
20/06/2024 09:39:50;30,4659188956;49,956588745117;67,532104492188;384,3253968254;21,5;4705,8571428571;56,25;3863,0909090909;51,502678571429;106,44104803493;211,24725274725
20/06/2024 09:40:00;30,466781708369;49,934883117676;64,668098449707;384,33333333333;21,60000038147;4705,9285714286;56,5;3863,1363636364;51,503571428571;106,44323144105;211,25274725275
20/06/2024 09:40:10;30,467644521139;49,999984741211;65,40323638916;384,34126984127;21,700000762939;4706;56,75;3863,1818181818;51,504464285714;106,44541484716;211,25824175824
20/06/2024 09:40:20;30,468507333909;49,93489074707;69,98021697998;384,34920634921;21,799999237061;4706,0731707317;57;3863,2272727273;51,505357142857;106,44759825328;211,26373626374
20/06/2024 09:40:30;30,469370146678;49,869781494141;74,557197570801;384,35714285714;21,733332951864;4706,1463414634;57,333333333333;3863,2727272727;51,50625;106,44978165939;211,26923076923
20/06/2024 09:40:40;30,470232959448;49,913177490234;69,900337219238;384,36507936508;21,666666666667;4706,2195121951;57,666666666667;3863,3181818182;51,507142857143;106,4519650655;211,27472527473
20/06/2024 09:40:50;30,471095772217;50,021690368652;72,575019836426;384,37301587302;21,60000038147;4706,2926829268;58;3863,3636363636;51,508035714286;106,45414847162;211,28021978022
20/06/2024 09:41:00;30,471958584987;49,869781494141;70,840934753418;384,38095238095;21,700000762939;4706,3658536585;58,5;3863,4090909091;51,508928571429;106,45633187773;211,28571428571
20/06/2024 09:41:10;30,472821397757;49,934883117676;70,413192749023;384,38888888889;21,5;4706,4390243902;59;3863,4545454545;51,509821428571;106,45851528384;211,29120879121
20/06/2024 09:41:20;30,473684210526;49,913177490234;70,262363433838;384,39682539683;21,60000038147;4706,512195122;59,25;3863,5;51,510714285714;106,46069868996;211,2967032967
20/06/2024 09:41:30;30,474547023296;50,043395996094;70,111534118652;384,40476190476;21,700000762939;4706,5853658537;59,5;3863,5454545455;51,511607142857;106,46288209607;211,3021978022
20/06/2024 09:41:40;30,475409836066;49,999984741211;77,789581298828;384,4126984127;21,650000572205;4706,6585365854;59,75;3863,5909090909;51,5125;106,46506550218;211,30769230769
20/06/2024 09:41:50;30,476272648835;50,108497619629;67,036323547363;384,42063492063;21,60000038147;4706,7317073171;60;3863,6363636364;51,513392857143;106,4672489083;211,31318681319
20/06/2024 09:42:00;30,477135461605;49,956588745117;71,791954040527;384,42857142857;21,550000190735;4706,8048780488;60,333333333333;3863,6818181818;51,514285714286;106,46943231441;211,31868131868
20/06/2024 09:42:10;30,477998274374;50,065093994141;78,761505126953;384,43650793651;21,5;4706,8780487805;60,666666666667;3863,7272727273;51,515178571429;106,47161572052;211,32417582418
20/06/2024 09:42:20;30,478861087144;50,13020324707;76,653415679932;384,44444444444;21,60000038147;4706,9512195122;61;3863,7727272727;51,516071428571;106,47379912664;211,32967032967
20/06/2024 09:42:30;30,479723899914;49,999984741211;74,54532623291;384,45238095238;21,5;4707,0243902439;61,333333333333;3863,8181818182;51,516964285714;106,47598253275;211,33516483516
20/06/2024 09:42:40;30,480586712683;50,217010498047;76,348899841309;384,46031746032;21,39999961853;4707,0975609756;61,666666666667;3863,8636363636;51,517857142857;106,47816593886;211,34065934066
20/06/2024 09:42:50;30,481449525453;50,043388366699;68,530372619629;384,46825396825;21,5;4707,1707317073;62;3863,9090909091;51,51875;106,48034934498;211,34615384615
20/06/2024 09:43:00;30,482312338223;50,13020324707;71,600914001465;384,47619047619;21,449999809265;4707,243902439;62,333333333333;3863,9545454545;51,519642857143;106,48253275109;211,35164835165
20/06/2024 09:43:10;30,483175150992;50,065093994141;74,134506225586;384,48412698413;21,39999961853;4707,3170731707;62,666666666667;3864;51,520535714286;106,48471615721;211,35714285714
20/06/2024 09:43:20;30,484037963762;50,043395996094;72,781036376953;384,49206349206;21,349999427795;4707,3902439024;63;3864,0454545455;51,521428571429;106,48689956332;211,36263736264
20/06/2024 09:43:30;30,484900776531;50,086791992188;71,42756652832;384,5;21,299999237061;4707,4634146341;63,25;3864,0909090909;51,522321428571;106,48908296943;211,36813186813
20/06/2024 09:43:40;30,485763589301;49,913185119629;71,780403137207;384,50793650794;21,349999427795;4707,5365853659;63,5;3864,1363636364;51,523214285714;106,49126637555;211,37362637363
20/06/2024 09:43:50;30,486626402071;50,13020324707;69,266510009766;384,51587301587;21,39999961853;4707,6097560976;63,75;3864,1818181818;51,524107142857;106,49344978166;211,37912087912
20/06/2024 09:44:00;30,48748921484;50,086791992188;73,501159667969;384,52380952381;21,349999427795;4707,6829268293;64;3864,2272727273;51,525;106,49563318777;211,38461538462
20/06/2024 09:44:10;30,48835202761;49,999984741211;72,881240844727;384,53174603175;21,299999237061;4707,756097561;64,5;3864,2727272727;51,525892857143;106,49781659389;211,39010989011
20/06/2024 09:44:20;30,48921484038;50,021690368652;72,984451293945;384,53968253968;21,39999961853;4707,8292682927;65;3864,3181818182;51,526785714286;106,5;211,3956043956
20/06/2024 09:44:30;30,490077653149;49,999984741211;73,087661743164;384,54761904762;21,449999809265;4707,9024390244;65,333333333333;3864,3636363636;51,527678571429;106,50218340611;211,4010989011
20/06/2024 09:44:40;30,490940465919;50,043395996094;65,579704284668;384,55555555556;21,5;4707,9756097561;65,666666666667;3864,4090909091;51,528571428571;106,50436681223;211,40659340659
20/06/2024 09:44:50;30,491803278689;49,956588745117;68,476982116699;384,56349206349;21,39999961853;4708,0487804878;66;3864,4545454545;51,529464285714;106,50655021834;211,41208791209
20/06/2024 09:45:00;30,492666091458;49,999984741211;65,359931945801;384,57142857143;21,349999427795;4708,1219512195;66,25;3864,5;51,530357142857;106,50873362445;211,41758241758
20/06/2024 09:45:10;30,493528904228;49,848083496094;68,608734130859;384,57936507937;21,299999237061;4708,1951219512;66,5;3864,5454545455;51,53125;106,51091703057;211,42307692308
20/06/2024 09:45:20;30,494391716997;49,999984741211;63,508033752441;384,5873015873;21,349999427795;4708,2682926829;66,75;3864,5909090909;51,532142857143;106,51310043668;211,42857142857
20/06/2024 09:45:30;30,495254529767;49,913185119629;67,549152374268;384,59523809524;21,39999961853;4708,3414634146;67;3864,6363636364;51,533035714286;106,51528384279;211,43406593407
20/06/2024 09:45:40;30,496117342537;49,999984741211;71,590270996094;384,60317460317;21,349999427795;4708,4146341463;67,5;3864,6818181818;51,533928571429;106,51746724891;211,43956043956
20/06/2024 09:45:50;30,496980155306;50,043395996094;76,380920410156;384,61111111111;21,299999237061;4708,487804878;68;3864,7272727273;51,534821428571;106,51965065502;211,44505494505
20/06/2024 09:46:00;30,497842968076;49,999984741211;70,566864013672;384,61904761905;21,33333269755;4708,5609756098;68,25;3864,7727272727;51,535714285714;106,52183406114;211,45054945055
20/06/2024 09:46:10;30,498705780846;50,086799621582;72,279373168945;384,62698412698;21,36666615804;4708,6341463415;68,5;3864,8181818182;51,536607142857;106,52401746725;211,45604395604
20/06/2024 09:46:20;30,499568593615;50,043395996094;73,585571289063;384,63492063492;21,39999961853;4708,7073170732;68,75;3864,8636363636;51,5375;106,52620087336;211,46153846154
20/06/2024 09:46:30;30,500431406385;50,021690368652;73,365211486816;384,64285714286;21,299999237061;4708,7804878049;69;3864,9090909091;51,538392857143;106,52838427948;211,46703296703
20/06/2024 09:46:40;30,501294219154;50,021690368652;73,14485168457;384,65079365079;21,349999427795;4708,8536585366;69,333333333333;3864,9545454545;51,539285714286;106,53056768559;211,47252747253
20/06/2024 09:46:50;30,502157031924;49,956588745117;70,785339355469;384,65873015873;21,39999961853;4708,9268292683;69,666666666667;3865;51,540178571429;106,5327510917;211,47802197802
20/06/2024 09:47:00;30,503019844694;49,978286743164;69,97770690918;384,66666666667;21,299999237061;4709;70;3865,0555555556;51,541071428571;106,53493449782;211,48351648352
20/06/2024 09:47:10;30,503882657463;50,043395996094;66,926284790039;384,6746031746;21,349999427795;4709,0697674419;70,5;3865,1111111111;51,541964285714;106,53711790393;211,48901098901
20/06/2024 09:47:20;30,504745470233;50,173599243164;71,301689147949;384,68253968254;21,39999961853;4709,1395348837;71;3865,1666666667;51,542857142857;106,53930131004;211,49450549451
20/06/2024 09:47:30;30,505608283003;50,043388366699;70,958850860596;384,69047619048;21,299999237061;4709,2093023256;71,25;3865,2222222222;51,54375;106,54148471616;211,5
20/06/2024 09:47:40;30,506471095772;50,086791992188;70,616012573242;384,69841269841;21,349999427795;4709,2790697674;71,5;3865,2777777778;51,544642857143;106,54366812227;211,50549450549
20/06/2024 09:47:50;30,507333908542;50,043395996094;65,208061218262;384,70634920635;21,39999961853;4709,3488372093;71,75;3865,3333333333;51,545535714286;106,54585152838;211,51098901099
20/06/2024 09:48:00;30,508196721311;50,043388366699;68,989784240723;384,71428571429;21,349999427795;4709,4186046512;72;3865,3888888889;51,546428571429;106,5480349345;211,51648351648
20/06/2024 09:48:10;30,509059534081;50,043395996094;63,756298065186;384,72222222222;21,299999237061;4709,488372093;72,333333333333;3865,4444444444;51,547321428571;106,55021834061;211,52197802198
20/06/2024 09:48:20;30,509922346851;49,869781494141;70,685386657715;384,73015873016;21,200000762939;4709,5581395349;72,666666666667;3865,5;51,548214285714;106,55240174672;211,52747252747
20/06/2024 09:48:30;30,51078515962;50,021690368652;70,451202392578;384,7380952381;21,35000038147;4709,6279069767;73;3865,5555555556;51,549107142857;106,55458515284;211,53296703297
20/06/2024 09:48:40;30,51164797239;50,021690368652;70,217018127441;384,74603174603;21,5;4709,6976744186;73,333333333333;3865,6111111111;51,55;106,55676855895;211,53846153846
20/06/2024 09:48:50;30,51251078516;49,999984741211;71,58895111084;384,75396825397;21;4709,7674418605;73,666666666667;3865,6666666667;51,550892857143;106,55895196507;211,54395604396
20/06/2024 09:49:00;30,513373597929;49,934883117676;72,07430267334;384,7619047619;21,200000762939;4709,8372093023;74;3865,7222222222;51,551785714286;106,56113537118;211,54945054945
20/06/2024 09:49:10;30,514236410699;50,043395996094;76,204216003418;384,76984126984;21,299999237061;4709,9069767442;74,333333333333;3865,7777777778;51,552678571429;106,56331877729;211,55494505495
20/06/2024 09:49:20;30,515099223469;49,93489074707;71,638702392578;384,77777777778;21,199999809265;4709,976744186;74,666666666667;3865,8333333333;51,553571428571;106,56550218341;211,56043956044
20/06/2024 09:49:30;30,515962036238;49,826385498047;72,800048828125;384,78571428571;21,10000038147;4710,0465116279;75;3865,8888888889;51,554464285714;106,56768558952;211,56593406593
20/06/2024 09:49:40;30,516824849008;49,891479492188;72,987590789795;384,79365079365;21,200000762939;4710,1162790698;74,833333333333;3865,9444444444;51,555357142857;106,56986899563;211,57142857143
20/06/2024 09:49:50;30,517687661777;50,086791992188;73,175132751465;384,80158730159;21;4710,1860465116;74,666666666667;3866;51,55625;106,57205240175;211,57692307692
20/06/2024 09:50:00;30,518550474547;50,217010498047;77,306144714355;384,80952380952;20,949999809265;4710,2558139535;74,5;3866,0555555556;51,557142857143;106,57423580786;211,58241758242
20/06/2024 09:50:10;30,519413287317;50,043388366699;72,84260559082;384,81746031746;20,89999961853;4710,3255813953;74,333333333333;3866,1111111111;51,558035714286;106,57641921397;211,58791208791
20/06/2024 09:50:20;30,520276100086;50,13020324707;72,389625549316;384,8253968254;20,849999427795;4710,3953488372;74,166666666667;3866,1666666667;51,558928571429;106,57860262009;211,59340659341
20/06/2024 09:50:30;30,521138912856;50,021690368652;70,854972839355;384,83333333333;20,799999237061;4710,4651162791;74;3866,2222222222;51,559821428571;106,5807860262;211,5989010989
20/06/2024 09:50:40;30,522001725626;49,956588745117;71,030612945557;384,84126984127;20,89999961853;4710,5348837209;73,666666666667;3866,2777777778;51,560714285714;106,58296943231;211,6043956044
20/06/2024 09:50:50;30,522864538395;50,043395996094;71,206253051758;384,84920634921;20,700000762939;4710,6046511628;73,333333333333;3866,3333333333;51,561607142857;106,58515283843;211,60989010989
20/06/2024 09:51:00;30,523727351165;50,108497619629;77,129539489746;384,85714285714;20,799999237061;4710,6744186047;73;3866,3888888889;51,5625;106,58733624454;211,61538461538
20/06/2024 09:51:10;30,524590163934;50,043395996094;82,27660369873;384,86507936508;20,75;4710,7441860465;72,75;3866,4444444444;51,563392857143;106,58951965066;211,62087912088
20/06/2024 09:51:20;30,525452976704;49,978286743164;78,390823364258;384,87301587302;20,700000762939;4710,8139534884;72,5;3866,5;51,564285714286;106,59170305677;211,62637362637
20/06/2024 09:51:30;30,526315789474;49,999984741211;74,939933776855;384,88095238095;20,75;4710,8837209302;72,25;3866,5555555556;51,565178571429;106,59388646288;211,63186813187
20/06/2024 09:51:40;30,527178602243;50,086791992188;74,258670806885;384,88888888889;20,799999237061;4710,9534883721;72;3866,6111111111;51,566071428571;106,596069869;211,63736263736
20/06/2024 09:51:50;30,528041415013;49,999984741211;73,577407836914;384,89682539683;20,779999542236;4711,023255814;71,5;3866,6666666667;51,566964285714;106,59825327511;211,64285714286
20/06/2024 09:52:00;30,528904227783;50,043395996094;76,781539916992;384,90476190476;20,759999847412;4711,0930232558;71;3866,7222222222;51,567857142857;106,60043668122;211,64835164835
20/06/2024 09:52:10;30,529767040552;49,978286743164;73,737236022949;384,9126984127;20,740000152588;4711,1627906977;70,75;3866,7777777778;51,56875;106,60262008734;211,65384615385
20/06/2024 09:52:20;30,530629853322;49,999984741211;78,426361083984;384,92063492063;20,720000457764;4711,2325581395;70,5;3866,8333333333;51,569642857143;106,60480349345;211,65934065934
20/06/2024 09:52:30;30,531492666091;50,195304870605;76,429786682129;384,92857142857;20,700000762939;4711,3023255814;70,25;3866,8888888889;51,570535714286;106,60698689956;211,66483516484
20/06/2024 09:52:40;30,532355478861;50,086791992188;74,868309020996;384,93650793651;20,75;4711,3720930233;70;3866,9444444444;51,571428571429;106,60917030568;211,67032967033
20/06/2024 09:52:50;30,533218291631;49,999984741211;73,306831359863;384,94444444444;20,799999237061;4711,4418604651;69,666666666667;3867;51,572321428571;106,61135371179;211,67582417582
20/06/2024 09:53:00;30,5340811044;50,043395996094;73,185272216797;384,95238095238;20,849999427795;4711,511627907;69,333333333333;3867,0571428571;51,573214285714;106,6135371179;211,68131868132
20/06/2024 09:53:10;30,53494391717;49,999984741211;70,182678222656;384,96031746032;20,89999961853;4711,5813953488;69;3867,1142857143;51,574107142857;106,61572052402;211,68681318681
20/06/2024 09:53:20;30,53580672994;50,086799621582;69,533744812012;384,96825396825;20,849999427795;4711,6511627907;68,5;3867,1714285714;51,575;106,61790393013;211,69230769231
20/06/2024 09:53:30;30,536669542709;49,956588745117;71,84561920166;384,97619047619;20,799999237061;4711,7209302326;68;3867,2285714286;51,575892857143;106,62008733624;211,6978021978
20/06/2024 09:53:40;30,537532355479;50,086791992188;74,833641052246;384,98412698413;21;4711,7906976744;67,75;3867,2857142857;51,576785714286;106,62227074236;211,7032967033
20/06/2024 09:53:50;30,538395168248;50,043395996094;77,821662902832;384,99206349206;21,050000190735;4711,8604651163;67,5;3867,3428571429;51,577678571429;106,62445414847;211,70879120879
20/06/2024 09:54:00;30,539257981018;49,999984741211;74,145454406738;385;21,10000038147;4711,9302325581;67,25;3867,4;51,578571428571;106,62663755459;211,71428571429
20/06/2024 09:54:10;30,540120793788;49,978286743164;72,070175170898;385,00787401575;21;4712;67;3867,4571428571;51,579464285714;106,6288209607;211,71978021978
20/06/2024 09:54:20;30,540983606557;50,043395996094;74,346282958984;385,0157480315;21,299999237061;4712,0714285714;66,666666666667;3867,5142857143;51,580357142857;106,63100436681;211,72527472527
20/06/2024 09:54:30;30,541846419327;49,956581115723;68,022850036621;385,02362204724;21,39999961853;4712,1428571429;66,333333333333;3867,5714285714;51,58125;106,63318777293;211,73076923077
20/06/2024 09:54:40;30,542709232097;49,913177490234;67,739692687988;385,03149606299;21,299999237061;4712,2142857143;66;3867,6285714286;51,582142857143;106,63537117904;211,73626373626
20/06/2024 09:54:50;30,543572044866;49,826385498047;70,807159423828;385,03937007874;21,349999427795;4712,2857142857;65,5;3867,6857142857;51,583035714286;106,63755458515;211,74175824176
20/06/2024 09:55:00;30,544434857636;49,869781494141;73,874626159668;385,04724409449;21,39999961853;4712,3571428571;65;3867,7428571429;51,583928571429;106,63973799127;211,74725274725
20/06/2024 09:55:10;30,545297670406;49,913177490234;70,449630737305;385,05511811024;21;4712,4285714286;64,75;3867,8;51,584821428571;106,64192139738;211,75274725275
20/06/2024 09:55:20;30,546160483175;49,848083496094;70,407455444336;385,06299212598;21,10000038147;4712,5;64,5;3867,8571428571;51,585714285714;106,64410480349;211,75824175824
20/06/2024 09:55:30;30,547023295945;49,913177490234;68,296081542969;385,07086614173;21,39999961853;4712,5714285714;64,25;3867,9142857143;51,586607142857;106,64628820961;211,76373626374
20/06/2024 09:55:40;30,547886108714;49,999992370605;70,289505004883;385,07874015748;21,349999427795;4712,6428571429;64;3867,9714285714;51,5875;106,64847161572;211,76923076923
20/06/2024 09:55:50;30,548748921484;49,999984741211;66,650932312012;385,08661417323;21,299999237061;4712,7142857143;63,5;3868,0285714286;51,588392857143;106,65065502183;211,77472527473
20/06/2024 09:56:00;30,549611734254;49,978286743164;63,012359619141;385,09448818898;21,200000762939;4712,7857142857;63;3868,0857142857;51,589285714286;106,65283842795;211,78021978022
20/06/2024 09:56:10;30,550474547023;49,913177490234;78,509628295898;385,10236220472;21,10000038147;4712,8571428571;62,75;3868,1428571429;51,590178571429;106,65502183406;211,78571428571
20/06/2024 09:56:20;30,551337359793;50,043395996094;71,932891845703;385,11023622047;21,39999961853;4712,9285714286;62,5;3868,2;51,591071428571;106,65720524017;211,79120879121
20/06/2024 09:56:30;30,552200172563;49,934883117676;76,73429107666;385,11811023622;21,200000762939;4713;62,25;3868,2571428571;51,591964285714;106,65938864629;211,7967032967
20/06/2024 09:56:40;30,553062985332;49,826385498047;73,286285400391;385,12598425197;21,150000572205;4713,0714285714;62;3868,3142857143;51,592857142857;106,6615720524;211,8021978022
20/06/2024 09:56:50;30,553925798102;49,999992370605;72,282703399658;385,13385826772;21,10000038147;4713,1428571429;61,666666666667;3868,3714285714;51,59375;106,66375545852;211,80769230769
20/06/2024 09:57:00;30,554788610871;49,913177490234;71,279121398926;385,14173228346;21,299999237061;4713,2142857143;61,333333333333;3868,4285714286;51,594642857143;106,66593886463;211,81318681319
20/06/2024 09:57:10;30,555651423641;49,93489074707;74,874229431152;385,14960629921;21,199999809265;4713,2857142857;61;3868,4857142857;51,595535714286;106,66812227074;211,81868131868
20/06/2024 09:57:20;30,556514236411;49,956588745117;71,243438720703;385,15748031496;21,10000038147;4713,3571428571;60,5;3868,5428571429;51,596428571429;106,67030567686;211,82417582418
20/06/2024 09:57:30;30,55737704918;49,999992370605;76,321678161621;385,16535433071;21,200000762939;4713,4285714286;60;3868,6;51,597321428571;106,67248908297;211,82967032967
20/06/2024 09:57:40;30,55823986195;49,913177490234;76,699501037598;385,17322834646;21,300000190735;4713,5;59,75;3868,6571428571;51,598214285714;106,67467248908;211,83516483516
20/06/2024 09:57:50;30,55910267472;49,978286743164;77,362163543701;385,1811023622;21,39999961853;4713,5714285714;59,5;3868,7142857143;51,599107142857;106,6768558952;211,84065934066
20/06/2024 09:58:00;30,559965487489;49,913177490234;78,024826049805;385,18897637795;21,10000038147;4713,6428571429;59,25;3868,7714285714;51,6;106,67903930131;211,84615384615
20/06/2024 09:58:10;30,560828300259;50,021690368652;69,634613037109;385,1968503937;21,150000572205;4713,7142857143;59;3868,8285714286;51,600892857143;106,68122270742;211,85164835165
20/06/2024 09:58:20;30,561691113028;50,043395996094;73,670890808105;385,20472440945;21,200000762939;4713,7857142857;58,666666666667;3868,8857142857;51,601785714286;106,68340611354;211,85714285714
20/06/2024 09:58:30;30,562553925798;49,934883117676;76,170333862305;385,2125984252;21,10000038147;4713,8571428571;58,333333333333;3868,9428571429;51,602678571429;106,68558951965;211,86263736264
20/06/2024 09:58:40;30,563416738568;49,913177490234;74,363502502441;385,22047244094;21,050000190735;4713,9285714286;58;3869;51,603571428571;106,68777292576;211,86813186813
20/06/2024 09:58:50;30,564279551337;49,956588745117;72,458019256592;385,22834645669;21;4714;57,666666666667;3869,0571428571;51,604464285714;106,68995633188;211,87362637363
20/06/2024 09:59:00;30,565142364107;50,065093994141;70,552536010742;385,23622047244;21,10000038147;4714,0714285714;57,333333333333;3869,1142857143;51,605357142857;106,69213973799;211,87912087912
20/06/2024 09:59:10;30,566005176877;49,978286743164;73,424354553223;385,24409448819;21;4714,1428571429;57;3869,1714285714;51,60625;106,6943231441;211,88461538462
20/06/2024 09:59:20;30,566867989646;50,065093994141;73,827880859375;385,25196850394;21,299999237061;4714,2142857143;56,666666666667;3869,2285714286;51,607142857143;106,69650655022;211,89010989011
20/06/2024 09:59:30;30,567730802416;50,086791992188;76,894775390625;385,25984251969;21,233332951864;4714,2857142857;56,333333333333;3869,2857142857;51,608035714286;106,69868995633;211,8956043956
20/06/2024 09:59:40;30,568593615186;50,13020324707;78,043586730957;385,26771653543;21,166666666667;4714,3571428571;56;3869,3428571429;51,608928571429;106,70087336245;211,9010989011
20/06/2024 09:59:50;30,569456427955;49,934883117676;76,546882629395;385,27559055118;21,10000038147;4714,4285714286;55,75;3869,4;51,609821428571;106,70305676856;211,90659340659
20/06/2024 10:00:00;30,570319240725;50,086791992188;74,866947174072;385,28346456693;21,06666692098;4714,5;55,5;3869,4571428571;51,610714285714;106,70524017467;211,91208791209
20/06/2024 10:00:10;30,571182053494;50,108497619629;73,18701171875;385,29133858268;21,03333346049;4714,5714285714;55,25;3869,5142857143;51,611607142857;106,70742358079;211,91758241758
20/06/2024 10:00:20;30,572044866264;49,999984741211;73,474327087402;385,29921259843;21;4714,6428571429;55;3869,5714285714;51,6125;106,7096069869;211,92307692308
20/06/2024 10:00:30;30,572907679034;49,956588745117;68,487487792969;385,30708661417;21,050000190735;4714,7142857143;54,5;3869,6285714286;51,613392857143;106,71179039301;211,92857142857
20/06/2024 10:00:40;30,573770491803;50,043388366699;65,32763671875;385,31496062992;21,10000038147;4714,7857142857;54;3869,6857142857;51,614285714286;106,71397379913;211,93406593407
20/06/2024 10:00:50;30,574633304573;49,956588745117;73,962043762207;385,32283464567;21,000000476837;4714,8571428571;53,666666666667;3869,7428571429;51,615178571429;106,71615720524;211,93956043956
20/06/2024 10:01:00;30,575496117343;50,043395996094;75,429347991943;385,33070866142;20,900000572205;4714,9285714286;53,333333333333;3869,8;51,616071428571;106,71834061135;211,94505494505
20/06/2024 10:01:10;30,576358930112;50,13020324707;76,89665222168;385,33858267717;20,800000667572;4715;53;3869,8571428571;51,616964285714;106,72052401747;211,95054945055
20/06/2024 10:01:20;30,577221742882;50,065093994141;79,155601501465;385,34645669291;20,700000762939;4715,0714285714;52,75;3869,9142857143;51,617857142857;106,72270742358;211,95604395604
20/06/2024 10:01:30;30,578084555651;49,999984741211;76,47354888916;385,35433070866;20,766667048136;4715,1428571429;52,5;3869,9714285714;51,61875;106,72489082969;211,96153846154
20/06/2024 10:01:40;30,578947368421;50,043395996094;72,819999694824;385,36220472441;20,833333333333;4715,2142857143;52,25;3870,0285714286;51,619642857143;106,72707423581;211,96703296703
20/06/2024 10:01:50;30,579810181191;50,043388366699;70,490737915039;385,37007874016;20,89999961853;4715,2857142857;52;3870,0857142857;51,620535714286;106,72925764192;211,97252747253
20/06/2024 10:02:00;30,58067299396;49,999984741211;71,386199951172;385,37795275591;21,200000762939;4715,3571428571;52,166666666667;3870,1428571429;51,621428571429;106,73144104803;211,97802197802
20/06/2024 10:02:10;30,58153580673;50,13020324707;72,281661987305;385,38582677165;20,89999961853;4715,4285714286;52,333333333333;3870,2;51,622321428571;106,73362445415;211,98351648352
20/06/2024 10:02:20;30,5823986195;50,108497619629;74,949493408203;385,3937007874;21,099999427795;4715,5;52,5;3870,2571428571;51,623214285714;106,73580786026;211,98901098901
20/06/2024 10:02:30;30,583261432269;50,108497619629;74,666854858398;385,40157480315;21,299999237061;4715,5714285714;52,666666666667;3870,3142857143;51,624107142857;106,73799126638;211,99450549451
20/06/2024 10:02:40;30,584124245039;50,086791992188;67,68920135498;385,4094488189;21,200000762939;4715,6428571429;52,833333333333;3870,3714285714;51,625;106,74017467249;212
20/06/2024 10:02:50;30,584987057808;50,021690368652;75,409843444824;385,41732283465;21,39999961853;4715,7142857143;53;3870,4285714286;51,625892857143;106,7423580786;212,00549450549
20/06/2024 10:03:00;30,585849870578;50,043395996094;76,686874389648;385,42519685039;21,349999427795;4715,7857142857;53,2;3870,4857142857;51,626785714286;106,74454148472;212,01098901099
20/06/2024 10:03:10;30,586712683348;50,086799621582;77,963905334473;385,43307086614;21,299999237061;4715,8571428571;53,4;3870,5428571429;51,627678571429;106,74672489083;212,01648351648
20/06/2024 10:03:20;30,587575496117;49,956588745117;72,651298522949;385,44094488189;21,39999961853;4715,9285714286;53,6;3870,6;51,628571428571;106,74890829694;212,02197802198
20/06/2024 10:03:30;30,588438308887;49,999984741211;79,359146118164;385,44881889764;21,5;4716;53,8;3870,6571428571;51,629464285714;106,75109170306;212,02747252747
20/06/2024 10:03:40;30,589301121657;50,043388366699;76,082298278809;385,45669291339;21,700000762939;4716,0714285714;54;3870,7142857143;51,630357142857;106,75327510917;212,03296703297
20/06/2024 10:03:50;30,590163934426;49,956588745117;78,988357543945;385,46456692913;21,799999237061;4716,1428571429;54,142857142857;3870,7714285714;51,63125;106,75545851528;212,03846153846
20/06/2024 10:04:00;30,591026747196;50,086799621582;75,050365447998;385,47244094488;21,849999427795;4716,2142857143;54,285714285714;3870,8285714286;51,632142857143;106,7576419214;212,04395604396
20/06/2024 10:04:10;30,591889559965;49,826385498047;71,112373352051;385,48031496063;21,89999961853;4716,2857142857;54,428571428571;3870,8857142857;51,633035714286;106,75982532751;212,04945054945
20/06/2024 10:04:20;30,592752372735;49,999984741211;82,411918640137;385,48818897638;21,799999237061;4716,3571428571;54,571428571429;3870,9428571429;51,633928571429;106,76200873362;212,05494505495
20/06/2024 10:04:30;30,593615185505;49,999992370605;82,723526000977;385,49606299213;21,787499427795;4716,4285714286;54,714285714286;3871;51,634821428571;106,76419213974;212,06043956044
20/06/2024 10:04:40;30,594477998274;49,956588745117;81,084815979004;385,50393700787;21,77499961853;4716,5;54,857142857143;3871,0555555556;51,635714285714;106,76637554585;212,06593406593
20/06/2024 10:04:50;30,595340811044;49,956588745117;81,377807617188;385,51181102362;21,762499809265;4716,5714285714;55;3871,1111111111;51,636607142857;106,76855895197;212,07142857143
20/06/2024 10:05:00;30,596203623814;49,782974243164;72,458534240723;385,51968503937;21,75;4716,6428571429;55,5;3871,1666666667;51,6375;106,77074235808;212,07692307692
20/06/2024 10:05:10;30,597066436583;49,848083496094;69,940883636475;385,52755905512;21,737500190735;4716,7142857143;56;3871,2222222222;51,638392857143;106,77292576419;212,08241758242
20/06/2024 10:05:20;30,597929249353;49,73957824707;67,423233032227;385,53543307087;21,72500038147;4716,7857142857;56,25;3871,2777777778;51,639285714286;106,77510917031;212,08791208791
20/06/2024 10:05:30;30,598792062123;49,631065368652;62,257480621338;385,54330708661;21,712500572205;4716,8571428571;56,5;3871,3333333333;51,640178571429;106,77729257642;212,09340659341
20/06/2024 10:05:40;30,599654874892;49,782974243164;60,831035614014;385,55118110236;21,700000762939;4716,9285714286;56,75;3871,3888888889;51,641071428571;106,77947598253;212,0989010989
20/06/2024 10:05:50;30,600517687662;49,826385498047;54,777847290039;385,55905511811;21,89999961853;4717;57;3871,4444444444;51,641964285714;106,78165938865;212,1043956044
20/06/2024 10:06:00;30,601380500431;49,782974243164;54,636009216309;385,56692913386;21,800000190735;4717,0714285714;57,333333333333;3871,5;51,642857142857;106,78384279476;212,10989010989
20/06/2024 10:06:10;30,602243313201;49,826385498047;54,461254119873;385,57480314961;21,700000762939;4717,1428571429;57,666666666667;3871,5555555556;51,64375;106,78602620087;212,11538461538
20/06/2024 10:06:20;30,603106125971;49,869781494141;54,286499023438;385,58267716535;21,60000038147;4717,2142857143;58;3871,6111111111;51,644642857143;106,78820960699;212,12087912088
20/06/2024 10:06:30;30,60396893874;49,913177490234;59,036560058594;385,5905511811;21,39999961853;4717,2857142857;58,333333333333;3871,6666666667;51,645535714286;106,7903930131;212,12637362637
20/06/2024 10:06:40;30,60483175151;49,869781494141;61,023891448975;385,59842519685;21,349999427795;4717,3571428571;58,666666666667;3871,7222222222;51,646428571429;106,79257641921;212,13186813187
20/06/2024 10:06:50;30,60569456428;49,913177490234;58,783416748047;385,6062992126;21,299999237061;4717,4285714286;59;3871,7777777778;51,647321428571;106,79475982533;212,13736263736
20/06/2024 10:07:00;30,606557377049;49,804679870605;59,599407196045;385,61417322835;21;4717,5;59,333333333333;3871,8333333333;51,648214285714;106,79694323144;212,14285714286
20/06/2024 10:07:10;30,607420189819;49,913177490234;58,996124267578;385,62204724409;21,10000038147;4717,5714285714;59,666666666667;3871,8888888889;51,649107142857;106,79912663755;212,14835164835
20/06/2024 10:07:20;30,608283002588;49,891487121582;58,392841339111;385,62992125984;21;4717,6428571429;60;3871,9444444444;51,65;106,80131004367;212,15384615385
20/06/2024 10:07:30;30,609145815358;49,999984741211;58,159782409668;385,63779527559;20,89999961853;4717,7142857143;60,25;3872;51,650892857143;106,80349344978;212,15934065934
20/06/2024 10:07:40;30,610008628128;50,086791992188;63,326816558838;385,64566929134;20,700000762939;4717,7857142857;60,5;3872,0555555556;51,651785714286;106,8056768559;212,16483516484
20/06/2024 10:07:50;30,610871440897;50,043388366699;60,081665039063;385,65354330709;20,5;4717,8571428571;60,75;3872,1111111111;51,652678571429;106,80786026201;212,17032967033
20/06/2024 10:08:00;30,611734253667;50,217010498047;65,148712158203;385,66141732283;20,46666653951;4717,9285714286;61;3872,1666666667;51,653571428571;106,81004366812;212,17582417582
20/06/2024 10:08:10;30,612597066437;50,086799621582;64,951232910156;385,66929133858;20,43333307902;4718;61,5;3872,2222222222;51,654464285714;106,81222707424;212,18131868132
20/06/2024 10:08:20;30,613459879206;50,173599243164;64,753753662109;385,67716535433;20,39999961853;4718,0697674419;62;3872,2777777778;51,655357142857;106,81441048035;212,18681318681
20/06/2024 10:08:30;30,614322691976;50,260406494141;64,802070617676;385,68503937008;20,449999809265;4718,1395348837;62,25;3872,3333333333;51,65625;106,81659388646;212,19230769231
20/06/2024 10:08:40;30,615185504745;50,260406494141;68,373001098633;385,69291338583;20,5;4718,2093023256;62,5;3872,3888888889;51,657142857143;106,81877729258;212,1978021978
20/06/2024 10:08:50;30,616048317515;50,217010498047;76,018157958984;385,70078740157;20,299999237061;4718,2790697674;62,75;3872,4444444444;51,658035714286;106,82096069869;212,2032967033
20/06/2024 10:09:00;30,616911130285;50,325508117676;77,154365539551;385,70866141732;20,349999427795;4718,3488372093;63;3872,5;51,658928571429;106,8231441048;212,20879120879
20/06/2024 10:09:10;30,617773943054;50,238708496094;77,909233093262;385,71653543307;20,39999961853;4718,4186046512;63,333333333333;3872,5555555556;51,659821428571;106,82532751092;212,21428571429
20/06/2024 10:09:20;30,618636755824;50,173599243164;79,402851104736;385,72440944882;20,449999809265;4718,488372093;63,666666666667;3872,6111111111;51,660714285714;106,82751091703;212,21978021978
20/06/2024 10:09:30;30,619499568594;50,173599243164;80,896469116211;385,73228346457;20,5;4718,5581395349;64;3872,6666666667;51,661607142857;106,82969432314;212,22527472527
20/06/2024 10:09:40;30,620362381363;50,173599243164;71,59538269043;385,74015748031;20,550000190735;4718,6279069767;64,5;3872,7222222222;51,6625;106,83187772926;212,23076923077
20/06/2024 10:09:50;30,621225194133;50,151901245117;74,296295166016;385,74803149606;20,60000038147;4718,6976744186;65;3872,7777777778;51,663392857143;106,83406113537;212,23626373626
20/06/2024 10:10:00;30,622088006903;50,086791992188;79,813133239746;385,75590551181;20,650000572205;4718,7674418605;65,25;3872,8333333333;51,664285714286;106,83624454148;212,24175824176
20/06/2024 10:10:10;30,622950819672;50,065093994141;72,688903808594;385,76377952756;20,700000762939;4718,8372093023;65,5;3872,8888888889;51,665178571429;106,8384279476;212,24725274725
20/06/2024 10:10:20;30,623813632442;50,043395996094;76,840606689453;385,77165354331;20,75;4718,9069767442;65,75;3872,9444444444;51,666071428571;106,84061135371;212,25274725275
20/06/2024 10:10:30;30,624676445211;49,913177490234;80,992309570313;385,77952755906;20,799999237061;4718,976744186;66;3873;51,666964285714;106,84279475983;212,25824175824
20/06/2024 10:10:40;30,625539257981;49,934883117676;76,739517211914;385,7874015748;20,89999961853;4719,0465116279;65,8;3873,0606060606;51,667857142857;106,84497816594;212,26373626374
20/06/2024 10:10:50;30,626402070751;49,956588745117;81,174446105957;385,79527559055;21;4719,1162790698;65,6;3873,1212121212;51,66875;106,84716157205;212,26923076923
20/06/2024 10:11:00;30,62726488352;49,869781494141;74,411544799805;385,8031496063;21,025000095367;4719,1860465116;65,4;3873,1818181818;51,669642857143;106,84934497817;212,27472527473
20/06/2024 10:11:10;30,62812769629;49,956588745117;72,882286071777;385,81102362205;21,050000190735;4719,2558139535;65,2;3873,2424242424;51,670535714286;106,85152838428;212,28021978022
20/06/2024 10:11:20;30,62899050906;49,848083496094;72,2868309021;385,8188976378;21,075000286102;4719,3255813953;65;3873,303030303;51,671428571429;106,85371179039;212,28571428571
20/06/2024 10:11:30;30,629853321829;49,826377868652;71,691375732422;385,82677165354;21,10000038147;4719,3953488372;64,75;3873,3636363636;51,672321428571;106,85589519651;212,29120879121
20/06/2024 10:11:40;30,630716134599;49,826385498047;77,186958312988;385,83464566929;21,025000095367;4719,4651162791;64,5;3873,4242424242;51,673214285714;106,85807860262;212,2967032967
20/06/2024 10:11:50;30,631578947368;49,913185119629;75,41455078125;385,84251968504;20,949999809265;4719,5348837209;64,25;3873,4848484848;51,674107142857;106,86026200873;212,3021978022
20/06/2024 10:12:00;30,632441760138;49,999984741211;66,351493835449;385,85039370079;20,874999523163;4719,6046511628;64;3873,5454545455;51,675;106,86244541485;212,30769230769
20/06/2024 10:12:10;30,633304572908;49,913177490234;65,608032226563;385,85826771654;20,799999237061;4719,6744186047;63,666666666667;3873,6060606061;51,675892857143;106,86462882096;212,31318681319
20/06/2024 10:12:20;30,634167385677;49,891487121582;67,794757843018;385,86614173228;21;4719,7441860465;63,333333333333;3873,6666666667;51,676785714286;106,86681222707;212,31868131868
20/06/2024 10:12:30;30,635030198447;49,869781494141;69,981483459473;385,87401574803;20,799999237061;4719,8139534884;63;3873,7272727273;51,677678571429;106,86899563319;212,32417582418
20/06/2024 10:12:40;30,635893011217;49,934883117676;70,66675567627;385,88188976378;20,75;4719,8837209302;62,666666666667;3873,7878787879;51,678571428571;106,8711790393;212,32967032967
20/06/2024 10:12:50;30,636755823986;49,913177490234;68,365447998047;385,88976377953;20,700000762939;4719,9534883721;62,333333333333;3873,8484848485;51,679464285714;106,87336244541;212,33516483516
20/06/2024 10:13:00;30,637618636756;49,934883117676;69,98828125;385,89763779528;20,799999237061;4720,023255814;62;3873,9090909091;51,680357142857;106,87554585153;212,34065934066
20/06/2024 10:13:10;30,638481449525;49,956588745117;67,484924316406;385,90551181102;20,60000038147;4720,0930232558;61,666666666667;3873,9696969697;51,68125;106,87772925764;212,34615384615
20/06/2024 10:13:20;30,639344262295;49,999984741211;72,502368927002;385,91338582677;20,550000190735;4720,1627906977;61,333333333333;3874,0303030303;51,682142857143;106,87991266376;212,35164835165
20/06/2024 10:13:30;30,640207075065;50,043395996094;77,519813537598;385,92125984252;20,5;4720,2325581395;61;3874,0909090909;51,683035714286;106,88209606987;212,35714285714
20/06/2024 10:13:40;30,641069887834;49,978286743164;70,301254272461;385,92913385827;20,449999809265;4720,3023255814;60,666666666667;3874,1515151515;51,683928571429;106,88427947598;212,36263736264
20/06/2024 10:13:50;30,641932700604;50,043395996094;70,757308959961;385,93700787402;20,39999961853;4720,3720930233;60,333333333333;3874,2121212121;51,684821428571;106,8864628821;212,36813186813
20/06/2024 10:14:00;30,642795513374;49,956588745117;72,710609436035;385,94488188976;20,449999809265;4720,4418604651;60;3874,2727272727;51,685714285714;106,88864628821;212,37362637363
20/06/2024 10:14:10;30,643658326143;49,978286743164;73,910888671875;385,95275590551;20,5;4720,511627907;59,666666666667;3874,3333333333;51,686607142857;106,89082969432;212,37912087912
20/06/2024 10:14:20;30,644521138913;49,999984741211;75,85375213623;385,96062992126;20,39999961853;4720,5813953488;59,333333333333;3874,3939393939;51,6875;106,89301310044;212,38461538462
20/06/2024 10:14:30;30,645383951682;49,978286743164;74,831214904785;385,96850393701;20,5;4720,6511627907;59;3874,4545454545;51,688392857143;106,89519650655;212,39010989011
20/06/2024 10:14:40;30,646246764452;50,086791992188;73,80867767334;385,97637795276;20,60000038147;4720,7209302326;58,666666666667;3874,5151515152;51,689285714286;106,89737991266;212,3956043956
20/06/2024 10:14:50;30,647109577222;50,065093994141;77,509094238281;385,9842519685;20,5;4720,7906976744;58,333333333333;3874,5757575758;51,690178571429;106,89956331878;212,4010989011
20/06/2024 10:15:00;30,647972389991;49,999984741211;74,223114013672;385,99212598425;20,35000038147;4720,8604651163;58;3874,6363636364;51,691071428571;106,90174672489;212,40659340659
20/06/2024 10:15:10;30,648835202761;50,043395996094;78,084449768066;386;20,200000762939;4720,9302325581;57,75;3874,696969697;51,691964285714;106,903930131;212,41208791209
20/06/2024 10:15:20;30,649698015531;50,130195617676;80,215202331543;386,00787401575;20,299999237061;4721;57,5;3874,7575757576;51,692857142857;106,90611353712;212,41758241758
20/06/2024 10:15:30;30,6505608283;49,999984741211;79,830883026123;386,0157480315;20,349999427795;4721,0697674419;57,25;3874,8181818182;51,69375;106,90829694323;212,42307692308
20/06/2024 10:15:40;30,65142364107;50,195304870605;79,446563720703;386,02362204724;20,39999961853;4721,1395348837;57;3874,8787878788;51,694642857143;106,91048034934;212,42857142857
20/06/2024 10:15:50;30,65228645384;50,108497619629;80,476600646973;386,03149606299;20,299999237061;4721,2093023256;56,5;3874,9393939394;51,695535714286;106,91266375546;212,43406593407
20/06/2024 10:16:00;30,653149266609;50,043395996094;84,158416748047;386,03937007874;20,349999427795;4721,2790697674;56;3875;51,696428571429;106,91484716157;212,43956043956
20/06/2024 10:16:10;30,654012079379;50,13020324707;80,011459350586;386,04724409449;20,39999961853;4721,3488372093;55,75;3875,0697674419;51,697321428571;106,91703056769;212,44505494505
20/06/2024 10:16:20;30,654874892148;50,130195617676;86,739738464355;386,05511811024;20,299999237061;4721,4186046512;55,5;3875,1395348837;51,698214285714;106,9192139738;212,45054945055
20/06/2024 10:16:30;30,655737704918;50,086791992188;84,69775390625;386,06299212598;20,349999427795;4721,488372093;55,25;3875,2093023256;51,699107142857;106,92139737991;212,45604395604
20/06/2024 10:16:40;30,656600517688;50,086799621582;82,655769348145;386,07086614173;20,39999961853;4721,5581395349;55;3875,2790697674;51,7;106,92358078603;212,46153846154
20/06/2024 10:16:50;30,657463330457;49,956581115723;83,681823730469;386,07874015748;20,5;4721,6279069767;54,666666666667;3875,3488372093;51,700892857143;106,92576419214;212,46703296703
20/06/2024 10:17:00;30,658326143227;50,086791992188;79,776649475098;386,08661417323;20,60000038147;4721,6976744186;54,333333333333;3875,4186046512;51,701785714286;106,92794759825;212,47252747253
20/06/2024 10:17:10;30,659188955997;50,13020324707;81,518951416016;386,09448818898;20,5;4721,7674418605;54;3875,488372093;51,702678571429;106,93013100437;212,47802197802
20/06/2024 10:17:20;30,660051768766;49,848083496094;83,09398651123;386,10236220472;20,700000762939;4721,8372093023;53,5;3875,5581395349;51,703571428571;106,93231441048;212,48351648352
20/06/2024 10:17:30;30,660914581536;49,891479492188;83,474040985107;386,11023622047;20,800000190735;4721,9069767442;53;3875,6279069767;51,704464285714;106,93449781659;212,48901098901
20/06/2024 10:17:40;30,661777394305;49,869781494141;83,854095458984;386,11811023622;20,89999961853;4721,976744186;52,75;3875,6976744186;51,705357142857;106,93668122271;212,49450549451
20/06/2024 10:17:50;30,662640207075;49,978286743164;82,622161865234;386,12598425197;21;4722,0465116279;52,5;3875,7674418605;51,70625;106,93886462882;212,5
20/06/2024 10:18:00;30,663503019845;49,913177490234;88,445381164551;386,13385826772;20,949999809265;4722,1162790698;52,25;3875,8372093023;51,707142857143;106,94104803493;212,50549450549
20/06/2024 10:18:10;30,664365832614;49,956588745117;78,495231628418;386,14173228346;20,89999961853;4722,1860465116;52;3875,9069767442;51,708035714286;106,94323144105;212,51098901099
20/06/2024 10:18:20;30,665228645384;49,782974243164;79,273590087891;386,14960629921;20,874999523163;4722,2558139535;51,666666666667;3875,976744186;51,708928571429;106,94541484716;212,51648351648
20/06/2024 10:18:30;30,666091458154;49,826385498047;84,021106719971;386,15748031496;20,849999427795;4722,3255813953;51,333333333333;3876,0465116279;51,709821428571;106,94759825328;212,52197802198
20/06/2024 10:18:40;30,666954270923;49,978286743164;88,768623352051;386,16535433071;20,824999332428;4722,3953488372;51;3876,1162790698;51,710714285714;106,94978165939;212,52747252747
20/06/2024 10:18:50;30,667817083693;49,891479492188;85,690093994141;386,17322834646;20,799999237061;4722,4651162791;50,5;3876,1860465116;51,711607142857;106,9519650655;212,53296703297
20/06/2024 10:19:00;30,668679896462;49,891479492188;91,152809143066;386,1811023622;20,89999961853;4722,5348837209;50;3876,2558139535;51,7125;106,95414847162;212,53846153846
20/06/2024 10:19:10;30,669542709232;49,913177490234;80,153099060059;386,18897637795;20,849999427795;4722,6046511628;49,75;3876,3255813953;51,713392857143;106,95633187773;212,54395604396
20/06/2024 10:19:20;30,670405522002;49,934883117676;83,724250793457;386,1968503937;20,799999237061;4722,6744186047;49,5;3876,3953488372;51,714285714286;106,95851528384;212,54945054945
20/06/2024 10:19:30;30,671268334771;49,956588745117;81,126960754395;386,20472440945;20,75;4722,7441860465;49,25;3876,4651162791;51,715178571429;106,96069868996;212,55494505495
20/06/2024 10:19:40;30,672131147541;49,869781494141;80,751132965088;386,2125984252;20,700000762939;4722,8139534884;49;3876,5348837209;51,716071428571;106,96288209607;212,56043956044
20/06/2024 10:19:50;30,672993960311;49,999984741211;80,375305175781;386,22047244094;20,733333587646;4722,8837209302;49,076923076923;3876,6046511628;51,716964285714;106,96506550218;212,56593406593
20/06/2024 10:20:00;30,67385677308;50,021690368652;76,271545410156;386,22834645669;20,766666412354;4722,9534883721;49,153846153846;3876,6744186047;51,717857142857;106,9672489083;212,57142857143
20/06/2024 10:20:10;30,67471958585;50,043395996094;85,904983520508;386,23622047244;20,799999237061;4723,023255814;49,230769230769;3876,7441860465;51,71875;106,96943231441;212,57692307692
20/06/2024 10:20:20;30,67558239862;49,869781494141;81,267929077148;386,24409448819;20,75;4723,0930232558;49,307692307692;3876,8139534884;51,719642857143;106,97161572052;212,58241758242
20/06/2024 10:20:30;30,676445211389;49,999984741211;81,592971801758;386,25196850394;20,700000762939;4723,1627906977;49,384615384615;3876,8837209302;51,720535714286;106,97379912664;212,58791208791
20/06/2024 10:20:40;30,677308024159;49,956588745117;80,792148590088;386,25984251969;20,720000457764;4723,2325581395;49,461538461538;3876,9534883721;51,721428571429;106,97598253275;212,59340659341
20/06/2024 10:20:50;30,678170836928;50,086791992188;79,991325378418;386,26771653543;20,740000152588;4723,3023255814;49,538461538462;3877,023255814;51,722321428571;106,97816593886;212,5989010989
20/06/2024 10:21:00;30,679033649698;49,869781494141;84,266975402832;386,27559055118;20,759999847412;4723,3720930233;49,615384615385;3877,0930232558;51,723214285714;106,98034934498;212,6043956044
20/06/2024 10:21:10;30,679896462468;49,999984741211;84,071182250977;386,28346456693;20,779999542236;4723,4418604651;49,692307692308;3877,1627906977;51,724107142857;106,98253275109;212,60989010989
20/06/2024 10:21:20;30,680759275237;49,978286743164;78,129302978516;386,29133858268;20,799999237061;4723,511627907;49,769230769231;3877,2325581395;51,725;106,98471615721;212,61538461538
20/06/2024 10:21:30;30,681622088007;49,978286743164;86,569541931152;386,29921259843;20,819999313354;4723,5813953488;49,846153846154;3877,3023255814;51,725892857143;106,98689956332;212,62087912088
20/06/2024 10:21:40;30,682484900777;49,978286743164;85,217922210693;386,30708661417;20,839999389648;4723,6511627907;49,923076923077;3877,3720930233;51,726785714286;106,98908296943;212,62637362637
20/06/2024 10:21:50;30,683347713546;50,086799621582;83,866302490234;386,31496062992;20,859999465942;4723,7209302326;50;3877,4418604651;51,727678571429;106,99126637555;212,63186813187
20/06/2024 10:22:00;30,684210526316;50,13020324707;73,084480285645;386,32283464567;20,879999542236;4723,7906976744;50,111111111111;3877,511627907;51,728571428571;106,99344978166;212,63736263736
20/06/2024 10:22:10;30,685073339085;50,086791992188;81,604179382324;386,33070866142;20,89999961853;4723,8604651163;50,222222222222;3877,5813953488;51,729464285714;106,99563318777;212,64285714286
20/06/2024 10:22:20;30,685936151855;50,043395996094;82,518699645996;386,33858267717;20,799999237061;4723,9302325581;50,333333333333;3877,6511627907;51,730357142857;106,99781659389;212,64835164835
20/06/2024 10:22:30;30,686798964625;49,999984741211;72,347549438477;386,34645669291;20,89999961853;4724;50,444444444444;3877,7209302326;51,73125;107;212,65384615385
20/06/2024 10:22:40;30,687661777394;50,086791992188;74,257633209229;386,35433070866;20,949999809265;4724,0714285714;50,555555555556;3877,7906976744;51,732142857143;107,0022172949;212,65934065934
20/06/2024 10:22:50;30,688524590164;50,086791992188;76,16771697998;386,36220472441;21;4724,1428571429;50,666666666667;3877,8604651163;51,733035714286;107,0044345898;212,66483516484
20/06/2024 10:23:00;30,689387402934;49,956588745117;73,002532958984;386,37007874016;21,299999237061;4724,2142857143;50,777777777778;3877,9302325581;51,733928571429;107,0066518847;212,67032967033
20/06/2024 10:23:10;30,690250215703;50,021690368652;80,342498779297;386,37795275591;21,199999809265;4724,2857142857;50,888888888889;3878;51,734821428571;107,0088691796;212,67582417582
20/06/2024 10:23:20;30,691113028473;49,956588745117;74,128776550293;386,38582677165;21,10000038147;4724,3571428571;51;3878,0512820513;51,735714285714;107,0110864745;212,68131868132
20/06/2024 10:23:30;30,691975841242;50,043388366699;73,97713470459;386,3937007874;21,299999237061;4724,4285714286;51,166666666667;3878,1025641026;51,736607142857;107,0133037694;212,68681318681
20/06/2024 10:23:40;30,692838654012;50,043395996094;80,117462158203;386,40157480315;21,200000762939;4724,5;51,333333333333;3878,1538461538;51,7375;107,0155210643;212,69230769231
20/06/2024 10:23:50;30,693701466782;50,043388366699;79,844680786133;386,4094488189;21,39999961853;4724,5714285714;51,5;3878,2051282051;51,738392857143;107,0177383592;212,6978021978
20/06/2024 10:24:00;30,694564279551;50,13020324707;79,571899414063;386,41732283465;21,349999427795;4724,6428571429;51,666666666667;3878,2564102564;51,739285714286;107,0199556541;212,7032967033
20/06/2024 10:24:10;30,695427092321;49,934883117676;71,926551818848;386,42519685039;21,299999237061;4724,7142857143;51,833333333333;3878,3076923077;51,740178571429;107,022172949;212,70879120879
20/06/2024 10:24:20;30,696289905091;49,956588745117;76,301582336426;386,43307086614;21,359999465942;4724,7857142857;52;3878,358974359;51,741071428571;107,0243902439;212,71428571429
20/06/2024 10:24:30;30,69715271786;50,043395996094;79,476669311523;386,44094488189;21,419999694824;4724,8571428571;52,2;3878,4102564103;51,741964285714;107,0266075388;212,71978021978
20/06/2024 10:24:40;30,69801553063;50,065093994141;83,117446899414;386,44881889764;21,479999923706;4724,9285714286;52,4;3878,4615384615;51,742857142857;107,0288248337;212,72527472527
20/06/2024 10:24:50;30,698878343399;49,956588745117;84,034942626953;386,45669291339;21,540000152588;4725;52,6;3878,5128205128;51,74375;107,0310421286;212,73076923077
20/06/2024 10:25:00;30,699741156169;50,065093994141;84,952438354492;386,46456692913;21,60000038147;4725,0714285714;52,8;3878,5641025641;51,744642857143;107,0332594235;212,73626373626
20/06/2024 10:25:10;30,700603968939;50,13020324707;84,782768249512;386,47244094488;21,550000190735;4725,1428571429;53;3878,6153846154;51,745535714286;107,0354767184;212,74175824176
20/06/2024 10:25:20;30,701466781708;50,108497619629;86,995193481445;386,48031496063;21,5;4725,2142857143;53,142857142857;3878,6666666667;51,746428571429;107,0376940133;212,74725274725
20/06/2024 10:25:30;30,702329594478;49,999984741211;84,209785461426;386,48818897638;21,550000190735;4725,2857142857;53,285714285714;3878,7179487179;51,747321428571;107,0399113082;212,75274725275
20/06/2024 10:25:40;30,703192407248;50,065093994141;86,159194946289;386,49606299213;21,60000038147;4725,3571428571;53,428571428571;3878,7692307692;51,748214285714;107,0421286031;212,75824175824
20/06/2024 10:25:50;30,704055220017;49,999984741211;82,789505004883;386,50393700787;21,56666692098;4725,4285714286;53,571428571429;3878,8205128205;51,749107142857;107,044345898;212,76373626374
20/06/2024 10:26:00;30,704918032787;49,913185119629;79,419815063477;386,51181102362;21,53333346049;4725,5;53,714285714286;3878,8717948718;51,75;107,0465631929;212,76923076923
20/06/2024 10:26:10;30,705780845557;49,73957824707;73,924842834473;386,51968503937;21,5;4725,5714285714;53,857142857143;3878,9230769231;51,750892857143;107,0487804878;212,77472527473
20/06/2024 10:26:20;30,706643658326;49,848083496094;66,820083618164;386,52755905512;21,46666653951;4725,6428571429;54;3878,9743589744;51,751785714286;107,05099778271;212,78021978022
20/06/2024 10:26:30;30,707506471096;49,73957824707;61,356048583984;386,53543307087;21,43333307902;4725,7142857143;54,333333333333;3879,0256410256;51,752678571429;107,05321507761;212,78571428571
20/06/2024 10:26:40;30,708369283865;49,739570617676;60,78902053833;386,54330708661;21,39999961853;4725,7857142857;54,666666666667;3879,0769230769;51,753571428571;107,05543237251;212,79120879121
20/06/2024 10:26:50;30,709232096635;49,73957824707;59,955392837524;386,55118110236;21,60000038147;4725,8571428571;55;3879,1282051282;51,754464285714;107,05764966741;212,7967032967
20/06/2024 10:27:00;30,710094909405;49,913177490234;59,121765136719;386,55905511811;21,550000190735;4725,9285714286;55,333333333333;3879,1794871795;51,755357142857;107,05986696231;212,8021978022
20/06/2024 10:27:10;30,710957722174;49,891479492188;65,172431945801;386,56692913386;21,5;4726;55,666666666667;3879,2307692308;51,75625;107,06208425721;212,80769230769
20/06/2024 10:27:20;30,711820534944;49,804679870605;63,457660675049;386,57480314961;21,299999237061;4726,0714285714;56;3879,2820512821;51,757142857143;107,06430155211;212,81318681319
20/06/2024 10:27:30;30,712683347714;49,999984741211;65,823318481445;386,58267716535;21,349999427795;4726,1428571429;56,25;3879,3333333333;51,758035714286;107,06651884701;212,81868131868
20/06/2024 10:27:40;30,713546160483;49,869781494141;66,777709960938;386,5905511811;21,39999961853;4726,2142857143;56,5;3879,3846153846;51,758928571429;107,06873614191;212,82417582418
20/06/2024 10:27:50;30,714408973253;50,021690368652;64,767255783081;386,59842519685;21,300000190735;4726,2857142857;56,75;3879,4358974359;51,759821428571;107,07095343681;212,82967032967
20/06/2024 10:28:00;30,715271786022;49,956588745117;62,756801605225;386,6062992126;21,200000762939;4726,3571428571;57;3879,4871794872;51,760714285714;107,07317073171;212,83516483516
20/06/2024 10:28:10;30,716134598792;49,848083496094;64,821090698242;386,61417322835;21,10000038147;4726,4285714286;57,5;3879,5384615385;51,761607142857;107,07538802661;212,84065934066
20/06/2024 10:28:20;30,716997411562;49,913177490234;64,417686462402;386,62204724409;20,799999237061;4726,5;58;3879,5897435897;51,7625;107,07760532151;212,84615384615
20/06/2024 10:28:30;30,717860224331;49,869781494141;62,114749908447;386,62992125984;20,849999427795;4726,5714285714;58,333333333333;3879,641025641;51,763392857143;107,07982261641;212,85164835165
20/06/2024 10:28:40;30,718723037101;49,978286743164;65,047988891602;386,63779527559;20,89999961853;4726,6428571429;58,666666666667;3879,6923076923;51,764285714286;107,08203991131;212,85714285714
20/06/2024 10:28:50;30,719585849871;49,956581115723;60,477603912354;386,64566929134;20,700000762939;4726,7142857143;59;3879,7435897436;51,765178571429;107,08425720621;212,86263736264
20/06/2024 10:29:00;30,72044866264;50,021686553955;61,319980621338;386,65354330709;20,60000038147;4726,7857142857;59,25;3879,7948717949;51,766071428571;107,08647450111;212,86813186813
20/06/2024 10:29:10;30,72131147541;50,086791992188;62,162357330322;386,66141732283;20,700000762939;4726,8571428571;59,5;3879,8461538462;51,766964285714;107,08869179601;212,87362637363
20/06/2024 10:29:20;30,722174288179;50,108497619629;63,495231628418;386,66929133858;20,60000038147;4726,9285714286;59,75;3879,8974358974;51,767857142857;107,09090909091;212,87912087912
20/06/2024 10:29:30;30,723037100949;50,217010498047;62,452579498291;386,67716535433;20,5;4727;60;3879,9487179487;51,76875;107,09312638581;212,88461538462
20/06/2024 10:29:40;30,723899913719;50,086799621582;68,838081359863;386,68503937008;20,60000038147;4727,0697674419;60,5;3880;51,769642857143;107,09534368071;212,89010989011
20/06/2024 10:29:50;30,724762726488;50,086791992188;67,016990661621;386,69291338583;20,5;4727,1395348837;61;3880,0571428571;51,770535714286;107,09756097561;212,8956043956
20/06/2024 10:30:00;30,725625539258;50,173599243164;66,738151550293;386,70078740157;20,449999809265;4727,2093023256;61,25;3880,1142857143;51,771428571429;107,09977827051;212,9010989011
20/06/2024 10:30:10;30,726488352028;50,021690368652;66,459312438965;386,70866141732;20,39999961853;4727,2790697674;61,5;3880,1714285714;51,772321428571;107,10199556541;212,90659340659
20/06/2024 10:30:20;30,727351164797;50,065093994141;71,89656829834;386,71653543307;20,428571156093;4727,3488372093;61,75;3880,2285714286;51,773214285714;107,10421286031;212,91208791209
20/06/2024 10:30:30;30,728213977567;50,086791992188;76,827934265137;386,72440944882;20,457142693656;4727,4186046512;62;3880,2857142857;51,774107142857;107,10643015521;212,91758241758
20/06/2024 10:30:40;30,729076790336;50,130195617676;76,887306213379;386,73228346457;20,485714231219;4727,488372093;62,5;3880,3428571429;51,775;107,10864745011;212,92307692308
20/06/2024 10:30:50;30,729939603106;50,195304870605;77,695327758789;386,74015748031;20,514285768781;4727,5581395349;63;3880,4;51,775892857143;107,11086474501;212,92857142857
20/06/2024 10:31:00;30,730802415876;50,303802490234;76,736446380615;386,74803149606;20,542857306344;4727,6279069767;63,333333333333;3880,4571428571;51,776785714286;107,11308203991;212,93406593407
20/06/2024 10:31:10;30,731665228645;50,173606872559;75,777565002441;386,75590551181;20,571428843907;4727,6976744186;63,666666666667;3880,5142857143;51,777678571429;107,11529933481;212,93956043956
20/06/2024 10:31:20;30,732528041415;50,043395996094;75,442413330078;386,76377952756;20,60000038147;4727,7674418605;64;3880,5714285714;51,778571428571;107,11751662971;212,94505494505
20/06/2024 10:31:30;30,733390854185;50,151901245117;80,261154174805;386,77165354331;20,650000572205;4727,8372093023;64,25;3880,6285714286;51,779464285714;107,11973392461;212,95054945055
20/06/2024 10:31:40;30,734253666954;50,173599243164;70,910530090332;386,77952755906;20,700000762939;4727,9069767442;64,5;3880,6857142857;51,780357142857;107,12195121951;212,95604395604
20/06/2024 10:31:50;30,735116479724;50,130195617676;73,754196166992;386,7874015748;20,89999961853;4727,976744186;64,75;3880,7428571429;51,78125;107,12416851441;212,96153846154
20/06/2024 10:32:00;30,735979292494;50,086791992188;72,848320007324;386,79527559055;20,949999809265;4728,0465116279;65;3880,8;51,782142857143;107,12638580931;212,96703296703
20/06/2024 10:32:10;30,736842105263;49,999992370605;71,942443847656;386,8031496063;21;4728,1162790698;65,5;3880,8571428571;51,783035714286;107,12860310421;212,97252747253
20/06/2024 10:32:20;30,737704918033;50,043395996094;69,742431640625;386,81102362205;21,200000762939;4728,1860465116;66;3880,9142857143;51,783928571429;107,13082039911;212,97802197802
20/06/2024 10:32:30;30,738567730802;49,934883117676;68,225158691406;386,8188976378;21,150000572205;4728,2558139535;66,25;3880,9714285714;51,784821428571;107,13303769401;212,98351648352
20/06/2024 10:32:40;30,739430543572;50,043388366699;75,095024108887;386,82677165354;21,10000038147;4728,3255813953;66,5;3881,0285714286;51,785714285714;107,13525498891;212,98901098901
20/06/2024 10:32:50;30,740293356342;49,956588745117;72,406768798828;386,83464566929;21;4728,3953488372;66,75;3881,0857142857;51,786607142857;107,13747228381;212,99450549451
20/06/2024 10:33:00;30,741156169111;49,999984741211;70,072765350342;386,84251968504;21,10000038147;4728,4651162791;67;3881,1428571429;51,7875;107,13968957871;213
20/06/2024 10:33:10;30,742018981881;49,913177490234;67,738761901855;386,85039370079;21,200000762939;4728,5348837209;66,666666666667;3881,2;51,788392857143;107,14190687361;213,00549450549
20/06/2024 10:33:20;30,742881794651;49,913181304932;73,266075134277;386,85826771654;21,299999237061;4728,6046511628;66,333333333333;3881,2571428571;51,789285714286;107,14412416851;213,01098901099
20/06/2024 10:33:30;30,74374460742;49,913185119629;69,99649810791;386,86614173228;21,200000762939;4728,6744186047;66;3881,3142857143;51,790178571429;107,14634146341;213,01648351648
20/06/2024 10:33:40;30,74460742019;49,891479492188;67,722274780273;386,87401574803;21,35000038147;4728,7441860465;65,833333333333;3881,3714285714;51,791071428571;107,14855875831;213,02197802198
20/06/2024 10:33:50;30,745470232959;49,891487121582;74,578170776367;386,88188976378;21,5;4728,8139534884;65,666666666667;3881,4285714286;51,791964285714;107,15077605322;213,02747252747
20/06/2024 10:34:00;30,746333045729;49,913177490234;72,873985290527;386,88976377953;21,39999961853;4728,8837209302;65,5;3881,4857142857;51,792857142857;107,15299334812;213,03296703297
20/06/2024 10:34:10;30,747195858499;49,956588745117;70,891304016113;386,89763779528;21,10000038147;4728,9534883721;65,333333333333;3881,5428571429;51,79375;107,15521064302;213,03846153846
20/06/2024 10:34:20;30,748058671268;49,956581115723;68,908622741699;386,90551181102;21,200000762939;4729,023255814;65,166666666667;3881,6;51,794642857143;107,15742793792;213,04395604396
20/06/2024 10:34:30;30,748921484038;49,913177490234;64,74910736084;386,91338582677;21,299999237061;4729,0930232558;65;3881,6571428571;51,795535714286;107,15964523282;213,04945054945
20/06/2024 10:34:40;30,749784296808;49,978286743164;72,285957336426;386,92125984252;21,199999809265;4729,1627906977;64,833333333333;3881,7142857143;51,796428571429;107,16186252772;213,05494505495
20/06/2024 10:34:50;30,750647109577;49,913177490234;72,108848571777;386,92913385827;21,10000038147;4729,2325581395;64,666666666667;3881,7714285714;51,797321428571;107,16407982262;213,06043956044
20/06/2024 10:35:00;30,751509922347;49,848083496094;64,074798583984;386,93700787402;21,39999961853;4729,3023255814;64,5;3881,8285714286;51,798214285714;107,16629711752;213,06593406593
20/06/2024 10:35:10;30,752372735116;49,978286743164;67,054916381836;386,94488188976;21,14999961853;4729,3720930233;64,333333333333;3881,8857142857;51,799107142857;107,16851441242;213,07142857143
20/06/2024 10:35:20;30,753235547886;49,913177490234;70,035034179688;386,95275590551;20,89999961853;4729,4418604651;64,166666666667;3881,9428571429;51,8;107,17073170732;213,07692307692
20/06/2024 10:35:30;30,754098360656;50,065093994141;73,095878601074;386,96062992126;21;4729,511627907;64;3882;51,800892857143;107,17294900222;213,08241758242
20/06/2024 10:35:40;30,754961173425;49,999984741211;74,886108398438;386,96850393701;20,89999961853;4729,5813953488;63,666666666667;3882,0571428571;51,801785714286;107,17516629712;213,08791208791
20/06/2024 10:35:50;30,755823986195;50,086799621582;73,887046813965;386,97637795276;20,949999809265;4729,6511627907;63,333333333333;3882,1142857143;51,802678571429;107,17738359202;213,09340659341
20/06/2024 10:36:00;30,756686798965;49,913177490234;72,153594970703;386,9842519685;21;4729,7209302326;63;3882,1714285714;51,803571428571;107,17960088692;213,0989010989
20/06/2024 10:36:10;30,757549611734;49,956588745117;71,194206237793;386,99212598425;20,700000762939;4729,7906976744;62,666666666667;3882,2285714286;51,804464285714;107,18181818182;213,1043956044
20/06/2024 10:36:20;30,758412424504;50,086799621582;70,234817504883;387;20,75;4729,8604651163;62,333333333333;3882,2857142857;51,805357142857;107,18403547672;213,10989010989
20/06/2024 10:36:30;30,759275237274;49,913177490234;70,808776855469;387,00793650794;20,799999237061;4729,9302325581;62;3882,3428571429;51,80625;107,18625277162;213,11538461538
20/06/2024 10:36:40;30,760138050043;49,978286743164;63,036682128906;387,01587301587;20,89999961853;4730;61,666666666667;3882,4;51,807142857143;107,18847006652;213,12087912088
20/06/2024 10:36:50;30,761000862813;49,999984741211;75,87385559082;387,02380952381;20,700000762939;4730,0714285714;61,333333333333;3882,4571428571;51,808035714286;107,19068736142;213,12637362637
20/06/2024 10:37:00;30,761863675582;50,065093994141;82,654075622559;387,03174603175;20,72500038147;4730,1428571429;61;3882,5142857143;51,808928571429;107,19290465632;213,13186813187
20/06/2024 10:37:10;30,762726488352;49,999984741211;82,636539459229;387,03968253968;20,75;4730,2142857143;60,666666666667;3882,5714285714;51,809821428571;107,19512195122;213,13736263736
20/06/2024 10:37:20;30,763589301122;49,956588745117;82,619003295898;387,04761904762;20,77499961853;4730,2857142857;60,333333333333;3882,6285714286;51,810714285714;107,19733924612;213,14285714286
20/06/2024 10:37:30;30,764452113891;50,086791992188;78,832328796387;387,05555555556;20,799999237061;4730,3571428571;60;3882,6857142857;51,811607142857;107,19955654102;213,14835164835
20/06/2024 10:37:40;30,765314926661;50,13020324707;74,730178833008;387,06349206349;20,699999809265;4730,4285714286;59,75;3882,7428571429;51,8125;107,20177383592;213,15384615385
20/06/2024 10:37:50;30,766177739431;50,021690368652;78,190078735352;387,07142857143;20,60000038147;4730,5;59,5;3882,8;51,813392857143;107,20399113082;213,15934065934
20/06/2024 10:38:00;30,7670405522;50,043395996094;74,866539001465;387,07936507937;20,642857415336;4730,5714285714;59,25;3882,8571428571;51,814285714286;107,20620842572;213,16483516484
20/06/2024 10:38:10;30,76790336497;50,043395996094;73,545791625977;387,0873015873;20,685714449201;4730,6428571429;59;3882,9142857143;51,815178571429;107,20842572062;213,17032967033
20/06/2024 10:38:20;30,768766177739;50,13020324707;72,225044250488;387,09523809524;20,728571483067;4730,7142857143;58,5;3882,9714285714;51,816071428571;107,21064301552;213,17582417582
20/06/2024 10:38:30;30,769628990509;50,173599243164;74,64225769043;387,10317460317;20,771428516933;4730,7857142857;58;3883,0285714286;51,816964285714;107,21286031042;213,18131868132
20/06/2024 10:38:40;30,770491803279;50,021690368652;71,930717468262;387,11111111111;20,814285550799;4730,8571428571;57,666666666667;3883,0857142857;51,817857142857;107,21507760532;213,18681318681
20/06/2024 10:38:50;30,771354616048;50,13020324707;70,928886413574;387,11904761905;20,857142584664;4730,9285714286;57,333333333333;3883,1428571429;51,81875;107,21729490022;213,19230769231
20/06/2024 10:39:00;30,772217428818;50,130195617676;70,973373413086;387,12698412698;20,89999961853;4731;57;3883,2;51,819642857143;107,21951219512;213,1978021978
20/06/2024 10:39:10;30,773080241588;50,217010498047;76,481307983398;387,13492063492;21;4731,0714285714;57,076923076923;3883,2571428571;51,820535714286;107,22172949002;213,2032967033
20/06/2024 10:39:20;30,773943054357;50,173599243164;75,449787139893;387,14285714286;21,050000190735;4731,1428571429;57,153846153846;3883,3142857143;51,821428571429;107,22394678492;213,20879120879
20/06/2024 10:39:30;30,774805867127;50,065093994141;74,418266296387;387,15079365079;21,10000038147;4731,2142857143;57,230769230769;3883,3714285714;51,822321428571;107,22616407982;213,21428571429
20/06/2024 10:39:40;30,775668679896;50,13020324707;74,154052734375;387,15873015873;21,200000762939;4731,2857142857;57,307692307692;3883,4285714286;51,823214285714;107,22838137472;213,21978021978
20/06/2024 10:39:50;30,776531492666;50,043395996094;76,685432434082;387,16666666667;21,300000190735;4731,3571428571;57,384615384615;3883,4857142857;51,824107142857;107,23059866962;213,22527472527
20/06/2024 10:40:00;30,777394305436;49,999984741211;80,452812194824;387,1746031746;21,39999961853;4731,4285714286;57,461538461538;3883,5428571429;51,825;107,23281596452;213,23076923077
20/06/2024 10:40:10;30,778257118205;50,13020324707;71,855690002441;387,18253968254;21,299999237061;4731,5;57,538461538462;3883,6;51,825892857143;107,23503325942;213,23626373626
20/06/2024 10:40:20;30,779119930975;49,999992370605;70,866569519043;387,19047619048;21,39999961853;4731,5714285714;57,615384615385;3883,6571428571;51,826785714286;107,23725055432;213,24175824176
20/06/2024 10:40:30;30,779982743745;49,891487121582;69,877449035645;387,19841269841;21,5;4731,6428571429;57,692307692308;3883,7142857143;51,827678571429;107,23946784922;213,24725274725
20/06/2024 10:40:40;30,780845556514;50,086791992188;75,20263671875;387,20634920635;21,60000038147;4731,7142857143;57,769230769231;3883,7714285714;51,828571428571;107,24168514412;213,25274725275
20/06/2024 10:40:50;30,781708369284;49,913177490234;75,484153747559;387,21428571429;21,700000762939;4731,7857142857;57,846153846154;3883,8285714286;51,829464285714;107,24390243902;213,25824175824
20/06/2024 10:41:00;30,782571182053;49,956588745117;77,322616577148;387,22222222222;21,66666730245;4731,8571428571;57,923076923077;3883,8857142857;51,830357142857;107,24611973392;213,26373626374
20/06/2024 10:41:10;30,783433994823;50,043395996094;77,01050567627;387,23015873016;21,63333384196;4731,9285714286;58;3883,9428571429;51,83125;107,24833702882;213,26923076923
20/06/2024 10:41:20;30,784296807593;49,73957824707;81,515693664551;387,2380952381;21,60000038147;4732;58,5;3884;51,832142857143;107,25055432373;213,27472527473
20/06/2024 10:41:30;30,785159620362;49,978286743164;86,020881652832;387,24603174603;21,550000190735;4732,0714285714;59;3884,0571428571;51,833035714286;107,25277161863;213,28021978022
20/06/2024 10:41:40;30,786022433132;49,869781494141;85,264976501465;387,25396825397;21,5;4732,1428571429;59,25;3884,1142857143;51,833928571429;107,25498891353;213,28571428571
20/06/2024 10:41:50;30,786885245902;49,956588745117;83,870506286621;387,2619047619;21,60000038147;4732,2142857143;59,5;3884,1714285714;51,834821428571;107,25720620843;213,29120879121
20/06/2024 10:42:00;30,787748058671;49,978286743164;83,990882873535;387,26984126984;21,700000762939;4732,2857142857;59,75;3884,2285714286;51,835714285714;107,25942350333;213,2967032967
20/06/2024 10:42:10;30,788610871441;50,043395996094;78,999153137207;387,27777777778;21,650000572205;4732,3571428571;60;3884,2857142857;51,836607142857;107,26164079823;213,3021978022
20/06/2024 10:42:20;30,789473684211;50,108497619629;80,609756469727;387,28571428571;21,60000038147;4732,4285714286;60,333333333333;3884,3428571429;51,8375;107,26385809313;213,30769230769
20/06/2024 10:42:30;30,79033649698;49,978286743164;82,220359802246;387,29365079365;21,700000762939;4732,5;60,666666666667;3884,4;51,838392857143;107,26607538803;213,31318681319
20/06/2024 10:42:40;30,79119930975;49,826385498047;81,762474060059;387,30158730159;21,800000190735;4732,5714285714;61;3884,4571428571;51,839285714286;107,26829268293;213,31868131868
20/06/2024 10:42:50;30,792062122519;49,913177490234;74,955879211426;387,30952380952;21,89999961853;4732,6428571429;61,166666666667;3884,5142857143;51,840178571429;107,27050997783;213,32417582418
20/06/2024 10:43:00;30,792924935289;49,826377868652;69,232849121094;387,31746031746;21,849999427795;4732,7142857143;61,333333333333;3884,5714285714;51,841071428571;107,27272727273;213,32967032967
20/06/2024 10:43:10;30,793787748059;49,826385498047;66,66667175293;387,3253968254;21,799999237061;4732,7857142857;61,5;3884,6285714286;51,841964285714;107,27494456763;213,33516483516
20/06/2024 10:43:20;30,794650560828;49,761276245117;60,902000427246;387,33333333333;21,89999961853;4732,8571428571;61,666666666667;3884,6857142857;51,842857142857;107,27716186253;213,34065934066
20/06/2024 10:43:30;30,795513373598;49,782974243164;58,482849121094;387,34126984127;21,700000762939;4732,9285714286;61,833333333333;3884,7428571429;51,84375;107,27937915743;213,34615384615
20/06/2024 10:43:40;30,796376186368;49,869781494141;56,063697814941;387,34920634921;21,75;4733;62;3884,8;51,844642857143;107,28159645233;213,35164835165
20/06/2024 10:43:50;30,797238999137;49,782974243164;56,038059234619;387,35714285714;21,799999237061;4733,0714285714;62,333333333333;3884,8571428571;51,845535714286;107,28381374723;213,35714285714
20/06/2024 10:44:00;30,798101811907;49,869781494141;53,935169219971;387,36507936508;21,60000038147;4733,1428571429;62,666666666667;3884,9142857143;51,846428571429;107,28603104213;213,36263736264
20/06/2024 10:44:10;30,798964624676;49,869781494141;54,415660858154;387,37301587302;21,5;4733,2142857143;63;3884,9714285714;51,847321428571;107,28824833703;213,36813186813
20/06/2024 10:44:20;30,799827437446;49,73957824707;57,835948944092;387,38095238095;21,39999961853;4733,2857142857;63,333333333333;3885,0285714286;51,848214285714;107,29046563193;213,37362637363
20/06/2024 10:44:30;30,800690250216;49,869781494141;57,712554931641;387,38888888889;21,300000190735;4733,3571428571;63,666666666667;3885,0857142857;51,849107142857;107,29268292683;213,37912087912
20/06/2024 10:44:40;30,801553062985;50,021690368652;57,589160919189;387,39682539683;21,200000762939;4733,4285714286;64;3885,1428571429;51,85;107,29490022173;213,38461538462
20/06/2024 10:44:50;30,802415875755;50,086791992188;57,128929138184;387,40476190476;21,10000038147;4733,5;64,333333333333;3885,2;51,850892857143;107,29711751663;213,39010989011
20/06/2024 10:45:00;30,803278688525;49,999984741211;61,03768157959;387,4126984127;20,89999961853;4733,5714285714;64,666666666667;3885,2571428571;51,851785714286;107,29933481153;213,3956043956
20/06/2024 10:45:10;30,804141501294;50,086799621582;60,508964538574;387,42063492063;20,800000190735;4733,6428571429;65;3885,3142857143;51,852678571429;107,30155210643;213,4010989011
20/06/2024 10:45:20;30,805004314064;50,108497619629;67,556129455566;387,42857142857;20,700000762939;4733,7142857143;65,25;3885,3714285714;51,853571428571;107,30376940133;213,40659340659
20/06/2024 10:45:30;30,805867126833;50,173599243164;67,97025680542;387,43650793651;20,650000572205;4733,7857142857;65,5;3885,4285714286;51,854464285714;107,30598669623;213,41208791209
20/06/2024 10:45:40;30,806729939603;50,151901245117;68,384384155273;387,44444444444;20,60000038147;4733,8571428571;65,75;3885,4857142857;51,855357142857;107,30820399113;213,41758241758
20/06/2024 10:45:50;30,807592752373;50,347213745117;71,471336364746;387,45238095238;20,550000190735;4733,9285714286;66;3885,5428571429;51,85625;107,31042128603;213,42307692308
20/06/2024 10:46:00;30,808455565142;50,303802490234;74,48860168457;387,46031746032;20,5;4734;66,5;3885,6;51,857142857143;107,31263858093;213,42857142857
20/06/2024 10:46:10;30,809318377912;50,238708496094;76,547706604004;387,46825396825;20,520000076294;4734,0714285714;67;3885,6571428571;51,858035714286;107,31485587583;213,43406593407
20/06/2024 10:46:20;30,810181190682;50,303810119629;72,365829467773;387,47619047619;20,540000152588;4734,1428571429;67,25;3885,7142857143;51,858928571429;107,31707317073;213,43956043956
20/06/2024 10:46:30;30,811044003451;50,217010498047;74,270874023438;387,48412698413;20,560000228882;4734,2142857143;67,5;3885,7714285714;51,859821428571;107,31929046563;213,44505494505
20/06/2024 10:46:40;30,811906816221;50,151901245117;76,175918579102;387,49206349206;20,580000305176;4734,2857142857;67,75;3885,8285714286;51,860714285714;107,32150776053;213,45054945055
20/06/2024 10:46:50;30,812769628991;50,217010498047;73,006401062012;387,5;20,60000038147;4734,3571428571;68;3885,8857142857;51,861607142857;107,32372505543;213,45604395604
20/06/2024 10:47:00;30,81363244176;50,173599243164;74,708061218262;387,50793650794;20,550000190735;4734,4285714286;68,333333333333;3885,9428571429;51,8625;107,32594235033;213,46153846154
20/06/2024 10:47:10;30,81449525453;50,282112121582;75,612586975098;387,51587301587;20,5;4734,5;68,666666666667;3886;51,863392857143;107,32815964523;213,46703296703
20/06/2024 10:47:20;30,815358067299;50,347213745117;75,479553222656;387,52380952381;20,799999237061;4734,5714285714;69;3886,0571428571;51,864285714286;107,33037694013;213,47252747253
20/06/2024 10:47:30;30,816220880069;50,368911743164;79,136741638184;387,53174603175;20,89999961853;4734,6428571429;68,5;3886,1142857143;51,865178571429;107,33259423503;213,47802197802
20/06/2024 10:47:40;30,817083692839;50,151901245117;82,793930053711;387,53968253968;21;4734,7142857143;68;3886,1714285714;51,866071428571;107,33481152993;213,48351648352
20/06/2024 10:47:50;30,817946505608;50,217010498047;71,464859008789;387,54761904762;21,200000762939;4734,7857142857;67,75;3886,2285714286;51,866964285714;107,33702882483;213,48901098901
20/06/2024 10:48:00;30,818809318378;50,13020324707;72,385345458984;387,55555555556;21,299999237061;4734,8571428571;67,5;3886,2857142857;51,867857142857;107,33924611973;213,49450549451
20/06/2024 10:48:10;30,819672131148;50,13020324707;73,010353088379;387,56349206349;21,200000762939;4734,9285714286;67,25;3886,3428571429;51,86875;107,34146341463;213,5
20/06/2024 10:48:20;30,820534943917;50,108497619629;69,538757324219;387,57142857143;21,60000038147;4735;67;3886,4;51,869642857143;107,34368070953;213,50549450549
20/06/2024 10:48:30;30,821397756687;49,956588745117;76,232566833496;387,57936507937;21,5;4735,0714285714;66,666666666667;3886,4571428571;51,870535714286;107,34589800443;213,51098901099
20/06/2024 10:48:40;30,822260569456;50,065093994141;75,448974609375;387,5873015873;21,39999961853;4735,1428571429;66,333333333333;3886,5142857143;51,871428571429;107,34811529933;213,51648351648
20/06/2024 10:48:50;30,823123382226;50,065093994141;74,665382385254;387,59523809524;21,299999237061;4735,2142857143;66;3886,5714285714;51,872321428571;107,35033259424;213,52197802198
20/06/2024 10:49:00;30,823986194996;50,043395996094;72,017112731934;387,60317460317;21,5;4735,2857142857;65,5;3886,6285714286;51,873214285714;107,35254988914;213,52747252747
20/06/2024 10:49:10;30,824849007765;50,13020324707;77,57869720459;387,61111111111;21,299999237061;4735,3571428571;65;3886,6857142857;51,874107142857;107,35476718404;213,53296703297
20/06/2024 10:49:20;30,825711820535;50,065093994141;68,290657043457;387,61904761905;21,349999427795;4735,4285714286;64,857142857143;3886,7428571429;51,875;107,35698447894;213,53846153846
20/06/2024 10:49:30;30,826574633305;49,999984741211;70,334991455078;387,62698412698;21,39999961853;4735,5;64,714285714286;3886,8;51,875892857143;107,35920177384;213,54395604396
20/06/2024 10:49:40;30,827437446074;49,999992370605;70,784404754639;387,63492063492;21,200000762939;4735,5714285714;64,571428571429;3886,8571428571;51,876785714286;107,36141906874;213,54945054945
20/06/2024 10:49:50;30,828300258844;50,043395996094;71,233818054199;387,64285714286;21,299999237061;4735,6428571429;64,428571428571;3886,9142857143;51,877678571429;107,36363636364;213,55494505495
20/06/2024 10:50:00;30,829163071613;50,065093994141;72,317718505859;387,65079365079;21,349999427795;4735,7142857143;64,285714285714;3886,9714285714;51,878571428571;107,36585365854;213,56043956044
20/06/2024 10:50:10;30,830025884383;50,108497619629;68,438957214355;387,65873015873;21,39999961853;4735,7857142857;64,142857142857;3887,0285714286;51,879464285714;107,36807095344;213,56593406593
20/06/2024 10:50:20;30,830888697153;50,173599243164;72,220687866211;387,66666666667;21,299999237061;4735,8571428571;64;3887,0857142857;51,880357142857;107,37028824834;213,57142857143
20/06/2024 10:50:30;30,831751509922;50,043388366699;77,049179077148;387,6746031746;21,39999961853;4735,9285714286;63,666666666667;3887,1428571429;51,88125;107,37250554324;213,57692307692
20/06/2024 10:50:40;30,832614322692;49,999984741211;73,596733093262;387,68253968254;21,5;4736;63,333333333333;3887,2;51,882142857143;107,37472283814;213,58241758242
20/06/2024 10:50:50;30,833477135462;50,173606872559;70,144287109375;387,69047619048;21,200000762939;4736,0714285714;63;3887,2571428571;51,883035714286;107,37694013304;213,58791208791
20/06/2024 10:51:00;30,834339948231;50,13020324707;69,816307067871;387,69841269841;21,39999961853;4736,1428571429;62,666666666667;3887,3142857143;51,883928571429;107,37915742794;213,59340659341
20/06/2024 10:51:10;30,835202761001;50,086791992188;75,04541015625;387,70634920635;21,60000038147;4736,2142857143;62,333333333333;3887,3714285714;51,884821428571;107,38137472284;213,5989010989
20/06/2024 10:51:20;30,83606557377;50,130195617676;71,981018066406;387,71428571429;21,449999809265;4736,2857142857;62;3887,4285714286;51,885714285714;107,38359201774;213,6043956044
20/06/2024 10:51:30;30,83692838654;49,999984741211;69,157829284668;387,72222222222;21,299999237061;4736,3571428571;61,833333333333;3887,4857142857;51,886607142857;107,38580931264;213,60989010989
20/06/2024 10:51:40;30,83779119931;50,021690368652;70,761787414551;387,73015873016;21,200000762939;4736,4285714286;61,666666666667;3887,5428571429;51,8875;107,38802660754;213,61538461538
20/06/2024 10:51:50;30,838654012079;50,13020324707;72,365745544434;387,7380952381;21,299999237061;4736,5;61,5;3887,6;51,888392857143;107,39024390244;213,62087912088
20/06/2024 10:52:00;30,839516824849;50,043388366699;65,982688903809;387,74603174603;21,60000038147;4736,5714285714;61,333333333333;3887,6571428571;51,889285714286;107,39246119734;213,62637362637
20/06/2024 10:52:10;30,840379637619;50,173599243164;72,605514526367;387,75396825397;21,449999809265;4736,6428571429;61,166666666667;3887,7142857143;51,890178571429;107,39467849224;213,63186813187
20/06/2024 10:52:20;30,841242450388;50,021690368652;71,282012939453;387,7619047619;21,299999237061;4736,7142857143;61;3887,7714285714;51,891071428571;107,39689578714;213,63736263736
20/06/2024 10:52:30;30,842105263158;50,043395996094;76,525390625;387,76984126984;21,200000762939;4736,7857142857;60,75;3887,8285714286;51,891964285714;107,39911308204;213,64285714286
20/06/2024 10:52:40;30,842968075928;50,108497619629;73,865413665771;387,77777777778;21,10000038147;4736,8571428571;60,5;3887,8857142857;51,892857142857;107,40133037694;213,64835164835
20/06/2024 10:52:50;30,843830888697;50,173599243164;71,205436706543;387,78571428571;21;4736,9285714286;60,25;3887,9428571429;51,89375;107,40354767184;213,65384615385
20/06/2024 10:53:00;30,844693701467;50,108497619629;73,071792602539;387,79365079365;21,10000038147;4737;60;3888;51,894642857143;107,40576496674;213,65934065934
20/06/2024 10:53:10;30,845556514236;49,999984741211;71,582939147949;387,80158730159;21,200000762939;4737,0714285714;59,8;3888,0588235294;51,895535714286;107,40798226164;213,66483516484
20/06/2024 10:53:20;30,846419327006;50,086791992188;70,834800720215;387,80952380952;21;4737,1428571429;59,6;3888,1176470588;51,896428571429;107,41019955654;213,67032967033
20/06/2024 10:53:30;30,847282139776;50,043388366699;70,299461364746;387,81746031746;21,10000038147;4737,2142857143;59,4;3888,1764705882;51,897321428571;107,41241685144;213,67582417582
20/06/2024 10:53:40;30,848144952545;50,130195617676;68,449951171875;387,8253968254;21,200000762939;4737,2857142857;59,2;3888,2352941176;51,898214285714;107,41463414634;213,68131868132
20/06/2024 10:53:50;30,849007765315;50,13020324707;70,324764251709;387,83333333333;21,299999237061;4737,3571428571;59;3888,2941176471;51,899107142857;107,41685144124;213,68681318681
20/06/2024 10:54:00;30,849870578085;50,086791992188;72,199577331543;387,84126984127;21,25;4737,4285714286;59,045454545455;3888,3529411765;51,9;107,41906873614;213,69230769231
20/06/2024 10:54:10;30,850733390854;50,151901245117;71,252380371094;387,84920634921;21,200000762939;4737,5;59,090909090909;3888,4117647059;51,900892857143;107,42128603104;213,6978021978
20/06/2024 10:54:20;30,851596203624;50,217010498047;71,528511047363;387,85714285714;21,299999237061;4737,5714285714;59,136363636364;3888,4705882353;51,901785714286;107,42350332594;213,7032967033
20/06/2024 10:54:30;30,852459016393;50,13020324707;71,717247009277;387,86507936508;21,5;4737,6428571429;59,181818181818;3888,5294117647;51,902678571429;107,42572062084;213,70879120879
20/06/2024 10:54:40;30,853321829163;50,217010498047;69,902778625488;387,87301587302;21,550000190735;4737,7142857143;59,227272727273;3888,5882352941;51,903571428571;107,42793791574;213,71428571429
20/06/2024 10:54:50;30,854184641933;50,195304870605;67,480659484863;387,88095238095;21,60000038147;4737,7857142857;59,272727272727;3888,6470588235;51,904464285714;107,43015521064;213,71978021978
20/06/2024 10:55:00;30,855047454702;50,043388366699;65,058540344238;387,88888888889;21,700000762939;4737,8571428571;59,318181818182;3888,7058823529;51,905357142857;107,43237250554;213,72527472527
20/06/2024 10:55:10;30,855910267472;50,043395996094;68,718811035156;387,89682539683;21,89999961853;4737,9285714286;59,363636363636;3888,7647058824;51,90625;107,43458980044;213,73076923077
20/06/2024 10:55:20;30,856773080242;50,043395996094;67,129531860352;387,90476190476;22;4738;59,409090909091;3888,8235294118;51,907142857143;107,43680709534;213,73626373626
20/06/2024 10:55:30;30,857635893011;50,086791992188;72,063354492188;387,9126984127;22,10000038147;4738,0714285714;59,454545454545;3888,8823529412;51,908035714286;107,43902439024;213,74175824176
20/06/2024 10:55:40;30,858498705781;50,043395996094;71,184783935547;387,92063492063;22;4738,1428571429;59,5;3888,9411764706;51,908928571429;107,44124168514;213,74725274725
20/06/2024 10:55:50;30,85936151855;50,043395996094;74,556610107422;387,92857142857;22,050000190735;4738,2142857143;59,545454545455;3889;51,909821428571;107,44345898004;213,75274725275
20/06/2024 10:56:00;30,86022433132;49,956588745117;77,928436279297;387,93650793651;22,10000038147;4738,2857142857;59,590909090909;3889,0588235294;51,910714285714;107,44567627494;213,75824175824
20/06/2024 10:56:10;30,86108714409;50,043395996094;75,452453613281;387,94444444444;22;4738,3571428571;59,636363636364;3889,1176470588;51,911607142857;107,44789356984;213,76373626374
20/06/2024 10:56:20;30,861949956859;50,043395996094;75,604972839355;387,95238095238;22,03333346049;4738,4285714286;59,681818181818;3889,1764705882;51,9125;107,45011086475;213,76923076923
20/06/2024 10:56:30;30,862812769629;49,826385498047;72,233474731445;387,96031746032;22,06666692098;4738,5;59,727272727273;3889,2352941176;51,913392857143;107,45232815965;213,77472527473
20/06/2024 10:56:40;30,863675582399;49,978286743164;74,807342529297;387,96825396825;22,10000038147;4738,5714285714;59,772727272727;3889,2941176471;51,914285714286;107,45454545455;213,78021978022
20/06/2024 10:56:50;30,864538395168;50,108497619629;75,462535858154;387,97619047619;22,050000190735;4738,6428571429;59,818181818182;3889,3529411765;51,915178571429;107,45676274945;213,78571428571
20/06/2024 10:57:00;30,865401207938;50,13020324707;76,117729187012;387,98412698413;22;4738,7142857143;59,863636363636;3889,4117647059;51,916071428571;107,45898004435;213,79120879121
20/06/2024 10:57:10;30,866264020708;50,086791992188;76,779846191406;387,99206349206;22,050000190735;4738,7857142857;59,909090909091;3889,4705882353;51,916964285714;107,46119733925;213,7967032967
20/06/2024 10:57:20;30,867126833477;49,934883117676;81,144622802734;388;22,10000038147;4738,8571428571;59,954545454545;3889,5294117647;51,917857142857;107,46341463415;213,8021978022
20/06/2024 10:57:30;30,867989646247;49,891487121582;81,336311340332;388,00826446281;22,166666666667;4738,9285714286;60;3889,5882352941;51,91875;107,46563192905;213,80769230769
20/06/2024 10:57:40;30,868852459016;49,913177490234;80,784530639648;388,01652892562;22,233332951864;4739;60,166666666667;3889,6470588235;51,919642857143;107,46784922395;213,81318681319
20/06/2024 10:57:50;30,869715271786;49,999992370605;83,53812789917;388,02479338843;22,299999237061;4739,0731707317;60,333333333333;3889,7058823529;51,920535714286;107,47006651885;213,81868131868
20/06/2024 10:58:00;30,870578084556;50,021690368652;86,291725158691;388,03305785124;22,10000038147;4739,1463414634;60,5;3889,7647058824;51,921428571429;107,47228381375;213,82417582418
20/06/2024 10:58:10;30,871440897325;49,956588745117;83,407943725586;388,04132231405;22,150000572205;4739,2195121951;60,666666666667;3889,8235294118;51,922321428571;107,47450110865;213,82967032967
20/06/2024 10:58:20;30,872303710095;49,999984741211;84,592193603516;388,04958677686;22,200000762939;4739,2926829268;60,833333333333;3889,8823529412;51,923214285714;107,47671840355;213,83516483516
20/06/2024 10:58:30;30,873166522865;50,086791992188;85,242973327637;388,05785123967;22,299999237061;4739,3658536585;61;3889,9411764706;51,924107142857;107,47893569845;213,84065934066
20/06/2024 10:58:40;30,874029335634;50,065093994141;86,020484924316;388,06611570248;22,33333269755;4739,4390243902;61,111111111111;3890;51,925;107,48115299335;213,84615384615
20/06/2024 10:58:50;30,874892148404;50,021690368652;79,136306762695;388,07438016529;22,36666615804;4739,512195122;61,222222222222;3890,0571428571;51,925892857143;107,48337028825;213,85164835165
20/06/2024 10:59:00;30,875754961173;49,869781494141;75,270763397217;388,0826446281;22,39999961853;4739,5853658537;61,333333333333;3890,1142857143;51,926785714286;107,48558758315;213,85714285714
20/06/2024 10:59:10;30,876617773943;49,891479492188;71,405220031738;388,09090909091;22,424999713898;4739,6585365854;61,444444444444;3890,1714285714;51,927678571429;107,48780487805;213,86263736264
20/06/2024 10:59:20;30,877480586713;49,826385498047;65,050956726074;388,09917355372;22,449999809265;4739,7317073171;61,555555555556;3890,2285714286;51,928571428571;107,49002217295;213,86813186813
20/06/2024 10:59:30;30,878343399482;49,73957824707;57,65355682373;388,10743801653;22,474999904633;4739,8048780488;61,666666666667;3890,2857142857;51,929464285714;107,49223946785;213,87362637363
20/06/2024 10:59:40;30,879206212252;49,696166992188;49,457302093506;388,11570247934;22,5;4739,8780487805;61,777777777778;3890,3428571429;51,930357142857;107,49445676275;213,87912087912
20/06/2024 10:59:50;30,880069025022;49,804679870605;47,85831451416;388,12396694215;22,39999961853;4739,9512195122;61,888888888889;3890,4;51,93125;107,49667405765;213,88461538462
20/06/2024 11:00:00;30,880931837791;49,869781494141;47,108623504639;388,13223140496;22,349999427795;4740,0243902439;62;3890,4571428571;51,932142857143;107,49889135255;213,89010989011
20/06/2024 11:00:10;30,881794650561;49,913177490234;46,358932495117;388,14049586777;22,299999237061;4740,0975609756;62,25;3890,5142857143;51,933035714286;107,50110864745;213,8956043956
20/06/2024 11:00:20;30,88265746333;49,869781494141;48,188621520996;388,14876033058;22,349999427795;4740,1707317073;62,5;3890,5714285714;51,933928571429;107,50332594235;213,9010989011
20/06/2024 11:00:30;30,8835202761;49,913177490234;48,806755065918;388,15702479339;22,39999961853;4740,243902439;62,75;3890,6285714286;51,934821428571;107,50554323725;213,90659340659
20/06/2024 11:00:40;30,88438308887;50,043388366699;48,502517700195;388,1652892562;22,199999809265;4740,3170731707;63;3890,6857142857;51,935714285714;107,50776053215;213,91208791209
20/06/2024 11:00:50;30,885245901639;49,956588745117;47,658622741699;388,17355371901;22;4740,3902439024;63,333333333333;3890,7428571429;51,936607142857;107,50997782705;213,91758241758
20/06/2024 11:01:00;30,886108714409;50,021690368652;49,536952972412;388,18181818182;21,89999961853;4740,4634146341;63,666666666667;3890,8;51,9375;107,51219512195;213,92307692308
20/06/2024 11:01:10;30,886971527179;50,065093994141;51,415283203125;388,19008264463;21,700000762939;4740,5365853659;64;3890,8571428571;51,938392857143;107,51441241685;213,92857142857
20/06/2024 11:01:20;30,887834339948;49,999984741211;52,494663238525;388,19834710744;21,60000038147;4740,6097560976;64,5;3890,9142857143;51,939285714286;107,51662971175;213,93406593407
20/06/2024 11:01:30;30,888697152718;49,956588745117;51,275508880615;388,20661157025;21,5;4740,6829268293;65;3890,9714285714;51,940178571429;107,51884700665;213,93956043956
20/06/2024 11:01:40;30,889559965487;49,913177490234;49,342811584473;388,21487603306;21,39999961853;4740,756097561;65,25;3891,0285714286;51,941071428571;107,52106430155;213,94505494505
20/06/2024 11:01:50;30,890422778257;49,999984741211;49,959316253662;388,22314049587;21,299999237061;4740,8292682927;65,5;3891,0857142857;51,941964285714;107,52328159645;213,95054945055
20/06/2024 11:02:00;30,891285591027;50,108497619629;47,970516204834;388,23140495868;21,10000038147;4740,9024390244;65,75;3891,1428571429;51,942857142857;107,52549889135;213,95604395604
20/06/2024 11:02:10;30,892148403796;50,260406494141;45,981716156006;388,23966942149;21,200000762939;4740,9756097561;66;3891,2;51,94375;107,52771618625;213,96153846154
20/06/2024 11:02:20;30,893011216566;50,173606872559;53,236026763916;388,2479338843;21,10000038147;4741,0487804878;66,333333333333;3891,2571428571;51,944642857143;107,52993348115;213,96703296703
20/06/2024 11:02:30;30,893874029336;50,217010498047;52,458786010742;388,25619834711;21;4741,1219512195;66,666666666667;3891,3142857143;51,945535714286;107,53215077605;213,97252747253
20/06/2024 11:02:40;30,894736842105;50,195304870605;54,544185638428;388,26446280992;20,89999961853;4741,1951219512;67;3891,3714285714;51,946428571429;107,53436807095;213,97802197802
20/06/2024 11:02:50;30,895599654875;50,173599243164;60,330806732178;388,27272727273;20,949999809265;4741,2682926829;67,5;3891,4285714286;51,947321428571;107,53658536585;213,98351648352
20/06/2024 11:03:00;30,896462467645;50,217002868652;66,746360778809;388,28099173554;21;4741,3414634146;68;3891,4857142857;51,948214285714;107,53880266075;213,98901098901
20/06/2024 11:03:10;30,897325280414;50,217010498047;67,196811676025;388,28925619835;20,799999237061;4741,4146341463;68,25;3891,5428571429;51,949107142857;107,54101995565;213,99450549451
20/06/2024 11:03:20;30,898188093184;50,347213745117;67,647262573242;388,29752066116;20,89999961853;4741,487804878;68,5;3891,6;51,95;107,54323725055;214
20/06/2024 11:03:30;30,899050905953;50,303802490234;69,276733398438;388,30578512397;21;4741,5609756098;68,75;3891,6571428571;51,950892857143;107,54545454545;214,00549450549
20/06/2024 11:03:40;30,899913718723;50,282112121582;70,730682373047;388,31404958678;20,89999961853;4741,6341463415;69;3891,7142857143;51,951785714286;107,54767184035;214,01098901099
20/06/2024 11:03:50;30,900776531493;50,434020996094;70,485992431641;388,32231404959;20,949999809265;4741,7073170732;69,333333333333;3891,7714285714;51,952678571429;107,54988913525;214,01648351648
20/06/2024 11:04:00;30,901639344262;50,238708496094;69,60595703125;388,3305785124;21;4741,7804878049;69,666666666667;3891,8285714286;51,953571428571;107,55210643016;214,02197802198
20/06/2024 11:04:10;30,902502157032;50,260406494141;69,958427429199;388,33884297521;21,39999961853;4741,8536585366;70;3891,8857142857;51,954464285714;107,55432372506;214,02747252747
20/06/2024 11:04:20;30,903364969802;50,130195617676;70,310897827148;388,34710743802;21,349999427795;4741,9268292683;69,833333333333;3891,9428571429;51,955357142857;107,55654101996;214,03296703297
20/06/2024 11:04:30;30,904227782571;50,065093994141;71,514663696289;388,35537190083;21,299999237061;4742;69,666666666667;3892;51,95625;107,55875831486;214,03846153846
20/06/2024 11:04:40;30,905090595341;49,956588745117;72,492431640625;388,36363636364;21,60000038147;4742,0731707317;69,5;3892,0769230769;51,957142857143;107,56097560976;214,04395604396
20/06/2024 11:04:50;30,90595340811;50,021690368652;71,815757751465;388,37190082645;21,700000762939;4742,1463414634;69,333333333333;3892,1538461538;51,958035714286;107,56319290466;214,04945054945
20/06/2024 11:05:00;30,90681622088;50,043395996094;65,239929199219;388,38016528926;21,650000572205;4742,2195121951;69,166666666667;3892,2307692308;51,958928571429;107,56541019956;214,05494505495
20/06/2024 11:05:10;30,90767903365;49,956588745117;66,180614471436;388,38842975207;21,60000038147;4742,2926829268;69;3892,3076923077;51,959821428571;107,56762749446;214,06043956044
20/06/2024 11:05:20;30,908541846419;49,956588745117;67,121299743652;388,39669421488;21,700000762939;4742,3658536585;68,75;3892,3846153846;51,960714285714;107,56984478936;214,06593406593
20/06/2024 11:05:30;30,909404659189;49,999984741211;69,687370300293;388,40495867769;21,650000572205;4742,4390243902;68,5;3892,4615384615;51,961607142857;107,57206208426;214,07142857143
20/06/2024 11:05:40;30,910267471959;49,934883117676;67,913558959961;388,4132231405;21,60000038147;4742,512195122;68,25;3892,5384615385;51,9625;107,57427937916;214,07692307692
20/06/2024 11:05:50;30,911130284728;49,826385498047;58,292587280273;388,42148760331;21,575000286102;4742,5853658537;68;3892,6153846154;51,963392857143;107,57649667406;214,08241758242
20/06/2024 11:06:00;30,911993097498;49,869781494141;65,791732788086;388,42975206612;21,550000190735;4742,6585365854;67,5;3892,6923076923;51,964285714286;107,57871396896;214,08791208791
20/06/2024 11:06:10;30,912855910267;49,934883117676;65,420524597168;388,43801652893;21,525000095367;4742,7317073171;67;3892,7692307692;51,965178571429;107,58093126386;214,09340659341
20/06/2024 11:06:20;30,913718723037;50,043395996094;65,04931640625;388,44628099174;21,5;4742,8048780488;66,666666666667;3892,8461538462;51,966071428571;107,58314855876;214,0989010989
20/06/2024 11:06:30;30,914581535807;49,913185119629;66,464660644531;388,45454545455;21,550000190735;4742,8780487805;66,333333333333;3892,9230769231;51,966964285714;107,58536585366;214,1043956044
20/06/2024 11:06:40;30,915444348576;49,934883117676;63,969318389893;388,46280991736;21,60000038147;4742,9512195122;66;3893;51,967857142857;107,58758314856;214,10989010989
20/06/2024 11:06:50;30,916307161346;49,999984741211;60,891384124756;388,47107438017;21,550000190735;4743,0243902439;65,75;3893,0769230769;51,96875;107,58980044346;214,11538461538
20/06/2024 11:07:00;30,917169974116;49,826385498047;67,79256439209;388,47933884298;21,5;4743,0975609756;65,5;3893,1538461538;51,969642857143;107,59201773836;214,12087912088
20/06/2024 11:07:10;30,918032786885;49,869781494141;67,022151947021;388,48760330579;21,39999961853;4743,1707317073;65,25;3893,2307692308;51,970535714286;107,59423503326;214,12637362637
20/06/2024 11:07:20;30,918895599655;49,956581115723;66,251739501953;388,4958677686;21,60000038147;4743,243902439;65;3893,3076923077;51,971428571429;107,59645232816;214,13186813187
20/06/2024 11:07:30;30,919758412425;49,913177490234;65,046928405762;388,5041322314;21,39999961853;4743,3170731707;64,5;3893,3846153846;51,972321428571;107,59866962306;214,13736263736
20/06/2024 11:07:40;30,920621225194;49,934883117676;64,053512573242;388,51239669421;21,349999427795;4743,3902439024;64;3893,4615384615;51,973214285714;107,60088691796;214,14285714286
20/06/2024 11:07:50;30,921484037964;50,086791992188;63,538444519043;388,52066115702;21,299999237061;4743,4634146341;63,75;3893,5384615385;51,974107142857;107,60310421286;214,14835164835
20/06/2024 11:08:00;30,922346850733;50,043395996094;67,073585510254;388,52892561983;21,200000762939;4743,5365853659;63,5;3893,6153846154;51,975;107,60532150776;214,15384615385
20/06/2024 11:08:10;30,923209663503;50,086791992188;66,872253417969;388,53719008264;21;4743,6097560976;63,25;3893,6923076923;51,975892857143;107,60753880266;214,15934065934
20/06/2024 11:08:20;30,924072476273;50,043395996094;64,064041137695;388,54545454545;20,799999237061;4743,6829268293;63;3893,7692307692;51,976785714286;107,60975609756;214,16483516484
20/06/2024 11:08:30;30,924935289042;50,086799621582;61,255828857422;388,55371900826;20,849999427795;4743,756097561;62,666666666667;3893,8461538462;51,977678571429;107,61197339246;214,17032967033
20/06/2024 11:08:40;30,925798101812;50,173599243164;69,172515869141;388,56198347107;20,89999961853;4743,8292682927;62,333333333333;3893,9230769231;51,978571428571;107,61419068736;214,17582417582
20/06/2024 11:08:50;30,926660914582;50,217010498047;61,104976654053;388,57024793388;20,700000762939;4743,9024390244;62;3894;51,979464285714;107,61640798226;214,18131868132
20/06/2024 11:09:00;30,927523727351;50,282104492188;68,269966125488;388,57851239669;20,800000190735;4743,9756097561;61,5;3894,0769230769;51,980357142857;107,61862527716;214,18681318681
20/06/2024 11:09:10;30,928386540121;50,130195617676;71,568695068359;388,5867768595;20,89999961853;4744,0487804878;61;3894,1538461538;51,98125;107,62084257206;214,19230769231
20/06/2024 11:09:20;30,92924935289;50,13020324707;72,140396118164;388,59504132231;20,86666615804;4744,1219512195;60,75;3894,2307692308;51,982142857143;107,62305986696;214,1978021978
20/06/2024 11:09:30;30,93011216566;50,043395996094;72,712097167969;388,60330578512;20,83333269755;4744,1951219512;60,5;3894,3076923077;51,983035714286;107,62527716186;214,2032967033
20/06/2024 11:09:40;30,93097497843;50,282104492188;74,489364624023;388,61157024793;20,799999237061;4744,2682926829;60,25;3894,3846153846;51,983928571429;107,62749445676;214,20879120879
20/06/2024 11:09:50;30,931837791199;50,195304870605;69,436904907227;388,61983471074;20,849999427795;4744,3414634146;60;3894,4615384615;51,984821428571;107,62971175166;214,21428571429
20/06/2024 11:10:00;30,932700603969;50,217010498047;76,694969177246;388,62809917355;20,89999961853;4744,4146341463;59,5;3894,5384615385;51,985714285714;107,63192904656;214,21978021978
20/06/2024 11:10:10;30,933563416739;50,151901245117;75,815086364746;388,63636363636;21;4744,487804878;59;3894,6153846154;51,986607142857;107,63414634146;214,22527472527
20/06/2024 11:10:20;30,934426229508;50,043395996094;75,649143218994;388,64462809917;21,10000038147;4744,5609756098;58,75;3894,6923076923;51,9875;107,63636363636;214,23076923077
20/06/2024 11:10:30;30,935289042278;50,086791992188;75,483200073242;388,65289256198;21,200000762939;4744,6341463415;58,5;3894,7692307692;51,988392857143;107,63858093126;214,23626373626
20/06/2024 11:10:40;30,936151855047;50,065093994141;74,955207824707;388,66115702479;21,39999961853;4744,7073170732;58,25;3894,8461538462;51,989285714286;107,64079822616;214,24175824176
20/06/2024 11:10:50;30,937014667817;50,043395996094;75,404891967773;388,6694214876;21,550000190735;4744,7804878049;58;3894,9230769231;51,990178571429;107,64301552106;214,24725274725
20/06/2024 11:11:00;30,937877480587;49,978286743164;76,884178161621;388,67768595041;21,700000762939;4744,8536585366;57,666666666667;3895;51,991071428571;107,64523281596;214,25274725275
20/06/2024 11:11:10;30,938740293356;50,043395996094;76,389541625977;388,68595041322;21,75;4744,9268292683;57,333333333333;3895,0638297872;51,991964285714;107,64745011086;214,25824175824
20/06/2024 11:11:20;30,939603106126;50,108497619629;77,981105804443;388,69421487603;21,799999237061;4745;57;3895,1276595745;51,992857142857;107,64966740576;214,26373626374
20/06/2024 11:11:30;30,940465918896;50,043388366699;79,57266998291;388,70247933884;21,60000038147;4745,0731707317;56,5;3895,1914893617;51,99375;107,65188470067;214,26923076923
20/06/2024 11:11:40;30,941328731665;50,13020324707;75,639541625977;388,71074380165;21,650000572205;4745,1463414634;56;3895,2553191489;51,994642857143;107,65410199557;214,27472527473
20/06/2024 11:11:50;30,942191544435;50,086791992188;73,598907470703;388,71900826446;21,700000762939;4745,2195121951;55,75;3895,3191489362;51,995535714286;107,65631929047;214,28021978022
20/06/2024 11:12:00;30,943054357204;49,934883117676;75,536476135254;388,72727272727;21,66666730245;4745,2926829268;55,5;3895,3829787234;51,996428571429;107,65853658537;214,28571428571
20/06/2024 11:12:10;30,943917169974;49,913177490234;78,889343261719;388,73553719008;21,63333384196;4745,3658536585;55,25;3895,4468085106;51,997321428571;107,66075388027;214,29120879121
20/06/2024 11:12:20;30,944779982744;49,956588745117;79,59334564209;388,74380165289;21,60000038147;4745,4390243902;55;3895,5106382979;51,998214285714;107,66297117517;214,2967032967
20/06/2024 11:12:30;30,945642795513;49,913177490234;80,297348022461;388,7520661157;21,650000572205;4745,512195122;54,666666666667;3895,5744680851;51,999107142857;107,66518847007;214,3021978022
20/06/2024 11:12:40;30,946505608283;49,93489074707;76,450469970703;388,76033057851;21,700000762939;4745,5853658537;54,333333333333;3895,6382978723;52;107,66740576497;214,30769230769
20/06/2024 11:12:50;30,947368421053;50,021690368652;73,921691894531;388,76859504132;21,720000457764;4745,6585365854;54;3895,7021276596;;107,66962305987;214,31318681319
20/06/2024 11:13:00;30,948231233822;49,891487121582;74,974250793457;388,77685950413;21,740000152588;4745,7317073171;54,083333333333;3895,7659574468;;107,67184035477;214,31868131868
20/06/2024 11:13:10;30,949094046592;50,13020324707;75,869186401367;388,78512396694;21,759999847412;4745,8048780488;54,166666666667;3895,829787234;;107,67405764967;214,32417582418
20/06/2024 11:13:20;30,949956859362;49,999992370605;73,648002624512;388,79338842975;21,779999542236;4745,8780487805;54,25;3895,8936170213;;107,67627494457;214,32967032967
20/06/2024 11:13:30;30,950819672131;49,913177490234;72,123386383057;388,80165289256;21,799999237061;4745,9512195122;54,333333333333;3895,9574468085;;107,67849223947;214,33516483516
20/06/2024 11:13:40;30,951682484901;50,086791992188;70,598770141602;388,80991735537;21,75;4746,0243902439;54,416666666667;3896,0212765957;;107,68070953437;214,34065934066
20/06/2024 11:13:50;30,95254529767;50,151901245117;72,872489929199;388,81818181818;21,700000762939;4746,0975609756;54,5;3896,085106383;;107,68292682927;214,34615384615
20/06/2024 11:14:00;30,95340811044;50,065093994141;69,359718322754;388,82644628099;21,799999237061;4746,1707317073;54,583333333333;3896,1489361702;;107,68514412417;214,35164835165
20/06/2024 11:14:10;30,95427092321;50,043395996094;70,098403930664;388,8347107438;21,766666412354;4746,243902439;54,666666666667;3896,2127659574;;107,68736141907;214,35714285714
20/06/2024 11:14:20;30,955133735979;49,999984741211;68,535781860352;388,84297520661;21,733333587646;4746,3170731707;54,75;3896,2765957447;;107,68957871397;214,36263736264
20/06/2024 11:14:30;30,955996548749;49,913185119629;69,095970153809;388,85123966942;21,700000762939;4746,3902439024;54,833333333333;3896,3404255319;;107,69179600887;214,36813186813
20/06/2024 11:14:40;30,956859361519;49,869781494141;69,656158447266;388,85950413223;21,800000190735;4746,4634146341;54,916666666667;3896,4042553191;;107,69401330377;214,37362637363
20/06/2024 11:14:50;30,957722174288;49,869781494141;71,242408752441;388,86776859504;21,89999961853;4746,5365853659;55;3896,4680851064;;107,69623059867;214,37912087912
20/06/2024 11:15:00;30,958584987058;49,999984741211;68,380393981934;388,87603305785;22;4746,6097560976;55,055555555556;3896,5319148936;;107,69844789357;214,38461538462
20/06/2024 11:15:10;30,959447799827;49,913185119629;64,434745788574;388,88429752066;22,10000038147;4746,6829268293;55,111111111111;3896,5957446809;;107,70066518847;214,39010989011
20/06/2024 11:15:20;30,960310612597;49,956581115723;68,98949432373;388,89256198347;22;4746,756097561;55,166666666667;3896,6595744681;;107,70288248337;214,3956043956
20/06/2024 11:15:30;30,961173425367;49,913177490234;67,27054977417;388,90082644628;21,89999961853;4746,8292682927;55,222222222222;3896,7234042553;;107,70509977827;214,4010989011
20/06/2024 11:15:40;30,962036238136;49,999992370605;65,551605224609;388,90909090909;21,949999809265;4746,9024390244;55,277777777778;3896,7872340426;;107,70731707317;214,40659340659
20/06/2024 11:15:50;30,962899050906;49,913177490234;64,554023742676;388,9173553719;22;4746,9756097561;55,333333333333;3896,8510638298;;107,70953436807;214,41208791209
20/06/2024 11:16:00;30,963761863676;50,043395996094;69,800216674805;388,92561983471;21,949999809265;4747,0487804878;55,388888888889;3896,914893617;;107,71175166297;214,41758241758
20/06/2024 11:16:10;30,964624676445;49,999992370605;67,040168762207;388,93388429752;21,89999961853;4747,1219512195;55,444444444444;3896,9787234043;;107,71396895787;214,42307692308
20/06/2024 11:16:20;30,965487489215;50,086791992188;69,623031616211;388,94214876033;21,949999809265;4747,1951219512;55,5;3897,0425531915;;107,71618625277;214,42857142857
20/06/2024 11:16:30;30,966350301984;50,021690368652;68,38830947876;388,95041322314;22;4747,2682926829;55,555555555556;3897,1063829787;;107,71840354767;214,43406593407
20/06/2024 11:16:40;30,967213114754;49,999992370605;67,153587341309;388,95867768595;21,949999809265;4747,3414634146;55,611111111111;3897,170212766;;107,72062084257;214,43956043956
20/06/2024 11:16:50;30,968075927524;50,086791992188;69,970359802246;388,96694214876;21,89999961853;4747,4146341463;55,666666666667;3897,2340425532;;107,72283813747;214,44505494505
20/06/2024 11:17:00;30,968938740293;49,978286743164;70,295249938965;388,97520661157;22,10000038147;4747,487804878;55,722222222222;3897,2978723404;;107,72505543237;214,45054945055
20/06/2024 11:17:10;30,969801553063;50,13020324707;76,106315612793;388,98347107438;22;4747,5609756098;55,777777777778;3897,3617021277;;107,72727272727;214,45604395604
20/06/2024 11:17:20;30,970664365833;49,978286743164;74,475601196289;388,99173553719;22,099999745687;4747,6341463415;55,833333333333;3897,4255319149;;107,72949002217;214,46153846154
20/06/2024 11:17:30;30,971527178602;49,999992370605;75,27677154541;389;22,199999491374;4747,7073170732;55,888888888889;3897,4893617021;;107,73170731707;214,46703296703
20/06/2024 11:17:40;30,972389991372;49,956588745117;76,077941894531;389,00847457627;22,299999237061;4747,7804878049;55,944444444444;3897,5531914894;;107,73392461197;214,47252747253
20/06/2024 11:17:50;30,973252804142;50,086799621582;72,688293457031;389,01694915254;22,200000762939;4747,8536585366;56;3897,6170212766;;107,73614190687;214,47802197802
20/06/2024 11:18:00;30,974115616911;49,999984741211;75,072822570801;389,02542372881;22,10000038147;4747,9268292683;56,25;3897,6808510638;;107,73835920177;214,48351648352
20/06/2024 11:18:10;30,974978429681;50,108497619629;80,138938903809;389,03389830508;22,299999237061;4748;56,5;3897,7446808511;;107,74057649667;214,48901098901
20/06/2024 11:18:20;30,97584124245;50,043395996094;87,827293395996;389,04237288136;22,25;4748,0769230769;56,75;3897,8085106383;;107,74279379157;214,49450549451
20/06/2024 11:18:30;30,97670405522;50,086791992188;82,593856811523;389,05084745763;22,200000762939;4748,1538461538;57;3897,8723404255;;107,74501108647;214,5
20/06/2024 11:18:40;30,97756686799;50,086791992188;82,834419250488;389,0593220339;22,299999237061;4748,2307692308;57,333333333333;3897,9361702128;;107,74722838137;214,50549450549
20/06/2024 11:18:50;30,978429680759;50,13020324707;83,074981689453;389,06779661017;22,349999427795;4748,3076923077;57,666666666667;3898;;107,74944567627;214,51098901099
20/06/2024 11:19:00;30,979292493529;50,021690368652;83,994102478027;389,07627118644;22,39999961853;4748,3846153846;58;3898,0476190476;;107,75166297118;214,51648351648
20/06/2024 11:19:10;30,980155306299;50,13020324707;88,946586608887;389,08474576271;22,5;4748,4615384615;58,5;3898,0952380952;;107,75388026608;214,52197802198
20/06/2024 11:19:20;30,981018119068;50,065093994141;92,729522705078;389,09322033898;22,64999961853;4748,5384615385;59;3898,1428571429;;107,75609756098;214,52747252747
20/06/2024 11:19:30;30,981880931838;50,217010498047;93,839179992676;389,10169491525;22,799999237061;4748,6153846154;59,25;3898,1904761905;;107,75831485588;214,53296703297
20/06/2024 11:19:40;30,982743744607;50,195304870605;91,653251647949;389,11016949153;22,89999961853;4748,6923076923;59,5;3898,2380952381;;107,76053215078;214,53846153846
20/06/2024 11:19:50;30,983606557377;49,999992370605;89,467323303223;389,1186440678;23,050000190735;4748,7692307692;59,75;3898,2857142857;;107,76274944568;214,54395604396
20/06/2024 11:20:00;30,984469370147;50,043395996094;84,580505371094;389,12711864407;23,200000762939;4748,8461538462;60;3898,3333333333;;107,76496674058;214,54945054945
20/06/2024 11:20:10;30,985332182916;49,934883117676;82,97110748291;389,13559322034;23,25;4748,9230769231;60,333333333333;3898,380952381;;107,76718403548;214,55494505495
20/06/2024 11:20:20;30,986194995686;49,999984741211;81,626167297363;389,14406779661;23,299999237061;4749;60,666666666667;3898,4285714286;;107,76940133038;214,56043956044
20/06/2024 11:20:30;30,987057808456;49,761276245117;74,541213989258;389,15254237288;23,233332951864;4749,0769230769;61;3898,4761904762;;107,77161862528;214,56593406593
20/06/2024 11:20:40;30,987920621225;49,956588745117;75,755840301514;389,16101694915;23,166666666667;4749,1538461538;61,333333333333;3898,5238095238;;107,77383592018;214,57142857143
20/06/2024 11:20:50;30,988783433995;49,804679870605;76,97046661377;389,16949152542;23,10000038147;4749,2307692308;61,666666666667;3898,5714285714;;107,77605321508;214,57692307692
20/06/2024 11:21:00;30,989646246764;49,999984741211;78,91202545166;389,17796610169;23,114286150251;4749,3076923077;62;3898,619047619;;107,77827050998;214,58241758242
20/06/2024 11:21:10;30,990509059534;49,913177490234;82,233642578125;389,18644067797;23,128571919033;4749,3846153846;62,333333333333;3898,6666666667;;107,78048780488;214,58791208791
20/06/2024 11:21:20;30,991371872304;49,978286743164;80,171203613281;389,19491525424;23,142857687814;4749,4615384615;62,666666666667;3898,7142857143;;107,78270509978;214,59340659341
20/06/2024 11:21:30;30,992234685073;49,913177490234;76,551361083984;389,20338983051;23,157143456595;4749,5384615385;63;3898,7619047619;;107,78492239468;214,5989010989
20/06/2024 11:21:40;30,993097497843;49,869781494141;74,51936340332;389,21186440678;23,171429225377;4749,6153846154;63,25;3898,8095238095;;107,78713968958;214,6043956044
20/06/2024 11:21:50;30,993960310613;49,913177490234;72,487365722656;389,22033898305;23,185714994158;4749,6923076923;63,5;3898,8571428571;;107,78935698448;214,60989010989
20/06/2024 11:22:00;30,994823123382;49,869781494141;66,488662719727;389,22881355932;23,200000762939;4749,7692307692;63,75;3898,9047619048;;107,79157427938;214,61538461538
20/06/2024 11:22:10;30,995685936152;49,956588745117;61,499774932861;389,23728813559;23,10000038147;4749,8461538462;64;3898,9523809524;;107,79379157428;214,62087912088
20/06/2024 11:22:20;30,996548748921;49,891487121582;54,121547698975;389,24576271186;23;4749,9230769231;64,5;3899;;107,79600886918;214,62637362637
20/06/2024 11:22:30;30,997411561691;49,999984741211;50,818519592285;389,25423728814;22,949999809265;4750;65;3899,0476190476;;107,79822616408;214,63186813187
20/06/2024 11:22:40;30,998274374461;49,934883117676;50,30415725708;389,26271186441;22,89999961853;4750,0769230769;65,333333333333;3899,0952380952;;107,80044345898;214,63736263736
20/06/2024 11:22:50;30,99913718723;49,869781494141;49,1588306427;389,27118644068;23,10000038147;4750,1538461538;65,666666666667;3899,1428571429;;107,80266075388;214,64285714286
20/06/2024 11:23:00;31;50,021690368652;48,01350402832;389,27966101695;22,900000572205;4750,2307692308;66;3899,1904761905;;107,80487804878;214,64835164835
20/06/2024 11:23:10;;50,108497619629;50,295162200928;389,28813559322;22,700000762939;4750,3076923077;66,25;3899,2380952381;;107,80709534368;214,65384615385
20/06/2024 11:23:20;;50,043395996094;49,348751068115;389,29661016949;22,60000038147;4750,3846153846;66,5;3899,2857142857;;107,80931263858;214,65934065934
20/06/2024 11:23:30;;50,108497619629;54,499061584473;389,30508474576;22,5;4750,4615384615;66,75;3899,3333333333;;107,81152993348;214,66483516484
20/06/2024 11:23:40;;50,260406494141;51,316326141357;389,31355932203;22,39999961853;4750,5384615385;67;3899,380952381;;107,81374722838;214,67032967033
20/06/2024 11:23:50;;50,347213745117;56,054216384888;389,32203389831;22,299999237061;4750,6153846154;67,5;3899,4285714286;;107,81596452328;214,67582417582
20/06/2024 11:24:00;;50,303802490234;60,792106628418;389,33050847458;22,266666412354;4750,6923076923;68;3899,4761904762;;107,81818181818;214,68131868132
20/06/2024 11:24:10;;50,173599243164;61,634002685547;389,33898305085;22,233333587646;4750,7692307692;68,25;3899,5238095238;;107,82039911308;214,68681318681
20/06/2024 11:24:20;;50,217002868652;65,73299407959;389,34745762712;22,200000762939;4750,8461538462;68,5;3899,5714285714;;107,82261640798;214,69230769231
20/06/2024 11:24:30;;50,260406494141;68,867469787598;389,35593220339;22,299999237061;4750,9230769231;68,75;3899,619047619;;107,82483370288;214,6978021978
20/06/2024 11:24:40;;50,347206115723;75,99031829834;389,36440677966;22,39999961853;4751;69;3899,6666666667;;107,82705099778;214,7032967033
20/06/2024 11:24:50;;50,390617370605;75,911144256592;389,37288135593;22,36666615804;4751,075;69,333333333333;3899,7142857143;;107,82926829268;214,70879120879
20/06/2024 11:25:00;;50,303802490234;75,831970214844;389,3813559322;22,33333269755;4751,15;69,666666666667;3899,7619047619;;107,83148558758;214,71428571429
20/06/2024 11:25:10;;50,347213745117;75,809295654297;389,38983050847;22,299999237061;4751,225;70;3899,8095238095;;107,83370288248;214,71978021978
20/06/2024 11:25:20;;50,238700866699;73,759239196777;389,39830508475;22,39999961853;4751,3;70,5;3899,8571428571;;107,83592017738;214,72527472527
20/06/2024 11:25:30;;50,303802490234;67,700836181641;389,40677966102;22,5;4751,375;71;3899,9047619048;;107,83813747228;214,73076923077
20/06/2024 11:25:40;;50,13020324707;61,2366065979;389,41525423729;22,700000762939;4751,45;71,25;3899,9523809524;;107,84035476718;214,73626373626
20/06/2024 11:25:50;;50,086791992188;59,092681884766;389,42372881356;22,799999237061;4751,525;71,5;3900;;107,84257206208;214,74175824176
20/06/2024 11:26:00;;49,999984741211;56,948757171631;389,43220338983;22,824999332428;4751,6;71,75;3900,0588235294;;107,84478935698;214,74725274725
20/06/2024 11:26:10;;49,999992370605;50,00963973999;389,4406779661;22,849999427795;4751,675;72;3900,1176470588;;107,84700665188;214,75274725275
20/06/2024 11:26:20;;50,043395996094;47,733982086182;389,44915254237;22,874999523163;4751,75;72,333333333333;3900,1764705882;;107,84922394678;214,75824175824
20/06/2024 11:26:30;;50,130195617676;48,675350189209;389,45762711864;22,89999961853;4751,825;72,666666666667;3900,2352941176;;107,85144124169;214,76373626374
20/06/2024 11:26:40;;50,086791992188;48,19401550293;389,46610169492;22,700000762939;4751,9;73;3900,2941176471;;107,85365853659;214,76923076923
20/06/2024 11:26:50;;50,065093994141;49,355346679688;389,47457627119;22,750000476837;4751,975;73,333333333333;3900,3529411765;;107,85587583149;214,77472527473
20/06/2024 11:27:00;;50,260406494141;50,516677856445;389,48305084746;22,800000190735;4752,05;73,666666666667;3900,4117647059;;107,85809312639;214,78021978022
20/06/2024 11:27:10;;50,043395996094;52,772117614746;389,49152542373;22,849999904633;4752,125;74;3900,4705882353;;107,86031042129;214,78571428571
20/06/2024 11:27:20;;50,173606872559;56,065010070801;389,5;22,89999961853;4752,2;74,333333333333;3900,5294117647;;107,86252771619;214,79120879121
20/06/2024 11:27:30;;50,043395996094;59,599685668945;389,50847457627;22,700000762939;4752,275;74,666666666667;3900,5882352941;;107,86474501109;214,7967032967
20/06/2024 11:27:40;;50,195304870605;63,635765075684;389,51694915254;22,799999237061;4752,35;75;3900,6470588235;;107,86696230599;214,8021978022
20/06/2024 11:27:50;;50,173606872559;65,13484954834;389,52542372881;22,83333269755;4752,425;75,333333333333;3900,7058823529;;107,86917960089;214,80769230769
20/06/2024 11:28:00;;50,260406494141;63,777820587158;389,53389830508;22,86666615804;4752,5;75,666666666667;3900,7647058824;;107,87139689579;214,81318681319
20/06/2024 11:28:10;;50,065093994141;62,420791625977;389,54237288136;22,89999961853;4752,575;76;3900,8235294118;;107,87361419069;214,81868131868
20/06/2024 11:28:20;;50,086799621582;61,64754486084;389,55084745763;22,86666615804;4752,65;76,333333333333;3900,8823529412;;107,87583148559;214,82417582418
20/06/2024 11:28:30;;50,173599243164;64,980140686035;389,5593220339;22,83333269755;4752,725;76,666666666667;3900,9411764706;;107,87804878049;214,82967032967
20/06/2024 11:28:40;;50,021690368652;60,690010070801;389,56779661017;22,799999237061;4752,8;77;3901;;107,88026607539;214,83516483516
20/06/2024 11:28:50;;50,043395996094;53,601062774658;389,57627118644;22,89999961853;4752,875;77,333333333333;3901,0588235294;;107,88248337029;214,84065934066
20/06/2024 11:29:00;;49,956588745117;53,961725234985;389,58474576271;22,700000762939;4752,95;77,666666666667;3901,1176470588;;107,88470066519;214,84615384615
20/06/2024 11:29:10;;50,043395996094;54,322387695313;389,59322033898;22,75;4753,025;78;3901,1764705882;;107,88691796009;214,85164835165
20/06/2024 11:29:20;;50,13020324707;54,259864807129;389,60169491525;22,799999237061;4753,1;76;3901,2352941176;;107,88913525499;214,85714285714
20/06/2024 11:29:30;;49,999992370605;49,878463745117;389,61016949153;22,64999961853;4753,175;74;3901,2941176471;;107,89135254989;214,86263736264
20/06/2024 11:29:40;;50,086791992188;52,147911071777;389,6186440678;22,5;4753,25;72;3901,3529411765;;107,89356984479;214,86813186813
20/06/2024 11:29:50;;49,999992370605;45,048377990723;389,62711864407;22,449999809265;4753,325;70;3901,4117647059;;107,89578713969;214,87362637363
20/06/2024 11:30:00;;50,13020324707;41,90948677063;389,63559322034;22,39999961853;4753,4;69,967741935484;3901,4705882353;;107,89800443459;214,87912087912
20/06/2024 11:30:10;;50,043395996094;38,770595550537;389,64406779661;22,25;4753,475;69,935483870968;3901,5294117647;;107,90022172949;214,88461538462
20/06/2024 11:30:20;;50,13020324707;36,998657226563;389,65254237288;22,10000038147;4753,55;69,903225806452;3901,5882352941;;107,90243902439;214,89010989011
20/06/2024 11:30:30;;50,065093994141;39,192752838135;389,66101694915;22;4753,625;69,870967741935;3901,6470588235;;107,90465631929;214,8956043956
20/06/2024 11:30:40;;49,999984741211;45,682598114014;389,66949152542;21,89999961853;4753,7;69,838709677419;3901,7058823529;;107,90687361419;214,9010989011
20/06/2024 11:30:50;;50,217002868652;43,041255950928;389,67796610169;21,949999809265;4753,775;69,806451612903;3901,7647058824;;107,90909090909;214,90659340659
20/06/2024 11:31:00;;50,347213745117;49,270952224731;389,68644067797;22;4753,85;69,774193548387;3901,8235294118;;107,91130820399;214,91208791209
20/06/2024 11:31:10;;50,238700866699;55,500648498535;389,69491525424;21,700000762939;4753,925;69,741935483871;3901,8823529412;;107,91352549889;214,91758241758
20/06/2024 11:31:20;;50,347213745117;58,00842666626;389,70338983051;21,89999961853;4754;69,709677419355;3901,9411764706;;107,91574279379;214,92307692308
20/06/2024 11:31:30;;50,260406494141;60,40153503418;389,71186440678;21,799999237061;4754,0731707317;69,677419354839;3902;;107,91796008869;214,92857142857
20/06/2024 11:31:40;;50,217010498047;59,884452819824;389,72033898305;21,766666412354;4754,1463414634;69,645161290323;3902,09375;;107,92017738359;214,93406593407
20/06/2024 11:31:50;;50,303810119629;67,185829162598;389,72881355932;21,733333587646;4754,2195121951;69,612903225806;3902,1875;;107,92239467849;214,93956043956
20/06/2024 11:32:00;;50,303802490234;67,487972259521;389,73728813559;21,700000762939;4754,2926829268;69,58064516129;3902,28125;;107,92461197339;214,94505494505
20/06/2024 11:32:10;;50,238708496094;67,790115356445;389,74576271186;21,650000572205;4754,3658536585;69,548387096774;3902,375;;107,92682926829;214,95054945055
20/06/2024 11:32:20;;50,282104492188;69,067878723145;389,75423728814;21,60000038147;4754,4390243902;69,516129032258;3902,46875;;107,92904656319;214,95604395604
20/06/2024 11:32:30;;50,217010498047;71,361938476563;389,76271186441;21,700000762939;4754,512195122;69,483870967742;3902,5625;;107,93126385809;214,96153846154
20/06/2024 11:32:40;;50,173599243164;68,743041992188;389,77118644068;21,766667048136;4754,5853658537;69,451612903226;3902,65625;;107,93348115299;214,96703296703
20/06/2024 11:32:50;;50,151901245117;67,312065124512;389,77966101695;21,833333333333;4754,6585365854;69,41935483871;3902,75;;107,93569844789;214,97252747253
20/06/2024 11:33:00;;50,151901245117;74,854553222656;389,78813559322;21,89999961853;4754,7317073171;69,387096774194;3902,84375;;107,93791574279;214,97802197802
20/06/2024 11:33:10;;50,13020324707;72,998134613037;389,79661016949;21,949999809265;4754,8048780488;69,354838709677;3902,9375;;107,94013303769;214,98351648352
20/06/2024 11:33:20;;50,173606872559;71,141716003418;389,80508474576;22;4754,8780487805;69,322580645161;3903,03125;;107,94235033259;214,98901098901
20/06/2024 11:33:30;;50,086791992188;66,869384765625;389,81355932203;22,10000038147;4754,9512195122;69,290322580645;3903,125;;107,94456762749;214,99450549451
20/06/2024 11:33:40;;50,065093994141;71,638229370117;389,82203389831;22,200000762939;4755,0243902439;69,258064516129;3903,21875;;107,94678492239;215
20/06/2024 11:33:50;;49,999984741211;65,031677246094;389,83050847458;22,25;4755,0975609756;69,225806451613;3903,3125;;107,94900221729;215,00063532402
20/06/2024 11:34:00;;49,956588745117;64,943862915039;389,83898305085;22,299999237061;4755,1707317073;69,193548387097;3903,40625;;107,9512195122;215,00127064803
20/06/2024 11:34:10;;50,021690368652;62,717489242554;389,84745762712;22,14999961853;4755,243902439;69,161290322581;3903,5;;107,9534368071;215,00190597205
20/06/2024 11:34:20;;50,086791992188;60,491115570068;389,85593220339;22;4755,3170731707;69,129032258065;3903,59375;;107,955654102;215,00254129606
20/06/2024 11:34:30;;49,826385498047;61,231678009033;389,86440677966;22,10000038147;4755,3902439024;69,096774193548;3903,6875;;107,9578713969;215,00317662008
20/06/2024 11:34:40;;49,978286743164;68,498680114746;389,87288135593;22,050000190735;4755,4634146341;69,064516129032;3903,78125;;107,9600886918;215,00381194409
20/06/2024 11:34:50;;50,043395996094;65,380249023438;389,8813559322;22;4755,5365853659;69,032258064516;3903,875;;107,9623059867;215,00444726811
20/06/2024 11:35:00;;50,065093994141;63,454627990723;389,88983050847;21,985714231219;4755,6097560976;69;3903,96875;;107,9645232816;215,00508259212
20/06/2024 11:35:10;;49,869781494141;65,228668212891;389,89830508475;21,971428462437;4755,6829268293;68,5;3904,0625;;107,9667405765;215,00571791614
20/06/2024 11:35:20;;49,891479492188;67,002708435059;389,90677966102;21,957142693656;4755,756097561;68;3904,15625;;107,9689578714;215,00635324015
20/06/2024 11:35:30;;49,913185119629;68,441688537598;389,91525423729;21,942856924874;4755,8292682927;67,75;3904,25;;107,9711751663;215,00698856417
20/06/2024 11:35:40;;49,869781494141;66,586837768555;389,92372881356;21,928571156093;4755,9024390244;67,5;3904,34375;;107,9733924612;215,00762388818
20/06/2024 11:35:50;;49,956588745117;72,64079284668;389,93220338983;21,914285387312;4755,9756097561;67,25;3904,4375;;107,9756097561;215,0082592122
20/06/2024 11:36:00;;49,978286743164;66,351013183594;389,9406779661;21,89999961853;4756,0487804878;67;3904,53125;;107,977827051;215,00889453621
20/06/2024 11:36:10;;50,065093994141;71,333152770996;389,94915254237;21,949999809265;4756,1219512195;66,666666666667;3904,625;;107,9800443459;215,00952986023
20/06/2024 11:36:20;;49,913177490234;76,315292358398;389,95762711864;22;4756,1951219512;66,333333333333;3904,71875;;107,9822616408;215,01016518424
20/06/2024 11:36:30;;50,043395996094;67,752365112305;389,96610169492;21,799999237061;4756,2682926829;66;3904,8125;;107,9844789357;215,01080050826
20/06/2024 11:36:40;;49,934883117676;71,860702514648;389,97457627119;21,700000762939;4756,3414634146;65,5;3904,90625;;107,9866962306;215,01143583227
20/06/2024 11:36:50;;49,826385498047;74,400909423828;389,98305084746;21,75;4756,4146341463;65;3905;;107,9889135255;215,01207115629
20/06/2024 11:37:00;;49,978286743164;75,193801879883;389,99152542373;21,799999237061;4756,487804878;64,75;3905,0882352941;;107,9911308204;215,0127064803
20/06/2024 11:37:10;;49,913185119629;74,03931427002;390;21,699999809265;4756,5609756098;64,5;3905,1764705882;;107,9933481153;215,01334180432
20/06/2024 11:37:20;;49,956588745117;71,24201965332;390,00088967972;21,60000038147;4756,6341463415;64,25;3905,2647058824;;107,9955654102;215,01397712834
20/06/2024 11:37:30;;49,869781494141;68,444725036621;390,00177935943;21,700000762939;4756,7073170732;64;3905,3529411765;;107,9977827051;215,01461245235
20/06/2024 11:37:40;;49,848075866699;70,878044128418;390,00266903915;21,650000572205;4756,7804878049;63,666666666667;3905,4411764706;;108;215,01524777637
20/06/2024 11:37:50;;50,043395996094;70,952590942383;390,00355871886;21,60000038147;4756,8536585366;63,333333333333;3905,5294117647;;108,00071530758;215,01588310038
20/06/2024 11:38:00;;50,021690368652;70,270614624023;390,00444839858;21,700000762939;4756,9268292683;63;3905,6176470588;;108,00143061516;215,0165184244
20/06/2024 11:38:10;;49,826385498047;71,76358795166;390,00533807829;21,60000038147;4757;62,666666666667;3905,7058823529;;108,00214592275;215,01715374841
20/06/2024 11:38:20;;50,043388366699;72,153064727783;390,00622775801;21,5;4757,0731707317;62,333333333333;3905,7941176471;;108,00286123033;215,01778907243
20/06/2024 11:38:30;;49,999984741211;72,542541503906;390,00711743772;21,449999809265;4757,1463414634;62;3905,8823529412;;108,00357653791;215,01842439644
20/06/2024 11:38:40;;49,913177490234;73,626029968262;390,00800711744;21,39999961853;4757,2195121951;61,666666666667;3905,9705882353;;108,00429184549;215,01905972046
20/06/2024 11:38:50;;49,999984741211;67,102668762207;390,00889679715;21,5;4757,2926829268;61,333333333333;3906,0588235294;;108,00500715308;215,01969504447
20/06/2024 11:39:00;;50,043395996094;72,564231872559;390,00978647687;21,39999961853;4757,3658536585;61;3906,1470588235;;108,00572246066;215,02033036849
20/06/2024 11:39:10;;50,043388366699;66,127288818359;390,01067615658;21,349999427795;4757,4390243902;60,666666666667;3906,2352941176;;108,00643776824;215,0209656925
20/06/2024 11:39:20;;50,195304870605;67,665058135986;390,0115658363;21,299999237061;4757,512195122;60,333333333333;3906,3235294118;;108,00715307582;215,02160101652
20/06/2024 11:39:30;;50,13020324707;69,202827453613;390,01245551601;21,39999961853;4757,5853658537;60;3906,4117647059;;108,0078683834;215,02223634053
20/06/2024 11:39:40;;50,043395996094;62,433860778809;390,01334519573;21,5;4757,6585365854;59,666666666667;3906,5;;108,00858369099;215,02287166455
20/06/2024 11:39:50;;49,978286743164;70,357856750488;390,01423487544;21,550000190735;4757,7317073171;59,333333333333;3906,5882352941;;108,00929899857;215,02350698856
20/06/2024 11:40:00;;50,108497619629;71,636642456055;390,01512455516;21,60000038147;4757,8048780488;59;3906,6764705882;;108,01001430615;215,02414231258
20/06/2024 11:40:10;;50,043395996094;66,183540344238;390,01601423488;21,39999961853;4757,8780487805;58,666666666667;3906,7647058824;;108,01072961373;215,02477763659
20/06/2024 11:40:20;;50,173606872559;68,248825073242;390,01690391459;21,300000190735;4757,9512195122;58,333333333333;3906,8529411765;;108,01144492132;215,02541296061
20/06/2024 11:40:30;;50,13020324707;70,314109802246;390,01779359431;21,200000762939;4758,0243902439;58;3906,9411764706;;108,0121602289;215,02604828463
20/06/2024 11:40:40;;50,217002868652;73,151496887207;390,01868327402;21,39999961853;4758,0975609756;57,75;3907,0294117647;;108,01287553648;215,02668360864
20/06/2024 11:40:50;;50,347213745117;71,868965148926;390,01957295374;21,299999237061;4758,1707317073;57,5;3907,1176470588;;108,01359084406;215,02731893266
20/06/2024 11:41:00;;50,151901245117;80,45809173584;390,02046263345;21,349999427795;4758,243902439;57,25;3907,2058823529;;108,01430615165;215,02795425667
20/06/2024 11:41:10;;50,173599243164;82,436561584473;390,02135231317;21,39999961853;4758,3170731707;57;3907,2941176471;;108,01502145923;215,02858958069
20/06/2024 11:41:20;;50,065093994141;82,027397155762;390,02224199288;21,5;4758,3902439024;56,5;3907,3823529412;;108,01573676681;215,0292249047
20/06/2024 11:41:30;;50,13020324707;81,618232727051;390,0231316726;21,299999237061;4758,4634146341;56;3907,4705882353;;108,01645207439;215,02986022872
20/06/2024 11:41:40;;50,238708496094;95,518424987793;390,02402135231;21,449999809265;4758,5365853659;55,666666666667;3907,5588235294;;108,01716738197;215,03049555273
20/06/2024 11:41:50;;50,13020324707;94,195594787598;390,02491103203;21,60000038147;4758,6097560976;55,333333333333;3907,6470588235;;108,01788268956;215,03113087675
20/06/2024 11:42:00;;50,173599243164;90,074630737305;390,02580071174;21,700000762939;4758,6829268293;55;3907,7352941176;;108,01859799714;215,03176620076
20/06/2024 11:42:10;;50,086791992188;98,057998657227;390,02669039146;21,75;4758,756097561;54,75;3907,8235294118;;108,01931330472;215,03240152478
20/06/2024 11:42:20;;50,173599243164;110,99482727051;390,02758007117;21,799999237061;4758,8292682927;54,5;3907,9117647059;;108,0200286123;215,03303684879
20/06/2024 11:42:30;;50,065093994141;99,949066162109;390,02846975089;22;4758,9024390244;54,25;3908;;108,02074391989;215,03367217281
20/06/2024 11:42:40;;50,086791992188;88,903305053711;390,0293594306;22,200000762939;4758,9756097561;54;3908,064516129;;108,02145922747;215,03430749682
20/06/2024 11:42:50;;50,151901245117;106,64423370361;390,03024911032;22,150000572205;4759,0487804878;53,5;3908,1290322581;;108,02217453505;215,03494282084
20/06/2024 11:43:00;;50,043395996094;91,170616149902;390,03113879004;22,10000038147;4759,1219512195;53;3908,1935483871;;108,02288984263;215,03557814485
20/06/2024 11:43:10;;49,956581115723;71,823417663574;390,03202846975;22,199999809265;4759,1951219512;52,75;3908,2580645161;;108,02360515021;215,03621346887
20/06/2024 11:43:20;;49,956588745117;104,64140319824;390,03291814947;22,299999237061;4759,2682926829;52,5;3908,3225806452;;108,0243204578;215,03684879288
20/06/2024 11:43:30;;49,913177490234;88,655372619629;390,03380782918;22,10000038147;4759,3414634146;52,25;3908,3870967742;;108,02503576538;215,0374841169
20/06/2024 11:43:40;;49,826377868652;72,669342041016;390,0346975089;22,200000762939;4759,4146341463;52;3908,4516129032;;108,02575107296;215,03811944091
20/06/2024 11:43:50;;49,826385498047;78,634315490723;390,03558718861;22,16666730245;4759,487804878;51,666666666667;3908,5161290323;;108,02646638054;215,03875476493
20/06/2024 11:44:00;;49,978286743164;86,788131713867;390,03647686833;22,13333384196;4759,5609756098;51,333333333333;3908,5806451613;;108,02718168813;215,03939008895
20/06/2024 11:44:10;;49,913177490234;70,639167785645;390,03736654804;22,10000038147;4759,6341463415;51;3908,6451612903;;108,02789699571;215,04002541296
20/06/2024 11:44:20;;49,956588745117;75,326484680176;390,03825622776;22,092308044434;4759,7073170732;50,5;3908,7096774194;;108,02861230329;215,04066073698
20/06/2024 11:44:30;;49,913185119629;81,248748779297;390,03914590747;22,084615707397;4759,7804878049;50;3908,7741935484;;108,02932761087;215,04129606099
20/06/2024 11:44:40;;49,956588745117;87,171012878418;390,04003558719;22,076923370361;4759,8536585366;49,75;3908,8387096774;;108,03004291845;215,04193138501
20/06/2024 11:44:50;;49,913177490234;79,918243408203;390,0409252669;22,069231033325;4759,9268292683;49,5;3908,9032258065;;108,03075822604;215,04256670902
20/06/2024 11:45:00;;49,913185119629;85,894737243652;390,04181494662;22,061538696289;4760;49,25;3908,9677419355;;108,03147353362;215,04320203304
20/06/2024 11:45:10;;49,978286743164;102,32111358643;390,04270462633;22,053846359253;4760,0028382214;49;3909,0322580645;;108,0321888412;215,04383735705
20/06/2024 11:45:20;;49,73957824707;82,266677856445;390,04359430605;22,046154022217;4760,0056764428;49,076923076923;3909,0967741935;;108,03290414878;215,04447268107
20/06/2024 11:45:30;;49,978286743164;86,921859741211;390,04448398577;22,038461685181;4760,0085146641;49,153846153846;3909,1612903226;;108,03361945637;215,04510800508
20/06/2024 11:45:40;;49,913185119629;91,577041625977;390,04537366548;22,030769348145;4760,0113528855;49,230769230769;3909,2258064516;;108,03433476395;215,0457433291
20/06/2024 11:45:50;;50,043395996094;73,850158691406;390,0462633452;22,023077011108;4760,0141911069;49,307692307692;3909,2903225806;;108,03505007153;215,04637865311
20/06/2024 11:46:00;;49,999984741211;75,442504882813;390,04715302491;22,015384674072;4760,0170293283;49,384615384615;3909,3548387097;;108,03576537911;215,04701397713
20/06/2024 11:46:10;;50,043388366699;86,81616973877;390,04804270463;22,007692337036;4760,0198675497;49,461538461538;3909,4193548387;;108,0364806867;215,04764930114
20/06/2024 11:46:20;;50,173599243164;83,915710449219;390,04893238434;22;4760,022705771;49,538461538462;3909,4838709677;;108,03719599428;215,04828462516
20/06/2024 11:46:30;;49,978286743164;85,819034576416;390,04982206406;22,050000190735;4760,0255439924;49,615384615385;3909,5483870968;;108,03791130186;215,04891994917
20/06/2024 11:46:40;;50,173599243164;87,722358703613;390,05071174377;22,10000038147;4760,0283822138;49,692307692308;3909,6129032258;;108,03862660944;215,04955527319
20/06/2024 11:46:50;;50,043395996094;81,07633972168;390,05160142349;22,050000190735;4760,0312204352;49,769230769231;3909,6774193548;;108,03934191702;215,0501905972
20/06/2024 11:47:00;;50,151901245117;93,022308349609;390,0524911032;22;4760,0340586566;49,846153846154;3909,7419354839;;108,04005722461;215,05082592122
20/06/2024 11:47:10;;50,108497619629;95,597305297852;390,05338078292;22,200000762939;4760,036896878;49,923076923077;3909,8064516129;;108,04077253219;215,05146124524
20/06/2024 11:47:20;;50,13020324707;105,12419891357;390,05427046263;22,300000190735;4760,0397350993;50;3909,8709677419;;108,04148783977;215,05209656925
20/06/2024 11:47:30;;50,217010498047;102,12158203125;390,05516014235;22,39999961853;4760,0425733207;50,5;3909,935483871;;108,04220314735;215,05273189327
20/06/2024 11:47:40;;50,195304870605;109,37076950073;390,05604982206;22,5;4760,0454115421;51;3910;;108,04291845494;215,05336721728
20/06/2024 11:47:50;;50,217002868652;116,61995697021;390,05693950178;22,699999809265;4760,0482497635;51,333333333333;3910,0035273369;;108,04363376252;215,0540025413
20/06/2024 11:48:00;;50,390609741211;129,11193847656;390,05782918149;22,89999961853;4760,0510879849;51,666666666667;3910,0070546737;;108,0443490701;215,05463786531
20/06/2024 11:48:10;;50,694435119629;131,61946105957;390,05871886121;23,200000762939;4760,0539262062;52;3910,0105820106;;108,04506437768;215,05527318933
20/06/2024 11:48:20;;50,824645996094;128,48246765137;390,05960854093;23,212500572205;4760,0567644276;52,25;3910,0141093474;;108,04577968526;215,05590851334
20/06/2024 11:48:30;;51,193565368652;126,28063201904;390,06049822064;23,22500038147;4760,059602649;52,5;3910,0176366843;;108,04649499285;215,05654383736
20/06/2024 11:48:40;;51,562484741211;121,25539398193;390,06138790036;23,237500190735;4760,0624408704;52,75;3910,0211640212;;108,04721030043;215,05717916137
20/06/2024 11:48:50;;51,909713745117;116,23015594482;390,06227758007;23,25;4760,0652790918;53;3910,024691358;;108,04792560801;215,05781448539
20/06/2024 11:49:00;;52,083320617676;121,91613769531;390,06316725979;23,262499809265;4760,0681173132;53,5;3910,0282186949;;108,04864091559;215,0584498094
20/06/2024 11:49:10;;52,387145996094;111,15994262695;390,0640569395;23,27499961853;4760,0709555345;54;3910,0317460317;;108,04935622318;215,05908513342
20/06/2024 11:49:20;;52,690963745117;107,41537475586;390,06494661922;23,287499427795;4760,0737937559;54,25;3910,0352733686;;108,05007153076;215,05972045743
20/06/2024 11:49:30;;53,146690368652;101,80157470703;390,06583629893;23,299999237061;4760,0766319773;54,5;3910,0388007055;;108,05078683834;215,06035578145
20/06/2024 11:49:40;;53,472213745117;106,02031326294;390,06672597865;23,33333269755;4760,0794701987;54,75;3910,0423280423;;108,05150214592;215,06099110546
20/06/2024 11:49:50;;53,559020996094;110,23905181885;390,06761565836;23,36666615804;4760,0823084201;55;3910,0458553792;;108,05221745351;215,06162642948
20/06/2024 11:50:00;;53,776031494141;109,51888275146;390,06850533808;23,39999961853;4760,0851466414;55,333333333333;3910,049382716;;108,05293276109;215,06226175349
20/06/2024 11:50:10;;53,862838745117;98,937316894531;390,06939501779;22,46249961853;4760,0879848628;55,666666666667;3910,0529100529;;108,05364806867;215,06289707751
20/06/2024 11:50:20;;53,949645996094;104,75881958008;390,07028469751;21,52499961853;4760,0908230842;56;3910,0564373898;;108,05436337625;215,06353240152
20/06/2024 11:50:30;;54,123252868652;103,30702209473;390,07117437722;20,58749961853;4760,0936613056;56,5;3910,0599647266;;108,05507868383;215,06416772554
20/06/2024 11:50:40;;54,166656494141;97,522308349609;390,07206405694;19,64999961853;4760,096499527;57;3910,0634920635;;108,05579399142;215,06480304956
20/06/2024 11:50:50;;54,470481872559;91,737594604492;390,07295373665;18,71249961853;4760,0993377483;42,75;3910,0670194004;;108,056509299;215,06543837357
20/06/2024 11:51:00;;54,644088745117;84,11092376709;390,07384341637;17,77499961853;4760,1021759697;28,5;3910,0705467372;;108,05722460658;215,06607369759
20/06/2024 11:51:10;;54,622383117676;76,950424194336;390,07473309609;16,83749961853;4760,1050141911;14,25;3910,0740740741;;108,05793991416;215,0667090216
20/06/2024 11:51:20;;31,597213745117;76,878492954129;390,0756227758;15,89999961853;4760,1078524125;0;3910,0776014109;;108,05865522175;215,06734434562
20/06/2024 11:51:30;;290,49478149414;76,806561713922;390,07651245552;15,886148931235;4760,1106906339;0,00094517958412098;3910,0811287478;;108,05937052933;215,06797966963
20/06/2024 11:51:40;;243,79339599609;76,734630473714;390,07740213523;15,87229824394;4760,1135288553;0,001890359168242;3910,0846560847;;108,06008583691;215,06861499365
20/06/2024 11:51:50;;154,96960449219;76,662699233507;390,07829181495;15,858447556646;4760,1163670766;0,0028355387523629;3910,0881834215;;108,06080114449;215,06925031766
20/06/2024 11:52:00;;72,612838745117;76,5907679933;390,07918149466;15,844596869351;4760,119205298;0,0037807183364839;3910,0917107584;;108,06151645207;215,06988564168
20/06/2024 11:52:10;;42,230895996094;76,518836753093;390,08007117438;15,830746182056;4760,1220435194;0,0047258979206049;3910,0952380952;;108,06223175966;215,07052096569
20/06/2024 11:52:20;;25,347213745117;76,446905512885;390,08096085409;15,816895494761;4760,1248817408;0,0056710775047259;3910,0987654321;;108,06294706724;215,07115628971
20/06/2024 11:52:30;;10,416664123535;76,374974272678;390,08185053381;15,803044807466;4760,1277199622;0,0066162570888469;3910,102292769;;108,06366237482;215,07179161372
20/06/2024 11:52:40;;3,8194427490234;76,303043032471;390,08274021352;15,789194120171;4760,1305581835;0,0075614366729679;3910,1058201058;;108,0643776824;215,07242693774
20/06/2024 11:52:50;;1,4105834960938;76,231111792264;390,08362989324;15,775343432876;4760,1333964049;0,0085066162570888;3910,1093474427;;108,06509298999;215,07306226175
20/06/2024 11:53:00;;0,8680419921875;76,159180552057;390,08451957295;15,761492745581;4760,1362346263;0,0094517958412098;3910,1128747795;;108,06580829757;215,07369758577
20/06/2024 11:53:10;;0,84634399414063;76,087249311849;390,08540925267;15,747642058286;4760,1390728477;0,010396975425331;3910,1164021164;;108,06652360515;215,07433290978
20/06/2024 11:53:20;;0,82464599609375;76,015318071642;390,08629893238;15,733791370991;4760,1419110691;0,011342155009452;3910,1199294533;;108,06723891273;215,0749682338
20/06/2024 11:53:30;;0,69444274902344;75,943386831435;390,0871886121;15,719940683696;4760,1447492904;0,012287334593573;3910,1234567901;;108,06795422031;215,07560355781
20/06/2024 11:53:40;;0,78123474121094;75,871455591228;390,08807829181;15,706089996402;4760,1475875118;0,013232514177694;3910,126984127;;108,0686695279;215,07623888183
20/06/2024 11:53:50;;1,2152709960938;75,799524351021;390,08896797153;15,692239309107;4760,1504257332;0,014177693761815;3910,1305114638;;108,06938483548;215,07687420584
20/06/2024 11:54:00;;1,1718597412109;75,727593110813;390,08985765125;15,678388621812;4760,1532639546;0,015122873345936;3910,1340388007;;108,07010014306;215,07750952986
20/06/2024 11:54:10;;1,0850601196289;75,655661870606;390,09074733096;15,664537934517;4760,156102176;0,016068052930057;3910,1375661376;;108,07081545064;215,07814485388
20/06/2024 11:54:20;;0,99826049804688;75,583730630399;390,09163701068;15,650687247222;4760,1589403974;0,017013232514178;3910,1410934744;;108,07153075823;215,07878017789
20/06/2024 11:54:30;;0,65103149414063;75,511799390192;390,09252669039;15,636836559927;4760,1617786187;0,017958412098299;3910,1446208113;;108,07224606581;215,07941550191
20/06/2024 11:54:40;;0,69444274902344;75,439868149984;390,09341637011;15,622985872632;4760,1646168401;0,01890359168242;3910,1481481481;;108,07296137339;215,08005082592
20/06/2024 11:54:50;;0,65103149414063;75,367936909777;390,09430604982;15,609135185337;4760,1674550615;0,019848771266541;3910,151675485;;108,07367668097;215,08068614994
20/06/2024 11:55:00;;0,6655019124349;75,29600566957;390,09519572954;15,595284498042;4760,1702932829;0,020793950850662;3910,1552028219;;108,07439198856;215,08132147395
20/06/2024 11:55:10;;0,67997233072917;75,224074429363;390,09608540925;15,581433810747;4760,1731315043;0,021739130434783;3910,1587301587;;108,07510729614;215,08195679797
20/06/2024 11:55:20;;0,69444274902344;75,152143189156;390,09697508897;15,567583123453;4760,1759697256;0,022684310018904;3910,1622574956;;108,07582260372;215,08259212198
20/06/2024 11:55:30;;0,71614074707031;75,080211948948;390,09786476868;15,553732436158;4760,178807947;0,023629489603025;3910,1657848325;;108,0765379113;215,083227446
20/06/2024 11:55:40;;0,73783874511719;75,008280708741;390,0987544484;15,539881748863;4760,1816461684;0,024574669187146;3910,1693121693;;108,07725321888;215,08386277001
20/06/2024 11:55:50;;0,65103149414063;74,936349468534;390,09964412811;15,526031061568;4760,1844843898;0,025519848771267;3910,1728395062;;108,07796852647;215,08449809403
20/06/2024 11:56:00;;0,69444274902344;74,864418228327;390,10053380783;15,512180374273;4760,1873226112;0,026465028355388;3910,176366843;;108,07868383405;215,08513341804
20/06/2024 11:56:10;;0,73783874511719;74,79248698812;390,10142348754;15,498329686978;4760,1901608325;0,027410207939509;3910,1798941799;;108,07939914163;215,08576874206
20/06/2024 11:56:20;;1,1284637451172;74,720555747912;390,10231316726;15,484478999683;4760,1929990539;0,028355387523629;3910,1834215168;;108,08011444921;215,08640406607
20/06/2024 11:56:30;;1,6058959960938;74,648624507705;390,10320284698;15,470628312388;4760,1958372753;0,02930056710775;3910,1869488536;;108,0808297568;215,08703939009
20/06/2024 11:56:40;;1,9965209960938;74,576693267498;390,10409252669;15,456777625093;4760,1986754967;0,030245746691871;3910,1904761905;;108,08154506438;215,0876747141
20/06/2024 11:56:50;;1,5407943725586;74,504762027291;390,10498220641;15,442926937798;4760,2015137181;0,031190926275992;3910,1940035273;;108,08226037196;215,08831003812
20/06/2024 11:57:00;;0,65103149414063;74,432830787083;390,10587188612;15,429076250503;4760,2043519395;0,032136105860113;3910,1975308642;;108,08297567954;215,08894536213
20/06/2024 11:57:10;;0,6727294921875;74,360899546876;390,10676156584;15,415225563209;4760,2071901608;0,033081285444234;3910,2010582011;;108,08369098712;215,08958068615
20/06/2024 11:57:20;;0,52082824707031;74,288968306669;390,10765124555;15,401374875914;4760,2100283822;0,034026465028355;3910,2045855379;;108,08440629471;215,09021601017
20/06/2024 11:57:30;;0,65103149414063;74,217037066462;390,10854092527;15,387524188619;4760,2128666036;0,034971644612476;3910,2081128748;;108,08512160229;215,09085133418
20/06/2024 11:57:40;;0,75953674316406;74,145105826255;390,10943060498;15,373673501324;4760,215704825;0,035916824196597;3910,2116402116;;108,08583690987;215,0914866582
20/06/2024 11:57:50;;0,82464599609375;74,073174586047;390,1103202847;15,359822814029;4760,2185430464;0,036862003780718;3910,2151675485;;108,08655221745;215,09212198221
20/06/2024 11:58:00;;0,8680419921875;74,00124334584;390,11120996441;15,345972126734;4760,2213812677;0,037807183364839;3910,2186948854;;108,08726752504;215,09275730623
20/06/2024 11:58:10;;0,78123474121094;73,929312105633;390,11209964413;15,332121439439;4760,2242194891;0,03875236294896;3910,2222222222;;108,08798283262;215,09339263024
20/06/2024 11:58:20;;0,73783874511719;73,857380865426;390,11298932384;15,318270752144;4760,2270577105;0,039697542533081;3910,2257495591;;108,0886981402;215,09402795426
20/06/2024 11:58:30;;0,75953674316406;73,785449625219;390,11387900356;15,304420064849;4760,2298959319;0,040642722117202;3910,2292768959;;108,08941344778;215,09466327827
20/06/2024 11:58:40;;0,78123474121094;73,713518385011;390,11476868327;15,290569377554;4760,2327341533;0,041587901701323;3910,2328042328;;108,09012875536;215,09529860229
20/06/2024 11:58:50;;0,73783874511719;73,641587144804;390,11565836299;15,27671869026;4760,2355723746;0,042533081285444;3910,2363315697;;108,09084406295;215,0959339263
20/06/2024 11:59:00;;0,71614074707031;73,569655904597;390,1165480427;15,262868002965;4760,238410596;0,043478260869565;3910,2398589065;;108,09155937053;215,09656925032
20/06/2024 11:59:10;;0,69444274902344;73,49772466439;390,11743772242;15,24901731567;4760,2412488174;0,044423440453686;3910,2433862434;;108,09227467811;215,09720457433
20/06/2024 11:59:20;;0,73783874511719;73,425793424182;390,11832740214;15,235166628375;4760,2440870388;0,045368620037807;3910,2469135802;;108,09298998569;215,09783989835
20/06/2024 11:59:30;;0,78123474121094;73,353862183975;390,11921708185;15,22131594108;4760,2469252602;0,046313799621928;3910,2504409171;;108,09370529328;215,09847522236
20/06/2024 11:59:40;;0,82464599609375;73,281930943768;390,12010676157;15,207465253785;4760,2497634816;0,047258979206049;3910,253968254;;108,09442060086;215,09911054638
20/06/2024 11:59:50;;0,78123474121094;73,209999703561;390,12099644128;15,19361456649;4760,2526017029;0,04820415879017;3910,2574955908;;108,09513590844;215,09974587039
20/06/2024 12:00:00;;0,79208755493164;73,138068463354;390,121886121;15,179763879195;4760,2554399243;0,049149338374291;3910,2610229277;;108,09585121602;215,10038119441
20/06/2024 12:00:10;;0,80294036865234;73,066137223146;390,12277580071;15,1659131919;4760,2582781457;0,050094517958412;3910,2645502646;;108,09656652361;215,10101651842
20/06/2024 12:00:20;;0,81379318237305;72,994205982939;390,12366548043;15,152062504605;4760,2611163671;0,051039697542533;3910,2680776014;;108,09728183119;215,10165184244
20/06/2024 12:00:30;;0,82464599609375;72,922274742732;390,12455516014;15,13821181731;4760,2639545885;0,051984877126654;3910,2716049383;;108,09799713877;215,10228716645
20/06/2024 12:00:40;;0,95484924316406;72,850343502525;390,12544483986;15,124361130016;4760,2667928098;0,052930056710775;3910,2751322751;;108,09871244635;215,10292249047
20/06/2024 12:00:50;;1,2152709960938;72,778412262318;390,12633451957;15,110510442721;4760,2696310312;0,053875236294896;3910,278659612;;108,09942775393;215,10355781449
20/06/2024 12:01:00;;1,4756927490234;72,70648102211;390,12722419929;15,096659755426;4760,2724692526;0,054820415879017;3910,2821869489;;108,10014306152;215,1041931385
20/06/2024 12:01:10;;1,6927032470703;72,634549781903;390,128113879;15,082809068131;4760,275307474;0,055765595463138;3910,2857142857;;108,1008583691;215,10482846252
20/06/2024 12:01:20;;1,7795104980469;72,562618541696;390,12900355872;15,068958380836;4760,2781456954;0,056710775047259;3910,2892416226;;108,10157367668;215,10546378653
20/06/2024 12:01:30;;1,8120613098145;72,490687301489;390,12989323843;15,055107693541;4760,2809839167;0,05765595463138;3910,2927689594;;108,10228898426;215,10609911055
20/06/2024 12:01:40;;1,844612121582;72,418756061281;390,13078291815;15,041257006246;4760,2838221381;0,058601134215501;3910,2962962963;;108,10300429185;215,10673443456
20/06/2024 12:01:50;;1,4756927490234;72,346824821074;390,13167259786;15,027406318951;4760,2866603595;0,059546313799622;3910,2998236332;;108,10371959943;215,10736975858
20/06/2024 12:02:00;;1,0850677490234;72,274893580867;390,13256227758;15,013555631656;4760,2894985809;0,060491493383743;3910,30335097;;108,10443490701;215,10800508259
20/06/2024 12:02:10;;1,2152709960938;72,20296234066;390,1334519573;14,999704944361;4760,2923368023;0,061436672967864;3910,3068783069;;108,10515021459;215,10864040661
20/06/2024 12:02:20;;1,3454818725586;72,131031100453;390,13434163701;14,985854257066;4760,2951750237;0,062381852551985;3910,3104056437;;108,10586552217;215,10927573062
20/06/2024 12:02:30;;1,3454742431641;72,059099860245;390,13523131673;14,972003569772;4760,298013245;0,063327032136106;3910,3139329806;;108,10658082976;215,10991105464
20/06/2024 12:02:40;;1,3020782470703;71,987168620038;390,13612099644;14,958152882477;4760,3008514664;0,064272211720227;3910,3174603175;;108,10729613734;215,11054637865
20/06/2024 12:02:50;;1,2803726196289;71,915237379831;390,13701067616;14,944302195182;4760,3036896878;0,065217391304348;3910,3209876543;;108,10801144492;215,11118170267
20/06/2024 12:03:00;;1,3129234313965;71,843306139624;390,13790035587;14,930451507887;4760,3065279092;0,066162570888469;3910,3245149912;;108,1087267525;215,11181702668
20/06/2024 12:03:10;;1,3454742431641;71,771374899417;390,13879003559;14,916600820592;4760,3093661306;0,06710775047259;3910,328042328;;108,10944206009;215,1124523507
20/06/2024 12:03:20;;1,3020706176758;71,699443659209;390,1396797153;14,902750133297;4760,3122043519;0,068052930056711;3910,3315696649;;108,11015736767;215,11308767471
20/06/2024 12:03:30;;1,2586669921875;71,627512419002;390,14056939502;14,888899446002;4760,3150425733;0,068998109640832;3910,3350970018;;108,11087267525;215,11372299873
20/06/2024 12:03:40;;1,2803726196289;71,555581178795;390,14145907473;14,875048758707;4760,3178807947;0,069943289224953;3910,3386243386;;108,11158798283;215,11435832274
20/06/2024 12:03:50;;1,3020782470703;71,483649938588;390,14234875445;14,861198071412;4760,3207190161;0,070888468809074;3910,3421516755;;108,11230329041;215,11499364676
20/06/2024 12:04:00;;1,2586669921875;71,411718698381;390,14323843416;14,847347384117;4760,3235572375;0,071833648393195;3910,3456790123;;108,113018598;215,11562897078
20/06/2024 12:04:10;;1,2803726196289;71,339787458173;390,14412811388;14,833496696823;4760,3263954588;0,072778827977316;3910,3492063492;;108,11373390558;215,11626429479
20/06/2024 12:04:20;;1,3020782470703;71,267856217966;390,14501779359;14,819646009528;4760,3292336802;0,073724007561437;3910,3527336861;;108,11444921316;215,11689961881
20/06/2024 12:04:30;;1,3454742431641;71,195924977759;390,14590747331;14,805795322233;4760,3320719016;0,074669187145558;3910,3562610229;;108,11516452074;215,11753494282
20/06/2024 12:04:40;;1,3237762451172;71,123993737552;390,14679715302;14,791944634938;4760,334910123;0,075614366729679;3910,3597883598;;108,11587982833;215,11817026684
20/06/2024 12:04:50;;1,356330871582;71,052062497344;390,14768683274;14,778093947643;4760,3377483444;0,0765595463138;3910,3633156966;;108,11659513591;215,11880559085
20/06/2024 12:05:00;;1,3888854980469;70,980131257137;390,14857651246;14,764243260348;4760,3405865658;0,077504725897921;3910,3668430335;;108,11731044349;215,11944091487
20/06/2024 12:05:10;;1,3671798706055;70,90820001693;390,14946619217;14,750392573053;4760,3434247871;0,078449905482042;3910,3703703704;;108,11802575107;215,12007623888
20/06/2024 12:05:20;;1,3454742431641;70,836268776723;390,15035587189;14,736541885758;4760,3462630085;0,079395085066163;3910,3738977072;;108,11874105866;215,1207115629
20/06/2024 12:05:30;;1,3020782470703;70,764337536516;390,1512455516;14,722691198463;4760,3491012299;0,080340264650284;3910,3774250441;;108,11945636624;215,12134688691
20/06/2024 12:05:40;;1,2586669921875;70,692406296308;390,15213523132;14,708840511168;4760,3519394513;0,081285444234405;3910,380952381;;108,12017167382;215,12198221093
20/06/2024 12:05:50;;1,3020782470703;70,620475056101;390,15302491103;14,694989823873;4760,3547776727;0,082230623818526;3910,3844797178;;108,1208869814;215,12261753494
20/06/2024 12:06:00;;1,3454742431641;70,548543815894;390,15391459075;14,681139136579;4760,357615894;0,083175803402647;3910,3880070547;;108,12160228898;215,12325285896
20/06/2024 12:06:10;;1,3888854980469;70,476612575687;390,15480427046;14,667288449284;4760,3604541154;0,084120982986767;3910,3915343915;;108,12231759657;215,12388818297
20/06/2024 12:06:20;;1,4322814941406;70,40468133548;390,15569395018;14,653437761989;4760,3632923368;0,085066162570888;3910,3950617284;;108,12303290415;215,12452350699
20/06/2024 12:06:30;;1,3454742431641;70,332750095272;390,15658362989;14,639587074694;4760,3661305582;0,086011342155009;3910,3985890653;;108,12374821173;215,125158831
20/06/2024 12:06:40;;1,3020782470703;70,260818855065;390,15747330961;14,625736387399;4760,3689687796;0,08695652173913;3910,4021164021;;108,12446351931;215,12579415502
20/06/2024 12:06:50;;1,2803726196289;70,188887614858;390,15836298932;14,611885700104;4760,3718070009;0,087901701323251;3910,405643739;;108,1251788269;215,12642947903
20/06/2024 12:07:00;;1,3454742431641;70,116956374651;390,15925266904;14,598035012809;4760,3746452223;0,088846880907372;3910,4091710758;;108,12589413448;215,12706480305
20/06/2024 12:07:10;;1,3020782470703;70,045025134443;390,16014234875;14,584184325514;4760,3774834437;0,089792060491493;3910,4126984127;;108,12660944206;215,12770012706
20/06/2024 12:07:20;;1,2586669921875;69,973093894236;390,16103202847;14,570333638219;4760,3803216651;0,090737240075614;3910,4162257496;;108,12732474964;215,12833545108
20/06/2024 12:07:30;;1,3020782470703;69,901162654029;390,16192170819;14,556482950924;4760,3831598865;0,091682419659735;3910,4197530864;;108,12804005722;215,1289707751
20/06/2024 12:07:40;;1,2912254333496;69,829231413822;390,1628113879;14,54263226363;4760,3859981079;0,092627599243856;3910,4232804233;;108,12875536481;215,12960609911
20/06/2024 12:07:50;;1,2803726196289;69,757300173615;390,16370106762;14,528781576335;4760,3888363292;0,093572778827977;3910,4268077601;;108,12947067239;215,13024142313
20/06/2024 12:08:00;;1,2586669921875;69,685368933407;390,16459074733;14,51493088904;4760,3916745506;0,094517958412098;3910,430335097;;108,13018597997;215,13087674714
20/06/2024 12:08:10;;1,3020782470703;69,6134376932;390,16548042705;14,501080201745;4760,394512772;0,095463137996219;3910,4338624339;;108,13090128755;215,13151207116
20/06/2024 12:08:20;;1,287607828776;69,541506452993;390,16637010676;14,48722951445;4760,3973509934;0,09640831758034;3910,4373897707;;108,13161659514;215,13214739517
20/06/2024 12:08:30;;1,2731374104818;69,469575212786;390,16725978648;14,473378827155;4760,4001892148;0,097353497164461;3910,4409171076;;108,13233190272;215,13278271919
20/06/2024 12:08:40;;1,2586669921875;69,397643972579;390,16814946619;14,45952813986;4760,4030274361;0,098298676748582;3910,4444444444;;108,1330472103;215,1334180432
20/06/2024 12:08:50;;1,2152709960938;69,325712732371;390,16903914591;14,445677452565;4760,4058656575;0,099243856332703;3910,4479717813;;108,13376251788;215,13405336722
20/06/2024 12:09:00;;1,1718597412109;69,253781492164;390,16992882562;14,43182676527;4760,4087038789;0,10018903591682;3910,4514991182;;108,13447782546;215,13468869123
20/06/2024 12:09:10;;1,2152709960938;69,181850251957;390,17081850534;14,417976077975;4760,4115421003;0,10113421550095;3910,455026455;;108,13519313305;215,13532401525
20/06/2024 12:09:20;;1,204418182373;69,10991901175;390,17170818505;14,40412539068;4760,4143803217;0,10207939508507;3910,4585537919;;108,13590844063;215,13595933926
20/06/2024 12:09:30;;1,1935653686523;69,037987771542;390,17259786477;14,390274703386;4760,417218543;0,10302457466919;3910,4620811287;;108,13662374821;215,13659466328
20/06/2024 12:09:40;;1,1610145568848;68,966056531335;390,17348754448;14,376424016091;4760,4200567644;0,10396975425331;3910,4656084656;;108,13733905579;215,13722998729
20/06/2024 12:09:50;;1,1284637451172;68,894125291128;390,1743772242;14,362573328796;4760,4228949858;0,10491493383743;3910,4691358025;;108,13805436338;215,13786531131
20/06/2024 12:10:00;;1,1284637451172;68,822194050921;390,17526690391;14,348722641501;4760,4257332072;0,10586011342155;3910,4726631393;;108,13876967096;215,13850063532
20/06/2024 12:10:10;;1,0959129333496;68,750262810714;390,17615658363;14,334871954206;4760,4285714286;0,10680529300567;3910,4761904762;;108,13948497854;215,13913595934
20/06/2024 12:10:20;;1,063362121582;68,678331570506;390,17704626335;14,321021266911;4760,43140965;0,10775047258979;3910,4797178131;;108,14020028612;215,13977128335
20/06/2024 12:10:30;;1,0850677490234;68,606400330299;390,17793594306;14,307170579616;4760,4342478713;0,10869565217391;3910,4832451499;;108,14091559371;215,14040660737
20/06/2024 12:10:40;;1,1718597412109;68,534469090092;390,17882562278;14,293319892321;4760,4370860927;0,10964083175803;3910,4867724868;;108,14163090129;215,14104193139
20/06/2024 12:10:50;;1,0850677490234;68,462537849885;390,17971530249;14,279469205026;4760,4399243141;0,11058601134216;3910,4902998236;;108,14234620887;215,1416772554
20/06/2024 12:11:00;;1,1067657470703;68,390606609678;390,18060498221;14,265618517731;4760,4427625355;0,11153119092628;3910,4938271605;;108,14306151645;215,14231257942
20/06/2024 12:11:10;;1,1284637451172;68,31867536947;390,18149466192;14,251767830436;4760,4456007569;0,1124763705104;3910,4973544974;;108,14377682403;215,14294790343
20/06/2024 12:11:20;;1,0850677490234;68,246744129263;390,18238434164;14,237917143142;4760,4484389782;0,11342155009452;3910,5008818342;;108,14449213162;215,14358322745
20/06/2024 12:11:30;;1,0416564941406;68,174812889056;390,18327402135;14,224066455847;4760,4512771996;0,11436672967864;3910,5044091711;;108,1452074392;215,14421855146
20/06/2024 12:11:40;;1,1284637451172;68,102881648849;390,18416370107;14,210215768552;4760,454115421;0,11531190926276;3910,5079365079;;108,14592274678;215,14485387548
20/06/2024 12:11:50;;1,0850677490234;68,030950408641;390,18505338078;14,196365081257;4760,4569536424;0,11625708884688;3910,5114638448;;108,14663805436;215,14548919949
20/06/2024 12:12:00;;1,1067657470703;67,959019168434;390,1859430605;14,182514393962;4760,4597918638;0,117202268431;3910,5149911817;;108,14735336195;215,14612452351
20/06/2024 12:12:10;;1,1284637451172;67,887087928227;390,18683274021;14,168663706667;4760,4626300851;0,11814744801512;3910,5185185185;;108,14806866953;215,14675984752
20/06/2024 12:12:20;;1,0850677490234;67,81515668802;390,18772241993;14,154813019372;4760,4654683065;0,11909262759924;3910,5220458554;;108,14878397711;215,14739517154
20/06/2024 12:12:30;;0,99826049804688;67,743225447813;390,18861209964;14,140962332077;4760,4683065279;0,12003780718336;3910,5255731922;;108,14949928469;215,14803049555
20/06/2024 12:12:40;;1,0850677490234;67,671294207605;390,18950177936;14,127111644782;4760,4711447493;0,12098298676749;3910,5291005291;;108,15021459227;215,14866581957
20/06/2024 12:12:50;;1,0525131225586;67,599362967398;390,19039145907;14,113260957487;4760,4739829707;0,12192816635161;3910,532627866;;108,15092989986;215,14930114358
20/06/2024 12:13:00;;1,0199584960938;67,527431727191;390,19128113879;14,099410270193;4760,4768211921;0,12287334593573;3910,5361552028;;108,15164520744;215,1499364676
20/06/2024 12:13:10;;1,0308074951172;67,455500486984;390,19217081851;14,085559582898;4760,4796594134;0,12381852551985;3910,5396825397;;108,15236051502;215,15057179161
20/06/2024 12:13:20;;1,0416564941406;67,383569246777;390,19306049822;14,071708895603;4760,4824976348;0,12476370510397;3910,5432098765;;108,1530758226;215,15120711563
20/06/2024 12:13:30;;1,0850677490234;67,311638006569;390,19395017794;14,057858208308;4760,4853358562;0,12570888468809;3910,5467372134;;108,15379113019;215,15184243964
20/06/2024 12:13:40;;0,99826049804688;67,239706766362;390,19483985765;14,044007521013;4760,4881740776;0,12665406427221;3910,5502645503;;108,15450643777;215,15247776366
20/06/2024 12:13:50;;0,9837900797526;67,167775526155;390,19572953737;14,030156833718;4760,491012299;0,12759924385633;3910,5537918871;;108,15522174535;215,15311308767
20/06/2024 12:14:00;;0,96931966145833;67,095844285948;390,19661921708;14,016306146423;4760,4938505203;0,12854442344045;3910,557319224;;108,15593705293;215,15374841169
20/06/2024 12:14:10;;0,95484924316406;67,02391304574;390,1975088968;14,002455459128;4760,4966887417;0,12948960302457;3910,5608465608;;108,15665236052;215,15438373571
20/06/2024 12:14:20;;1,0416564941406;66,951981805533;390,19839857651;13,988604771833;4760,4995269631;0,1304347826087;3910,5643738977;;108,1573676681;215,15501905972
20/06/2024 12:14:30;;0,99826049804688;66,880050565326;390,19928825623;13,974754084538;4760,5023651845;0,13137996219282;3910,5679012346;;108,15808297568;215,15565438374
20/06/2024 12:14:40;;1,0416564941406;66,808119325119;390,20017793594;13,960903397243;4760,5052034059;0,13232514177694;3910,5714285714;;108,15879828326;215,15628970775
20/06/2024 12:14:50;;1,0850677490234;66,736188084912;390,20106761566;13,947052709949;4760,5080416272;0,13327032136106;3910,5749559083;;108,15951359084;215,15692503177
20/06/2024 12:15:00;;1,1067657470703;66,664256844704;390,20195729537;13,933202022654;4760,5108798486;0,13421550094518;3910,5784832451;;108,16022889843;215,15756035578
20/06/2024 12:15:10;;1,0416564941406;66,592325604497;390,20284697509;13,919351335359;4760,51371807;0,1351606805293;3910,582010582;;108,16094420601;215,1581956798
20/06/2024 12:15:20;;1,0850677490234;66,52039436429;390,2037366548;13,905500648064;4760,5165562914;0,13610586011342;3910,5855379189;;108,16165951359;215,15883100381
20/06/2024 12:15:30;;1,0525131225586;66,448463124083;390,20462633452;13,891649960769;4760,5193945128;0,13705103969754;3910,5890652557;;108,16237482117;215,15946632783
20/06/2024 12:15:40;;1,0199584960938;66,376531883876;390,20551601423;13,877799273474;4760,5222327342;0,13799621928166;3910,5925925926;;108,16309012876;215,16010165184
20/06/2024 12:15:50;;0,99825541178385;66,304600643668;390,20640569395;13,863948586179;4760,5250709555;0,13894139886578;3910,5961199295;;108,16380543634;215,16073697586
20/06/2024 12:16:00;;0,97655232747396;66,232669403461;390,20729537367;13,850097898884;4760,5279091769;0,13988657844991;3910,5996472663;;108,16452074392;215,16137229987
20/06/2024 12:16:10;;0,95484924316406;66,160738163254;390,20818505338;13,836247211589;4760,5307473983;0,14083175803403;3910,6031746032;;108,1652360515;215,16200762389
20/06/2024 12:16:20;;0,99826049804688;66,088806923047;390,2090747331;13,822396524294;4760,5335856197;0,14177693761815;3910,60670194;;108,16595135908;215,1626429479
20/06/2024 12:16:30;;1,0416564941406;66,01687568284;390,20996441281;13,808545837;4760,5364238411;0,14272211720227;3910,6102292769;;108,16666666667;215,16327827192
20/06/2024 12:16:40;;1,0199584960938;65,944944442632;390,21085409253;13,794695149705;4760,5392620624;0,14366729678639;3910,6137566138;;108,16738197425;215,16391359593
20/06/2024 12:16:50;;0,99826049804688;65,873013202425;390,21174377224;13,78084446241;4760,5421002838;0,14461247637051;3910,6172839506;;108,16809728183;215,16454891995
20/06/2024 12:17:00;;0,95484924316406;65,801081962218;390,21263345196;13,766993775115;4760,5449385052;0,14555765595463;3910,6208112875;;108,16881258941;215,16518424396
20/06/2024 12:17:10;;0,96931966145833;65,729150722011;390,21352313167;13,75314308782;4760,5477767266;0,14650283553875;3910,6243386243;;108,169527897;215,16581956798
20/06/2024 12:17:20;;0,9837900797526;65,657219481803;390,21441281139;13,739292400525;4760,550614948;0,14744801512287;3910,6278659612;;108,17024320458;215,16645489199
20/06/2024 12:17:30;;0,99826049804688;65,585288241596;390,2153024911;13,72544171323;4760,5534531693;0,14839319470699;3910,6313932981;;108,17095851216;215,16709021601
20/06/2024 12:17:40;;0,95484924316406;65,513357001389;390,21619217082;13,711591025935;4760,5562913907;0,14933837429112;3910,6349206349;;108,17167381974;215,16772554003
20/06/2024 12:17:50;;0,91145324707031;65,441425761182;390,21708185053;13,69774033864;4760,5591296121;0,15028355387524;3910,6384479718;;108,17238912732;215,16836086404
20/06/2024 12:18:00;;0,97655487060547;65,369494520975;390,21797153025;13,683889651345;4760,5619678335;0,15122873345936;3910,6419753086;;108,17310443491;215,16899618806
20/06/2024 12:18:10;;0,94400024414063;65,297563280767;390,21886120996;13,67003896405;4760,5648060549;0,15217391304348;3910,6455026455;;108,17381974249;215,16963151207
20/06/2024 12:18:20;;0,91144561767578;65,22563204056;390,21975088968;13,656188276756;4760,5676442763;0,1531190926276;3910,6490299824;;108,17453505007;215,17026683609
20/06/2024 12:18:30;;0,91145324707031;65,153700800353;390,2206405694;13,642337589461;4760,5704824976;0,15406427221172;3910,6525573192;;108,17525035765;215,1709021601
20/06/2024 12:18:40;;0,95484924316406;65,081769560146;390,22153024911;13,628486902166;4760,573320719;0,15500945179584;3910,6560846561;;108,17596566524;215,17153748412
20/06/2024 12:18:50;;0,93315124511719;65,009838319939;390,22241992883;13,614636214871;4760,5761589404;0,15595463137996;3910,6596119929;;108,17668097282;215,17217280813
20/06/2024 12:19:00;;0,91145324707031;64,937907079731;390,22330960854;13,600785527576;4760,5789971618;0,15689981096408;3910,6631393298;;108,1773962804;215,17280813215
20/06/2024 12:19:10;;0,91144943237305;64,865975839524;390,22419928826;13,586934840281;4760,5818353832;0,1578449905482;3910,6666666667;;108,17811158798;215,17344345616
20/06/2024 12:19:20;;0,91144561767578;64,794044599317;390,22508896797;13,573084152986;4760,5846736045;0,15879017013233;3910,6701940035;;108,17882689557;215,17407878018
20/06/2024 12:19:30;;0,91144714355469;64,72211335911;390,22597864769;13,559233465691;4760,5875118259;0,15973534971645;3910,6737213404;;108,17954220315;215,17471410419
20/06/2024 12:19:40;;0,91144866943359;64,650182118902;390,2268683274;13,545382778396;4760,5903500473;0,16068052930057;3910,6772486772;;108,18025751073;215,17534942821
20/06/2024 12:19:50;;0,9114501953125;64,578250878695;390,22775800712;13,531532091101;4760,5931882687;0,16162570888469;3910,6807760141;;108,18097281831;215,17598475222
20/06/2024 12:20:00;;0,91145172119141;64,506319638488;390,22864768683;13,517681403806;4760,5960264901;0,16257088846881;3910,684303351;;108,18168812589;215,17662007624
20/06/2024 12:20:10;;0,91145324707031;64,434388398281;390,22953736655;13,503830716512;4760,5988647114;0,16351606805293;3910,6878306878;;108,18240343348;215,17725540025
20/06/2024 12:20:20;;0,8680419921875;64,362457158074;390,23042704626;13,489980029217;4760,6017029328;0,16446124763705;3910,6913580247;;108,18311874106;215,17789072427
20/06/2024 12:20:30;;0,8788948059082;64,290525917866;390,23131672598;13,476129341922;4760,6045411542;0,16540642722117;3910,6948853616;;108,18383404864;215,17852604828
20/06/2024 12:20:40;;0,88974761962891;64,218594677659;390,23220640569;13,462278654627;4760,6073793756;0,16635160680529;3910,6984126984;;108,18454935622;215,1791613723
20/06/2024 12:20:50;;0,90060043334961;64,146663437452;390,23309608541;13,448427967332;4760,610217597;0,16729678638941;3910,7019400353;;108,18526466381;215,17979669632
20/06/2024 12:21:00;;0,91145324707031;64,074732197245;390,23398576512;13,434577280037;4760,6130558184;0,16824196597353;3910,7054673721;;108,18597997139;215,18043202033
20/06/2024 12:21:10;;0,95484924316406;64,002800957038;390,23487544484;13,420726592742;4760,6158940397;0,16918714555766;3910,708994709;;108,18669527897;215,18106734435
20/06/2024 12:21:20;;0,93314870198568;63,93086971683;390,23576512456;13,406875905447;4760,6187322611;0,17013232514178;3910,7125220459;;108,18741058655;215,18170266836
20/06/2024 12:21:30;;0,91144816080729;63,858938476623;390,23665480427;13,393025218152;4760,6215704825;0,1710775047259;3910,7160493827;;108,18812589413;215,18233799238
20/06/2024 12:21:40;;0,88974761962891;63,787007236416;390,23754448399;13,379174530857;4760,6244087039;0,17202268431002;3910,7195767196;;108,18884120172;215,18297331639
20/06/2024 12:21:50;;0,90421549479167;63,715075996209;390,2384341637;13,365323843563;4760,6272469253;0,17296786389414;3910,7231040564;;108,1895565093;215,18360864041
20/06/2024 12:22:00;;0,91868336995443;63,643144756001;390,23932384342;13,351473156268;4760,6300851466;0,17391304347826;3910,7266313933;;108,19027181688;215,18424396442
20/06/2024 12:22:10;;0,93315124511719;63,571213515794;390,24021352313;13,337622468973;4760,632923368;0,17485822306238;3910,7301587302;;108,19098712446;215,18487928844
20/06/2024 12:22:20;;0,95484924316406;63,499282275587;390,24110320285;13,323771781678;4760,6357615894;0,1758034026465;3910,733686067;;108,19170243205;215,18551461245
20/06/2024 12:22:30;;0,93315124511719;63,42735103538;390,24199288256;13,309921094383;4760,6385998108;0,17674858223062;3910,7372134039;;108,19241773963;215,18614993647
20/06/2024 12:22:40;;0,91145324707031;63,355419795173;390,24288256228;13,296070407088;4760,6414380322;0,17769376181474;3910,7407407407;;108,19313304721;215,18678526048
20/06/2024 12:22:50;;0,8680419921875;63,283488554965;390,24377224199;13,282219719793;4760,6442762535;0,17863894139887;3910,7442680776;;108,19384835479;215,1874205845
20/06/2024 12:23:00;;0,88974761962891;63,211557314758;390,24466192171;13,268369032498;4760,6471144749;0,17958412098299;3910,7477954145;;108,19456366237;215,18805590851
20/06/2024 12:23:10;;0,91145324707031;63,139626074551;390,24555160142;13,254518345203;4760,6499526963;0,18052930056711;3910,7513227513;;108,19527896996;215,18869123253
20/06/2024 12:23:20;;0,93315124511719;63,067694834344;390,24644128114;13,240667657908;4760,6527909177;0,18147448015123;3910,7548500882;;108,19599427754;215,18932655654
20/06/2024 12:23:30;;0,95484924316406;62,995763594137;390,24733096085;13,226816970613;4760,6556291391;0,18241965973535;3910,758377425;;108,19670958512;215,18996188056
20/06/2024 12:23:40;;0,93315124511719;62,923832353929;390,24822064057;13,212966283319;4760,6584673605;0,18336483931947;3910,7619047619;;108,1974248927;215,19059720457
20/06/2024 12:23:50;;0,91145324707031;62,851901113722;390,24911032028;13,199115596024;4760,6613055818;0,18431001890359;3910,7654320988;;108,19814020029;215,19123252859
20/06/2024 12:24:00;;0,92013244628906;62,779969873515;390,25;13,185264908729;4760,6641438032;0,18525519848771;3910,7689594356;;108,19885550787;215,1918678526
20/06/2024 12:24:10;;0,92881164550781;62,708038633308;390,25088967972;13,171414221434;4760,6669820246;0,18620037807183;3910,7724867725;;108,19957081545;215,19250317662
20/06/2024 12:24:20;;0,93749084472656;62,6361073931;390,25177935943;13,157563534139;4760,669820246;0,18714555765595;3910,7760141093;;108,20028612303;215,19313850064
20/06/2024 12:24:30;;0,94617004394531;62,564176152893;390,25266903915;13,143712846844;4760,6726584674;0,18809073724008;3910,7795414462;;108,20100143062;215,19377382465
20/06/2024 12:24:40;;0,95484924316406;62,492244912686;390,25355871886;13,129862159549;4760,6754966887;0,1890359168242;3910,7830687831;;108,2017167382;215,19440914867
20/06/2024 12:24:50;;0,97655487060547;62,420313672479;390,25444839858;13,116011472254;4760,6783349101;0,18998109640832;3910,7865961199;;108,20243204578;215,19504447268
20/06/2024 12:25:00;;0,99826049804688;62,348382432272;390,25533807829;13,102160784959;4760,6811731315;0,19092627599244;3910,7901234568;;108,20314735336;215,1956797967
20/06/2024 12:25:10;;0,96570587158203;62,276451192064;390,25622775801;13,088310097664;4760,6840113529;0,19187145557656;3910,7936507937;;108,20386266094;215,19631512071
20/06/2024 12:25:20;;0,93315124511719;62,204519951857;390,25711743772;13,07445941037;4760,6868495743;0,19281663516068;3910,7971781305;;108,20457796853;215,19695044473
20/06/2024 12:25:30;;0,8680419921875;62,13258871165;390,25800711744;13,060608723075;4760,6896877956;0,1937618147448;3910,8007054674;;108,20529327611;215,19758576874
20/06/2024 12:25:40;;0,88974761962891;62,060657471443;390,25889679715;13,04675803578;4760,692526017;0,19470699432892;3910,8042328042;;108,20600858369;215,19822109276
20/06/2024 12:25:50;;0,91145324707031;61,988726231236;390,25978647687;13,032907348485;4760,6953642384;0,19565217391304;3910,8077601411;;108,20672389127;215,19885641677
20/06/2024 12:26:00;;0,93315124511719;61,916794991028;390,26067615658;13,01905666119;4760,6982024598;0,19659735349716;3910,811287478;;108,20743919886;215,19949174079
20/06/2024 12:26:10;;0,95484924316406;61,844863750821;390,2615658363;13,005205973895;4760,7010406812;0,19754253308129;3910,8148148148;;108,20815450644;215,2001270648
20/06/2024 12:26:20;;0,93315124511719;61,772932510614;390,26245551601;12,9913552866;4760,7038789026;0,19848771266541;3910,8183421517;;108,20886981402;215,20076238882
20/06/2024 12:26:30;;0,91145324707031;61,701001270407;390,26334519573;12,977504599305;4760,7067171239;0,19943289224953;3910,8218694885;;108,2095851216;215,20139771283
20/06/2024 12:26:40;;0,92230224609375;61,629070030199;390,26423487544;12,96365391201;4760,7095553453;0,20037807183365;3910,8253968254;;108,21030042918;215,20203303685
20/06/2024 12:26:50;;0,93315124511719;61,557138789992;390,26512455516;12,949803224715;4760,7123935667;0,20132325141777;3910,8289241623;;108,21101573677;215,20266836086
20/06/2024 12:27:00;;0,94400024414063;61,485207549785;390,26601423488;12,93595253742;4760,7152317881;0,20226843100189;3910,8324514991;;108,21173104435;215,20330368488
20/06/2024 12:27:10;;0,95484924316406;61,413276309578;390,26690391459;12,922101850126;4760,7180700095;0,20321361058601;3910,835978836;;108,21244635193;215,20393900889
20/06/2024 12:27:20;;0,94038391113281;61,341345069371;390,26779359431;12,908251162831;4760,7209082308;0,20415879017013;3910,8395061728;;108,21316165951;215,20457433291
20/06/2024 12:27:30;;0,92591857910156;61,269413829163;390,26868327402;12,894400475536;4760,7237464522;0,20510396975425;3910,8430335097;;108,2138769671;215,20520965693
20/06/2024 12:27:40;;0,91145324707031;61,197482588956;390,26957295374;12,880549788241;4760,7265846736;0,20604914933837;3910,8465608466;;108,21459227468;215,20584498094
20/06/2024 12:27:50;;0,92230224609375;61,125551348749;390,27046263345;12,866699100946;4760,729422895;0,2069943289225;3910,8500881834;;108,21530758226;215,20648030496
20/06/2024 12:28:00;;0,93315124511719;61,053620108542;390,27135231317;12,852848413651;4760,7322611164;0,20793950850662;3910,8536155203;;108,21602288984;215,20711562897
20/06/2024 12:28:10;;0,94400024414063;60,981688868335;390,27224199288;12,838997726356;4760,7350993377;0,20888468809074;3910,8571428571;;108,21673819742;215,20775095299
20/06/2024 12:28:20;;0,95484924316406;60,909757628127;390,2731316726;12,825147039061;4760,7379375591;0,20982986767486;3910,860670194;;108,21745350501;215,208386277
20/06/2024 12:28:30;;0,91145324707031;60,83782638792;390,27402135231;12,811296351766;4760,7407757805;0,21077504725898;3910,8641975309;;108,21816881259;215,20902160102
20/06/2024 12:28:40;;0,95484924316406;60,765895147713;390,27491103203;12,797445664471;4760,7436140019;0,2117202268431;3910,8677248677;;108,21888412017;215,20965692503
20/06/2024 12:28:50;;0,96931966145833;60,693963907506;390,27580071174;12,783594977176;4760,7464522233;0,21266540642722;3910,8712522046;;108,21959942775;215,21029224905
20/06/2024 12:29:00;;0,9837900797526;60,622032667299;390,27669039146;12,769744289882;4760,7492904447;0,21361058601134;3910,8747795414;;108,22031473534;215,21092757306
20/06/2024 12:29:10;;0,99826049804688;60,550101427091;390,27758007117;12,755893602587;4760,752128666;0,21455576559546;3910,8783068783;;108,22103004292;215,21156289708
20/06/2024 12:29:20;;0,95484924316406;60,478170186884;390,27846975089;12,742042915292;4760,7549668874;0,21550094517958;3910,8818342152;;108,2217453505;215,21219822109
20/06/2024 12:29:30;;0,91145324707031;60,406238946677;390,2793594306;12,728192227997;4760,7578051088;0,21644612476371;3910,885361552;;108,22246065808;215,21283354511
20/06/2024 12:29:40;;0,95484924316406;60,33430770647;390,28024911032;12,714341540702;4760,7606433302;0,21739130434783;3910,8888888889;;108,22317596567;215,21346886912
20/06/2024 12:29:50;;0,93315124511719;60,262376466262;390,28113879004;12,700490853407;4760,7634815516;0,21833648393195;3910,8924162257;;108,22389127325;215,21410419314
20/06/2024 12:30:00;;0,91145324707031;60,190445226055;390,28202846975;12,686640166112;4760,7663197729;0,21928166351607;3910,8959435626;;108,22460658083;215,21473951715
20/06/2024 12:30:10;;0,95485687255859;60,118513985848;390,28291814947;12,672789478817;4760,7691579943;0,22022684310019;3910,8994708995;;108,22532188841;215,21537484117
20/06/2024 12:30:20;;0,99826049804688;60,046582745641;390,28380782918;12,658938791522;4760,7719962157;0,22117202268431;3910,9029982363;;108,22603719599;215,21601016518
20/06/2024 12:30:30;;0,97655487060547;59,974651505434;390,2846975089;12,645088104227;4760,7748344371;0,22211720226843;3910,9065255732;;108,22675250358;215,2166454892
20/06/2024 12:30:40;;0,95484924316406;59,902720265226;390,28558718861;12,631237416933;4760,7776726585;0,22306238185255;3910,9100529101;;108,22746781116;215,21728081321
20/06/2024 12:30:50;;0,9620844523112;59,830789025019;390,28647686833;12,617386729638;4760,7805108798;0,22400756143667;3910,9135802469;;108,22818311874;215,21791613723
20/06/2024 12:31:00;;0,96931966145833;59,758857784812;390,28736654804;12,603536042343;4760,7833491012;0,22495274102079;3910,9171075838;;108,22889842632;215,21855146125
20/06/2024 12:31:10;;0,97655487060547;59,686926544605;390,28825622776;12,589685355048;4760,7861873226;0,22589792060491;3910,9206349206;;108,22961373391;215,21918678526
20/06/2024 12:31:20;;0,94400405883789;59,614995304398;390,28914590747;12,575834667753;4760,789025544;0,22684310018904;3910,9241622575;;108,23032904149;215,21982210928
20/06/2024 12:31:30;;0,91145324707031;59,54306406419;390,29003558719;12,561983980458;4760,7918637654;0,22778827977316;3910,9276895944;;108,23104434907;215,22045743329
20/06/2024 12:31:40;;0,92013244628906;59,471132823983;390,2909252669;12,548133293163;4760,7947019868;0,22873345935728;3910,9312169312;;108,23175965665;215,22109275731
20/06/2024 12:31:50;;0,92881164550781;59,399201583776;390,29181494662;12,534282605868;4760,7975402081;0,2296786389414;3910,9347442681;;108,23247496423;215,22172808132
20/06/2024 12:32:00;;0,93749084472656;59,327270343569;390,29270462633;12,520431918573;4760,8003784295;0,23062381852552;3910,9382716049;;108,23319027182;215,22236340534
20/06/2024 12:32:10;;0,94617004394531;59,255339103361;390,29359430605;12,506581231278;4760,8032166509;0,23156899810964;3910,9417989418;;108,2339055794;215,22299872935
20/06/2024 12:32:20;;0,95484924316406;59,183407863154;390,29448398577;12,492730543983;4760,8060548723;0,23251417769376;3910,9453262787;;108,23462088698;215,22363405337
20/06/2024 12:32:30;;0,99826049804688;59,111476622947;390,29537366548;12,478879856689;4760,8088930937;0,23345935727788;3910,9488536155;;108,23533619456;215,22426937738
20/06/2024 12:32:40;;0,97655487060547;59,03954538274;390,2962633452;12,465029169394;4760,811731315;0,234404536862;3910,9523809524;;108,23605150215;215,2249047014
20/06/2024 12:32:50;;0,95484924316406;58,967614142533;390,29715302491;12,451178482099;4760,8145695364;0,23534971644612;3910,9559082892;;108,23676680973;215,22554002541
20/06/2024 12:33:00;;0,99826049804688;58,895682902325;390,29804270463;12,437327794804;4760,8174077578;0,23629489603025;3910,9594356261;;108,23748211731;215,22617534943
20/06/2024 12:33:10;;0,99102528889974;58,823751662118;390,29893238434;12,423477107509;4760,8202459792;0,23724007561437;3910,962962963;;108,23819742489;215,22681067344
20/06/2024 12:33:20;;0,9837900797526;58,751820421911;390,29982206406;12,409626420214;4760,8230842006;0,23818525519849;3910,9664902998;;108,23891273247;215,22744599746
20/06/2024 12:33:30;;0,97655487060547;58,679889181704;390,30071174377;12,395775732919;4760,8259224219;0,23913043478261;3910,9700176367;;108,23962804006;215,22808132147
20/06/2024 12:33:40;;0,96931966145833;58,607957941497;390,30160142349;12,381925045624;4760,8287606433;0,24007561436673;3910,9735449735;;108,24034334764;215,22871664549
20/06/2024 12:33:50;;0,9620844523112;58,536026701289;390,3024911032;12,368074358329;4760,8315988647;0,24102079395085;3910,9770723104;;108,24105865522;215,2293519695
20/06/2024 12:34:00;;0,95484924316406;58,464095461082;390,30338078292;12,354223671034;4760,8344370861;0,24196597353497;3910,9805996473;;108,2417739628;215,22998729352
20/06/2024 12:34:10;;0,8680419921875;58,392164220875;390,30427046263;12,34037298374;4760,8372753075;0,24291115311909;3910,9841269841;;108,24248927039;215,23062261753
20/06/2024 12:34:20;;0,91145324707031;58,320232980668;390,30516014235;12,326522296445;4760,8401135289;0,24385633270321;3910,987654321;;108,24320457797;215,23125794155
20/06/2024 12:34:30;;0,93315124511719;58,24830174046;390,30604982206;12,31267160915;4760,8429517502;0,24480151228733;3910,9911816578;;108,24391988555;215,23189326557
20/06/2024 12:34:40;;0,95484924316406;58,176370500253;390,30693950178;12,298820921855;4760,8457899716;0,24574669187146;3910,9947089947;;108,24463519313;215,23252858958
20/06/2024 12:34:50;;0,91145324707031;58,104439260046;390,30782918149;12,28497023456;4760,848628193;0,24669187145558;3910,9982363316;;108,24535050072;215,2331639136
20/06/2024 12:35:00;;0,93315124511719;58,032508019839;390,30871886121;12,271119547265;4760,8514664144;0,2476370510397;3911,0017636684;;108,2460658083;215,23379923761
20/06/2024 12:35:10;;0,95484924316406;57,960576779632;390,30960854093;12,25726885997;4760,8543046358;0,24858223062382;3911,0052910053;;108,24678111588;215,23443456163
20/06/2024 12:35:20;;0,91145324707031;57,888645539424;390,31049822064;12,243418172675;4760,8571428571;0,24952741020794;3911,0088183422;;108,24749642346;215,23506988564
20/06/2024 12:35:30;;0,93315124511719;57,816714299217;390,31138790036;12,22956748538;4760,8599810785;0,25047258979206;3911,012345679;;108,24821173104;215,23570520966
20/06/2024 12:35:40;;0,95484924316406;57,74478305901;390,31227758007;12,215716798085;4760,8628192999;0,25141776937618;3911,0158730159;;108,24892703863;215,23634053367
20/06/2024 12:35:50;;0,93315124511719;57,672851818803;390,31316725979;12,20186611079;4760,8656575213;0,2523629489603;3911,0194003527;;108,24964234621;215,23697585769
20/06/2024 12:36:00;;0,91145324707031;57,600920578596;390,3140569395;12,188015423496;4760,8684957427;0,25330812854442;3911,0229276896;;108,25035765379;215,2376111817
20/06/2024 12:36:10;;0,95484924316406;57,528989338388;390,31494661922;12,174164736201;4760,871333964;0,25425330812854;3911,0264550265;;108,25107296137;215,23824650572
20/06/2024 12:36:20;;0,97655487060547;57,457058098181;390,31583629893;12,160314048906;4760,8741721854;0,25519848771267;3911,0299823633;;108,25178826896;215,23888182973
20/06/2024 12:36:30;;0,99826049804688;57,385126857974;390,31672597865;12,146463361611;4760,8770104068;0,25614366729679;3911,0335097002;;108,25250357654;215,23951715375
20/06/2024 12:36:40;;0,91145324707031;57,313195617767;390,31761565836;12,132612674316;4760,8798486282;0,25708884688091;3911,037037037;;108,25321888412;215,24015247776
20/06/2024 12:36:50;;0,92230224609375;57,241264377559;390,31850533808;12,118761987021;4760,8826868496;0,25803402646503;3911,0405643739;;108,2539341917;215,24078780178
20/06/2024 12:37:00;;0,93315124511719;57,169333137352;390,31939501779;12,104911299726;4760,885525071;0,25897920604915;3911,0440917108;;108,25464949928;215,24142312579
20/06/2024 12:37:10;;0,94400024414063;57,097401897145;390,32028469751;12,091060612431;4760,8883632923;0,25992438563327;3911,0476190476;;108,25536480687;215,24205844981
20/06/2024 12:37:20;;0,95484924316406;57,025470656938;390,32117437722;12,077209925136;4760,8912015137;0,26086956521739;3911,0511463845;;108,25608011445;215,24269377382
20/06/2024 12:37:30;;0,91145324707031;56,953539416731;390,32206405694;12,063359237841;4760,8940397351;0,26181474480151;3911,0546737213;;108,25679542203;215,24332909784
20/06/2024 12:37:40;;0,92591857910156;56,881608176523;390,32295373665;12,049508550546;4760,8968779565;0,26275992438563;3911,0582010582;;108,25751072961;215,24396442186
20/06/2024 12:37:50;;0,94038391113281;56,809676936316;390,32384341637;12,035657863252;4760,8997161779;0,26370510396975;3911,0617283951;;108,2582260372;215,24459974587
20/06/2024 12:38:00;;0,95484924316406;56,737745696109;390,32473309609;12,021807175957;4760,9025543992;0,26465028355388;3911,0652557319;;108,25894134478;215,24523506989
20/06/2024 12:38:10;;0,93315124511719;56,665814455902;390,3256227758;12,007956488662;4760,9053926206;0,265595463138;3911,0687830688;;108,25965665236;215,2458703939
20/06/2024 12:38:20;;0,91145324707031;56,593883215695;390,32651245552;11,994105801367;4760,908230842;0,26654064272212;3911,0723104056;;108,26037195994;215,24650571792
20/06/2024 12:38:30;;0,95484924316406;56,521951975487;390,32740213523;11,980255114072;4760,9110690634;0,26748582230624;3911,0758377425;;108,26108726753;215,24714104193
20/06/2024 12:38:40;;0,94038391113281;56,45002073528;390,32829181495;11,966404426777;4760,9139072848;0,26843100189036;3911,0793650794;;108,26180257511;215,24777636595
20/06/2024 12:38:50;;0,92591857910156;56,378089495073;390,32918149466;11,952553739482;4760,9167455061;0,26937618147448;3911,0828924162;;108,26251788269;215,24841168996
20/06/2024 12:39:00;;0,91145324707031;56,306158254866;390,33007117438;11,938703052187;4760,9195837275;0,2703213610586;3911,0864197531;;108,26323319027;215,24904701398
20/06/2024 12:39:10;;0,92230224609375;56,234227014658;390,33096085409;11,924852364892;4760,9224219489;0,27126654064272;3911,0899470899;;108,26394849785;215,24968233799
20/06/2024 12:39:20;;0,93315124511719;56,162295774451;390,33185053381;11,911001677597;4760,9252601703;0,27221172022684;3911,0934744268;;108,26466380544;215,25031766201
20/06/2024 12:39:30;;0,8680419921875;56,090364534244;390,33274021352;11,897150990303;4760,9280983917;0,27315689981096;3911,0970017637;;108,26537911302;215,25095298602
20/06/2024 12:39:40;;0,88251241048177;56,018433294037;390,33362989324;11,883300303008;4760,9309366131;0,27410207939509;3911,1005291005;;108,2660944206;215,25158831004
20/06/2024 12:39:50;;0,89698282877604;55,94650205383;390,33451957295;11,869449615713;4760,9337748344;0,27504725897921;3911,1040564374;;108,26680972818;215,25222363405
20/06/2024 12:40:00;;0,91145324707031;55,874570813622;390,33540925267;11,855598928418;4760,9366130558;0,27599243856333;3911,1075837743;;108,26752503577;215,25285895807
20/06/2024 12:40:10;;0,89698282877604;55,802639573415;390,33629893238;11,841748241123;4760,9394512772;0,27693761814745;3911,1111111111;;108,26824034335;215,25349428208
20/06/2024 12:40:20;;0,88251241048177;55,730708333208;390,3371886121;11,827897553828;4760,9422894986;0,27788279773157;3911,114638448;;108,26895565093;215,2541296061
20/06/2024 12:40:30;;0,8680419921875;55,658777093001;390,33807829181;11,814046866533;4760,94512772;0,27882797731569;3911,1181657848;;108,26967095851;215,25476493011
20/06/2024 12:40:40;;0,95484924316406;55,586845852794;390,33896797153;11,800196179238;4760,9479659413;0,27977315689981;3911,1216931217;;108,27038626609;215,25540025413
20/06/2024 12:40:50;;0,91145324707031;55,514914612586;390,33985765125;11,786345491943;4760,9508041627;0,28071833648393;3911,1252204586;;108,27110157368;215,25603557814
20/06/2024 12:41:00;;0,99826049804688;55,442983372379;390,34074733096;11,772494804648;4760,9536423841;0,28166351606805;3911,1287477954;;108,27181688126;215,25667090216
20/06/2024 12:41:10;;0,96570587158203;55,371052132172;390,34163701068;11,758644117353;4760,9564806055;0,28260869565217;3911,1322751323;;108,27253218884;215,25730622618
20/06/2024 12:41:20;;0,93315124511719;55,299120891965;390,34252669039;11,744793430059;4760,9593188269;0,28355387523629;3911,1358024691;;108,27324749642;215,25794155019
20/06/2024 12:41:30;;0,94400024414063;55,227189651758;390,34341637011;11,730942742764;4760,9621570482;0,28449905482042;3911,139329806;;108,27396280401;215,25857687421
20/06/2024 12:41:40;;0,95484924316406;55,15525841155;390,34430604982;11,717092055469;4760,9649952696;0,28544423440454;3911,1428571429;;108,27467811159;215,25921219822
20/06/2024 12:41:50;;0,93315124511719;55,083327171343;390,34519572954;11,703241368174;4760,967833491;0,28638941398866;3911,1463844797;;108,27539341917;215,25984752224
20/06/2024 12:42:00;;0,91145324707031;55,011395931136;390,34608540925;11,689390680879;4760,9706717124;0,28733459357278;3911,1499118166;;108,27610872675;215,26048284625
20/06/2024 12:42:10;;0,95484924316406;54,939464690929;390,34697508897;11,675539993584;4760,9735099338;0,2882797731569;3911,1534391534;;108,27682403433;215,26111817027
20/06/2024 12:42:20;;0,94400024414063;54,867533450721;390,34786476868;11,661689306289;4760,9763481552;0,28922495274102;3911,1569664903;;108,27753934192;215,26175349428
20/06/2024 12:42:30;;0,93315124511719;54,795602210514;390,3487544484;11,647838618994;4760,9791863765;0,29017013232514;3911,1604938272;;108,2782546495;215,2623888183
20/06/2024 12:42:40;;0,92230224609375;54,723670970307;390,34964412811;11,633987931699;4760,9820245979;0,29111531190926;3911,164021164;;108,27896995708;215,26302414231
20/06/2024 12:42:50;;0,91145324707031;54,6517397301;390,35053380783;11,620137244404;4760,9848628193;0,29206049149338;3911,1675485009;;108,27968526466;215,26365946633
20/06/2024 12:43:00;;0,88974761962891;54,579808489893;390,35142348754;11,60628655711;4760,9877010407;0,2930056710775;3911,1710758377;;108,28040057225;215,26429479034
20/06/2024 12:43:10;;0,8680419921875;54,507877249685;390,35231316726;11,592435869815;4760,9905392621;0,29395085066163;3911,1746031746;;108,28111587983;215,26493011436
20/06/2024 12:43:20;;0,87672271728516;54,435946009478;390,35320284698;11,57858518252;4760,9933774834;0,29489603024575;3911,1781305115;;108,28183118741;215,26556543837
20/06/2024 12:43:30;;0,88540344238281;54,364014769271;390,35409252669;11,564734495225;4760,9962157048;0,29584120982987;3911,1816578483;;108,28254649499;215,26620076239
20/06/2024 12:43:40;;0,89408416748047;54,292083529064;390,35498220641;11,55088380793;4760,9990539262;0,29678638941399;3911,1851851852;;108,28326180258;215,2668360864
20/06/2024 12:43:50;;0,90276489257812;54,220152288857;390,35587188612;11,537033120635;4761,0018921476;0,29773156899811;3911,188712522;;108,28397711016;215,26747141042
20/06/2024 12:44:00;;0,91144561767578;54,148221048649;390,35676156584;11,52318243334;4761,004730369;0,29867674858223;3911,1922398589;;108,28469241774;215,26810673443
20/06/2024 12:44:10;;0,92012634277344;54,076289808442;390,35765124555;11,509331746045;4761,0075685904;0,29962192816635;3911,1957671958;;108,28540772532;215,26874205845
20/06/2024 12:44:20;;0,92880706787109;54,004358568235;390,35854092527;11,49548105875;4761,0104068117;0,30056710775047;3911,1992945326;;108,2861230329;215,26937738247
20/06/2024 12:44:30;;0,93748779296875;53,932427328028;390,35943060498;11,481630371455;4761,0132450331;0,30151228733459;3911,2028218695;;108,28683834049;215,27001270648
20/06/2024 12:44:40;;0,94616851806641;53,86049608782;390,3603202847;11,46777968416;4761,0160832545;0,30245746691871;3911,2063492063;;108,28755364807;215,2706480305
20/06/2024 12:44:50;;0,95484924316406;53,788564847613;390,36120996441;11,453928996866;4761,0189214759;0,30340264650284;3911,2098765432;;108,28826895565;215,27128335451
20/06/2024 12:45:00;;0,91145324707031;53,716633607406;390,36209964413;11,440078309571;4761,0217596973;0,30434782608696;3911,2134038801;;108,28898426323;215,27191867853
20/06/2024 12:45:10;;0,91144561767578;53,644702367199;390,36298932384;11,426227622276;4761,0245979186;0,30529300567108;3911,2169312169;;108,28969957082;215,27255400254
20/06/2024 12:45:20;;0,91145324707031;53,572771126992;390,36387900356;11,412376934981;4761,02743614;0,3062381852552;3911,2204585538;;108,2904148784;215,27318932656
20/06/2024 12:45:30;;0,92447357177734;53,500839886784;390,36476868327;11,398526247686;4761,0302743614;0,30718336483932;3911,2239858907;;108,29113018598;215,27382465057
20/06/2024 12:45:40;;0,93749389648437;53,428908646577;390,36565836299;11,384675560391;4761,0331125828;0,30812854442344;3911,2275132275;;108,29184549356;215,27445997459
20/06/2024 12:45:50;;0,95051422119141;53,35697740637;390,3665480427;11,370824873096;4761,0359508042;0,30907372400756;3911,2310405644;;108,29256080114;215,2750952986
20/06/2024 12:46:00;;0,96353454589844;53,285046166163;390,36743772242;11,356974185801;4761,0387890255;0,31001890359168;3911,2345679012;;108,29327610873;215,27573062262
20/06/2024 12:46:10;;0,97655487060547;53,213114925956;390,36832740214;11,343123498506;4761,0416272469;0,3109640831758;3911,2380952381;;108,29399141631;215,27636594663
20/06/2024 12:46:20;;0,95484924316406;53,141183685748;390,36921708185;11,329272811211;4761,0444654683;0,31190926275992;3911,241622575;;108,29470672389;215,27700127065
20/06/2024 12:46:30;;0,91145324707031;53,069252445541;390,37010676157;11,315422123916;4761,0473036897;0,31285444234405;3911,2451499118;;108,29542203147;215,27763659466
20/06/2024 12:46:40;;0,92230224609375;52,997321205334;390,37099644128;11,301571436622;4761,0501419111;0,31379962192817;3911,2486772487;;108,29613733906;215,27827191868
20/06/2024 12:46:50;;0,93315124511719;52,925389965127;390,371886121;11,287720749327;4761,0529801325;0,31474480151229;3911,2522045855;;108,29685264664;215,27890724269
20/06/2024 12:47:00;;0,94400024414063;52,853458724919;390,37277580071;11,273870062032;4761,0558183538;0,31568998109641;3911,2557319224;;108,29756795422;215,27954256671
20/06/2024 12:47:10;;0,95484924316406;52,781527484712;390,37366548043;11,260019374737;4761,0586565752;0,31663516068053;3911,2592592593;;108,2982832618;215,28017789072
20/06/2024 12:47:20;;0,99826049804688;52,709596244505;390,37455516014;11,246168687442;4761,0614947966;0,31758034026465;3911,2627865961;;108,29899856938;215,28081321474
20/06/2024 12:47:30;;0,91145324707031;52,637665004298;390,37544483986;11,232318000147;4761,064333018;0,31852551984877;3911,266313933;;108,29971387697;215,28144853875
20/06/2024 12:47:40;;0,95485687255859;52,565733764091;390,37633451957;11,218467312852;4761,0671712394;0,31947069943289;3911,2698412698;;108,30042918455;215,28208386277
20/06/2024 12:47:50;;0,8680419921875;52,493802523883;390,37722419929;11,204616625557;4761,0700094607;0,32041587901701;3911,2733686067;;108,30114449213;215,28271918679
20/06/2024 12:48:00;;0,93315124511719;52,421871283676;390,378113879;11,190765938262;4761,0728476821;0,32136105860113;3911,2768959436;;108,30185979971;215,2833545108
20/06/2024 12:48:10;;0,91145324707031;52,349940043469;390,37900355872;11,176915250967;4761,0756859035;0,32230623818526;3911,2804232804;;108,3025751073;215,28398983482
20/06/2024 12:48:20;;0,93315124511719;52,278008803262;390,37989323843;11,163064563673;4761,0785241249;0,32325141776938;3911,2839506173;;108,30329041488;215,28462515883
20/06/2024 12:48:30;;0,95484924316406;52,206077563055;390,38078291815;11,149213876378;4761,0813623463;0,3241965973535;3911,2874779541;;108,30400572246;215,28526048285
20/06/2024 12:48:40;;0,91145324707031;52,134146322847;390,38167259786;11,135363189083;4761,0842005676;0,32514177693762;3911,291005291;;108,30472103004;215,28589580686
20/06/2024 12:48:50;;0,95484924316406;52,06221508264;390,38256227758;11,121512501788;4761,087038789;0,32608695652174;3911,2945326279;;108,30543633763;215,28653113088
20/06/2024 12:49:00;;0,91145324707031;51,990283842433;390,3834519573;11,107661814493;4761,0898770104;0,32703213610586;3911,2980599647;;108,30615164521;215,28716645489
20/06/2024 12:49:10;;0,90277099609375;51,918352602226;390,38434163701;11,093811127198;4761,0927152318;0,32797731568998;3911,3015873016;;108,30686695279;215,28780177891
20/06/2024 12:49:20;;0,89408874511719;51,846421362018;390,38523131673;11,079960439903;4761,0955534532;0,3289224952741;3911,3051146384;;108,30758226037;215,28843710292
20/06/2024 12:49:30;;0,88540649414063;51,774490121811;390,38612099644;11,066109752608;4761,0983916746;0,32986767485822;3911,3086419753;;108,30829756795;215,28907242694
20/06/2024 12:49:40;;0,87672424316406;51,702558881604;390,38701067616;11,052259065313;4761,1012298959;0,33081285444234;3911,3121693122;;108,30901287554;215,28970775095
20/06/2024 12:49:50;;0,8680419921875;51,630627641397;390,38790035587;11,038408378018;4761,1040681173;0,33175803402647;3911,315696649;;108,30972818312;215,29034307497
20/06/2024 12:50:00;;0,95484924316406;51,55869640119;390,38879003559;11,024557690723;4761,1069063387;0,33270321361059;3911,3192239859;;108,3104434907;215,29097839898
20/06/2024 12:50:10;;0,94400024414063;51,486765160982;390,3896797153;11,010707003429;4761,1097445601;0,33364839319471;3911,3227513228;;108,31115879828;215,291613723
20/06/2024 12:50:20;;0,93315124511719;51,414833920775;390,39056939502;10,996856316134;4761,1125827815;0,33459357277883;3911,3262786596;;108,31187410587;215,29224904701
20/06/2024 12:50:30;;0,92230224609375;51,342902680568;390,39145907473;10,983005628839;4761,1154210028;0,33553875236295;3911,3298059965;;108,31258941345;215,29288437103
20/06/2024 12:50:40;;0,91145324707031;51,270971440361;390,39234875445;10,969154941544;4761,1182592242;0,33648393194707;3911,3333333333;;108,31330472103;215,29351969504
20/06/2024 12:50:50;;0,88974761962891;51,199040200154;390,39323843416;10,955304254249;4761,1210974456;0,33742911153119;3911,3368606702;;108,31402002861;215,29415501906
20/06/2024 12:51:00;;0,8680419921875;51,127108959946;390,39412811388;10,941453566954;4761,123935667;0,33837429111531;3911,3403880071;;108,31473533619;215,29479034307
20/06/2024 12:51:10;;0,88974380493164;51,055177719739;390,39501779359;10,927602879659;4761,1267738884;0,33931947069943;3911,3439153439;;108,31545064378;215,29542566709
20/06/2024 12:51:20;;0,91144561767578;50,983246479532;390,39590747331;10,913752192364;4761,1296121097;0,34026465028355;3911,3474426808;;108,31616595136;215,29606099111
20/06/2024 12:51:30;;0,93314743041992;50,911315239325;390,39679715302;10,899901505069;4761,1324503311;0,34120982986767;3911,3509700176;;108,31688125894;215,29669631512
20/06/2024 12:51:40;;0,95484924316406;50,839383999117;390,39768683274;10,886050817774;4761,1352885525;0,3421550094518;3911,3544973545;;108,31759656652;215,29733163914
20/06/2024 12:51:50;;0,92591349283854;50,76745275891;390,39857651246;10,87220013048;4761,1381267739;0,34310018903592;3911,3580246914;;108,31831187411;215,29796696315
20/06/2024 12:52:00;;0,89697774251302;50,695521518703;390,39946619217;10,858349443185;4761,1409649953;0,34404536862004;3911,3615520282;;108,31902718169;215,29860228717
20/06/2024 12:52:10;;0,8680419921875;50,623590278496;390,40035587189;10,84449875589;4761,1438032167;0,34499054820416;3911,3650793651;;108,31974248927;215,29923761118
20/06/2024 12:52:20;;0,88974761962891;50,551659038289;390,4012455516;10,830648068595;4761,146641438;0,34593572778828;3911,3686067019;;108,32045779685;215,2998729352
20/06/2024 12:52:30;;0,91145324707031;50,479727798081;390,40213523132;10,8167973813;4761,1494796594;0,3468809073724;3911,3721340388;;108,32117310443;215,30050825921
20/06/2024 12:52:40;;0,91144561767578;50,407796557874;390,40302491103;10,802946694005;4761,1523178808;0,34782608695652;3911,3756613757;;108,32188841202;215,30114358323
20/06/2024 12:52:50;;0,91145324707031;50,335865317667;390,40391459075;10,78909600671;4761,1551561022;0,34877126654064;3911,3791887125;;108,3226037196;215,30177890724
20/06/2024 12:53:00;;0,88974761962891;50,26393407746;390,40480427046;10,775245319415;4761,1579943236;0,34971644612476;3911,3827160494;;108,32331902718;215,30241423126
20/06/2024 12:53:10;;0,8680419921875;50,192002837253;390,40569395018;10,76139463212;4761,1608325449;0,35066162570888;3911,3862433862;;108,32403433476;215,30304955527
20/06/2024 12:53:20;;0,88251241048177;50,120071597045;390,40658362989;10,747543944825;4761,1636707663;0,35160680529301;3911,3897707231;;108,32474964235;215,30368487929
20/06/2024 12:53:30;;0,89698282877604;50,048140356838;390,40747330961;10,73369325753;4761,1665089877;0,35255198487713;3911,39329806;;108,32546494993;215,3043202033
20/06/2024 12:53:40;;0,91145324707031;49,976209116631;390,40836298932;10,719842570236;4761,1693472091;0,35349716446125;3911,3968253968;;108,32618025751;215,30495552732
20/06/2024 12:53:50;;0,90060043334961;49,904277876424;390,40925266904;10,705991882941;4761,1721854305;0,35444234404537;3911,4003527337;;108,32689556509;215,30559085133
20/06/2024 12:54:00;;0,88974761962891;49,832346636216;390,41014234875;10,692141195646;4761,1750236518;0,35538752362949;3911,4038800705;;108,32761087268;215,30622617535
20/06/2024 12:54:10;;0,8788948059082;49,760415396009;390,41103202847;10,678290508351;4761,1778618732;0,35633270321361;3911,4074074074;;108,32832618026;215,30686149936
20/06/2024 12:54:20;;0,8680419921875;49,688484155802;390,41192170819;10,664439821056;4761,1807000946;0,35727788279773;3911,4109347443;;108,32904148784;215,30749682338
20/06/2024 12:54:30;;0,82464599609375;49,616552915595;390,4128113879;10,650589133761;4761,183538316;0,35822306238185;3911,4144620811;;108,32975679542;215,3081321474
20/06/2024 12:54:40;;0,86804962158203;49,544621675388;390,41370106762;10,636738446466;4761,1863765374;0,35916824196597;3911,417989418;;108,330472103;215,30876747141
20/06/2024 12:54:50;;0,91145324707031;49,47269043518;390,41459074733;10,622887759171;4761,1892147588;0,36011342155009;3911,4215167549;;108,33118741059;215,30940279543
20/06/2024 12:55:00;;0,93315124511719;49,400759194973;390,41548042705;10,609037071876;4761,1920529801;0,36105860113422;3911,4250440917;;108,33190271817;215,31003811944
20/06/2024 12:55:10;;0,93749084472656;49,328827954766;390,41637010676;10,595186384581;4761,1948912015;0,36200378071834;3911,4285714286;;108,33261802575;215,31067344346
20/06/2024 12:55:20;;0,94183044433594;49,256896714559;390,41725978648;10,581335697286;4761,1977294229;0,36294896030246;3911,4320987654;;108,33333333333;215,31130876747
20/06/2024 12:55:30;;0,94617004394531;49,184965474352;390,41814946619;10,567485009992;4761,2005676443;0,36389413988658;3911,4356261023;;108,33404864092;215,31194409149
20/06/2024 12:55:40;;0,95050964355469;49,113034234144;390,41903914591;10,553634322697;4761,2034058657;0,3648393194707;3911,4391534392;;108,3347639485;215,3125794155
20/06/2024 12:55:50;;0,95484924316406;49,041102993937;390,41992882562;10,539783635402;4761,206244087;0,36578449905482;3911,442680776;;108,33547925608;215,31321473952
20/06/2024 12:56:00;;0,97655487060547;48,96917175373;390,42081850534;10,525932948107;4761,2090823084;0,36672967863894;3911,4462081129;;108,33619456366;215,31385006353
20/06/2024 12:56:10;;0,99826049804688;48,897240513523;390,42170818505;10,512082260812;4761,2119205298;0,36767485822306;3911,4497354497;;108,33690987124;215,31448538755
20/06/2024 12:56:20;;1,0416564941406;48,825309273316;390,42259786477;10,498231573517;4761,2147587512;0,36862003780718;3911,4532627866;;108,33762517883;215,31512071156
20/06/2024 12:56:30;;1,0199584960938;48,753378033108;390,42348754448;10,484380886222;4761,2175969726;0,3695652173913;3911,4567901235;;108,33834048641;215,31575603558
20/06/2024 12:56:40;;0,99826049804688;48,681446792901;390,4243772242;10,470530198927;4761,2204351939;0,37051039697543;3911,4603174603;;108,33905579399;215,31639135959
20/06/2024 12:56:50;;0,95484924316406;48,609515552694;390,42526690391;10,456679511632;4761,2232734153;0,37145557655955;3911,4638447972;;108,33977110157;215,31702668361
20/06/2024 12:57:00;;0,98378499348958;48,537584312487;390,42615658363;10,442828824337;4761,2261116367;0,37240075614367;3911,467372134;;108,34048640916;215,31766200762
20/06/2024 12:57:10;;1,0127207438151;48,465653072279;390,42704626335;10,428978137043;4761,2289498581;0,37334593572779;3911,4708994709;;108,34120171674;215,31829733164
20/06/2024 12:57:20;;1,0416564941406;48,393721832072;390,42793594306;10,415127449748;4761,2317880795;0,37429111531191;3911,4744268078;;108,34191702432;215,31893265565
20/06/2024 12:57:30;;0,95484924316406;48,321790591865;390,42882562278;10,401276762453;4761,2346263009;0,37523629489603;3911,4779541446;;108,3426323319;215,31956797967
20/06/2024 12:57:40;;0,97655487060547;48,249859351658;390,42971530249;10,387426075158;4761,2374645222;0,37618147448015;3911,4814814815;;108,34334763948;215,32020330368
20/06/2024 12:57:50;;0,99826049804688;48,177928111451;390,43060498221;10,373575387863;4761,2403027436;0,37712665406427;3911,4850088183;;108,34406294707;215,3208386277
20/06/2024 12:58:00;;0,95484924316406;48,105996871243;390,43149466192;10,359724700568;4761,243140965;0,37807183364839;3911,4885361552;;108,34477825465;215,32147395172
20/06/2024 12:58:10;;0,91145324707031;48,034065631036;390,43238434164;10,345874013273;4761,2459791864;0,37901701323251;3911,4920634921;;108,34549356223;215,32210927573
20/06/2024 12:58:20;;0,95484924316406;47,962134390829;390,43327402135;10,332023325978;4761,2488174078;0,37996219281664;3911,4955908289;;108,34620886981;215,32274459975
20/06/2024 12:58:30;;0,97655487060547;47,890203150622;390,43416370107;10,318172638683;4761,2516556291;0,38090737240076;3911,4991181658;;108,3469241774;215,32337992376
20/06/2024 12:58:40;;0,99826049804688;47,818271910415;390,43505338078;10,304321951388;4761,2544938505;0,38185255198488;3911,5026455026;;108,34763948498;215,32401524778
20/06/2024 12:58:50;;0,95485687255859;47,746340670207;390,4359430605;10,290471264093;4761,2573320719;0,382797731569;3911,5061728395;;108,34835479256;215,32465057179
20/06/2024 12:59:00;;0,91145324707031;47,67440943;390,43683274021;10,276620576799;4761,2601702933;0,38374291115312;3911,5097001764;;108,34907010014;215,32528589581
20/06/2024 12:59:10;;0,88974761962891;47,602478189793;390,43772241993;10,262769889504;4761,2630085147;0,38468809073724;3911,5132275132;;108,34978540773;215,32592121982
20/06/2024 12:59:20;;0,8680419921875;47,530546949586;390,43861209964;10,248919202209;4761,265846736;0,38563327032136;3911,5167548501;;108,35050071531;215,32655654384
20/06/2024 12:59:30;;0,91145324707031;47,458615709378;390,43950177936;10,235068514914;4761,2686849574;0,38657844990548;3911,5202821869;;108,35121602289;215,32719186785
20/06/2024 12:59:40;;0,93315124511719;47,386684469171;390,44039145907;10,221217827619;4761,2715231788;0,3875236294896;3911,5238095238;;108,35193133047;215,32782719187
20/06/2024 12:59:50;;0,95484924316406;47,314753228964;390,44128113879;10,207367140324;4761,2743614002;0,38846880907372;3911,5273368607;;108,35264663805;215,32846251588
20/06/2024 13:00:00;;0,93315124511719;47,242821988757;390,44217081851;10,193516453029;4761,2771996216;0,38941398865784;3911,5308641975;;108,35336194564;215,3290978399
20/06/2024 13:00:10;;0,91145324707031;47,17089074855;390,44306049822;10,179665765734;4761,280037843;0,39035916824197;3911,5343915344;;108,35407725322;215,32973316391
20/06/2024 13:00:20;;0,8680419921875;47,098959508342;390,44395017794;10,165815078439;4761,2828760643;0,39130434782609;3911,5379188713;;108,3547925608;215,33036848793
20/06/2024 13:00:30;;0,91145324707031;47,027028268135;390,44483985765;10,151964391144;4761,2857142857;0,39224952741021;3911,5414462081;;108,35550786838;215,33100381194
20/06/2024 13:00:40;;0,88974761962891;46,955097027928;390,44572953737;10,13811370385;4761,2885525071;0,39319470699433;3911,544973545;;108,35622317597;215,33163913596
20/06/2024 13:00:50;;0,8680419921875;46,883165787721;390,44661921708;10,124263016555;4761,2913907285;0,39413988657845;3911,5485008818;;108,35693848355;215,33227445997
20/06/2024 13:01:00;;0,88974761962891;46,811234547514;390,4475088968;10,11041232926;4761,2942289499;0,39508506616257;3911,5520282187;;108,35765379113;215,33290978399
20/06/2024 13:01:10;;0,95484924316406;46,739303307306;390,44839857651;10,096561641965;4761,2970671712;0,39603024574669;3911,5555555556;;108,35836909871;215,33354510801
20/06/2024 13:01:20;;0,8680419921875;46,667372067099;390,44928825623;10,08271095467;4761,2999053926;0,39697542533081;3911,5590828924;;108,35908440629;215,33418043202
20/06/2024 13:01:30;;0,91145324707031;46,595440826892;390,45017793594;10,068860267375;4761,302743614;0,39792060491493;3911,5626102293;;108,35979971388;215,33481575604
20/06/2024 13:01:40;;0,92230224609375;46,523509586685;390,45106761566;10,05500958008;4761,3055818354;0,39886578449905;3911,5661375661;;108,36051502146;215,33545108005
20/06/2024 13:01:50;;0,93315124511719;46,451578346477;390,45195729537;10,041158892785;4761,3084200568;0,39981096408318;3911,569664903;;108,36123032904;215,33608640407
20/06/2024 13:02:00;;0,94400024414063;46,37964710627;390,45284697509;10,02730820549;4761,3112582781;0,4007561436673;3911,5731922399;;108,36194563662;215,33672172808
20/06/2024 13:02:10;;0,95484924316406;46,307715866063;390,4537366548;10,013457518195;4761,3140964995;0,40170132325142;3911,5767195767;;108,36266094421;215,3373570521
20/06/2024 13:02:20;;0,96570205688477;46,235784625856;390,45462633452;9,9996068309005;4761,3169347209;0,40264650283554;3911,5802469136;;108,36337625179;215,33799237611
20/06/2024 13:02:30;;0,97655487060547;46,163853385649;390,45551601423;9,9857561436055;4761,3197729423;0,40359168241966;3911,5837742504;;108,36409155937;215,33862770013
20/06/2024 13:02:40;;0,98740768432617;46,091922145441;390,45640569395;9,9719054563106;4761,3226111637;0,40453686200378;3911,5873015873;;108,36480686695;215,33926302414
20/06/2024 13:02:50;;0,99826049804688;46,019990905234;390,45729537367;9,9580547690157;4761,3254493851;0,4054820415879;3911,5908289242;;108,36552217454;215,33989834816
20/06/2024 13:03:00;;0,95484924316406;45,948059665027;390,45818505338;9,9442040817208;4761,3282876064;0,40642722117202;3911,594356261;;108,36623748212;215,34053367217
20/06/2024 13:03:10;;0,99826049804688;45,87612842482;390,4590747331;9,9303533944259;4761,3311258278;0,40737240075614;3911,5978835979;;108,3669527897;215,34116899619
20/06/2024 13:03:20;;0,9837900797526;45,804197184613;390,45996441281;9,916502707131;4761,3339640492;0,40831758034026;3911,6014109347;;108,36766809728;215,3418043202
20/06/2024 13:03:30;;0,96931966145833;45,732265944405;390,46085409253;9,9026520198361;4761,3368022706;0,40926275992439;3911,6049382716;;108,36838340486;215,34243964422
20/06/2024 13:03:40;;0,95484924316406;45,660334704198;390,46174377224;9,8888013325412;4761,339640492;0,41020793950851;3911,6084656085;;108,36909871245;215,34307496823
20/06/2024 13:03:50;;0,99826049804688;45,588403463991;390,46263345196;9,8749506452463;4761,3424787133;0,41115311909263;3911,6119929453;;108,36981402003;215,34371029225
20/06/2024 13:04:00;;0,95484924316406;45,516472223784;390,46352313167;9,8610999579514;4761,3453169347;0,41209829867675;3911,6155202822;;108,37052932761;215,34434561626
20/06/2024 13:04:10;;0,99826049804688;45,444540983576;390,46441281139;9,8472492706565;4761,3481551561;0,41304347826087;3911,619047619;;108,37124463519;215,34498094028
20/06/2024 13:04:20;;0,99825286865234;45,372609743369;390,4653024911;9,8333985833616;4761,3509933775;0,41398865784499;3911,6225749559;;108,37195994278;215,34561626429
20/06/2024 13:04:30;;0,91145324707031;45,300678503162;390,46619217082;9,8195478960667;4761,3538315989;0,41493383742911;3911,6261022928;;108,37267525036;215,34625158831
20/06/2024 13:04:40;;0,93315124511719;45,228747262955;390,46708185053;9,8056972087718;4761,3566698202;0,41587901701323;3911,6296296296;;108,37339055794;215,34688691233
20/06/2024 13:04:50;;0,95484924316406;45,156816022748;390,46797153025;9,7918465214769;4761,3595080416;0,41682419659735;3911,6331569665;;108,37410586552;215,34752223634
20/06/2024 13:05:00;;0,96570205688477;45,08488478254;390,46886120996;9,777995834182;4761,362346263;0,41776937618147;3911,6366843034;;108,3748211731;215,34815756036
20/06/2024 13:05:10;;0,97655487060547;45,012953542333;390,46975088968;9,7641451468871;4761,3651844844;0,4187145557656;3911,6402116402;;108,37553648069;215,34879288437
20/06/2024 13:05:20;;0,99826049804688;44,941022302126;390,4706405694;9,7502944595921;4761,3680227058;0,41965973534972;3911,6437389771;;108,37625178827;215,34942820839
20/06/2024 13:05:30;;1,0199584960938;44,869091061919;390,47153024911;9,7364437722972;4761,3708609272;0,42060491493384;3911,6472663139;;108,37696709585;215,3500635324
20/06/2024 13:05:40;;1,0416564941406;44,797159821712;390,47241992883;9,7225930850023;4761,3736991485;0,42155009451796;3911,6507936508;;108,37768240343;215,35069885642
20/06/2024 13:05:50;;0,99826049804688;44,725228581504;390,47330960854;9,7087423977074;4761,3765373699;0,42249527410208;3911,6543209877;;108,37839771102;215,35133418043
20/06/2024 13:06:00;;0,95484924316406;44,653297341297;390,47419928826;9,6948917104125;4761,3793755913;0,4234404536862;3911,6578483245;;108,3791130186;215,35196950445
20/06/2024 13:06:10;;0,99826049804688;44,58136610109;390,47508896797;9,6810410231176;4761,3822138127;0,42438563327032;3911,6613756614;;108,37982832618;215,35260482846
20/06/2024 13:06:20;;1,0091094970703;44,509434860883;390,47597864769;9,6671903358227;4761,3850520341;0,42533081285444;3911,6649029982;;108,38054363376;215,35324015248
20/06/2024 13:06:30;;1,0199584960938;44,437503620675;390,4768683274;9,6533396485278;4761,3878902554;0,42627599243856;3911,6684303351;;108,38125894134;215,35387547649
20/06/2024 13:06:40;;0,97655487060547;44,365572380468;390,47775800712;9,6394889612329;4761,3907284768;0,42722117202268;3911,671957672;;108,38197424893;215,35451080051
20/06/2024 13:06:50;;0,93315124511719;44,293641140261;390,47864768683;9,625638273938;4761,3935666982;0,42816635160681;3911,6754850088;;108,38268955651;215,35514612452
20/06/2024 13:07:00;;0,99826049804688;44,221709900054;390,47953736655;9,6117875866431;4761,3964049196;0,42911153119093;3911,6790123457;;108,38340486409;215,35578144854
20/06/2024 13:07:10;;1,0127258300781;44,149778659847;390,48042704626;9,5979368993482;4761,399243141;0,43005671077505;3911,6825396825;;108,38412017167;215,35641677255
20/06/2024 13:07:20;;1,0271911621094;44,077847419639;390,48131672598;9,5840862120533;4761,4020813623;0,43100189035917;3911,6860670194;;108,38483547926;215,35705209657
20/06/2024 13:07:30;;1,0416564941406;44,005916179432;390,48220640569;9,5702355247584;4761,4049195837;0,43194706994329;3911,6895943563;;108,38555078684;215,35768742058
20/06/2024 13:07:40;;1,0308074951172;43,933984939225;390,48309608541;9,5563848374635;4761,4077578051;0,43289224952741;3911,6931216931;;108,38626609442;215,3583227446
20/06/2024 13:07:50;;1,0199584960938;43,862053699018;390,48398576512;9,5425341501686;4761,4105960265;0,43383742911153;3911,69664903;;108,386981402;215,35895806861
20/06/2024 13:08:00;;1,0091094970703;43,790122458811;390,48487544484;9,5286834628737;4761,4134342479;0,43478260869565;3911,7001763668;;108,38769670959;215,35959339263
20/06/2024 13:08:10;;0,99826049804688;43,718191218603;390,48576512456;9,5148327755788;4761,4162724693;0,43572778827977;3911,7037037037;;108,38841201717;215,36022871665
20/06/2024 13:08:20;;0,97655487060547;43,646259978396;390,48665480427;9,5009820882838;4761,4191106906;0,43667296786389;3911,7072310406;;108,38912732475;215,36086404066
20/06/2024 13:08:30;;0,95484924316406;43,574328738189;390,48754448399;9,4871314009889;4761,421948912;0,43761814744802;3911,7107583774;;108,38984263233;215,36149936468
20/06/2024 13:08:40;;0,96931966145833;43,502397497982;390,4884341637;9,473280713694;4761,4247871334;0,43856332703214;3911,7142857143;;108,39055793991;215,36213468869
20/06/2024 13:08:50;;0,9837900797526;43,430466257775;390,48932384342;9,4594300263991;4761,4276253548;0,43950850661626;3911,7178130511;;108,3912732475;215,36277001271
20/06/2024 13:09:00;;0,99826049804688;43,358535017567;390,49021352313;9,4455793391042;4761,4304635762;0,44045368620038;3911,721340388;;108,39198855508;215,36340533672
20/06/2024 13:09:10;;0,9837900797526;43,28660377736;390,49110320285;9,4317286518093;4761,4333017975;0,4413988657845;3911,7248677249;;108,39270386266;215,36404066074
20/06/2024 13:09:20;;0,96931966145833;43,214672537153;390,49199288256;9,4178779645144;4761,4361400189;0,44234404536862;3911,7283950617;;108,39341917024;215,36467598475
20/06/2024 13:09:30;;0,95484924316406;43,142741296946;390,49288256228;9,4040272772195;4761,4389782403;0,44328922495274;3911,7319223986;;108,39413447783;215,36531130877
20/06/2024 13:09:40;;0,99826049804688;43,070810056738;390,49377224199;9,3901765899246;4761,4418164617;0,44423440453686;3911,7354497354;;108,39484978541;215,36594663278
20/06/2024 13:09:50;;1,0127258300781;42,998878816531;390,49466192171;9,3763259026297;4761,4446546831;0,44517958412098;3911,7389770723;;108,39556509299;215,3665819568
20/06/2024 13:10:00;;1,0271911621094;42,926947576324;390,49555160142;9,3624752153348;4761,4474929044;0,4461247637051;3911,7425044092;;108,39628040057;215,36721728081
20/06/2024 13:10:10;;1,0416564941406;42,855016336117;390,49644128114;9,3486245280399;4761,4503311258;0,44706994328922;3911,746031746;;108,39699570815;215,36785260483
20/06/2024 13:10:20;;0,99826049804688;42,78308509591;390,49733096085;9,334773840745;4761,4531693472;0,44801512287335;3911,7495590829;;108,39771101574;215,36848792884
20/06/2024 13:10:30;;0,91145324707031;42,711153855702;390,49822064057;9,3209231534501;4761,4560075686;0,44896030245747;3911,7530864198;;108,39842632332;215,36912325286
20/06/2024 13:10:40;;0,99826049804688;42,639222615495;390,49911032028;9,3070724661552;4761,45884579;0,44990548204159;3911,7566137566;;108,3991416309;215,36975857687
20/06/2024 13:10:50;;0,95484924316406;42,567291375288;390,5;9,2932217788603;4761,4616840114;0,45085066162571;3911,7601410935;;108,39985693848;215,37039390089
20/06/2024 13:11:00;;0,97655487060547;42,495360135081;390,50088967972;9,2793710915654;4761,4645222327;0,45179584120983;3911,7636684303;;108,40057224607;215,3710292249
20/06/2024 13:11:10;;0,99826049804688;42,423428894874;390,50177935943;9,2655204042705;4761,4673604541;0,45274102079395;3911,7671957672;;108,40128755365;215,37166454892
20/06/2024 13:11:20;;1,0416564941406;42,351497654666;390,50266903915;9,2516697169755;4761,4701986755;0,45368620037807;3911,7707231041;;108,40200286123;215,37229987294
20/06/2024 13:11:30;;0,95484924316406;42,279566414459;390,50355871886;9,2378190296806;4761,4730368969;0,45463137996219;3911,7742504409;;108,40271816881;215,37293519695
20/06/2024 13:11:40;;0,99826049804688;42,207635174252;390,50444839858;9,2239683423857;4761,4758751183;0,45557655954631;3911,7777777778;;108,40343347639;215,37357052097
20/06/2024 13:11:50;;0,9837900797526;42,135703934045;390,50533807829;9,2101176550908;4761,4787133396;0,45652173913043;3911,7813051146;;108,40414878398;215,37420584498
20/06/2024 13:12:00;;0,96931966145833;42,063772693837;390,50622775801;9,1962669677959;4761,481551561;0,45746691871456;3911,7848324515;;108,40486409156;215,374841169
20/06/2024 13:12:10;;0,95484924316406;41,99184145363;390,50711743772;9,182416280501;4761,4843897824;0,45841209829868;3911,7883597884;;108,40557939914;215,37547649301
20/06/2024 13:12:20;;0,99826049804688;41,919910213423;390,50800711744;9,1685655932061;4761,4872280038;0,4593572778828;3911,7918871252;;108,40629470672;215,37611181703
20/06/2024 13:12:30;;0,97655487060547;41,847978973216;390,50889679715;9,1547149059112;4761,4900662252;0,46030245746692;3911,7954144621;;108,40701001431;215,37674714104
20/06/2024 13:12:40;;0,95484924316406;41,776047733009;390,50978647687;9,1408642186163;4761,4929044465;0,46124763705104;3911,7989417989;;108,40772532189;215,37738246506
20/06/2024 13:12:50;;0,99826049804688;41,704116492801;390,51067615658;9,1270135313214;4761,4957426679;0,46219281663516;3911,8024691358;;108,40844062947;215,37801778907
20/06/2024 13:13:00;;1,0416564941406;41,632185252594;390,5115658363;9,1131628440265;4761,4985808893;0,46313799621928;3911,8059964727;;108,40915593705;215,37865311309
20/06/2024 13:13:10;;1,0199584960938;41,560254012387;390,51245551601;9,0993121567316;4761,5014191107;0,4640831758034;3911,8095238095;;108,40987124464;215,3792884371
20/06/2024 13:13:20;;0,99826049804688;41,48832277218;390,51334519573;9,0854614694367;4761,5042573321;0,46502835538752;3911,8130511464;;108,41058655222;215,37992376112
20/06/2024 13:13:30;;0,95484924316406;41,416391531973;390,51423487544;9,0716107821418;4761,5070955535;0,46597353497164;3911,8165784832;;108,4113018598;215,38055908513
20/06/2024 13:13:40;;0,99826049804688;41,344460291765;390,51512455516;9,0577600948469;4761,5099337748;0,46691871455577;3911,8201058201;;108,41201716738;215,38119440915
20/06/2024 13:13:50;;0,95484924316406;41,272529051558;390,51601423488;9,043909407552;4761,5127719962;0,46786389413989;3911,823633157;;108,41273247496;215,38182973316
20/06/2024 13:14:00;;0,91145324707031;41,200597811351;390,51690391459;9,0300587202571;4761,5156102176;0,46880907372401;3911,8271604938;;108,41344778255;215,38246505718
20/06/2024 13:14:10;;0,93315124511719;41,128666571144;390,51779359431;9,0162080329621;4761,518448439;0,46975425330813;3911,8306878307;;108,41416309013;215,38310038119
20/06/2024 13:14:20;;0,95484924316406;41,056735330936;390,51868327402;9,0023573456672;4761,5212866604;0,47069943289225;3911,8342151675;;108,41487839771;215,38373570521
20/06/2024 13:14:30;;0,93315124511719;40,984804090729;390,51957295374;8,9885066583723;4761,5241248817;0,47164461247637;3911,8377425044;;108,41559370529;215,38437102922
20/06/2024 13:14:40;;0,92591857910156;40,912872850522;390,52046263345;8,9746559710774;4761,5269631031;0,47258979206049;3911,8412698413;;108,41630901288;215,38500635324
20/06/2024 13:14:50;;0,91868591308594;40,840941610315;390,52135231317;8,9608052837825;4761,5298013245;0,47353497164461;3911,8447971781;;108,41702432046;215,38564167726
20/06/2024 13:15:00;;0,91145324707031;40,769010370108;390,52224199288;8,9469545964876;4761,5326395459;0,47448015122873;3911,848324515;;108,41773962804;215,38627700127
20/06/2024 13:15:10;;0,93315124511719;40,6970791299;390,5231316726;8,9331039091927;4761,5354777673;0,47542533081285;3911,8518518519;;108,41845493562;215,38691232529
20/06/2024 13:15:20;;0,95484924316406;40,625147889693;390,52402135231;8,9192532218978;4761,5383159886;0,47637051039698;3911,8553791887;;108,4191702432;215,3875476493
20/06/2024 13:15:30;;0,99826049804688;40,553216649486;390,52491103203;8,9054025346029;4761,54115421;0,4773156899811;3911,8589065256;;108,41988555079;215,38818297332
20/06/2024 13:15:40;;1,0069396972656;40,481285409279;390,52580071174;8,891551847308;4761,5439924314;0,47826086956522;3911,8624338624;;108,42060085837;215,38881829733
20/06/2024 13:15:50;;1,0156188964844;40,409354169072;390,52669039146;8,8777011600131;4761,5468306528;0,47920604914934;3911,8659611993;;108,42131616595;215,38945362135
20/06/2024 13:16:00;;1,0242980957031;40,337422928864;390,52758007117;8,8638504727182;4761,5496688742;0,48015122873346;3911,8694885362;;108,42203147353;215,39008894536
20/06/2024 13:16:10;;1,0329772949219;40,265491688657;390,52846975089;8,8499997854233;4761,5525070956;0,48109640831758;3911,873015873;;108,42274678112;215,39072426938
20/06/2024 13:16:20;;1,0416564941406;40,19356044845;390,5293594306;8,8361490981284;4761,5553453169;0,4820415879017;3911,8765432099;;108,4234620887;215,39135959339
20/06/2024 13:16:30;;1,0308074951172;40,121629208243;390,53024911032;8,8222984108335;4761,5581835383;0,48298676748582;3911,8800705467;;108,42417739628;215,39199491741
20/06/2024 13:16:40;;1,0199584960938;40,049697968035;390,53113879004;8,8084477235386;4761,5610217597;0,48393194706994;3911,8835978836;;108,42489270386;215,39263024142
20/06/2024 13:16:50;;1,0091094970703;39,977766727828;390,53202846975;8,7945970362437;4761,5638599811;0,48487712665406;3911,8871252205;;108,42560801144;215,39326556544
20/06/2024 13:17:00;;0,99826049804688;39,905835487621;390,53291814947;8,7807463489487;4761,5666982025;0,48582230623819;3911,8906525573;;108,42632331903;215,39390088945
20/06/2024 13:17:10;;1,0416564941406;39,833904247414;390,53380782918;8,7668956616538;4761,5695364238;0,48676748582231;3911,8941798942;;108,42703862661;215,39453621347
20/06/2024 13:17:20;;1,0850677490234;39,761973007207;390,5346975089;8,7530449743589;4761,5723746452;0,48771266540643;3911,897707231;;108,42775393419;215,39517153748
20/06/2024 13:17:30;;1,0416564941406;39,690041766999;390,53558718861;8,739194287064;4761,5752128666;0,48865784499055;3911,9012345679;;108,42846924177;215,3958068615
20/06/2024 13:17:40;;1,063362121582;39,618110526792;390,53647686833;8,7253435997691;4761,578051088;0,48960302457467;3911,9047619048;;108,42918454936;215,39644218551
20/06/2024 13:17:50;;1,0850677490234;39,546179286585;390,53736654804;8,7114929124742;4761,5808893094;0,49054820415879;3911,9082892416;;108,42989985694;215,39707750953
20/06/2024 13:18:00;;1,0416564941406;39,474248046378;390,53825622776;8,6976422251793;4761,5837275307;0,49149338374291;3911,9118165785;;108,43061516452;215,39771283355
20/06/2024 13:18:10;;1,063362121582;39,402316806171;390,53914590747;8,6837915378844;4761,5865657521;0,49243856332703;3911,9153439153;;108,4313304721;215,39834815756
20/06/2024 13:18:20;;1,0850677490234;39,330385565963;390,54003558719;8,6699408505895;4761,5894039735;0,49338374291115;3911,9188712522;;108,43204577969;215,39898348158
20/06/2024 13:18:30;;1,0416564941406;39,258454325756;390,5409252669;8,6560901632946;4761,5922421949;0,49432892249527;3911,9223985891;;108,43276108727;215,39961880559
20/06/2024 13:18:40;;1,0525093078613;39,186523085549;390,54181494662;8,6422394759997;4761,5950804163;0,4952741020794;3911,9259259259;;108,43347639485;215,40025412961
20/06/2024 13:18:50;;1,063362121582;39,114591845342;390,54270462633;8,6283887887048;4761,5979186377;0,49621928166352;3911,9294532628;;108,43419170243;215,40088945362
20/06/2024 13:19:00;;1,0742149353027;39,042660605135;390,54359430605;8,6145381014099;4761,600756859;0,49716446124764;3911,9329805996;;108,43490701001;215,40152477764
20/06/2024 13:19:10;;1,0850677490234;38,970729364927;390,54448398577;8,600687414115;4761,6035950804;0,49810964083176;3911,9365079365;;108,4356223176;215,40216010165
20/06/2024 13:19:20;;1,1067657470703;38,89879812472;390,54537366548;8,5868367268201;4761,6064333018;0,49905482041588;3911,9400352734;;108,43633762518;215,40279542567
20/06/2024 13:19:30;;1,1284637451172;38,826866884513;390,5462633452;8,5729860395252;4761,6092715232;0,5;3911,9435626102;;108,43705293276;215,40343074968
20/06/2024 13:19:40;;1,0850677490234;38,754935644306;390,54715302491;8,5591353522303;4761,6121097446;0,50094517958412;3911,9470899471;;108,43776824034;215,4040660737
20/06/2024 13:19:50;;1,063362121582;38,683004404098;390,54804270463;8,5452846649354;4761,6149479659;0,50189035916824;3911,950617284;;108,43848354793;215,40470139771
20/06/2024 13:20:00;;1,0416564941406;38,611073163891;390,54893238434;8,5314339776404;4761,6177861873;0,50283553875236;3911,9541446208;;108,43919885551;215,40533672173
20/06/2024 13:20:10;;1,0850677490234;38,539141923684;390,54982206406;8,5175832903455;4761,6206244087;0,50378071833648;3911,9576719577;;108,43991416309;215,40597204574
20/06/2024 13:20:20;;1,1284637451172;38,467210683477;390,55071174377;8,5037326030506;4761,6234626301;0,5047258979206;3911,9611992945;;108,44062947067;215,40660736976
20/06/2024 13:20:30;;1,0850677490234;38,39527944327;390,55160142349;8,4898819157557;4761,6263008515;0,50567107750473;3911,9647266314;;108,44134477825;215,40724269377
20/06/2024 13:20:40;;1,1284637451172;38,323348203062;390,5524911032;8,4760312284608;4761,6291390728;0,50661625708885;3911,9682539683;;108,44206008584;215,40787801779
20/06/2024 13:20:50;;1,1212310791016;38,251416962855;390,55338078292;8,4621805411659;4761,6319772942;0,50756143667297;3911,9717813051;;108,44277539342;215,4085133418
20/06/2024 13:21:00;;1,1139984130859;38,179485722648;390,55427046263;8,448329853871;4761,6348155156;0,50850661625709;3911,975308642;;108,443490701;215,40914866582
20/06/2024 13:21:10;;1,1067657470703;38,107554482441;390,55516014235;8,4344791665761;4761,637653737;0,50945179584121;3911,9788359788;;108,44420600858;215,40978398983
20/06/2024 13:21:20;;1,0995330810547;38,035623242234;390,55604982206;8,4206284792812;4761,6404919584;0,51039697542533;3911,9823633157;;108,44492131617;215,41041931385
20/06/2024 13:21:30;;1,0923004150391;37,963692002026;390,55693950178;8,4067777919863;4761,6433301798;0,51134215500945;3911,9858906526;;108,44563662375;215,41105463787
20/06/2024 13:21:40;;1,0850677490234;37,891760761819;390,55782918149;8,3929271046914;4761,6461684011;0,51228733459357;3911,9894179894;;108,44635193133;215,41168996188
20/06/2024 13:21:50;;1,1284637451172;37,819829521612;390,55871886121;8,3790764173965;4761,6490066225;0,51323251417769;3911,9929453263;;108,44706723891;215,4123252859
20/06/2024 13:22:00;;1,1718597412109;37,747898281405;390,55960854093;8,3652257301016;4761,6518448439;0,51417769376181;3911,9964726631;;108,44778254649;215,41296060991
20/06/2024 13:22:10;;1,1284637451172;37,675967041197;390,56049822064;8,3513750428067;4761,6546830653;0,51512287334594;3912;;108,44849785408;215,41359593393
20/06/2024 13:22:20;;1,1067657470703;37,60403580099;390,56138790036;8,3375243555118;4761,6575212867;0,51606805293006;3912,0021598272;;108,44921316166;215,41423125794
20/06/2024 13:22:30;;1,0850677490234;37,532104560783;390,56227758007;8,3236736682169;4761,660359508;0,51701323251418;3912,0043196544;;108,44992846924;215,41486658196
20/06/2024 13:22:40;;1,1284637451172;37,460173320576;390,56316725979;8,309822980922;4761,6631977294;0,5179584120983;3912,0064794816;;108,45064377682;215,41550190597
20/06/2024 13:22:50;;1,0850677490234;37,388242080369;390,5640569395;8,2959722936271;4761,6660359508;0,51890359168242;3912,0086393089;;108,45135908441;215,41613722999
20/06/2024 13:23:00;;1,0416564941406;37,316310840161;390,56494661922;8,2821216063321;4761,6688741722;0,51984877126654;3912,0107991361;;108,45207439199;215,416772554
20/06/2024 13:23:10;;1,0850677490234;37,244379599954;390,56583629893;8,2682709190372;4761,6717123936;0,52079395085066;3912,0129589633;;108,45278969957;215,41740787802
20/06/2024 13:23:20;;1,063362121582;37,172448359747;390,56672597865;8,2544202317423;4761,6745506149;0,52173913043478;3912,0151187905;;108,45350500715;215,41804320203
20/06/2024 13:23:30;;1,0416564941406;37,10051711954;390,56761565836;8,2405695444474;4761,6773888363;0,5226843100189;3912,0172786177;;108,45422031474;215,41867852605
20/06/2024 13:23:40;;1,063362121582;37,028585879333;390,56850533808;8,2267188571525;4761,6802270577;0,52362948960302;3912,0194384449;;108,45493562232;215,41931385006
20/06/2024 13:23:50;;1,0850677490234;36,956654639125;390,56939501779;8,2128681698576;4761,6830652791;0,52457466918715;3912,0215982721;;108,4556509299;215,41994917408
20/06/2024 13:24:00;;1,0416564941406;36,884723398918;390,57028469751;8,1990174825627;4761,6859035005;0,52551984877127;3912,0237580994;;108,45636623748;215,42058449809
20/06/2024 13:24:10;;1,047858101981;36,812792158711;390,57117437722;8,1851667952678;4761,6887417219;0,52646502835539;3912,0259179266;;108,45708154506;215,42121982211
20/06/2024 13:24:20;;1,0540597098214;36,740860918504;390,57206405694;8,1713161079729;4761,6915799432;0,52741020793951;3912,0280777538;;108,45779685265;215,42185514612
20/06/2024 13:24:30;;1,0602613176618;36,668929678296;390,57295373665;8,157465420678;4761,6944181646;0,52835538752363;3912,030237581;;108,45851216023;215,42249047014
20/06/2024 13:24:40;;1,0664629255022;36,596998438089;390,57384341637;8,1436147333831;4761,697256386;0,52930056710775;3912,0323974082;;108,45922746781;215,42312579416
20/06/2024 13:24:50;;1,0726645333426;36,525067197882;390,57473309609;8,1297640460882;4761,7000946074;0,53024574669187;3912,0345572354;;108,45994277539;215,42376111817
20/06/2024 13:25:00;;1,078866141183;36,453135957675;390,5756227758;8,1159133587933;4761,7029328288;0,53119092627599;3912,0367170626;;108,46065808298;215,42439644219
20/06/2024 13:25:10;;1,0850677490234;36,381204717468;390,57651245552;8,1020626714984;4761,7057710501;0,53213610586011;3912,0388768898;;108,46137339056;215,4250317662
20/06/2024 13:25:20;;1,0416564941406;36,30927347726;390,57740213523;8,0882119842035;4761,7086092715;0,53308128544423;3912,0410367171;;108,46208869814;215,42566709022
20/06/2024 13:25:30;;1,0850677490234;36,237342237053;390,57829181495;8,0743612969086;4761,7114474929;0,53402646502836;3912,0431965443;;108,46280400572;215,42630241423
20/06/2024 13:25:40;;1,0416564941406;36,165410996846;390,57918149466;8,0605106096137;4761,7142857143;0,53497164461248;3912,0453563715;;108,4635193133;215,42693773825
20/06/2024 13:25:50;;1,0850677490234;36,093479756639;390,58007117438;8,0466599223187;4761,7171239357;0,5359168241966;3912,0475161987;;108,46423462089;215,42757306226
20/06/2024 13:26:00;;1,0416564941406;36,021548516432;390,58096085409;8,0328092350238;4761,719962157;0,53686200378072;3912,0496760259;;108,46494992847;215,42820838628
20/06/2024 13:26:10;;1,063362121582;35,949617276224;390,58185053381;8,0189585477289;4761,7228003784;0,53780718336484;3912,0518358531;;108,46566523605;215,42884371029
20/06/2024 13:26:20;;1,0742149353027;35,877686036017;390,58274021352;8,005107860434;4761,7256385998;0,53875236294896;3912,0539956803;;108,46638054363;215,42947903431
20/06/2024 13:26:30;;1,0850677490234;35,80575479581;390,58362989324;7,9912571731391;4761,7284768212;0,53969754253308;3912,0561555076;;108,46709585122;215,43011435832
20/06/2024 13:26:40;;1,063362121582;35,733823555603;390,58451957295;7,9774064858442;4761,7313150426;0,5406427221172;3912,0583153348;;108,4678111588;215,43074968234
20/06/2024 13:26:50;;1,0525093078613;35,661892315395;390,58540925267;7,9635557985493;4761,734153264;0,54158790170132;3912,060475162;;108,46852646638;215,43138500635
20/06/2024 13:27:00;;1,0416564941406;35,589961075188;390,58629893238;7,9497051112544;4761,7369914853;0,54253308128544;3912,0626349892;;108,46924177396;215,43202033037
20/06/2024 13:27:10;;1,0850677490234;35,518029834981;390,5871886121;7,9358544239595;4761,7398297067;0,54347826086957;3912,0647948164;;108,46995708155;215,43265565438
20/06/2024 13:27:20;;1,0995330810547;35,446098594774;390,58807829181;7,9220037366646;4761,7426679281;0,54442344045369;3912,0669546436;;108,47067238913;215,4332909784
20/06/2024 13:27:30;;1,1139984130859;35,374167354567;390,58896797153;7,9081530493697;4761,7455061495;0,54536862003781;3912,0691144708;;108,47138769671;215,43392630241
20/06/2024 13:27:40;;1,1284637451172;35,302236114359;390,58985765125;7,8943023620748;4761,7483443709;0,54631379962193;3912,0712742981;;108,47210300429;215,43456162643
20/06/2024 13:27:50;;1,0850677490234;35,230304874152;390,59074733096;7,8804516747799;4761,7511825922;0,54725897920605;3912,0734341253;;108,47281831187;215,43519695044
20/06/2024 13:28:00;;1,1067657470703;35,158373633945;390,59163701068;7,866600987485;4761,7540208136;0,54820415879017;3912,0755939525;;108,47353361946;215,43583227446
20/06/2024 13:28:10;;1,1284637451172;35,086442393738;390,59252669039;7,8527503001901;4761,756859035;0,54914933837429;3912,0777537797;;108,47424892704;215,43646759848
20/06/2024 13:28:20;;1,0850677490234;35,014511153531;390,59341637011;7,8388996128952;4761,7596972564;0,55009451795841;3912,0799136069;;108,47496423462;215,43710292249
20/06/2024 13:28:30;;1,0705973307292;34,942579913323;390,59430604982;7,8250489256003;4761,7625354778;0,55103969754253;3912,0820734341;;108,4756795422;215,43773824651
20/06/2024 13:28:40;;1,0561269124349;34,870648673116;390,59519572954;7,8111982383054;4761,7653736991;0,55198487712665;3912,0842332613;;108,47639484979;215,43837357052
20/06/2024 13:28:50;;1,0416564941406;34,798717432909;390,59608540925;7,7973475510104;4761,7682119205;0,55293005671078;3912,0863930886;;108,47711015737;215,43900889454
20/06/2024 13:29:00;;1,1284637451172;34,726786192702;390,59697508897;7,7834968637155;4761,7710501419;0,5538752362949;3912,0885529158;;108,47782546495;215,43964421855
20/06/2024 13:29:10;;1,1501617431641;34,654854952494;390,59786476868;7,7696461764206;4761,7738883633;0,55482041587902;3912,090712743;;108,47854077253;215,44027954257
20/06/2024 13:29:20;;1,1718597412109;34,582923712287;390,5987544484;7,7557954891257;4761,7767265847;0,55576559546314;3912,0928725702;;108,47925608011;215,44091486658
20/06/2024 13:29:30;;1,1284637451172;34,51099247208;390,59964412811;7,7419448018308;4761,7795648061;0,55671077504726;3912,0950323974;;108,4799713877;215,4415501906
20/06/2024 13:29:40;;1,1718597412109;34,439061231873;390,60053380783;7,7280941145359;4761,7824030274;0,55765595463138;3912,0971922246;;108,48068669528;215,44218551461
20/06/2024 13:29:50;;1,1594608851842;34,367129991666;390,60142348754;7,714243427241;4761,7852412488;0,5586011342155;3912,0993520518;;108,48140200286;215,44282083863
20/06/2024 13:30:00;;1,1470620291574;34,295198751458;390,60231316726;7,7003927399461;4761,7880794702;0,55954631379962;3912,101511879;;108,48211731044;215,44345616264
20/06/2024 13:30:10;;1,1346631731306;34,223267511251;390,60320284698;7,6865420526512;4761,7909176916;0,56049149338374;3912,1036717063;;108,48283261803;215,44409148666
20/06/2024 13:30:20;;1,1222643171038;34,151336271044;390,60409252669;7,6726913653563;4761,793755913;0,56143667296786;3912,1058315335;;108,48354792561;215,44472681067
20/06/2024 13:30:30;;1,109865461077;34,079405030837;390,60498220641;7,6588406780614;4761,7965941343;0,56238185255198;3912,1079913607;;108,48426323319;215,44536213469
20/06/2024 13:30:40;;1,0974666050502;34,00747379063;390,60587188612;7,6449899907665;4761,7994323557;0,56332703213611;3912,1101511879;;108,48497854077;215,4459974587
20/06/2024 13:30:50;;1,0850677490234;33,935542550422;390,60676156584;7,6311393034716;4761,8022705771;0,56427221172023;3912,1123110151;;108,48569384835;215,44663278272
20/06/2024 13:31:00;;1,1284637451172;33,863611310215;390,60765124555;7,6172886161767;4761,8051087985;0,56521739130435;3912,1144708423;;108,48640915594;215,44726810673
20/06/2024 13:31:10;;1,1429290771484;33,791680070008;390,60854092527;7,6034379288818;4761,8079470199;0,56616257088847;3912,1166306695;;108,48712446352;215,44790343075
20/06/2024 13:31:20;;1,1573944091797;33,719748829801;390,60943060498;7,5895872415869;4761,8107852412;0,56710775047259;3912,1187904968;;108,4878397711;215,44853875476
20/06/2024 13:31:30;;1,1718597412109;33,647817589594;390,6103202847;7,575736554292;4761,8136234626;0,56805293005671;3912,120950324;;108,48855507868;215,44917407878
20/06/2024 13:31:40;;1,1501617431641;33,575886349386;390,61120996441;7,5618858669971;4761,816461684;0,56899810964083;3912,1231101512;;108,48927038627;215,4498094028
20/06/2024 13:31:50;;1,1284637451172;33,503955109179;390,61209964413;7,5480351797021;4761,8192999054;0,56994328922495;3912,1252699784;;108,48998569385;215,45044472681
20/06/2024 13:32:00;;1,1393127441406;33,432023868972;390,61298932384;7,5341844924072;4761,8221381268;0,57088846880907;3912,1274298056;;108,49070100143;215,45108005083
20/06/2024 13:32:10;;1,1501617431641;33,360092628765;390,61387900356;7,5203338051123;4761,8249763482;0,57183364839319;3912,1295896328;;108,49141630901;215,45171537484
20/06/2024 13:32:20;;1,1610107421875;33,288161388557;390,61476868327;7,5064831178174;4761,8278145695;0,57277882797732;3912,13174946;;108,4921316166;215,45235069886
20/06/2024 13:32:30;;1,1718597412109;33,21623014835;390,61565836299;7,4926324305225;4761,8306527909;0,57372400756144;3912,1339092873;;108,49284692418;215,45298602287
20/06/2024 13:32:40;;1,1790949503581;33,144298908143;390,6165480427;7,4787817432276;4761,8334910123;0,57466918714556;3912,1360691145;;108,49356223176;215,45362134689
20/06/2024 13:32:50;;1,1863301595052;33,072367667936;390,61743772242;7,4649310559327;4761,8363292337;0,57561436672968;3912,1382289417;;108,49427753934;215,4542566709
20/06/2024 13:33:00;;1,1935653686523;33,000436427729;390,61832740214;7,4510803686378;4761,8391674551;0,5765595463138;3912,1403887689;;108,49499284692;215,45489199492
20/06/2024 13:33:10;;1,204418182373;32,928505187521;390,61921708185;7,4372296813429;4761,8420056764;0,57750472589792;3912,1425485961;;108,49570815451;215,45552731893
20/06/2024 13:33:20;;1,2152709960938;32,856573947314;390,62010676157;7,423378994048;4761,8448438978;0,57844990548204;3912,1447084233;;108,49642346209;215,45616264295
20/06/2024 13:33:30;;1,1284637451172;32,784642707107;390,62099644128;7,4095283067531;4761,8476821192;0,57939508506616;3912,1468682505;;108,49713876967;215,45679796696
20/06/2024 13:33:40;;1,0850677490234;32,7127114669;390,621886121;7,3956776194582;4761,8505203406;0,58034026465028;3912,1490280778;;108,49785407725;215,45743329098
20/06/2024 13:33:50;;1,1284637451172;32,640780226693;390,62277580071;7,3818269321633;4761,853358562;0,5812854442344;3912,151187905;;108,49856938484;215,45806861499
20/06/2024 13:34:00;;1,1718597412109;32,568848986485;390,62366548043;7,3679762448684;4761,8561967833;0,58223062381853;3912,1533477322;;108,49928469242;215,45870393901
20/06/2024 13:34:10;;1,1501617431641;32,496917746278;390,62455516014;7,3541255575735;4761,8590350047;0,58317580340265;3912,1555075594;;108,5;215,45933926302
20/06/2024 13:34:20;;1,1284637451172;32,424986506071;390,62544483986;7,3402748702786;4761,8618732261;0,58412098298677;3912,1576673866;;108,50071530758;215,45997458704
20/06/2024 13:34:30;;1,1718597412109;32,353055265864;390,62633451957;7,3264241829837;4761,8647114475;0,58506616257089;3912,1598272138;;108,50143061516;215,46060991105
20/06/2024 13:34:40;;1,1501617431641;32,281124025656;390,62722419929;7,3125734956887;4761,8675496689;0,58601134215501;3912,161987041;;108,50214592275;215,46124523507
20/06/2024 13:34:50;;1,1284637451172;32,209192785449;390,628113879;7,2987228083938;4761,8703878903;0,58695652173913;3912,1641468683;;108,50286123033;215,46188055909
20/06/2024 13:35:00;;1,1139984130859;32,137261545242;390,62900355872;7,2848721210989;4761,8732261116;0,58790170132325;3912,1663066955;;108,50357653791;215,4625158831
20/06/2024 13:35:10;;1,0995330810547;32,065330305035;390,62989323843;7,271021433804;4761,876064333;0,58884688090737;3912,1684665227;;108,50429184549;215,46315120712
20/06/2024 13:35:20;;1,0850677490234;31,993399064828;390,63078291815;7,2571707465091;4761,8789025544;0,58979206049149;3912,1706263499;;108,50500715308;215,46378653113
20/06/2024 13:35:30;;1,0995330810547;31,92146782462;390,63167259786;7,2433200592142;4761,8817407758;0,59073724007561;3912,1727861771;;108,50572246066;215,46442185515
20/06/2024 13:35:40;;1,1139984130859;31,849536584413;390,63256227758;7,2294693719193;4761,8845789972;0,59168241965974;3912,1749460043;;108,50643776824;215,46505717916
20/06/2024 13:35:50;;1,1284637451172;31,777605344206;390,6334519573;7,2156186846244;4761,8874172185;0,59262759924386;3912,1771058315;;108,50715307582;215,46569250318
20/06/2024 13:36:00;;1,0850677490234;31,705674103999;390,63434163701;7,2017679973295;4761,8902554399;0,59357277882798;3912,1792656587;;108,5078683834;215,46632782719
20/06/2024 13:36:10;;1,0705973307292;31,633742863792;390,63523131673;7,1879173100346;4761,8930936613;0,5945179584121;3912,181425486;;108,50858369099;215,46696315121
20/06/2024 13:36:20;;1,0561269124349;31,561811623584;390,63612099644;7,1740666227397;4761,8959318827;0,59546313799622;3912,1835853132;;108,50929899857;215,46759847522
20/06/2024 13:36:30;;1,0416564941406;31,489880383377;390,63701067616;7,1602159354448;4761,8987701041;0,59640831758034;3912,1857451404;;108,51001430615;215,46823379924
20/06/2024 13:36:40;;1,0850677490234;31,41794914317;390,63790035587;7,1463652481499;4761,9016083254;0,59735349716446;3912,1879049676;;108,51072961373;215,46886912325
20/06/2024 13:36:50;;1,0416564941406;31,346017902963;390,63879003559;7,132514560855;4761,9044465468;0,59829867674858;3912,1900647948;;108,51144492132;215,46950444727
20/06/2024 13:37:00;;1,0561269124349;31,274086662755;390,6396797153;7,1186638735601;4761,9072847682;0,5992438563327;3912,192224622;;108,5121602289;215,47013977128
20/06/2024 13:37:10;;1,0705973307292;31,202155422548;390,64056939502;7,1048131862652;4761,9101229896;0,60018903591682;3912,1943844492;;108,51287553648;215,4707750953
20/06/2024 13:37:20;;1,0850677490234;31,130224182341;390,64145907473;7,0909624989703;4761,912961211;0,60113421550095;3912,1965442765;;108,51359084406;215,47141041931
20/06/2024 13:37:30;;1,0995330810547;31,058292942134;390,64234875445;7,0771118116754;4761,9157994324;0,60207939508507;3912,1987041037;;108,51430615165;215,47204574333
20/06/2024 13:37:40;;1,1139984130859;30,986361701927;390,64323843416;7,0632611243804;4761,9186376537;0,60302457466919;3912,2008639309;;108,51502145923;215,47268106734
20/06/2024 13:37:50;;1,1284637451172;30,914430461719;390,64412811388;7,0494104370855;4761,9214758751;0,60396975425331;3912,2030237581;;108,51573676681;215,47331639136
20/06/2024 13:38:00;;1,0850677490234;30,842499221512;390,64501779359;7,0355597497906;4761,9243140965;0,60491493383743;3912,2051835853;;108,51645207439;215,47395171537
20/06/2024 13:38:10;;1,1284637451172;30,770567981305;390,64590747331;7,0217090624957;4761,9271523179;0,60586011342155;3912,2073434125;;108,51716738197;215,47458703939
20/06/2024 13:38:20;;1,0850677490234;30,698636741098;390,64679715302;7,0078583752008;4761,9299905393;0,60680529300567;3912,2095032397;;108,51788268956;215,47522236341
20/06/2024 13:38:30;;1,0416564941406;30,626705500891;390,64768683274;6,9940076879059;4761,9328287606;0,60775047258979;3912,211663067;;108,51859799714;215,47585768742
20/06/2024 13:38:40;;1,0850677490234;30,554774260683;390,64857651246;6,980157000611;4761,935666982;0,60869565217391;3912,2138228942;;108,51931330472;215,47649301144
20/06/2024 13:38:50;;1,0416564941406;30,482843020476;390,64946619217;6,9663063133161;4761,9385052034;0,60964083175803;3912,2159827214;;108,5200286123;215,47712833545
20/06/2024 13:39:00;;1,063362121582;30,410911780269;390,65035587189;6,9524556260212;4761,9413434248;0,61058601134216;3912,2181425486;;108,52074391989;215,47776365947
20/06/2024 13:39:10;;1,0850677490234;30,338980540062;390,6512455516;6,9386049387263;4761,9441816462;0,61153119092628;3912,2203023758;;108,52145922747;215,47839898348
20/06/2024 13:39:20;;1,0416564941406;30,267049299854;390,65213523132;6,9247542514314;4761,9470198675;0,6124763705104;3912,222462203;;108,52217453505;215,4790343075
20/06/2024 13:39:30;;1,0850677490234;30,195118059647;390,65302491103;6,9109035641365;4761,9498580889;0,61342155009452;3912,2246220302;;108,52288984263;215,47966963151
20/06/2024 13:39:40;;1,1284637451172;30,12318681944;390,65391459075;6,8970528768416;4761,9526963103;0,61436672967864;3912,2267818575;;108,52360515021;215,48030495553
20/06/2024 13:39:50;;1,0850677490234;30,051255579233;390,65480427046;6,8832021895467;4761,9555345317;0,61531190926276;3912,2289416847;;108,5243204578;215,48094027954
20/06/2024 13:40:00;;1,078866141183;29,979324339026;390,65569395018;6,8693515022518;4761,9583727531;0,61625708884688;3912,2311015119;;108,52503576538;215,48157560356
20/06/2024 13:40:10;;1,0726645333426;29,907393098818;390,65658362989;6,8555008149569;4761,9612109745;0,617202268431;3912,2332613391;;108,52575107296;215,48221092757
20/06/2024 13:40:20;;1,0664629255022;29,835461858611;390,65747330961;6,841650127662;4761,9640491958;0,61814744801512;3912,2354211663;;108,52646638054;215,48284625159
20/06/2024 13:40:30;;1,0602613176618;29,763530618404;390,65836298932;6,827799440367;4761,9668874172;0,61909262759924;3912,2375809935;;108,52718168813;215,4834815756
20/06/2024 13:40:40;;1,0540597098214;29,691599378197;390,65925266904;6,8139487530721;4761,9697256386;0,62003780718336;3912,2397408207;;108,52789699571;215,48411689962
20/06/2024 13:40:50;;1,047858101981;29,61966813799;390,66014234875;6,8000980657772;4761,97256386;0,62098298676749;3912,2419006479;;108,52861230329;215,48475222363
20/06/2024 13:41:00;;1,0416564941406;29,547736897782;390,66103202847;6,7862473784823;4761,9754020814;0,62192816635161;3912,2440604752;;108,52932761087;215,48538754765
20/06/2024 13:41:10;;1,0308074951172;29,475805657575;390,66192170819;6,7723966911874;4761,9782403027;0,62287334593573;3912,2462203024;;108,53004291845;215,48602287166
20/06/2024 13:41:20;;1,0199584960938;29,403874417368;390,6628113879;6,7585460038925;4761,9810785241;0,62381852551985;3912,2483801296;;108,53075822604;215,48665819568
20/06/2024 13:41:30;;1,0091094970703;29,331943177161;390,66370106762;6,7446953165976;4761,9839167455;0,62476370510397;3912,2505399568;;108,53147353362;215,4872935197
20/06/2024 13:41:40;;0,99826049804688;29,260011936953;390,66459074733;6,7308446293027;4761,9867549669;0,62570888468809;3912,252699784;;108,5321888412;215,48792884371
20/06/2024 13:41:50;;1,0416564941406;29,188080696746;390,66548042705;6,7169939420078;4761,9895931883;0,62665406427221;3912,2548596112;;108,53290414878;215,48856416773
20/06/2024 13:42:00;;1,0561269124349;29,116149456539;390,66637010676;6,7031432547129;4761,9924314096;0,62759924385633;3912,2570194384;;108,53361945637;215,48919949174
20/06/2024 13:42:10;;1,0705973307292;29,044218216332;390,66725978648;6,689292567418;4761,995269631;0,62854442344045;3912,2591792657;;108,53433476395;215,48983481576
20/06/2024 13:42:20;;1,0850677490234;28,972286976125;390,66814946619;6,6754418801231;4761,9981078524;0,62948960302457;3912,2613390929;;108,53505007153;215,49047013977
20/06/2024 13:42:30;;1,0416564941406;28,900355735917;390,66903914591;6,6615911928282;4762,0009460738;0,6304347826087;3912,2634989201;;108,53576537911;215,49110546379
20/06/2024 13:42:40;;1,0850677490234;28,82842449571;390,66992882562;6,6477405055333;4762,0037842952;0,63137996219282;3912,2656587473;;108,5364806867;215,4917407878
20/06/2024 13:42:50;;1,0416564941406;28,756493255503;390,67081850534;6,6338898182384;4762,0066225166;0,63232514177694;3912,2678185745;;108,53719599428;215,49237611182
20/06/2024 13:43:00;;1,063362121582;28,684562015296;390,67170818505;6,6200391309435;4762,0094607379;0,63327032136106;3912,2699784017;;108,53791130186;215,49301143583
20/06/2024 13:43:10;;1,0850677490234;28,612630775089;390,67259786477;6,6061884436486;4762,0122989593;0,63421550094518;3912,2721382289;;108,53862660944;215,49364675985
20/06/2024 13:43:20;;1,0416564941406;28,540699534881;390,67348754448;6,5923377563537;4762,0151371807;0,6351606805293;3912,2742980562;;108,53934191702;215,49428208386
20/06/2024 13:43:30;;1,0199584960938;28,468768294674;390,6743772242;6,5784870690587;4762,0179754021;0,63610586011342;3912,2764578834;;108,54005722461;215,49491740788
20/06/2024 13:43:40;;0,99826049804688;28,396837054467;390,67526690391;6,5646363817638;4762,0208136235;0,63705103969754;3912,2786177106;;108,54077253219;215,49555273189
20/06/2024 13:43:50;;1,0416641235352;28,32490581426;390,67615658363;6,5507856944689;4762,0236518448;0,63799621928166;3912,2807775378;;108,54148783977;215,49618805591
20/06/2024 13:44:00;;1,0850677490234;28,252974574053;390,67704626335;6,536935007174;4762,0264900662;0,63894139886578;3912,282937365;;108,54220314735;215,49682337992
20/06/2024 13:44:10;;1,063362121582;28,181043333845;390,67793594306;6,5230843198791;4762,0293282876;0,63988657844991;3912,2850971922;;108,54291845494;215,49745870394
20/06/2024 13:44:20;;1,0416564941406;28,109112093638;390,67882562278;6,5092336325842;4762,032166509;0,64083175803403;3912,2872570194;;108,54363376252;215,49809402795
20/06/2024 13:44:30;;1,0525093078613;28,037180853431;390,67971530249;6,4953829452893;4762,0350047304;0,64177693761815;3912,2894168467;;108,5443490701;215,49872935197
20/06/2024 13:44:40;;1,063362121582;27,965249613224;390,68060498221;6,4815322579944;4762,0378429518;0,64272211720227;3912,2915766739;;108,54506437768;215,49936467598
20/06/2024 13:44:50;;1,0742149353027;27,893318373016;390,68149466192;6,4676815706995;4762,0406811731;0,64366729678639;3912,2937365011;;108,54577968526;215,5
20/06/2024 13:45:00;;1,0850677490234;27,821387132809;390,68238434164;6,4538308834046;4762,0435193945;0,64461247637051;3912,2958963283;;108,54649499285;215,50063532402
20/06/2024 13:45:10;;1,0416564941406;27,749455892602;390,68327402135;6,4399801961097;4762,0463576159;0,64555765595463;3912,2980561555;;108,54721030043;215,50127064803
20/06/2024 13:45:20;;1,063362121582;27,677524652395;390,68416370107;6,4261295088148;4762,0491958373;0,64650283553875;3912,3002159827;;108,54792560801;215,50190597205
20/06/2024 13:45:30;;1,0850677490234;27,605593412188;390,68505338078;6,4122788215199;4762,0520340587;0,64744801512287;3912,3023758099;;108,54864091559;215,50254129606
20/06/2024 13:45:40;;1,063362121582;27,53366217198;390,6859430605;6,398428134225;4762,05487228;0,64839319470699;3912,3045356371;;108,54935622318;215,50317662008
20/06/2024 13:45:50;;1,0416564941406;27,461730931773;390,68683274021;6,3845774469301;4762,0577105014;0,64933837429112;3912,3066954644;;108,55007153076;215,50381194409
20/06/2024 13:46:00;;1,0850677490234;27,389799691566;390,68772241993;6,3707267596352;4762,0605487228;0,65028355387524;3912,3088552916;;108,55078683834;215,50444726811
20/06/2024 13:46:10;;1,063362121582;27,317868451359;390,68861209964;6,3568760723403;4762,0633869442;0,65122873345936;3912,3110151188;;108,55150214592;215,50508259212
20/06/2024 13:46:20;;1,0416564941406;27,245937211152;390,68950177936;6,3430253850453;4762,0662251656;0,65217391304348;3912,313174946;;108,55221745351;215,50571791614
20/06/2024 13:46:30;;1,1284637451172;27,174005970944;390,69039145907;6,3291746977504;4762,0690633869;0,6531190926276;3912,3153347732;;108,55293276109;215,50635324015
20/06/2024 13:46:40;;1,0850677490234;27,102074730737;390,69128113879;6,3153240104555;4762,0719016083;0,65406427221172;3912,3174946004;;108,55364806867;215,50698856417
20/06/2024 13:46:50;;1,0416564941406;27,03014349053;390,69217081851;6,3014733231606;4762,0747398297;0,65500945179584;3912,3196544276;;108,55436337625;215,50762388818
20/06/2024 13:47:00;;1,0590179443359;26,958212250323;390,69306049822;6,2876226358657;4762,0775780511;0,65595463137996;3912,3218142549;;108,55507868383;215,5082592122
20/06/2024 13:47:10;;1,0763793945313;26,886281010115;390,69395017794;6,2737719485708;4762,0804162725;0,65689981096408;3912,3239740821;;108,55579399142;215,50889453621
20/06/2024 13:47:20;;1,0937408447266;26,814349769908;390,69483985765;6,2599212612759;4762,0832544939;0,6578449905482;3912,3261339093;;108,556509299;215,50952986023
20/06/2024 13:47:30;;1,1111022949219;26,742418529701;390,69572953737;6,246070573981;4762,0860927152;0,65879017013233;3912,3282937365;;108,55722460658;215,51016518424
20/06/2024 13:47:40;;1,1284637451172;26,670487289494;390,69661921708;6,2322198866861;4762,0889309366;0,65973534971645;3912,3304535637;;108,55793991416;215,51080050826
20/06/2024 13:47:50;;1,1371429443359;26,598556049287;390,6975088968;6,2183691993912;4762,091769158;0,66068052930057;3912,3326133909;;108,55865522175;215,51143583227
20/06/2024 13:48:00;;1,1458221435547;26,526624809079;390,69839857651;6,2045185120963;4762,0946073794;0,66162570888469;3912,3347732181;;108,55937052933;215,51207115629
20/06/2024 13:48:10;;1,1545013427734;26,454693568872;390,69928825623;6,1906678248014;4762,0974456008;0,66257088846881;3912,3369330454;;108,56008583691;215,5127064803
20/06/2024 13:48:20;;1,1631805419922;26,382762328665;390,70017793594;6,1768171375065;4762,1002838221;0,66351606805293;3912,3390928726;;108,56080114449;215,51334180432
20/06/2024 13:48:30;;1,1718597412109;26,310831088458;390,70106761566;6,1629664502116;4762,1031220435;0,66446124763705;3912,3412526998;;108,56151645207;215,51397712834
20/06/2024 13:48:40;;1,1284637451172;26,238899848251;390,70195729537;6,1491157629167;4762,1059602649;0,66540642722117;3912,343412527;;108,56223175966;215,51461245235
20/06/2024 13:48:50;;1,0850677490234;26,166968608043;390,70284697509;6,1352650756218;4762,1087984863;0,66635160680529;3912,3455723542;;108,56294706724;215,51524777637
20/06/2024 13:49:00;;1,1284637451172;26,095037367836;390,7037366548;6,1214143883269;4762,1116367077;0,66729678638941;3912,3477321814;;108,56366237482;215,51588310038
20/06/2024 13:49:10;;1,0850677490234;26,023106127629;390,70462633452;6,107563701032;4762,114474929;0,66824196597354;3912,3498920086;;108,5643776824;215,5165184244
20/06/2024 13:49:20;;1,1067657470703;25,951174887422;390,70551601423;6,093713013737;4762,1173131504;0,66918714555766;3912,3520518359;;108,56509298999;215,51715374841
20/06/2024 13:49:30;;1,1284637451172;25,879243647214;390,70640569395;6,0798623264421;4762,1201513718;0,67013232514178;3912,3542116631;;108,56580829757;215,51778907243
20/06/2024 13:49:40;;1,1501617431641;25,807312407007;390,70729537367;6,0660116391472;4762,1229895932;0,6710775047259;3912,3563714903;;108,56652360515;215,51842439644
20/06/2024 13:49:50;;1,1176147460938;25,7353811668;390,70818505338;6,0521609518523;4762,1258278146;0,67202268431002;3912,3585313175;;108,56723891273;215,51905972046
20/06/2024 13:50:00;;1,0850677490234;25,663449926593;390,7090747331;6,0383102645574;4762,128666036;0,67296786389414;3912,3606911447;;108,56795422031;215,51969504447
20/06/2024 13:50:10;;1,1284637451172;25,591518686386;390,70996441281;6,0244595772625;4762,1315042573;0,67391304347826;3912,3628509719;;108,5686695279;215,52033036849
20/06/2024 13:50:20;;1,1393127441406;25,519587446178;390,71085409253;6,0106088899676;4762,1343424787;0,67485822306238;3912,3650107991;;108,56938483548;215,5209656925
20/06/2024 13:50:30;;1,1501617431641;25,447656205971;390,71174377224;5,9967582026727;4762,1371807001;0,6758034026465;3912,3671706263;;108,57010014306;215,52160101652
20/06/2024 13:50:40;;1,0850677490234;25,375724965764;390,71263345196;5,9829075153778;4762,1400189215;0,67674858223062;3912,3693304536;;108,57081545064;215,52223634053
20/06/2024 13:50:50;;1,1284637451172;25,303793725557;390,71352313167;5,9690568280829;4762,1428571429;0,67769376181474;3912,3714902808;;108,57153075823;215,52287166455
20/06/2024 13:51:00;;1,1212310791016;25,23186248535;390,71441281139;5,955206140788;4762,1456953642;0,67863894139887;3912,373650108;;108,57224606581;215,52350698856
20/06/2024 13:51:10;;1,1139984130859;25,159931245142;390,7153024911;5,9413554534931;4762,1485335856;0,67958412098299;3912,3758099352;;108,57296137339;215,52414231258
20/06/2024 13:51:20;;1,1067657470703;25,088000004935;390,71619217082;5,9275047661982;4762,151371807;0,68052930056711;3912,3779697624;;108,57367668097;215,52477763659
20/06/2024 13:51:30;;1,0995330810547;25,016068764728;390,71708185053;5,9136540789033;4762,1542100284;0,68147448015123;3912,3801295896;;108,57439198856;215,52541296061
20/06/2024 13:51:40;;1,0923004150391;24,944137524521;390,71797153025;5,8998033916084;4762,1570482498;0,68241965973535;3912,3822894168;;108,57510729614;215,52604828463
20/06/2024 13:51:50;;1,0850677490234;24,872206284313;390,71886120996;5,8859527043135;4762,1598864711;0,68336483931947;3912,3844492441;;108,57582260372;215,52668360864
20/06/2024 13:52:00;;1,0898895263672;24,800275044106;390,71975088968;5,8721020170186;4762,1627246925;0,68431001890359;3912,3866090713;;108,5765379113;215,52731893266
20/06/2024 13:52:10;;1,0947113037109;24,728343803899;390,7206405694;5,8582513297237;4762,1655629139;0,68525519848771;3912,3887688985;;108,57725321888;215,52795425667
20/06/2024 13:52:20;;1,0995330810547;24,656412563692;390,72153024911;5,8444006424287;4762,1684011353;0,68620037807183;3912,3909287257;;108,57796852647;215,52858958069
20/06/2024 13:52:30;;1,1043548583984;24,584481323485;390,72241992883;5,8305499551338;4762,1712393567;0,68714555765595;3912,3930885529;;108,57868383405;215,5292249047
20/06/2024 13:52:40;;1,1091766357422;24,512550083277;390,72330960854;5,8166992678389;4762,1740775781;0,68809073724008;3912,3952483801;;108,57939914163;215,52986022872
20/06/2024 13:52:50;;1,1139984130859;24,44061884307;390,72419928826;5,802848580544;4762,1769157994;0,6890359168242;3912,3974082073;;108,58011444921;215,53049555273
20/06/2024 13:53:00;;1,1188201904297;24,368687602863;390,72508896797;5,7889978932491;4762,1797540208;0,68998109640832;3912,3995680346;;108,5808297568;215,53113087675
20/06/2024 13:53:10;;1,1236419677734;24,296756362656;390,72597864769;5,7751472059542;4762,1825922422;0,69092627599244;3912,4017278618;;108,58154506438;215,53176620076
20/06/2024 13:53:20;;1,1284637451172;24,224825122449;390,7268683274;5,7612965186593;4762,1854304636;0,69187145557656;3912,403887689;;108,58226037196;215,53240152478
20/06/2024 13:53:30;;1,0850677490234;24,152893882241;390,72775800712;5,7474458313644;4762,188268685;0,69281663516068;3912,4060475162;;108,58297567954;215,53303684879
20/06/2024 13:53:40;;1,1284637451172;24,080962642034;390,72864768683;5,7335951440695;4762,1911069063;0,6937618147448;3912,4082073434;;108,58369098712;215,53367217281
20/06/2024 13:53:50;;1,1718597412109;24,009031401827;390,72953736655;5,7197444567746;4762,1939451277;0,69470699432892;3912,4103671706;;108,58440629471;215,53430749682
20/06/2024 13:54:00;;1,1284637451172;23,93710016162;390,73042704626;5,7058937694797;4762,1967833491;0,69565217391304;3912,4125269978;;108,58512160229;215,53494282084
20/06/2024 13:54:10;;1,1197845458984;23,865168921412;390,73131672598;5,6920430821848;4762,1996215705;0,69659735349716;3912,4146868251;;108,58583690987;215,53557814485
20/06/2024 13:54:20;;1,1111053466797;23,793237681205;390,73220640569;5,6781923948899;4762,2024597919;0,69754253308129;3912,4168466523;;108,58655221745;215,53621346887
20/06/2024 13:54:30;;1,1024261474609;23,721306440998;390,73309608541;5,664341707595;4762,2052980132;0,69848771266541;3912,4190064795;;108,58726752504;215,53684879288
20/06/2024 13:54:40;;1,0937469482422;23,649375200791;390,73398576512;5,6504910203001;4762,2081362346;0,69943289224953;3912,4211663067;;108,58798283262;215,5374841169
20/06/2024 13:54:50;;1,0850677490234;23,577443960584;390,73487544484;5,6366403330052;4762,210974456;0,70037807183365;3912,4233261339;;108,5886981402;215,53811944091
20/06/2024 13:55:00;;1,1284637451172;23,505512720376;390,73576512456;5,6227896457103;4762,2138126774;0,70132325141777;3912,4254859611;;108,58941344778;215,53875476493
20/06/2024 13:55:10;;1,1718597412109;23,433581480169;390,73665480427;5,6089389584153;4762,2166508988;0,70226843100189;3912,4276457883;;108,59012875536;215,53939008895
20/06/2024 13:55:20;;1,1545013427734;23,361650239962;390,73754448399;5,5950882711204;4762,2194891202;0,70321361058601;3912,4298056156;;108,59084406295;215,54002541296
20/06/2024 13:55:30;;1,1371429443359;23,289718999755;390,7384341637;5,5812375838255;4762,2223273415;0,70415879017013;3912,4319654428;;108,59155937053;215,54066073698
20/06/2024 13:55:40;;1,1197845458984;23,217787759548;390,73932384342;5,5673868965306;4762,2251655629;0,70510396975425;3912,43412527;;108,59227467811;215,54129606099
20/06/2024 13:55:50;;1,1024261474609;23,14585651934;390,74021352313;5,5535362092357;4762,2280037843;0,70604914933837;3912,4362850972;;108,59298998569;215,54193138501
20/06/2024 13:56:00;;1,0850677490234;23,073925279133;390,74110320285;5,5396855219408;4762,2308420057;0,7069943289225;3912,4384449244;;108,59370529328;215,54256670902
20/06/2024 13:56:10;;1,0742149353027;23,001994038926;390,74199288256;5,5258348346459;4762,2336802271;0,70793950850662;3912,4406047516;;108,59442060086;215,54320203304
20/06/2024 13:56:20;;1,063362121582;22,930062798719;390,74288256228;5,511984147351;4762,2365184484;0,70888468809074;3912,4427645788;;108,59513590844;215,54383735705
20/06/2024 13:56:30;;1,0525093078613;22,858131558511;390,74377224199;5,4981334600561;4762,2393566698;0,70982986767486;3912,444924406;;108,59585121602;215,54447268107
20/06/2024 13:56:40;;1,0416564941406;22,786200318304;390,74466192171;5,4842827727612;4762,2421948912;0,71077504725898;3912,4470842333;;108,59656652361;215,54510800508
20/06/2024 13:56:50;;1,063362121582;22,714269078097;390,74555160142;5,4704320854663;4762,2450331126;0,7117202268431;3912,4492440605;;108,59728183119;215,5457433291
20/06/2024 13:57:00;;1,0850677490234;22,64233783789;390,74644128114;5,4565813981714;4762,247871334;0,71266540642722;3912,4514038877;;108,59799713877;215,54637865311
20/06/2024 13:57:10;;1,0416564941406;22,570406597683;390,74733096085;5,4427307108765;4762,2507095553;0,71361058601134;3912,4535637149;;108,59871244635;215,54701397713
20/06/2024 13:57:20;;1,0850677490234;22,498475357475;390,74822064057;5,4288800235816;4762,2535477767;0,71455576559546;3912,4557235421;;108,59942775393;215,54764930114
20/06/2024 13:57:30;;1,0416564941406;22,426544117268;390,74911032028;5,4150293362867;4762,2563859981;0,71550094517958;3912,4578833693;;108,60014306152;215,54828462516
20/06/2024 13:57:40;;1,0503387451172;22,354612877061;390,75;5,4011786489918;4762,2592242195;0,71644612476371;3912,4600431965;;108,6008583691;215,54891994917
20/06/2024 13:57:50;;1,0590209960938;22,282681636854;390,75088967972;5,3873279616969;4762,2620624409;0,71739130434783;3912,4622030238;;108,60157367668;215,54955527319
20/06/2024 13:58:00;;1,0677032470703;22,210750396647;390,75177935943;5,373477274402;4762,2649006623;0,71833648393195;3912,464362851;;108,60228898426;215,5501905972
20/06/2024 13:58:10;;1,0763854980469;22,138819156439;390,75266903915;5,359626587107;4762,2677388836;0,71928166351607;3912,4665226782;;108,60300429185;215,55082592122
20/06/2024 13:58:20;;1,0850677490234;22,066887916232;390,75355871886;5,3457758998121;4762,270577105;0,72022684310019;3912,4686825054;;108,60371959943;215,55146124524
20/06/2024 13:58:30;;1,0705973307292;21,994956676025;390,75444839858;5,3319252125172;4762,2734153264;0,72117202268431;3912,4708423326;;108,60443490701;215,55209656925
20/06/2024 13:58:40;;1,0561269124349;21,923025435818;390,75533807829;5,3180745252223;4762,2762535478;0,72211720226843;3912,4730021598;;108,60515021459;215,55273189327
20/06/2024 13:58:50;;1,0416564941406;21,851094195611;390,75622775801;5,3042238379274;4762,2790917692;0,72306238185255;3912,475161987;;108,60586552217;215,55336721728
20/06/2024 13:59:00;;1,063362121582;21,779162955403;390,75711743772;5,2903731506325;4762,2819299905;0,72400756143667;3912,4773218143;;108,60658082976;215,5540025413
20/06/2024 13:59:10;;1,0705973307292;21,707231715196;390,75800711744;5,2765224633376;4762,2847682119;0,72495274102079;3912,4794816415;;108,60729613734;215,55463786531
20/06/2024 13:59:20;;1,0778325398763;21,635300474989;390,75889679715;5,2626717760427;4762,2876064333;0,72589792060491;3912,4816414687;;108,60801144492;215,55527318933
20/06/2024 13:59:30;;1,0850677490234;21,563369234782;390,75978647687;5,2488210887478;4762,2904446547;0,72684310018904;3912,4838012959;;108,6087267525;215,55590851334
20/06/2024 13:59:40;;1,0742149353027;21,491437994574;390,76067615658;5,2349704014529;4762,2932828761;0,72778827977316;3912,4859611231;;108,60944206009;215,55654383736
20/06/2024 13:59:50;;1,063362121582;21,419506754367;390,7615658363;5,221119714158;4762,2961210974;0,72873345935728;3912,4881209503;;108,61015736767;215,55717916137
20/06/2024 14:00:00;;1,0525093078613;21,34757551416;390,76245551601;5,2072690268631;4762,2989593188;0,7296786389414;3912,4902807775;;108,61087267525;215,55781448539
20/06/2024 14:00:10;;1,0416564941406;21,275644273953;390,76334519573;5,1934183395682;4762,3017975402;0,73062381852552;3912,4924406048;;108,61158798283;215,5584498094
20/06/2024 14:00:20;;1,0633583068848;21,203713033746;390,76423487544;5,1795676522733;4762,3046357616;0,73156899810964;3912,494600432;;108,61230329041;215,55908513342
20/06/2024 14:00:30;;1,0850601196289;21,131781793538;390,76512455516;5,1657169649784;4762,307473983;0,73251417769376;3912,4967602592;;108,613018598;215,55972045743
20/06/2024 14:00:40;;1,106761932373;21,059850553331;390,76601423488;5,1518662776835;4762,3103122044;0,73345935727788;3912,4989200864;;108,61373390558;215,56035578145
20/06/2024 14:00:50;;1,1284637451172;20,987919313124;390,76690391459;5,1380155903886;4762,3131504257;0,734404536862;3912,5010799136;;108,61444921316;215,56099110546
20/06/2024 14:01:00;;1,1067657470703;20,915988072917;390,76779359431;5,1241649030936;4762,3159886471;0,73534971644612;3912,5032397408;;108,61516452074;215,56162642948
20/06/2024 14:01:10;;1,0850677490234;20,84405683271;390,76868327402;5,1103142157987;4762,3188268685;0,73629489603025;3912,505399568;;108,61587982833;215,56226175349
20/06/2024 14:01:20;;1,1067657470703;20,772125592502;390,76957295374;5,0964635285038;4762,3216650899;0,73724007561437;3912,5075593952;;108,61659513591;215,56289707751
20/06/2024 14:01:30;;1,1284637451172;20,700194352295;390,77046263345;5,0826128412089;4762,3245033113;0,73818525519849;3912,5097192225;;108,61731044349;215,56353240152
20/06/2024 14:01:40;;1,1176147460938;20,628263112088;390,77135231317;5,068762153914;4762,3273415326;0,73913043478261;3912,5118790497;;108,61802575107;215,56416772554
20/06/2024 14:01:50;;1,1067657470703;20,556331871881;390,77224199288;5,0549114666191;4762,330179754;0,74007561436673;3912,5140388769;;108,61874105866;215,56480304956
20/06/2024 14:02:00;;1,0959167480469;20,484400631673;390,7731316726;5,0410607793242;4762,3330179754;0,74102079395085;3912,5161987041;;108,61945636624;215,56543837357
20/06/2024 14:02:10;;1,0850677490234;20,412469391466;390,77402135231;5,0272100920293;4762,3358561968;0,74196597353497;3912,5183585313;;108,62017167382;215,56607369759
20/06/2024 14:02:20;;1,0995330810547;20,340538151259;390,77491103203;5,0133594047344;4762,3386944182;0,74291115311909;3912,5205183585;;108,6208869814;215,5667090216
20/06/2024 14:02:30;;1,1139984130859;20,268606911052;390,77580071174;4,9995087174395;4762,3415326395;0,74385633270321;3912,5226781857;;108,62160228898;215,56734434562
20/06/2024 14:02:40;;1,1284637451172;20,196675670845;390,77669039146;4,9856580301446;4762,3443708609;0,74480151228733;3912,524838013;;108,62231759657;215,56797966963
20/06/2024 14:02:50;;1,1067657470703;20,124744430637;390,77758007117;4,9718073428497;4762,3472090823;0,74574669187146;3912,5269978402;;108,62303290415;215,56861499365
20/06/2024 14:03:00;;1,0850677490234;20,05281319043;390,77846975089;4,9579566555548;4762,3500473037;0,74669187145558;3912,5291576674;;108,62374821173;215,56925031766
20/06/2024 14:03:10;;1,1284637451172;19,980881950223;390,7793594306;4,9441059682599;4762,3528855251;0,7476370510397;3912,5313174946;;108,62446351931;215,56988564168
20/06/2024 14:03:20;;1,1067657470703;19,908950710016;390,78024911032;4,930255280965;4762,3557237465;0,74858223062382;3912,5334773218;;108,6251788269;215,57052096569
20/06/2024 14:03:30;;1,0959142049154;19,837019469809;390,78113879004;4,9164045936701;4762,3585619678;0,74952741020794;3912,535637149;;108,62589413448;215,57115628971
20/06/2024 14:03:40;;1,0850626627604;19,765088229601;390,78202846975;4,9025539063752;4762,3614001892;0,75047258979206;3912,5377969762;;108,62660944206;215,57179161372
20/06/2024 14:03:50;;1,0742111206055;19,693156989394;390,78291814947;4,8887032190803;4762,3642384106;0,75141776937618;3912,5399568035;;108,62732474964;215,57242693774
20/06/2024 14:04:00;;1,0633595784505;19,621225749187;390,78380782918;4,8748525317853;4762,367076632;0,7523629489603;3912,5421166307;;108,62804005722;215,57306226175
20/06/2024 14:04:10;;1,0525080362956;19,54929450898;390,7846975089;4,8610018444904;4762,3699148534;0,75330812854442;3912,5442764579;;108,62875536481;215,57369758577
20/06/2024 14:04:20;;1,0416564941406;19,477363268772;390,78558718861;4,8471511571955;4762,3727530747;0,75425330812854;3912,5464362851;;108,62947067239;215,57433290978
20/06/2024 14:04:30;;1,0850677490234;19,405432028565;390,78647686833;4,8333004699006;4762,3755912961;0,75519848771267;3912,5485961123;;108,63018597997;215,5749682338
20/06/2024 14:04:40;;1,0416564941406;19,333500788358;390,78736654804;4,8194497826057;4762,3784295175;0,75614366729679;3912,5507559395;;108,63090128755;215,57560355781
20/06/2024 14:04:50;;1,063362121582;19,261569548151;390,78825622776;4,8055990953108;4762,3812677389;0,75708884688091;3912,5529157667;;108,63161659514;215,57623888183
20/06/2024 14:05:00;;1,0850677490234;19,189638307944;390,78914590747;4,7917484080159;4762,3841059603;0,75803402646503;3912,555075594;;108,63233190272;215,57687420584
20/06/2024 14:05:10;;1,063362121582;19,117707067736;390,79003558719;4,777897720721;4762,3869441816;0,75897920604915;3912,5572354212;;108,6330472103;215,57750952986
20/06/2024 14:05:20;;1,0602613176618;19,045775827529;390,7909252669;4,7640470334261;4762,389782403;0,75992438563327;3912,5593952484;;108,63376251788;215,57814485388
20/06/2024 14:05:30;;1,0571605137416;18,973844587322;390,79181494662;4,7501963461312;4762,3926206244;0,76086956521739;3912,5615550756;;108,63447782546;215,57878017789
20/06/2024 14:05:40;;1,0540597098214;18,901913347115;390,79270462633;4,7363456588363;4762,3954588458;0,76181474480151;3912,5637149028;;108,63519313305;215,57941550191
20/06/2024 14:05:50;;1,0509589059012;18,829982106908;390,79359430605;4,7224949715414;4762,3982970672;0,76275992438563;3912,56587473;;108,63590844063;215,58005082592
20/06/2024 14:06:00;;1,047858101981;18,7580508667;390,79448398577;4,7086442842465;4762,4011352886;0,76370510396975;3912,5680345572;;108,63662374821;215,58068614994
20/06/2024 14:06:10;;1,0447572980608;18,686119626493;390,79537366548;4,6947935969516;4762,4039735099;0,76465028355388;3912,5701943844;;108,63733905579;215,58132147395
20/06/2024 14:06:20;;1,0416564941406;18,614188386286;390,7962633452;4,6809429096567;4762,4068117313;0,765595463138;3912,5723542117;;108,63805436338;215,58195679797
20/06/2024 14:06:30;;1,0850601196289;18,542257146079;390,79715302491;4,6670922223618;4762,4096499527;0,76654064272212;3912,5745140389;;108,63876967096;215,58259212198
20/06/2024 14:06:40;;1,1284637451172;18,470325905871;390,79804270463;4,6532415350669;4762,4124881741;0,76748582230624;3912,5766738661;;108,63948497854;215,583227446
20/06/2024 14:06:50;;1,0850677490234;18,398394665664;390,79893238434;4,6393908477719;4762,4153263955;0,76843100189036;3912,5788336933;;108,64020028612;215,58386277001
20/06/2024 14:07:00;;1,0959167480469;18,326463425457;390,79982206406;4,625540160477;4762,4181646168;0,76937618147448;3912,5809935205;;108,64091559371;215,58449809403
20/06/2024 14:07:10;;1,1067657470703;18,25453218525;390,80071174377;4,6116894731821;4762,4210028382;0,7703213610586;3912,5831533477;;108,64163090129;215,58513341804
20/06/2024 14:07:20;;1,1176147460938;18,182600945043;390,80160142349;4,5978387858872;4762,4238410596;0,77126654064272;3912,5853131749;;108,64234620887;215,58576874206
20/06/2024 14:07:30;;1,1284637451172;18,110669704835;390,8024911032;4,5839880985923;4762,426679281;0,77221172022684;3912,5874730022;;108,64306151645;215,58640406607
20/06/2024 14:07:40;;1,1393127441406;18,038738464628;390,80338078292;4,5701374112974;4762,4295175024;0,77315689981096;3912,5896328294;;108,64377682403;215,58703939009
20/06/2024 14:07:50;;1,1501617431641;17,966807224421;390,80427046263;4,5562867240025;4762,4323557237;0,77410207939509;3912,5917926566;;108,64449213162;215,5876747141
20/06/2024 14:08:00;;1,1610107421875;17,894875984214;390,80516014235;4,5424360367076;4762,4351939451;0,77504725897921;3912,5939524838;;108,6452074392;215,58831003812
20/06/2024 14:08:10;;1,1718597412109;17,822944744007;390,80604982206;4,5285853494127;4762,4380321665;0,77599243856333;3912,596112311;;108,64592274678;215,58894536213
20/06/2024 14:08:20;;1,1501617431641;17,751013503799;390,80693950178;4,5147346621178;4762,4408703879;0,77693761814745;3912,5982721382;;108,64663805436;215,58958068615
20/06/2024 14:08:30;;1,1284637451172;17,679082263592;390,80782918149;4,5008839748229;4762,4437086093;0,77788279773157;3912,6004319654;;108,64735336195;215,59021601017
20/06/2024 14:08:40;;1,1501617431641;17,607151023385;390,80871886121;4,487033287528;4762,4465468307;0,77882797731569;3912,6025917927;;108,64806866953;215,59085133418
20/06/2024 14:08:50;;1,1718597412109;17,535219783178;390,80960854093;4,4731826002331;4762,449385052;0,77977315689981;3912,6047516199;;108,64878397711;215,5914866582
20/06/2024 14:09:00;;1,1284637451172;17,46328854297;390,81049822064;4,4593319129382;4762,4522232734;0,78071833648393;3912,6069114471;;108,64949928469;215,59212198221
20/06/2024 14:09:10;;1,1371429443359;17,391357302763;390,81138790036;4,4454812256433;4762,4550614948;0,78166351606805;3912,6090712743;;108,65021459227;215,59275730623
20/06/2024 14:09:20;;1,1458221435547;17,319426062556;390,81227758007;4,4316305383484;4762,4578997162;0,78260869565217;3912,6112311015;;108,65092989986;215,59339263024
20/06/2024 14:09:30;;1,1545013427734;17,247494822349;390,81316725979;4,4177798510535;4762,4607379376;0,78355387523629;3912,6133909287;;108,65164520744;215,59402795426
20/06/2024 14:09:40;;1,1631805419922;17,175563582142;390,8140569395;4,4039291637586;4762,4635761589;0,78449905482042;3912,6155507559;;108,65236051502;215,59466327827
20/06/2024 14:09:50;;1,1718597412109;17,103632341934;390,81494661922;4,3900784764636;4762,4664143803;0,78544423440454;3912,6177105832;;108,6530758226;215,59529860229
20/06/2024 14:10:00;;1,1610107421875;17,031701101727;390,81583629893;4,3762277891687;4762,4692526017;0,78638941398866;3912,6198704104;;108,65379113019;215,5959339263
20/06/2024 14:10:10;;1,1501617431641;16,95976986152;390,81672597865;4,3623771018738;4762,4720908231;0,78733459357278;3912,6220302376;;108,65450643777;215,59656925032
20/06/2024 14:10:20;;1,1393127441406;16,887838621313;390,81761565836;4,3485264145789;4762,4749290445;0,7882797731569;3912,6241900648;;108,65522174535;215,59720457433
20/06/2024 14:10:30;;1,1284637451172;16,815907381106;390,81850533808;4,334675727284;4762,4777672658;0,78922495274102;3912,626349892;;108,65593705293;215,59783989835
20/06/2024 14:10:40;;1,1139984130859;16,743976140898;390,81939501779;4,3208250399891;4762,4806054872;0,79017013232514;3912,6285097192;;108,65665236052;215,59847522236
20/06/2024 14:10:50;;1,0995330810547;16,672044900691;390,82028469751;4,3069743526942;4762,4834437086;0,79111531190926;3912,6306695464;;108,6573676681;215,59911054638
20/06/2024 14:11:00;;1,0850677490234;16,600113660484;390,82117437722;4,2931236653993;4762,48628193;0,79206049149338;3912,6328293737;;108,65808297568;215,59974587039
20/06/2024 14:11:10;;1,1284637451172;16,528182420277;390,82206405694;4,2792729781044;4762,4891201514;0,7930056710775;3912,6349892009;;108,65879828326;215,60038119441
20/06/2024 14:11:20;;1,1718597412109;16,45625118007;390,82295373665;4,2654222908095;4762,4919583728;0,79395085066163;3912,6371490281;;108,65951359084;215,60101651842
20/06/2024 14:11:30;;1,1501617431641;16,384319939862;390,82384341637;4,2515716035146;4762,4947965941;0,79489603024575;3912,6393088553;;108,66022889843;215,60165184244
20/06/2024 14:11:40;;1,1284637451172;16,312388699655;390,82473309609;4,2377209162197;4762,4976348155;0,79584120982987;3912,6414686825;;108,66094420601;215,60228716645
20/06/2024 14:11:50;;1,0850677490234;16,240457459448;390,8256227758;4,2238702289248;4762,5004730369;0,79678638941399;3912,6436285097;;108,66165951359;215,60292249047
20/06/2024 14:12:00;;1,0873517488178;16,168526219241;390,82651245552;4,2100195416299;4762,5033112583;0,79773156899811;3912,6457883369;;108,66237482117;215,60355781449
20/06/2024 14:12:10;;1,0896357486123;16,096594979033;390,82740213523;4,196168854335;4762,5061494797;0,79867674858223;3912,6479481641;;108,66309012876;215,6041931385
20/06/2024 14:12:20;;1,0919197484067;16,024663738826;390,82829181495;4,1823181670401;4762,508987701;0,79962192816635;3912,6501079914;;108,66380543634;215,60482846252
20/06/2024 14:12:30;;1,0942037482011;15,952732498619;390,82918149466;4,1684674797452;4762,5118259224;0,80056710775047;3912,6522678186;;108,66452074392;215,60546378653
20/06/2024 14:12:40;;1,0964877479955;15,880801258412;390,83007117438;4,1546167924503;4762,5146641438;0,80151228733459;3912,6544276458;;108,6652360515;215,60609911055
20/06/2024 14:12:50;;1,0987717477899;15,808870018205;390,83096085409;4,1407661051553;4762,5175023652;0,80245746691871;3912,656587473;;108,66595135908;215,60673443456
20/06/2024 14:13:00;;1,1010557475843;15,736938777997;390,83185053381;4,1269154178604;4762,5203405866;0,80340264650284;3912,6587473002;;108,66666666667;215,60736975858
20/06/2024 14:13:10;;1,1033397473787;15,66500753779;390,83274021352;4,1130647305655;4762,5231788079;0,80434782608696;3912,6609071274;;108,66738197425;215,60800508259
20/06/2024 14:13:20;;1,1056237471731;15,593076297583;390,83362989324;4,0992140432706;4762,5260170293;0,80529300567108;3912,6630669546;;108,66809728183;215,60864040661
20/06/2024 14:13:30;;1,1079077469675;15,521145057376;390,83451957295;4,0853633559757;4762,5288552507;0,8062381852552;3912,6652267819;;108,66881258941;215,60927573062
20/06/2024 14:13:40;;1,1101917467619;15,449213817169;390,83540925267;4,0715126686808;4762,5316934721;0,80718336483932;3912,6673866091;;108,669527897;215,60991105464
20/06/2024 14:13:50;;1,1124757465563;15,377282576961;390,83629893238;4,0576619813859;4762,5345316935;0,80812854442344;3912,6695464363;;108,67024320458;215,61054637865
20/06/2024 14:14:00;;1,1147597463507;15,305351336754;390,8371886121;4,043811294091;4762,5373699149;0,80907372400756;3912,6717062635;;108,67095851216;215,61118170267
20/06/2024 14:14:10;;1,1170437461451;15,233420096547;390,83807829181;4,0299606067961;4762,5402081362;0,81001890359168;3912,6738660907;;108,67167381974;215,61181702668
20/06/2024 14:14:20;;1,1193277459396;15,16148885634;390,83896797153;4,0161099195012;4762,5430463576;0,8109640831758;3912,6760259179;;108,67238912732;215,6124523507
20/06/2024 14:14:30;;1,121611745734;15,089557616132;390,83985765125;4,0022592322063;4762,545884579;0,81190926275992;3912,6781857451;;108,67310443491;215,61308767471
20/06/2024 14:14:40;;1,1238957455284;15,017626375925;390,84074733096;3,9884085449114;4762,5487228004;0,81285444234405;3912,6803455724;;108,67381974249;215,61372299873
20/06/2024 14:14:50;;1,1261797453228;14,945695135718;390,84163701068;3,9745578576165;4762,5515610218;0,81379962192817;3912,6825053996;;108,67453505007;215,61435832274
20/06/2024 14:15:00;;1,1284637451172;14,873763895511;390,84252669039;3,9607071703216;4762,5543992431;0,81474480151229;3912,6846652268;;108,67525035765;215,61499364676
20/06/2024 14:15:10;;1,1718597412109;14,801832655304;390,84341637011;3,9468564830267;4762,5572374645;0,81568998109641;3912,686825054;;108,67596566524;215,61562897078
20/06/2024 14:15:20;;1,1284637451172;14,729901415096;390,84430604982;3,9330057957318;4762,5600756859;0,81663516068053;3912,6889848812;;108,67668097282;215,61626429479
20/06/2024 14:15:30;;1,1501617431641;14,657970174889;390,84519572954;3,9191551084369;4762,5629139073;0,81758034026465;3912,6911447084;;108,6773962804;215,61689961881
20/06/2024 14:15:40;;1,1718597412109;14,586038934682;390,84608540925;3,9053044211419;4762,5657521287;0,81852551984877;3912,6933045356;;108,67811158798;215,61753494282
20/06/2024 14:15:50;;1,1284637451172;14,514107694475;390,84697508897;3,891453733847;4762,56859035;0,81947069943289;3912,6954643629;;108,67882689557;215,61817026684
20/06/2024 14:16:00;;1,1718597412109;14,442176454268;390,84786476868;3,8776030465521;4762,5714285714;0,82041587901701;3912,6976241901;;108,67954220315;215,61880559085
20/06/2024 14:16:10;;1,1501617431641;14,37024521406;390,8487544484;3,8637523592572;4762,5742667928;0,82136105860113;3912,6997840173;;108,68025751073;215,61944091487
20/06/2024 14:16:20;;1,1284637451172;14,298313973853;390,84964412811;3,8499016719623;4762,5771050142;0,82230623818526;3912,7019438445;;108,68097281831;215,62007623888
20/06/2024 14:16:30;;1,1501617431641;14,226382733646;390,85053380783;3,8360509846674;4762,5799432356;0,82325141776938;3912,7041036717;;108,68168812589;215,6207115629
20/06/2024 14:16:40;;1,1573944091797;14,154451493439;390,85142348754;3,8222002973725;4762,582781457;0,8241965973535;3912,7062634989;;108,68240343348;215,62134688691
20/06/2024 14:16:50;;1,1646270751953;14,082520253231;390,85231316726;3,8083496100776;4762,5856196783;0,82514177693762;3912,7084233261;;108,68311874106;215,62198221093
20/06/2024 14:17:00;;1,1718597412109;14,010589013024;390,85320284698;3,7944989227827;4762,5884578997;0,82608695652174;3912,7105831533;;108,68383404864;215,62261753494
20/06/2024 14:17:10;;1,1610107421875;13,938657772817;390,85409252669;3,7806482354878;4762,5912961211;0,82703213610586;3912,7127429806;;108,68454935622;215,62325285896
20/06/2024 14:17:20;;1,1501617431641;13,86672653261;390,85498220641;3,7667975481929;4762,5941343425;0,82797731568998;3912,7149028078;;108,68526466381;215,62388818297
20/06/2024 14:17:30;;1,1393127441406;13,794795292403;390,85587188612;3,752946860898;4762,5969725639;0,8289224952741;3912,717062635;;108,68597997139;215,62452350699
20/06/2024 14:17:40;;1,1284637451172;13,722864052195;390,85676156584;3,7390961736031;4762,5998107852;0,82986767485822;3912,7192224622;;108,68669527897;215,625158831
20/06/2024 14:17:50;;1,1176147460938;13,650932811988;390,85765124555;3,7252454863082;4762,6026490066;0,83081285444234;3912,7213822894;;108,68741058655;215,62579415502
20/06/2024 14:18:00;;1,1067657470703;13,579001571781;390,85854092527;3,7113947990133;4762,605487228;0,83175803402647;3912,7235421166;;108,68812589413;215,62642947903
20/06/2024 14:18:10;;1,1230392456055;13,507070331574;390,85943060498;3,6975441117184;4762,6083254494;0,83270321361059;3912,7257019438;;108,68884120172;215,62706480305
20/06/2024 14:18:20;;1,1393127441406;13,435139091367;390,8603202847;3,6836934244235;4762,6111636708;0,83364839319471;3912,7278617711;;108,6895565093;215,62770012706
20/06/2024 14:18:30;;1,1555862426758;13,363207851159;390,86120996441;3,6698427371286;4762,6140018921;0,83459357277883;3912,7300215983;;108,69027181688;215,62833545108
20/06/2024 14:18:40;;1,1718597412109;13,291276610952;390,86209964413;3,6559920498336;4762,6168401135;0,83553875236295;3912,7321814255;;108,69098712446;215,6289707751
20/06/2024 14:18:50;;1,1631805419922;13,219345370745;390,86298932384;3,6421413625387;4762,6196783349;0,83648393194707;3912,7343412527;;108,69170243205;215,62960609911
20/06/2024 14:19:00;;1,1545013427734;13,147414130538;390,86387900356;3,6282906752438;4762,6225165563;0,83742911153119;3912,7365010799;;108,69241773963;215,63024142313
20/06/2024 14:19:10;;1,1458221435547;13,07548289033;390,86476868327;3,6144399879489;4762,6253547777;0,83837429111531;3912,7386609071;;108,69313304721;215,63087674714
20/06/2024 14:19:20;;1,1371429443359;13,003551650123;390,86565836299;3,600589300654;4762,6281929991;0,83931947069943;3912,7408207343;;108,69384835479;215,63151207116
20/06/2024 14:19:30;;1,1284637451172;12,931620409916;390,8665480427;3,5867386133591;4762,6310312204;0,84026465028355;3912,7429805616;;108,69456366237;215,63214739517
20/06/2024 14:19:40;;1,1067657470703;12,859689169709;390,86743772242;3,5728879260642;4762,6338694418;0,84120982986767;3912,7451403888;;108,69527896996;215,63278271919
20/06/2024 14:19:50;;1,0850677490234;12,787757929502;390,86832740214;3,5590372387693;4762,6367076632;0,8421550094518;3912,747300216;;108,69599427754;215,6334180432
20/06/2024 14:20:00;;1,0912671770368;12,715826689294;390,86921708185;3,5451865514744;4762,6395458846;0,84310018903592;3912,7494600432;;108,69670958512;215,63405336722
20/06/2024 14:20:10;;1,0974666050502;12,643895449087;390,87010676157;3,5313358641795;4762,642384106;0,84404536862004;3912,7516198704;;108,6974248927;215,63468869123
20/06/2024 14:20:20;;1,1036660330636;12,57196420888;390,87099644128;3,5174851768846;4762,6452223273;0,84499054820416;3912,7537796976;;108,69814020029;215,63532401525
20/06/2024 14:20:30;;1,109865461077;12,500032968673;390,871886121;3,5036344895897;4762,6480605487;0,84593572778828;3912,7559395248;;108,69885550787;215,63595933926
20/06/2024 14:20:40;;1,1160648890904;12,428101728466;390,87277580071;3,4897838022948;4762,6508987701;0,8468809073724;3912,7580993521;;108,69957081545;215,63659466328
20/06/2024 14:20:50;;1,1222643171038;12,356170488258;390,87366548043;3,4759331149999;4762,6537369915;0,84782608695652;3912,7602591793;;108,70028612303;215,63722998729
20/06/2024 14:21:00;;1,1284637451172;12,284239248051;390,87455516014;3,462082427705;4762,6565752129;0,84877126654064;3912,7624190065;;108,70100143062;215,63786531131
20/06/2024 14:21:10;;1,1067657470703;12,212308007844;390,87544483986;3,4482317404101;4762,6594134342;0,84971644612476;3912,7645788337;;108,7017167382;215,63850063532
20/06/2024 14:21:20;;1,0850677490234;12,140376767637;390,87633451957;3,4343810531152;4762,6622516556;0,85066162570888;3912,7667386609;;108,70243204578;215,63913595934
20/06/2024 14:21:30;;1,1284637451172;12,068445527429;390,87722419929;3,4205303658202;4762,665089877;0,85160680529301;3912,7688984881;;108,70314735336;215,63977128335
20/06/2024 14:21:40;;1,1067657470703;11,996514287222;390,878113879;3,4066796785253;4762,6679280984;0,85255198487713;3912,7710583153;;108,70386266094;215,64040660737
20/06/2024 14:21:50;;1,0850677490234;11,924583047015;390,87900355872;3,3928289912304;4762,6707663198;0,85349716446125;3912,7732181425;;108,70457796853;215,64104193139
20/06/2024 14:22:00;;1,1284637451172;11,852651806808;390,87989323843;3,3789783039355;4762,6736045412;0,85444234404537;3912,7753779698;;108,70529327611;215,6416772554
20/06/2024 14:22:10;;1,0850677490234;11,780720566601;390,88078291815;3,3651276166406;4762,6764427625;0,85538752362949;3912,777537797;;108,70600858369;215,64231257942
20/06/2024 14:22:20;;1,063362121582;11,708789326393;390,88167259786;3,3512769293457;4762,6792809839;0,85633270321361;3912,7796976242;;108,70672389127;215,64294790343
20/06/2024 14:22:30;;1,0416564941406;11,636858086186;390,88256227758;3,3374262420508;4762,6821192053;0,85727788279773;3912,7818574514;;108,70743919886;215,64358322745
20/06/2024 14:22:40;;1,0850677490234;11,564926845979;390,8834519573;3,3235755547559;4762,6849574267;0,85822306238185;3912,7840172786;;108,70815450644;215,64421855146
20/06/2024 14:22:50;;1,0416564941406;11,492995605772;390,88434163701;3,309724867461;4762,6877956481;0,85916824196597;3912,7861771058;;108,70886981402;215,64485387548
20/06/2024 14:23:00;;1,0850677490234;11,421064365565;390,88523131673;3,2958741801661;4762,6906338694;0,86011342155009;3912,788336933;;108,7095851216;215,64548919949
20/06/2024 14:23:10;;1,0742149353027;11,349133125357;390,88612099644;3,2820234928712;4762,6934720908;0,86105860113422;3912,7904967603;;108,71030042918;215,64612452351
20/06/2024 14:23:20;;1,063362121582;11,27720188515;390,88701067616;3,2681728055763;4762,6963103122;0,86200378071834;3912,7926565875;;108,71101573677;215,64675984752
20/06/2024 14:23:30;;1,0525093078613;11,205270644943;390,88790035587;3,2543221182814;4762,6991485336;0,86294896030246;3912,7948164147;;108,71173104435;215,64739517154
20/06/2024 14:23:40;;1,0416564941406;11,133339404736;390,88879003559;3,2404714309865;4762,701986755;0,86389413988658;3912,7969762419;;108,71244635193;215,64803049555
20/06/2024 14:23:50;;1,0850677490234;11,061408164529;390,8896797153;3,2266207436916;4762,7048249763;0,8648393194707;3912,7991360691;;108,71316165951;215,64866581957
20/06/2024 14:24:00;;1,0705973307292;10,989476924321;390,89056939502;3,2127700563967;4762,7076631977;0,86578449905482;3912,8012958963;;108,7138769671;215,64930114358
20/06/2024 14:24:10;;1,0561269124349;10,917545684114;390,89145907473;3,1989193691018;4762,7105014191;0,86672967863894;3912,8034557235;;108,71459227468;215,6499364676
20/06/2024 14:24:20;;1,0416564941406;10,845614443907;390,89234875445;3,1850686818069;4762,7133396405;0,86767485822306;3912,8056155508;;108,71530758226;215,65057179161
20/06/2024 14:24:30;;1,0271911621094;10,7736832037;390,89323843416;3,1712179945119;4762,7161778619;0,86862003780718;3912,807775378;;108,71602288984;215,65120711563
20/06/2024 14:24:40;;1,0127258300781;10,701751963492;390,89412811388;3,157367307217;4762,7190160833;0,8695652173913;3912,8099352052;;108,71673819742;215,65184243964
20/06/2024 14:24:50;;0,99826049804688;10,629820723285;390,89501779359;3,1435166199221;4762,7218543046;0,87051039697543;3912,8120950324;;108,71745350501;215,65247776366
20/06/2024 14:25:00;;1,0091094970703;10,557889483078;390,89590747331;3,1296659326272;4762,724692526;0,87145557655955;3912,8142548596;;108,71816881259;215,65311308767
20/06/2024 14:25:10;;1,0199584960938;10,485958242871;390,89679715302;3,1158152453323;4762,7275307474;0,87240075614367;3912,8164146868;;108,71888412017;215,65374841169
20/06/2024 14:25:20;;1,0416564941406;10,414027002664;390,89768683274;3,1019645580374;4762,7303689688;0,87334593572779;3912,818574514;;108,71959942775;215,65438373571
20/06/2024 14:25:30;;0,99826049804688;10,342095762456;390,89857651246;3,0881138707425;4762,7332071902;0,87429111531191;3912,8207343413;;108,72031473534;215,65501905972
20/06/2024 14:25:40;;1,0416564941406;10,270164522249;390,89946619217;3,0742631834476;4762,7360454115;0,87523629489603;3912,8228941685;;108,72103004292;215,65565438374
20/06/2024 14:25:50;;1,0199584960938;10,198233282042;390,90035587189;3,0604124961527;4762,7388836329;0,87618147448015;3912,8250539957;;108,7217453505;215,65628970775
20/06/2024 14:26:00;;0,99826049804688;10,126302041835;390,9012455516;3,0465618088578;4762,7417218543;0,87712665406427;3912,8272138229;;108,72246065808;215,65692503177
20/06/2024 14:26:10;;1,0416564941406;10,054370801628;390,90213523132;3,0327111215629;4762,7445600757;0,87807183364839;3912,8293736501;;108,72317596567;215,65756035578
20/06/2024 14:26:20;;0,99826049804688;9,9824395614203;390,90302491103;3,018860434268;4762,7473982971;0,87901701323251;3912,8315334773;;108,72389127325;215,6581956798
20/06/2024 14:26:30;;1,0416564941406;9,9105083212131;390,90391459075;3,0050097469731;4762,7502365184;0,87996219281664;3912,8336933045;;108,72460658083;215,65883100381
20/06/2024 14:26:40;;0,99826049804688;9,8385770810059;390,90480427046;2,9911590596782;4762,7530747398;0,88090737240076;3912,8358531317;;108,72532188841;215,65946632783
20/06/2024 14:26:50;;1,0127258300781;9,7666458407987;390,90569395018;2,9773083723833;4762,7559129612;0,88185255198488;3912,838012959;;108,72603719599;215,66010165184
20/06/2024 14:27:00;;1,0271911621094;9,6947146005915;390,90658362989;2,9634576850884;4762,7587511826;0,882797731569;3912,8401727862;;108,72675250358;215,66073697586
20/06/2024 14:27:10;;1,0416564941406;9,6227833603842;390,90747330961;2,9496069977935;4762,761589404;0,88374291115312;3912,8423326134;;108,72746781116;215,66137229987
20/06/2024 14:27:20;;0,99826049804688;9,550852120177;390,90836298932;2,9357563104986;4762,7644276254;0,88468809073724;3912,8444924406;;108,72818311874;215,66200762389
20/06/2024 14:27:30;;1,0127258300781;9,4789208799698;390,90925266904;2,9219056232036;4762,7672658467;0,88563327032136;3912,8466522678;;108,72889842632;215,6626429479
20/06/2024 14:27:40;;1,0271911621094;9,4069896397626;390,91014234875;2,9080549359087;4762,7701040681;0,88657844990548;3912,848812095;;108,72961373391;215,66327827192
20/06/2024 14:27:50;;1,0416564941406;9,3350583995554;390,91103202847;2,8942042486138;4762,7729422895;0,8875236294896;3912,8509719222;;108,73032904149;215,66391359593
20/06/2024 14:28:00;;0,99826049804688;9,2631271593482;390,91192170819;2,8803535613189;4762,7757805109;0,88846880907372;3912,8531317495;;108,73104434907;215,66454891995
20/06/2024 14:28:10;;1,0416564941406;9,191195919141;390,9128113879;2,866502874024;4762,7786187323;0,88941398865785;3912,8552915767;;108,73175965665;215,66518424396
20/06/2024 14:28:20;;0,99826049804688;9,1192646789337;390,91370106762;2,8526521867291;4762,7814569536;0,89035916824197;3912,8574514039;;108,73247496423;215,66581956798
20/06/2024 14:28:30;;1,0054931640625;9,0473334387265;390,91459074733;2,8388014994342;4762,784295175;0,89130434782609;3912,8596112311;;108,73319027182;215,66645489199
20/06/2024 14:28:40;;1,0127258300781;8,9754021985193;390,91548042705;2,8249508121393;4762,7871333964;0,89224952741021;3912,8617710583;;108,7339055794;215,66709021601
20/06/2024 14:28:50;;1,0199584960938;8,9034709583121;390,91637010676;2,8111001248444;4762,7899716178;0,89319470699433;3912,8639308855;;108,73462088698;215,66772554003
20/06/2024 14:29:00;;1,0271911621094;8,8315397181049;390,91725978648;2,7972494375495;4762,7928098392;0,89413988657845;3912,8660907127;;108,73533619456;215,66836086404
20/06/2024 14:29:10;;1,034423828125;8,7596084778977;390,91814946619;2,7833987502546;4762,7956480605;0,89508506616257;3912,86825054;;108,73605150215;215,66899618806
20/06/2024 14:29:20;;1,0416564941406;8,6876772376905;390,91903914591;2,7695480629597;4762,7984862819;0,89603024574669;3912,8704103672;;108,73676680973;215,66963151207
20/06/2024 14:29:30;;1,0199584960938;8,6157459974833;390,91992882562;2,7556973756648;4762,8013245033;0,89697542533081;3912,8725701944;;108,73748211731;215,67026683609
20/06/2024 14:29:40;;0,99826049804688;8,543814757276;390,92081850534;2,7418466883699;4762,8041627247;0,89792060491493;3912,8747300216;;108,73819742489;215,6709021601
20/06/2024 14:29:50;;1,0416564941406;8,4718835170688;390,92170818505;2,727996001075;4762,8070009461;0,89886578449905;3912,8768898488;;108,73891273247;215,67153748412
20/06/2024 14:30:00;;0,99826049804688;8,3999522768616;390,92259786477;2,7141453137801;4762,8098391675;0,89981096408318;3912,879049676;;108,73962804006;215,67217280813
20/06/2024 14:30:10;;0,95484924316406;8,3280210366544;390,92348754448;2,7002946264852;4762,8126773888;0,9007561436673;3912,8812095032;;108,74034334764;215,67280813215
20/06/2024 14:30:20;;0,9765510559082;8,2560897964472;390,9243772242;2,6864439391902;4762,8155156102;0,90170132325142;3912,8833693305;;108,74105865522;215,67344345616
20/06/2024 14:30:30;;0,99825286865234;8,18415855624;390,92526690391;2,6725932518953;4762,8183538316;0,90264650283554;3912,8855291577;;108,7417739628;215,67407878018
20/06/2024 14:30:40;;1,0199546813965;8,1122273160328;390,92615658363;2,6587425646004;4762,821192053;0,90359168241966;3912,8876889849;;108,74248927039;215,67471410419
20/06/2024 14:30:50;;1,0416564941406;8,0402960758256;390,92704626335;2,6448918773055;4762,8240302744;0,90453686200378;3912,8898488121;;108,74320457797;215,67534942821
20/06/2024 14:31:00;;1,0271911621094;7,9683648356183;390,92793594306;2,6310411900106;4762,8268684957;0,9054820415879;3912,8920086393;;108,74391988555;215,67598475222
20/06/2024 14:31:10;;1,0127258300781;7,8964335954111;390,92882562278;2,6171905027157;4762,8297067171;0,90642722117202;3912,8941684665;;108,74463519313;215,67662007624
20/06/2024 14:31:20;;0,99826049804688;7,8245023552039;390,92971530249;2,6033398154208;4762,8325449385;0,90737240075614;3912,8963282937;;108,74535050072;215,67725540025
20/06/2024 14:31:30;;1,0416564941406;7,7525711149967;390,93060498221;2,5894891281259;4762,8353831599;0,90831758034026;3912,898488121;;108,7460658083;215,67789072427
20/06/2024 14:31:40;;1,0199584960938;7,6806398747895;390,93149466192;2,575638440831;4762,8382213813;0,90926275992439;3912,9006479482;;108,74678111588;215,67852604828
20/06/2024 14:31:50;;0,99826049804688;7,6087086345823;390,93238434164;2,5617877535361;4762,8410596026;0,91020793950851;3912,9028077754;;108,74749642346;215,6791613723
20/06/2024 14:32:00;;0,98957824707031;7,5367773943751;390,93327402135;2,5479370662412;4762,843897824;0,91115311909263;3912,9049676026;;108,74821173104;215,67979669632
20/06/2024 14:32:10;;0,98089599609375;7,4648461541678;390,93416370107;2,5340863789463;4762,8467360454;0,91209829867675;3912,9071274298;;108,74892703863;215,68043202033
20/06/2024 14:32:20;;0,97221374511719;7,3929149139606;390,93505338078;2,5202356916514;4762,8495742668;0,91304347826087;3912,909287257;;108,74964234621;215,68106734435
20/06/2024 14:32:30;;0,96353149414063;7,3209836737534;390,9359430605;2,5063850043565;4762,8524124882;0,91398865784499;3912,9114470842;;108,75035765379;215,68170266836
20/06/2024 14:32:40;;0,95484924316406;7,2490524335462;390,93683274021;2,4925343170616;4762,8552507096;0,91493383742911;3912,9136069114;;108,75107296137;215,68233799238
20/06/2024 14:32:50;;0,99826049804688;7,177121193339;390,93772241993;2,4786836297667;4762,8580889309;0,91587901701323;3912,9157667387;;108,75178826896;215,68297331639
20/06/2024 14:33:00;;1,0199584960938;7,1051899531318;390,93861209964;2,4648329424718;4762,8609271523;0,91682419659735;3912,9179265659;;108,75250357654;215,68360864041
20/06/2024 14:33:10;;1,0416564941406;7,0332587129246;390,93950177936;2,4509822551769;4762,8637653737;0,91776937618147;3912,9200863931;;108,75321888412;215,68424396442
20/06/2024 14:33:20;;1,0850677490234;6,9613274727173;390,94039145907;2,4371315678819;4762,8666035951;0,9187145557656;3912,9222462203;;108,7539341917;215,68487928844
20/06/2024 14:33:30;;1,063362121582;6,8893962325101;390,94128113879;2,423280880587;4762,8694418165;0,91965973534972;3912,9244060475;;108,75464949928;215,68551461245
20/06/2024 14:33:40;;1,0416564941406;6,8174649923029;390,94217081851;2,4094301932921;4762,8722800378;0,92060491493384;3912,9265658747;;108,75536480687;215,68614993647
20/06/2024 14:33:50;;1,0199584960938;6,7455337520957;390,94306049822;2,3955795059972;4762,8751182592;0,92155009451796;3912,9287257019;;108,75608011445;215,68678526048
20/06/2024 14:34:00;;1,0091094970703;6,6736025118885;390,94395017794;2,3817288187023;4762,8779564806;0,92249527410208;3912,9308855292;;108,75679542203;215,6874205845
20/06/2024 14:34:10;;0,99826049804688;6,6016712716813;390,94483985765;2,3678781314074;4762,880794702;0,9234404536862;3912,9330453564;;108,75751072961;215,68805590851
20/06/2024 14:34:20;;1,0416564941406;6,5297400314741;390,94572953737;2,3540274441125;4762,8836329234;0,92438563327032;3912,9352051836;;108,7582260372;215,68869123253
20/06/2024 14:34:30;;1,0308074951172;6,4578087912669;390,94661921708;2,3401767568176;4762,8864711447;0,92533081285444;3912,9373650108;;108,75894134478;215,68932655654
20/06/2024 14:34:40;;1,0199584960938;6,3858775510596;390,9475088968;2,3263260695227;4762,8893093661;0,92627599243856;3912,939524838;;108,75965665236;215,68996188056
20/06/2024 14:34:50;;1,0091094970703;6,3139463108524;390,94839857651;2,3124753822278;4762,8921475875;0,92722117202268;3912,9416846652;;108,76037195994;215,69059720457
20/06/2024 14:35:00;;0,99826049804688;6,2420150706452;390,94928825623;2,2986246949329;4762,8949858089;0,92816635160681;3912,9438444924;;108,76108726753;215,69123252859
20/06/2024 14:35:10;;1,0416564941406;6,170083830438;390,95017793594;2,284774007638;4762,8978240303;0,92911153119093;3912,9460043197;;108,76180257511;215,6918678526
20/06/2024 14:35:20;;1,0199584960938;6,0981525902308;390,95106761566;2,2709233203431;4762,9006622517;0,93005671077505;3912,9481641469;;108,76251788269;215,69250317662
20/06/2024 14:35:30;;0,99826049804688;6,0262213500236;390,95195729537;2,2570726330482;4762,903500473;0,93100189035917;3912,9503239741;;108,76323319027;215,69313850064
20/06/2024 14:35:40;;1,0091094970703;5,9542901098164;390,95284697509;2,2432219457533;4762,9063386944;0,93194706994329;3912,9524838013;;108,76394849785;215,69377382465
20/06/2024 14:35:50;;1,0199584960938;5,8823588696091;390,9537366548;2,2293712584584;4762,9091769158;0,93289224952741;3912,9546436285;;108,76466380544;215,69440914867
20/06/2024 14:36:00;;1,0308074951172;5,8104276294019;390,95462633452;2,2155205711635;4762,9120151372;0,93383742911153;3912,9568034557;;108,76537911302;215,69504447268
20/06/2024 14:36:10;;1,0416564941406;5,7384963891947;390,95551601423;2,2016698838685;4762,9148533586;0,93478260869565;3912,9589632829;;108,7660944206;215,6956797967
20/06/2024 14:36:20;;1,0199584960938;5,6665651489875;390,95640569395;2,1878191965736;4762,9176915799;0,93572778827977;3912,9611231102;;108,76680972818;215,69631512071
20/06/2024 14:36:30;;0,99826049804688;5,5946339087803;390,95729537367;2,1739685092787;4762,9205298013;0,93667296786389;3912,9632829374;;108,76752503577;215,69695044473
20/06/2024 14:36:40;;1,0036849975586;5,5227026685731;390,95818505338;2,1601178219838;4762,9233680227;0,93761814744802;3912,9654427646;;108,76824034335;215,69758576874
20/06/2024 14:36:50;;1,0091094970703;5,4507714283659;390,9590747331;2,1462671346889;4762,9262062441;0,93856332703214;3912,9676025918;;108,76895565093;215,69822109276
20/06/2024 14:37:00;;1,014533996582;5,3788401881586;390,95996441281;2,132416447394;4762,9290444655;0,93950850661626;3912,969762419;;108,76967095851;215,69885641677
20/06/2024 14:37:10;;1,0199584960938;5,3069089479514;390,96085409253;2,1185657600991;4762,9318826868;0,94045368620038;3912,9719222462;;108,77038626609;215,69949174079
20/06/2024 14:37:20;;1,0416564941406;5,2349777077442;390,96174377224;2,1047150728042;4762,9347209082;0,9413988657845;3912,9740820734;;108,77110157368;215,7001270648
20/06/2024 14:37:30;;1,0850677490234;5,163046467537;390,96263345196;2,0908643855093;4762,9375591296;0,94234404536862;3912,9762419006;;108,77181688126;215,70076238882
20/06/2024 14:37:40;;1,1067657470703;5,0911152273298;390,96352313167;2,0770136982144;4762,940397351;0,94328922495274;3912,9784017279;;108,77253218884;215,70139771283
20/06/2024 14:37:50;;1,1718597412109;5,0191839871226;390,96441281139;2,0631630109195;4762,9432355724;0,94423440453686;3912,9805615551;;108,77324749642;215,70203303685
20/06/2024 14:38:00;;1,2369689941406;4,9472527469154;390,9653024911;2,0493123236246;4762,9460737938;0,94517958412098;3912,9827213823;;108,77396280401;215,70266836086
20/06/2024 14:38:10;;1,3020782470703;4,8753215067082;390,96619217082;2,0354616363297;4762,9489120151;0,9461247637051;3912,9848812095;;108,77467811159;215,70330368488
20/06/2024 14:38:20;;9,8958282470703;4,8033902665009;390,96708185053;2,0216109490348;4762,9517502365;0,94706994328923;3912,9870410367;;108,77539341917;215,70393900889
20/06/2024 14:38:30;;57,55207824707;4,7314590262937;390,96797153025;2,0077602617399;4762,9545884579;0,94801512287335;3912,9892008639;;108,77610872675;215,70457433291
20/06/2024 14:38:40;;78,754318237305;4,6595277860865;390,96886120996;1,993909574445;4762,9574266793;0,94896030245747;3912,9913606911;;108,77682403433;215,70520965693
20/06/2024 14:38:50;;72,048599243164;4,5875965458793;390,96975088968;1,9800588871501;4762,9602649007;0,94990548204159;3912,9935205184;;108,77753934192;215,70584498094
20/06/2024 14:39:00;;66,40625;4,5156653056721;390,9706405694;1,9662081998552;4762,963103122;0,95085066162571;3912,9956803456;;108,7782546495;215,70648030496
20/06/2024 14:39:10;;61,740447998047;4,4437340654649;390,97153024911;1,9523575125602;4762,9659413434;0,95179584120983;3912,9978401728;;108,77896995708;215,70711562897
20/06/2024 14:39:20;;57,139755249023;4,3718028252577;390,97241992883;1,9385068252653;4762,9687795648;0,95274102079395;3913;;108,77968526466;215,70775095299
20/06/2024 14:39:30;;54,774291992188;4,2998715850505;390,97330960854;1,9246561379704;4762,9716177862;0,95368620037807;3913,0833333333;;108,78040057225;215,708386277
20/06/2024 14:39:40;;56,488708496094;4,2279403448432;390,97419928826;1,9108054506755;4762,9744560076;0,95463137996219;3913,1666666667;;108,78111587983;215,70902160102
20/06/2024 14:39:50;;59,027770996094;4,156009104636;390,97508896797;1,8969547633806;4762,977294229;0,95557655954631;3913,25;;108,78183118741;215,70965692503
20/06/2024 14:40:00;;59,939239501953;4,0840778644288;390,97597864769;1,8831040760857;4762,9801324503;0,95652173913043;3913,3333333333;;108,78254649499;215,71029224905
20/06/2024 14:40:10;;59,939224243164;4,0121466242216;390,9768683274;1,8692533887908;4762,9829706717;0,95746691871456;3913,4166666667;;108,78326180258;215,71092757306
20/06/2024 14:40:20;;58,984359741211;3,9402153840144;390,97775800712;1,8554027014959;4762,9858088931;0,95841209829868;3913,5;;108,78397711016;215,71156289708
20/06/2024 14:40:30;;58,420135498047;3,8682841438072;390,97864768683;1,841552014201;4762,9886471145;0,9593572778828;3913,5833333333;;108,78469241774;215,71219822109
20/06/2024 14:40:40;;57,942687988281;3,7963529036;390,97953736655;1,8277013269061;4762,9914853359;0,96030245746692;3913,6666666667;;108,78540772532;215,71283354511
20/06/2024 14:40:50;;57,118041992188;3,7244216633927;390,98042704626;1,8138506396112;4762,9943235572;0,96124763705104;3913,75;;108,7861230329;215,71346886912
20/06/2024 14:41:00;;56,727416992188;3,6524904231855;390,98131672598;1,7999999523163;4762,9971617786;0,96219281663516;3913,8333333333;;108,78683834049;215,71410419314
20/06/2024 14:41:10;;54,166656494141;3,5805591829783;390,98220640569;9,1000003814697;4763;0,96313799621928;3913,9166666667;;108,78755364807;215,71473951715
20/06/2024 14:41:20;;51,280372619629;3,5086279427711;390,98309608541;12,10000038147;4763,075;0,9640831758034;3914;;108,78826895565;215,71537484117
20/06/2024 14:41:30;;58,550323486328;3,4366967025639;390,98398576512;13,300000190735;4763,15;0,96502835538752;3914,0833333333;;108,78898426323;215,71601016518
20/06/2024 14:41:40;;60,438354492188;3,3647654623567;390,98487544484;14,5;4763,225;0,96597353497164;3914,1666666667;;108,78969957082;215,7166454892
20/06/2024 14:41:50;;58,91926574707;3,2928342221495;390,98576512456;15,25;4763,3;0,96691871455577;3914,25;;108,7904148784;215,71728081321
20/06/2024 14:42:00;;61,024291992188;3,2209029819423;390,98665480427;16;4763,375;0,96786389413989;3914,3333333333;;108,79113018598;215,71791613723
20/06/2024 14:42:10;;63,802062988281;3,148971741735;390,98754448399;17,10000038147;4763,45;0,96880907372401;3914,4166666667;;108,79184549356;215,71855146125
20/06/2024 14:42:20;;67,317687988281;3,0770405015278;390,9884341637;19,5;4763,525;0,96975425330813;3914,5;;108,79256080114;215,71918678526
20/06/2024 14:42:30;;70,052062988281;3,0051092613206;390,98932384342;22,200000762939;4763,6;0,97069943289225;3914,5833333333;;108,79327610873;215,71982210928
20/06/2024 14:42:40;;73,741317749023;2,9331780211134;390,99021352313;25,299999237061;4763,675;0,97164461247637;3914,6666666667;;108,79399141631;215,72045743329
20/06/2024 14:42:50;;73,719604492188;2,8612467809062;390,99110320285;25,049999237061;4763,75;0,97258979206049;3914,75;;108,79470672389;215,72109275731
20/06/2024 14:43:00;;73,394073486328;2,789315540699;390,99199288256;24,799999237061;4763,825;0,97353497164461;3914,8333333333;;108,79542203147;215,72172808132
20/06/2024 14:43:10;;72,786437988281;2,7173843004918;390,99288256228;24,89999961853;4763,9;0,97448015122873;3914,9166666667;;108,79613733906;215,72236340534
20/06/2024 14:43:20;;72,048614501953;2,6454530602846;390,99377224199;24,849999427795;4763,975;0,97542533081285;3915;;108,79685264664;215,72299872935
20/06/2024 14:43:30;;71,484375;2,5735218200773;390,99466192171;24,799999237061;4764,05;0,97637051039698;3915,0833333333;;108,79756795422;215,72363405337
20/06/2024 14:43:40;;70,551208496094;2,5015905798701;390,99555160142;24,700000762939;4764,125;0,9773156899811;3915,1666666667;;108,7982832618;215,72426937738
20/06/2024 14:43:50;;69,835067749023;2,4296593396629;390,99644128114;24,650000572205;4764,2;0,97826086956522;3915,25;;108,79899856938;215,7249047014
20/06/2024 14:44:00;;69,357635498047;2,3577280994557;390,99733096085;24,60000038147;4764,275;0,97920604914934;3915,3333333333;;108,79971387697;215,72554002541
20/06/2024 14:44:10;;68,511276245117;2,2857968592485;390,99822064057;24,449999809265;4764,35;0,98015122873346;3915,4166666667;;108,80042918455;215,72617534943
20/06/2024 14:44:20;;67,751724243164;2,2138656190413;390,99911032028;24,299999237061;4764,425;0,98109640831758;3915,5;;108,80114449213;215,72681067344
20/06/2024 14:44:30;;67,534698486328;2,1419343788341;391;24,25;4764,5;0,9820415879017;3915,5833333333;;108,80185979971;215,72744599746
20/06/2024 14:44:40;;66,861968994141;2,0700031386268;391,00869565217;24,200000762939;4764,575;0,98298676748582;3915,6666666667;;108,8025751073;215,72808132147
20/06/2024 14:44:50;;66,493041992188;1,9980718984196;391,01739130435;24,10000038147;4764,65;0,98393194706994;3915,75;;108,80329041488;215,72871664549
20/06/2024 14:45:00;;65,75520324707;1,9261406582124;391,02608695652;24;4764,725;0,98487712665406;3915,8333333333;;108,80400572246;215,7293519695
20/06/2024 14:45:10;;65,451370239258;1,8542094180052;391,0347826087;23,949999809265;4764,8;0,98582230623819;3915,9166666667;;108,80472103004;215,72998729352
20/06/2024 14:45:20;;64,887145996094;1,782278177798;391,04347826087;23,89999961853;4764,875;0,98676748582231;3916;;108,80543633763;215,73062261753
20/06/2024 14:45:30;;64,930541992188;1,7103469375908;391,05217391304;23,949999809265;4764,95;0,98771266540643;3916,0333333333;;108,80615164521;215,73125794155
20/06/2024 14:45:40;;64,409698486328;1,6384156973836;391,06086956522;24;4765,025;0,98865784499055;3916,0666666667;;108,80686695279;215,73189326557
20/06/2024 14:45:50;;64,127593994141;1,5664844571763;391,06956521739;23,700000762939;4765,1;0,98960302457467;3916,1;;108,80758226037;215,73252858958
20/06/2024 14:46:00;;64,192687988281;1,4945532169691;391,07826086957;23,60000038147;4765,175;0,99054820415879;3916,1333333333;;108,80829756795;215,7331639136
20/06/2024 14:46:10;;64,908843994141;1,4226219767619;391,08695652174;23,550000190735;4765,25;0,99149338374291;3916,1666666667;;108,80901287554;215,73379923761
20/06/2024 14:46:20;;66,167526245117;1,3506907365547;391,09565217391;23,5;4765,325;0,99243856332703;3916,2;;108,80972818312;215,73443456163
20/06/2024 14:46:30;;67,361114501953;1,2787594963475;391,10434782609;23,525000095367;4765,4;0,99338374291115;3916,2333333333;;108,8104434907;215,73506988564
20/06/2024 14:46:40;;68,619781494141;1,2068282561403;391,11304347826;23,550000190735;4765,475;0,99432892249527;3916,2666666667;;108,81115879828;215,73570520966
20/06/2024 14:46:50;;70,269073486328;1,1348970159331;391,12173913043;23,575000286102;4765,55;0,9952741020794;3916,3;;108,81187410587;215,73634053367
20/06/2024 14:47:00;;71,614562988281;1,0629657757259;391,13043478261;23,60000038147;4765,625;0,99621928166352;3916,3333333333;;108,81258941345;215,73697585769
20/06/2024 14:47:10;;73,090270996094;0,99103453551864;391,13913043478;23,89999961853;4765,7;0,99716446124764;3916,3666666667;;108,81330472103;215,7376111817
20/06/2024 14:47:20;;73,719604492188;0,91910329531143;391,14782608696;23,849999427795;4765,775;0,99810964083176;3916,4;;108,81402002861;215,73824650572
20/06/2024 14:47:30;;74,435760498047;0,84717205510421;391,15652173913;23,799999237061;4765,85;0,99905482041588;3916,4333333333;;108,81473533619;215,73888182973
20/06/2024 14:47:40;;75,368911743164;0,775240814897;391,1652173913;23,849999427795;4765,925;1;3916,4666666667;;108,81545064378;215,73951715375
20/06/2024 14:47:50;;75,998260498047;0,70330957468978;391,17391304348;23,89999961853;4766;1,0909090909091;3916,5;;108,81616595136;215,74015247776
20/06/2024 14:48:00;;76,236968994141;0,63137833448258;391,18260869565;24,050000190735;4766,0789473684;1,1818181818182;3916,5333333333;;108,81688125894;215,74078780178
20/06/2024 14:48:10;;75,976547241211;0,55944709427536;391,19130434783;24,200000762939;4766,1578947368;1,2727272727273;3916,5666666667;;108,81759656652;215,74142312579
20/06/2024 14:48:20;;75,499114990234;0,48751585406815;391,2;24,214286259242;4766,2368421053;1,3636363636364;3916,6;;108,81831187411;215,74205844981
20/06/2024 14:48:30;;75,564239501953;0,41558461386093;391,20869565217;24,228571755545;4766,3157894737;1,4545454545455;3916,6333333333;;108,81902718169;215,74269377382
20/06/2024 14:48:40;;75,52082824707;0,34365337365372;391,21739130435;24,242857251848;4766,3947368421;1,5454545454545;3916,6666666667;;108,81974248927;215,74332909784
20/06/2024 14:48:50;;75,824645996094;0,2717221334465;391,22608695652;24,257142748152;4766,4736842105;1,6363636363636;3916,7;;108,82045779685;215,74396442186
20/06/2024 14:49:00;;75,78125;0,1997908932393;391,2347826087;24,271428244455;4766,5526315789;1,7272727272727;3916,7333333333;;108,82117310443;215,74459974587
20/06/2024 14:49:10;;75,52082824707;0,12785965303208;391,24347826087;24,285713740758;4766,6315789474;1,8181818181818;3916,7666666667;;108,82188841202;215,74523506989
20/06/2024 14:49:20;;75,477416992188;0,055928412824869;391,25217391304;24,299999237061;4766,7105263158;1,9090909090909;3916,8;;108,8226037196;215,7458703939
20/06/2024 14:49:30;;75,130187988281;0,057087402790785;391,26086956522;24,39999961853;4766,7894736842;2;3916,8333333333;;108,82331902718;215,74650571792
20/06/2024 14:49:40;;74,761276245117;0,27993234992027;391,26956521739;24,200000762939;4766,8684210526;2,25;3916,8666666667;;108,82403433476;215,74714104193
20/06/2024 14:49:50;;74,609375;39,07192723453;391,27826086957;24,233333587646;4766,9473684211;2,5;3916,9;;108,82474964235;215,74777636595
20/06/2024 14:50:00;;74,283843994141;77,863922119141;391,28695652174;24,266666412354;4767,0263157895;2,75;3916,9333333333;;108,82546494993;215,74841168996
20/06/2024 14:50:10;;74,197036743164;53,783428192139;391,29565217391;24,299999237061;4767,1052631579;3;3916,9666666667;;108,82618025751;215,74904701398
20/06/2024 14:50:20;;73,741302490234;0,33422458171844;391,30434782609;24,199999809265;4767,1842105263;3,3333333333333;3917;;108,82689556509;215,74968233799
20/06/2024 14:50:30;;73,56770324707;0,055383257567883;391,31304347826;24,10000038147;4767,2631578947;3,6666666666667;3917,1052631579;;108,82761087268;215,75031766201
20/06/2024 14:50:40;;73,307281494141;0,056957338005304;391,32173913043;24,03333346049;4767,3421052632;4;3917,2105263158;;108,82832618026;215,75095298602
20/06/2024 14:50:50;;73,133666992188;1,0087603200227;391,33043478261;23,96666653951;4767,4210526316;4,3333333333333;3917,3157894737;;108,82904148784;215,75158831004
20/06/2024 14:51:00;;72,612838745117;1,9605633020401;391,33913043478;23,89999961853;4767,5;4,6666666666667;3917,4210526316;;108,82975679542;215,75222363405
20/06/2024 14:51:10;;72,439239501953;0,055819146335125;391,34782608696;23,949999809265;4767,5789473684;5;3917,5263157895;;108,830472103;215,75285895807
20/06/2024 14:51:20;;72,222213745117;0,056116726249456;391,35652173913;24;4767,6578947368;5,3333333333333;3917,6315789474;;108,83118741059;215,75349428208
20/06/2024 14:51:30;;72,092010498047;0,056104131042957;391,3652173913;23,940000152588;4767,7368421053;5,6666666666667;3917,7368421053;;108,83190271817;215,7541296061
20/06/2024 14:51:40;;71,506072998047;0,055887777358294;391,37391304348;23,880000305176;4767,8157894737;6;3917,8421052632;;108,83261802575;215,75476493011
20/06/2024 14:51:50;;71,180541992188;0,05590184032917;391,38260869565;23,820000457764;4767,8947368421;6,25;3917,9473684211;;108,83333333333;215,75540025413
20/06/2024 14:52:00;;70,789916992188;0,055915903300047;391,39130434783;23,760000610352;4767,9736842105;6,5;3918,0526315789;;108,83404864092;215,75603557814
20/06/2024 14:52:10;;69,900161743164;0,056075811386108;391,4;23,700000762939;4768,0526315789;6,75;3918,1578947368;;108,8347639485;215,75667090216
20/06/2024 14:52:20;;69,574645996094;0,056246131658554;391,40869565217;23,5;4768,1315789474;7;3918,2631578947;;108,83547925608;215,75730622618
20/06/2024 14:52:30;;69,379318237305;0,056692555546761;391,41739130435;23,299999237061;4768,2105263158;7,5;3918,3684210526;;108,83619456366;215,75794155019
20/06/2024 14:52:40;;68,619781494141;0,056789144873619;391,42608695652;23,200000762939;4768,2894736842;8;3918,4736842105;;108,83690987124;215,75857687421
20/06/2024 14:52:50;;68,402770996094;0,057000327855349;391,4347826087;22,799999237061;4768,3684210526;8,3333333333333;3918,5789473684;;108,83762517883;215,75921219822
20/06/2024 14:53:00;;68,207443237305;0,057211510837078;391,44347826087;22,64999961853;4768,4473684211;8,6666666666667;3918,6842105263;;108,83834048641;215,75984752224
20/06/2024 14:53:10;;68,012145996094;0,057813495397568;391,45217391304;22,5;4768,5263157895;9;3918,7894736842;;108,83905579399;215,76048284625
20/06/2024 14:53:20;;68,120651245117;0,058390751481056;391,46086956522;22,299999237061;4768,6052631579;9,25;3918,8947368421;;108,83977110157;215,76111817027
20/06/2024 14:53:30;;68,185760498047;0,05903884768486;391,46956521739;22;4768,6842105263;9,5;3919;;108,84048640916;215,76175349428
20/06/2024 14:53:40;;68,250854492188;7,7096166610718;391,47826086957;21,89999961853;4768,7631578947;9,75;3919,1052631579;;108,84120171674;215,7623888183
20/06/2024 14:53:50;;68,098937988281;28,540605545044;391,48695652174;21,700000762939;4768,8421052632;10;3919,2105263158;;108,84191702432;215,76302414231
20/06/2024 14:54:00;;68,337661743164;41,657101631165;391,49565217391;21,650000572205;4768,9210526316;10,5;3919,3157894737;;108,8426323319;215,76365946633
20/06/2024 14:54:10;;68,532989501953;54,773597717285;391,50434782609;21,60000038147;4769;11;3919,4210526316;;108,84334763948;215,76429479034
20/06/2024 14:54:20;;68,663192749023;66,259834289551;391,51304347826;21,5;4769,0731707317;11,25;3919,5263157895;;108,84406294707;215,76493011436
20/06/2024 14:54:30;;68,619781494141;59,364654541016;391,52173913043;21,39999961853;4769,1463414634;11,5;3919,6315789474;;108,84477825465;215,76556543837
20/06/2024 14:54:40;;69,075500488281;81,925354003906;391,53043478261;21,299999237061;4769,2195121951;11,75;3919,7368421053;;108,84549356223;215,76620076239
20/06/2024 14:54:50;;69,748260498047;103,65002441406;391,53913043478;21,5;4769,2926829268;12;3919,8421052632;;108,84620886981;215,7668360864
20/06/2024 14:55:00;;71,354156494141;100,97183609009;391,54782608696;21,550000190735;4769,3658536585;12,333333333333;3919,9473684211;;108,8469241774;215,76747141042
20/06/2024 14:55:10;;73,893218994141;98,293647766113;391,55652173913;21,60000038147;4769,4390243902;12,666666666667;3920,0526315789;;108,84763948498;215,76810673443
20/06/2024 14:55:20;;73,480895996094;112,79933166504;391,5652173913;21,700000762939;4769,512195122;13;3920,1578947368;;108,84835479256;215,76874205845
20/06/2024 14:55:30;;72,178802490234;94,135353088379;391,57391304348;21,89999961853;4769,5853658537;13,5;3920,2631578947;;108,84907010014;215,76937738247
20/06/2024 14:55:40;;71,918395996094;88,372955322266;391,58260869565;22,10000038147;4769,6585365854;14;3920,3684210526;;108,84978540773;215,77001270648
20/06/2024 14:55:50;;72,482620239258;92,560317993164;391,59130434783;22,39999961853;4769,7317073171;14,25;3920,4736842105;;108,85050071531;215,7706480305
20/06/2024 14:56:00;;72,526031494141;88,030582427979;391,6;22,449999809265;4769,8048780488;14,5;3920,5789473684;;108,85121602289;215,77128335451
20/06/2024 14:56:10;;72,135406494141;83,500846862793;391,60869565217;22,5;4769,8780487805;14,75;3920,6842105263;;108,85193133047;215,77191867853
20/06/2024 14:56:20;;71,180541992188;59,732444763184;391,61739130435;22,700000762939;4769,9512195122;15;3920,7894736842;;108,85264663805;215,77255400254
20/06/2024 14:56:30;;70,269073486328;55,525524139404;391,62608695652;22,799999237061;4770,0243902439;15,333333333333;3920,8947368421;;108,85336194564;215,77318932656
20/06/2024 14:56:40;;69,3359375;50,72159576416;391,6347826087;22,75;4770,0975609756;15,666666666667;3921;;108,85407725322;215,77382465057
20/06/2024 14:56:50;;68,120635986328;44,019138336182;391,64347826087;22,700000762939;4770,1707317073;16;3921,0714285714;;108,8547925608;215,77445997459
20/06/2024 14:57:00;;67,057281494141;46,241918563843;391,65217391304;22,5;4770,243902439;16,333333333333;3921,1428571429;;108,85550786838;215,7750952986
20/06/2024 14:57:10;;65,755187988281;48,464698791504;391,66086956522;22,299999237061;4770,3170731707;16,666666666667;3921,2142857143;;108,85622317597;215,77573062262
20/06/2024 14:57:20;;65,060760498047;62,826694488525;391,66956521739;22,14999961853;4770,3902439024;17;3921,2857142857;;108,85693848355;215,77636594663
20/06/2024 14:57:30;;64,583312988281;74,477516174316;391,67826086957;22;4770,4634146341;17,333333333333;3921,3571428571;;108,85765379113;215,77700127065
20/06/2024 14:57:40;;64,062484741211;83,066581726074;391,68695652174;21,60000038147;4770,5365853659;17,666666666667;3921,4285714286;;108,85836909871;215,77763659466
20/06/2024 14:57:50;;63,888885498047;88,867713928223;391,69565217391;21,449999809265;4770,6097560976;18;3921,5;;108,85908440629;215,77827191868
20/06/2024 14:58:00;;63,780364990234;78,514694213867;391,70434782609;21,299999237061;4770,6829268293;18,333333333333;3921,5714285714;;108,85979971388;215,77890724269
20/06/2024 14:58:10;;64,062484741211;68,161674499512;391,71304347826;21;4770,756097561;18,666666666667;3921,6428571429;;108,86051502146;215,77954256671
20/06/2024 14:58:20;;64,149291992188;84,453872680664;391,72173913043;20,700000762939;4770,8292682927;19;3921,7142857143;;108,86123032904;215,78017789072
20/06/2024 14:58:30;;64,735244750977;80,970001220703;391,73043478261;20,799999237061;4770,9024390244;19,333333333333;3921,7857142857;;108,86194563662;215,78081321474
20/06/2024 14:58:40;;65,147552490234;81,042594909668;391,73913043478;20,849999427795;4770,9756097561;19,666666666667;3921,8571428571;;108,86266094421;215,78144853875
20/06/2024 14:58:50;;66,015609741211;91,247436523438;391,74782608696;20,89999961853;4771,0487804878;20;3921,9285714286;;108,86337625179;215,78208386277
20/06/2024 14:59:00;;67,035583496094;80,266967773438;391,75652173913;21;4771,1219512195;20,333333333333;3922;;108,86409155937;215,78271918679
20/06/2024 14:59:10;;67,491302490234;76,199459075928;391,7652173913;21,10000038147;4771,1951219512;20,666666666667;3922,0714285714;;108,86480686695;215,7833545108
20/06/2024 14:59:20;;67,925338745117;72,131950378418;391,77391304348;21,200000762939;4771,2682926829;21;3922,1428571429;;108,86552217454;215,78398983482
20/06/2024 14:59:30;;67,751724243164;53,916065216064;391,78260869565;21,299999237061;4771,3414634146;21,25;3922,2142857143;;108,86623748212;215,78462515883
20/06/2024 14:59:40;;67,274291992188;38,80931854248;391,79130434783;21,700000762939;4771,4146341463;21,5;3922,2857142857;;108,8669527897;215,78526048285
20/06/2024 14:59:50;;66,927062988281;34,901847839355;391,8;21,650000572205;4771,487804878;21,75;3922,3571428571;;108,86766809728;215,78589580686
20/06/2024 15:00:00;;66,579864501953;32,752811431885;391,80869565217;21,60000038147;4771,5609756098;22;3922,4285714286;;108,86838340486;215,78653113088
20/06/2024 15:00:10;;66,232635498047;36,329372406006;391,81739130435;21,89999961853;4771,6341463415;22,5;3922,5;;108,86909871245;215,78716645489
20/06/2024 15:00:20;;65,885406494141;39,905933380127;391,82608695652;21,799999237061;4771,7073170732;23;3922,5714285714;;108,86981402003;215,78780177891
20/06/2024 15:00:30;;65,841995239258;55,378658294678;391,8347826087;21,39999961853;4771,7804878049;23,25;3922,6428571429;;108,87052932761;215,78843710292
20/06/2024 15:00:40;;66,124130249023;67,874114990234;391,84347826087;21,5;4771,8536585366;23,5;3922,7142857143;;108,87124463519;215,78907242694
20/06/2024 15:00:50;;66,189239501953;99,178436279297;391,85217391304;21,449999809265;4771,9268292683;23,75;3922,7857142857;;108,87195994278;215,78970775095
20/06/2024 15:01:00;;66,536437988281;92,96932220459;391,86086956522;21,39999961853;4772;24;3922,8571428571;;108,87267525036;215,79034307497
20/06/2024 15:01:10;;66,254333496094;101,72382736206;391,86956521739;21,60000038147;4772,0731707317;24,333333333333;3922,9285714286;;108,87339055794;215,79097839898
20/06/2024 15:01:20;;66,644958496094;110,47833251953;391,87826086957;21,700000762939;4772,1463414634;24,666666666667;3923;;108,87410586552;215,791613723
20/06/2024 15:01:30;;66,927062988281;91,830085754395;391,88695652174;21,650000572205;4772,2195121951;25;3923,0714285714;;108,8748211731;215,79224904701
20/06/2024 15:01:40;;67,035583496094;101,60897827148;391,89565217391;21,60000038147;4772,2926829268;25,5;3923,1428571429;;108,87553648069;215,79288437103
20/06/2024 15:01:50;;67,317687988281;108,77510070801;391,90434782609;21,799999237061;4772,3658536585;26;3923,2142857143;;108,87625178827;215,79351969504
20/06/2024 15:02:00;;67,469604492188;90,697090148926;391,91304347826;21,949999809265;4772,4390243902;26,25;3923,2857142857;;108,87696709585;215,79415501906
20/06/2024 15:02:10;;67,708312988281;94,509273529053;391,92173913043;22,10000038147;4772,512195122;26,5;3923,3571428571;;108,87768240343;215,79479034307
20/06/2024 15:02:20;;67,534698486328;98,32145690918;391,93043478261;22,299999237061;4772,5853658537;26,75;3923,4285714286;;108,87839771102;215,79542566709
20/06/2024 15:02:30;;67,31770324707;101,18435668945;391,93913043478;22,39999961853;4772,6585365854;27;3923,5;;108,8791130186;215,79606099111
20/06/2024 15:02:40;;66,710052490234;104,29103088379;391,94782608696;22,5;4772,7317073171;27,333333333333;3923,5714285714;;108,87982832618;215,79669631512
20/06/2024 15:02:50;;65,972213745117;77,543594360352;391,95652173913;22,60000038147;4772,8048780488;27,666666666667;3923,6428571429;;108,88054363376;215,79733163914
20/06/2024 15:03:00;;64,822036743164;67,095932006836;391,9652173913;22,700000762939;4772,8780487805;28;3923,7142857143;;108,88125894134;215,79796696315
20/06/2024 15:03:10;;63,498260498047;64,602645874023;391,97391304348;22,550000190735;4772,9512195122;28,5;3923,7857142857;;108,88197424893;215,79860228717
20/06/2024 15:03:20;;62,282989501953;60,109029769897;391,98260869565;22,39999961853;4773,0243902439;29;3923,8571428571;;108,88268955651;215,79923761118
20/06/2024 15:03:30;;61,219604492188;55,615413665771;391,99130434783;22,10000038147;4773,0975609756;29,25;3923,9285714286;;108,88340486409;215,7998729352
20/06/2024 15:03:40;;60,329849243164;67,098670959473;392;22;4773,1707317073;29,5;3924;;108,88412017167;215,80050825921
20/06/2024 15:03:50;;59,722198486328;97,371253967285;392,0078125;21,89999961853;4773,243902439;29,75;3924,0487804878;;108,88483547926;215,80114358323
20/06/2024 15:04:00;;59,526901245117;108,26161956787;392,015625;21,700000762939;4773,3170731707;30;3924,0975609756;;108,88555078684;215,80177890724
20/06/2024 15:04:10;;59,548614501953;120,43115234375;392,0234375;21,39999961853;4773,3902439024;30,333333333333;3924,1463414634;;108,88626609442;215,80241423126
20/06/2024 15:04:20;;59,548599243164;131,87880706787;392,03125;21,349999427795;4773,4634146341;30,666666666667;3924,1951219512;;108,886981402;215,80304955527
20/06/2024 15:04:30;;59,635406494141;143,32646179199;392,0390625;21,299999237061;4773,5365853659;31;3924,243902439;;108,88769670959;215,80368487929
20/06/2024 15:04:40;;59,874114990234;132,8433380127;392,046875;21,39999961853;4773,6097560976;31,333333333333;3924,2926829268;;108,88841201717;215,8043202033
20/06/2024 15:04:50;;60,026031494141;136,61186218262;392,0546875;21,299999237061;4773,6829268293;31,666666666667;3924,3414634146;;108,88912732475;215,80495552732
20/06/2024 15:05:00;;60,416656494141;151,03601074219;392,0625;21,449999809265;4773,756097561;32;3924,3902439024;;108,88984263233;215,80559085133
20/06/2024 15:05:10;;60,7421875;130,42172241211;392,0703125;21,60000038147;4773,8292682927;32,333333333333;3924,4390243902;;108,89055793991;215,80622617535
20/06/2024 15:05:20;;61,024307250977;117,5195274353;392,078125;21,89999961853;4773,9024390244;32,666666666667;3924,487804878;;108,8912732475;215,80686149936
20/06/2024 15:05:30;;61,501739501953;104,6173324585;392,0859375;22,299999237061;4773,9756097561;33;3924,5365853659;;108,89198855508;215,80749682338
20/06/2024 15:05:40;;61,762145996094;145,3890838623;392,09375;22,60000038147;4774,0487804878;33,25;3924,5853658537;;108,89270386266;215,8081321474
20/06/2024 15:05:50;;62,022552490234;120,93241119385;392,1015625;22,85000038147;4774,1219512195;33,5;3924,6341463415;;108,89341917024;215,80876747141
20/06/2024 15:06:00;;62,23957824707;97,524139404297;392,109375;23,10000038147;4774,1951219512;33,75;3924,6829268293;;108,89413447783;215,80940279543
20/06/2024 15:06:10;;62,282981872559;132,10150146484;392,1171875;23,60000038147;4774,2682926829;34;3924,7317073171;;108,89484978541;215,81003811944
20/06/2024 15:06:20;;62,326385498047;118,65494918823;392,125;23,625000476837;4774,3414634146;34,5;3924,7804878049;;108,89556509299;215,81067344346
20/06/2024 15:06:30;;62,152770996094;105,20839691162;392,1328125;23,650000572205;4774,4146341463;35;3924,8292682927;;108,89628040057;215,81130876747
20/06/2024 15:06:40;;61,675338745117;83,434799194336;392,140625;23,675000667572;4774,487804878;35,333333333333;3924,8780487805;;108,89699570815;215,81194409149
20/06/2024 15:06:50;;61,024291992188;83,83861541748;392,1484375;23,700000762939;4774,5609756098;35,666666666667;3924,9268292683;;108,89771101574;215,8125794155
20/06/2024 15:07:00;;60,416656494141;85,896179199219;392,15625;23,799999237061;4774,6341463415;36;3924,9756097561;;108,89842632332;215,81321473952
20/06/2024 15:07:10;;59,613708496094;76,989227294922;392,1640625;23,766666412354;4774,7073170732;36,25;3925,0243902439;;108,8991416309;215,81385006353
20/06/2024 15:07:20;;58,72395324707;82,444549560547;392,171875;23,733333587646;4774,7804878049;36,5;3925,0731707317;;108,89985693848;215,81448538755
20/06/2024 15:07:30;;58,246520996094;87,899871826172;392,1796875;23,700000762939;4774,8536585366;36,75;3925,1219512195;;108,90057224607;215,81512071156
20/06/2024 15:07:40;;57,638870239258;86,629020690918;392,1875;23,800000190735;4774,9268292683;37;3925,1707317073;;108,90128755365;215,81575603558
20/06/2024 15:07:50;;57,052932739258;85,778617858887;392,1953125;23,89999961853;4775;37,5;3925,2195121951;;108,90200286123;215,81639135959
20/06/2024 15:08:00;;56,705718994141;100,00622558594;392,203125;23,86666615804;4775,0789473684;38;3925,2682926829;;108,90271816881;215,81702668361
20/06/2024 15:08:10;;56,597198486328;108,28001403809;392,2109375;23,83333269755;4775,1578947368;38,25;3925,3170731707;;108,90343347639;215,81766200762
20/06/2024 15:08:20;;56,467010498047;94,492713928223;392,21875;23,799999237061;4775,2368421053;38,5;3925,3658536585;;108,90414878398;215,81829733164
20/06/2024 15:08:30;;56,467010498047;101,0870552063;392,2265625;23,60000038147;4775,3157894737;38,75;3925,4146341463;;108,90486409156;215,81893265565
20/06/2024 15:08:40;;56,423614501953;107,68139648438;392,234375;23,550000190735;4775,3947368421;39;3925,4634146341;;108,90557939914;215,81956797967
20/06/2024 15:08:50;;56,293395996094;116,78604125977;392,2421875;23,5;4775,4736842105;39,333333333333;3925,512195122;;108,90629470672;215,82020330368
20/06/2024 15:09:00;;56,423599243164;102,9409866333;392,25;23,299999237061;4775,5526315789;39,666666666667;3925,5609756098;;108,90701001431;215,8208386277
20/06/2024 15:09:10;;56,727416992188;114,00172424316;392,2578125;23,349999427795;4775,6315789474;40;3925,6097560976;;108,90772532189;215,82147395172
20/06/2024 15:09:20;;56,922744750977;124,26952362061;392,265625;23,39999961853;4775,7105263158;40,5;3925,6585365854;;108,90844062947;215,82210927573
20/06/2024 15:09:30;;57,074645996094;132,81451797485;392,2734375;23,299999237061;4775,7894736842;41;3925,7073170732;;108,90915593705;215,82274459975
20/06/2024 15:09:40;;57,660583496094;141,3595123291;392,28125;23,449999809265;4775,8684210526;41,25;3925,756097561;;108,90987124464;215,82337992376
20/06/2024 15:09:50;;58,116302490234;117,66293334961;392,2890625;23,60000038147;4775,9473684211;41,5;3925,8048780488;;108,91058655222;215,82401524778
20/06/2024 15:10:00;;58,441833496094;132,58335876465;392,296875;23,550000190735;4776,0263157895;41,75;3925,8536585366;;108,9113018598;215,82465057179
20/06/2024 15:10:10;;58,897552490234;142,48089599609;392,3046875;23,5;4776,1052631579;42;3925,9024390244;;108,91201716738;215,82528589581
20/06/2024 15:10:20;;59,461791992188;124,9792098999;392,3125;23,60000038147;4776,1842105263;42,333333333333;3925,9512195122;;108,91273247496;215,82592121982
20/06/2024 15:10:30;;59,939224243164;135,03960037231;392,3203125;23,700000762939;4776,2631578947;42,666666666667;3926;;108,91344778255;215,82655654384
20/06/2024 15:10:40;;60,611968994141;145,09999084473;392,328125;23,89999961853;4776,3421052632;43;3926,0238095238;;108,91416309013;215,82719186785
20/06/2024 15:10:50;;61,111114501953;147,8490447998;392,3359375;23,839999771118;4776,4210526316;43,333333333333;3926,0476190476;;108,91487839771;215,82782719187
20/06/2024 15:11:00;;61,588531494141;125,64010620117;392,34375;23,779999923706;4776,5;43,666666666667;3926,0714285714;;108,91559370529;215,82846251588
20/06/2024 15:11:10;;62,391479492188;159,94509887695;392,3515625;23,720000076294;4776,5789473684;44;3926,0952380952;;108,91630901288;215,8290978399
20/06/2024 15:11:20;;63,237823486328;163,14002990723;392,359375;23,660000228882;4776,6578947368;44,333333333333;3926,119047619;;108,91702432046;215,82973316391
20/06/2024 15:11:30;;64,149307250977;150,87937164307;392,3671875;23,60000038147;4776,7368421053;44,666666666667;3926,1428571429;;108,91773962804;215,83036848793
20/06/2024 15:11:40;;65,473083496094;138,61871337891;392,375;23,650000572205;4776,8157894737;45;3926,1666666667;;108,91845493562;215,83100381194
20/06/2024 15:11:50;;66,40625;176,22398376465;392,3828125;23,700000762939;4776,8947368421;45,25;3926,1904761905;;108,9191702432;215,83163913596
20/06/2024 15:12:00;;67,339401245117;172,19145202637;392,390625;23,750000476837;4776,9736842105;45,5;3926,2142857143;;108,91988555079;215,83227445997
20/06/2024 15:12:10;;68,858505249023;150,65063476563;392,3984375;23,800000190735;4777,0526315789;45,75;3926,2380952381;;108,92060085837;215,83290978399
20/06/2024 15:12:20;;70,008666992188;178,17085266113;392,40625;23,849999904633;4777,1315789474;46;3926,2619047619;;108,92131616595;215,83354510801
20/06/2024 15:12:30;;70,941833496094;170,94445800781;392,4140625;23,89999961853;4777,2105263158;46,5;3926,2857142857;;108,92203147353;215,83418043202
20/06/2024 15:12:40;;72,070297241211;163,71806335449;392,421875;24;4777,2894736842;47;3926,3095238095;;108,92274678112;215,83481575604
20/06/2024 15:12:50;;73,068572998047;138,38508605957;392,4296875;24,10000038147;4777,3684210526;47,333333333333;3926,3333333333;;108,9234620887;215,83545108005
20/06/2024 15:13:00;;73,828125;125,40139007568;392,4375;24,200000762939;4777,4473684211;47,666666666667;3926,3571428571;;108,92417739628;215,83608640407
20/06/2024 15:13:10;;74,110244750977;140,38775634766;392,4453125;24,299999237061;4777,5263157895;48;3926,380952381;;108,92489270386;215,83672172808
20/06/2024 15:13:20;;74,761276245117;108,36814880371;392,453125;24,349999427795;4777,6052631579;48,25;3926,4047619048;;108,92560801144;215,8373570521
20/06/2024 15:13:30;;75,043395996094;101,69303131104;392,4609375;24,39999961853;4777,6842105263;48,5;3926,4285714286;;108,92632331903;215,83799237611
20/06/2024 15:13:40;;75,412307739258;108,06729125977;392,46875;24,36666615804;4777,7631578947;48,75;3926,4523809524;;108,92703862661;215,83862770013
20/06/2024 15:13:50;;75,737823486328;114,4415512085;392,4765625;24,33333269755;4777,8421052632;49;3926,4761904762;;108,92775393419;215,83926302414
20/06/2024 15:14:00;;76,410583496094;106,5103302002;392,484375;24,299999237061;4777,9210526316;49,5;3926,5;;108,92846924177;215,83989834816
20/06/2024 15:14:10;;76,692687988281;113,01532745361;392,4921875;24,266666412354;4778;50;3926,5238095238;;108,92918454936;215,84053367217
20/06/2024 15:14:20;;77,256927490234;126,93910217285;392,5;24,233333587646;4778,0810810811;50,333333333333;3926,5476190476;;108,92989985694;215,84116899619
20/06/2024 15:14:30;;78,3203125;123,23426818848;392,5078125;24,200000762939;4778,1621621622;50,666666666667;3926,5714285714;;108,93061516452;215,8418043202
20/06/2024 15:14:40;;79,296875;135,8424911499;392,515625;24,266667048136;4778,2432432432;51;3926,5952380952;;108,9313304721;215,84243964422
20/06/2024 15:14:50;;80,360229492188;148,45071411133;392,5234375;24,333333333333;4778,3243243243;51,25;3926,619047619;;108,93204577969;215,84307496823
20/06/2024 15:15:00;;81,814224243164;178,42512512207;392,53125;24,39999961853;4778,4054054054;51,5;3926,6428571429;;108,93276108727;215,84371029225
20/06/2024 15:15:10;;83,159698486328;205,78758239746;392,5390625;24,349999427795;4778,4864864865;51,75;3926,6666666667;;108,93347639485;215,84434561626
20/06/2024 15:15:20;;84,375;162,36988830566;392,546875;24,299999237061;4778,5675675676;52;3926,6904761905;;108,93419170243;215,84498094028
20/06/2024 15:15:30;;86,111099243164;157,36317443848;392,5546875;24,349999427795;4778,6486486486;52,5;3926,7142857143;;108,93490701001;215,84561626429
20/06/2024 15:15:40;;87,673614501953;161,16088867188;392,5625;24,39999961853;4778,7297297297;53;3926,7380952381;;108,9356223176;215,84625158831
20/06/2024 15:15:50;;88,693572998047;164,95860290527;392,5703125;24,349999427795;4778,8108108108;53,25;3926,7619047619;;108,93633762518;215,84688691233
20/06/2024 15:16:00;;90,125869750977;175,92500305176;392,578125;24,299999237061;4778,8918918919;53,5;3926,7857142857;;108,93705293276;215,84752223634
20/06/2024 15:16:10;;91,015625;185,89065551758;392,5859375;24,349999427795;4778,972972973;53,75;3926,8095238095;;108,93776824034;215,84815756036
20/06/2024 15:16:20;;92,144088745117;183,49560546875;392,59375;24,39999961853;4779,0540540541;54;3926,8333333333;;108,93848354793;215,84879288437
20/06/2024 15:16:30;;93,467880249023;166,24560546875;392,6015625;24,5;4779,1351351351;54,333333333333;3926,8571428571;;108,93919885551;215,84942820839
20/06/2024 15:16:40;;94,053802490234;161,38103485107;392,609375;24,60000038147;4779,2162162162;54,666666666667;3926,880952381;;108,93991416309;215,8500635324
20/06/2024 15:16:50;;94,791656494141;156,5164642334;392,6171875;24,700000762939;4779,2972972973;55;3926,9047619048;;108,94062947067;215,85069885642
20/06/2024 15:17:00;;95,095474243164;154,61204528809;392,625;25;4779,3783783784;55,333333333333;3926,9285714286;;108,94134477825;215,85133418043
20/06/2024 15:17:10;;95,572906494141;154,87483215332;392,6328125;24,89999961853;4779,4594594595;55,666666666667;3926,9523809524;;108,94206008584;215,85196950445
20/06/2024 15:17:20;;96,050338745117;146,13580322266;392,640625;24,799999237061;4779,5405405405;56;3926,9761904762;;108,94277539342;215,85260482846
20/06/2024 15:17:30;;96,853302001953;142,28633117676;392,6484375;24,700000762939;4779,6216216216;56,333333333333;3927;;108,943490701;215,85324015248
20/06/2024 15:17:40;;97,829864501953;144,33406066895;392,65625;24,75;4779,7027027027;56,666666666667;3927,0238095238;;108,94420600858;215,85387547649
20/06/2024 15:17:50;;98,654495239258;146,38179016113;392,6640625;24,799999237061;4779,7837837838;57;3927,0476190476;;108,94492131617;215,85451080051
20/06/2024 15:18:00;;100,10850524902;152,45385742188;392,671875;24,75;4779,8648648649;57,333333333333;3927,0714285714;;108,94563662375;215,85514612452
20/06/2024 15:18:10;;101,49739074707;160,93739318848;392,6796875;24,700000762939;4779,9459459459;57,666666666667;3927,0952380952;;108,94635193133;215,85578144854
20/06/2024 15:18:20;;102,64755249023;173,78282165527;392,6875;24,75;4780,027027027;58;3927,119047619;;108,94706723891;215,85641677255
20/06/2024 15:18:30;;104,01475524902;172,77250671387;392,6953125;24,799999237061;4780,1081081081;58,333333333333;3927,1428571429;;108,94778254649;215,85705209657
20/06/2024 15:18:40;;105,59895324707;171,49981689453;392,703125;25;4780,1891891892;58,666666666667;3927,1666666667;;108,94849785408;215,85768742058
20/06/2024 15:18:50;;106,33679199219;169,88034057617;392,7109375;25,050000190735;4780,2702702703;59;3927,1904761905;;108,94921316166;215,8583227446
20/06/2024 15:19:00;;107,2699432373;168,26086425781;392,71875;25,10000038147;4780,3513513514;59,333333333333;3927,2142857143;;108,94992846924;215,85895806861
20/06/2024 15:19:10;;108,11631774902;168,64817810059;392,7265625;25,050000190735;4780,4324324324;59,666666666667;3927,2380952381;;108,95064377682;215,85959339263
20/06/2024 15:19:20;;108,76736450195;174,37519836426;392,734375;25;4780,5135135135;60;3927,2619047619;;108,95135908441;215,86022871665
20/06/2024 15:19:30;;109,57029724121;164,80514526367;392,7421875;25,040000152588;4780,5945945946;60,25;3927,2857142857;;108,95207439199;215,86086404066
20/06/2024 15:19:40;;110,56857299805;159,54661560059;392,75;25,080000305176;4780,6756756757;60,5;3927,3095238095;;108,95278969957;215,86149936468
20/06/2024 15:19:50;;111,24130249023;157,05575561523;392,7578125;25,120000457764;4780,7567567568;60,75;3927,3333333333;;108,95350500715;215,86213468869
20/06/2024 15:20:00;;111,93574523926;154,56489562988;392,765625;25,160000610352;4780,8378378378;61;3927,3571428571;;108,95422031474;215,86277001271
20/06/2024 15:20:10;;112,99911499023;149,57470703125;392,7734375;25,200000762939;4780,9189189189;61,5;3927,380952381;;108,95493562232;215,86340533672
20/06/2024 15:20:20;;113,58505249023;144,75646972656;392,78125;25,16666730245;4781;62;3927,4047619048;;108,9556509299;215,86404066074
20/06/2024 15:20:30;;113,82377624512;146,59692382813;392,7890625;25,13333384196;4781,0256410256;62,333333333333;3927,4285714286;;108,95636623748;215,86467598475
20/06/2024 15:20:40;;114,36630249023;148,20133972168;392,796875;25,10000038147;4781,0512820513;62,666666666667;3927,4523809524;;108,95708154506;215,86531130877
20/06/2024 15:20:50;;114,86543273926;154,35639190674;392,8046875;22,949999809265;4781,0769230769;63;3927,4761904762;;108,95779685265;215,86594663278
20/06/2024 15:21:00;;75,477416992188;160,5114440918;392,8125;20,799999237061;4781,1025641026;31,5;3927,5;;108,95851216023;215,8665819568
20/06/2024 15:21:10;;132,55206298828;158,77807485646;392,8203125;20,011999268532;4781,1282051282;0;3927,5238095238;;108,95922746781;215,86721728081
20/06/2024 15:21:20;;432,24822998047;157,04470562113;392,828125;19,223999300003;4781,1538461538;0,015625;3927,5476190476;;108,95994277539;215,86785260483
20/06/2024 15:21:30;;411,43661499023;155,31133638579;392,8359375;18,435999331474;4781,1794871795;0,03125;3927,5714285714;;108,96065808298;215,86848792884
20/06/2024 15:21:40;;333,72393798828;153,57796715046;392,84375;17,647999362946;4781,2051282051;0,046875;3927,5952380952;;108,96137339056;215,86912325286
20/06/2024 15:21:50;;255,09980773926;151,84459791512;392,8515625;16,859999394417;4781,2307692308;0,0625;3927,619047619;;108,96208869814;215,86975857687
20/06/2024 15:22:00;;203,05987548828;150,11122867979;392,859375;16,071999425888;4781,2564102564;0,078125;3927,6428571429;;108,96280400572;215,87039390089
20/06/2024 15:22:10;;184,41839599609;148,37785944445;392,8671875;15,283999457359;4781,2820512821;0,09375;3927,6666666667;;108,9635193133;215,8710292249
20/06/2024 15:22:20;;195,92012023926;146,64449020912;392,875;14,495999488831;4781,3076923077;0,109375;3927,6904761905;;108,96423462089;215,87166454892
20/06/2024 15:22:30;;189,32290649414;144,91112097378;392,8828125;13,707999520302;4781,3333333333;0,125;3927,7142857143;;108,96494992847;215,87229987294
20/06/2024 15:22:40;;213,65016174316;143,17775173845;392,890625;12,919999551773;4781,358974359;0,140625;3927,7380952381;;108,96566523605;215,87293519695
20/06/2024 15:22:50;;203,51559448242;141,44438250311;392,8984375;12,131999583244;4781,3846153846;0,15625;3927,7619047619;;108,96638054363;215,87357052097
20/06/2024 15:23:00;;193,77169799805;139,71101326778;392,90625;11,343999614716;4781,4102564103;0,171875;3927,7857142857;;108,96709585122;215,87420584498
20/06/2024 15:23:10;;83,138008117676;137,97764403245;392,9140625;10,555999646187;4781,4358974359;0,1875;3927,8095238095;;108,9678111588;215,874841169
20/06/2024 15:23:20;;116,53643798828;136,24427479711;392,921875;9,7679996776581;4781,4615384615;0,203125;3927,8333333333;;108,96852646638;215,87547649301
20/06/2024 15:23:30;;96,636260986328;134,51090556178;392,9296875;8,9799997091293;4781,4871794872;0,21875;3927,8571428571;;108,96924177396;215,87611181703
20/06/2024 15:23:40;;70,203994750977;132,77753632644;392,9375;8,1919997406006;4781,5128205128;0,234375;3927,880952381;;108,96995708155;215,87674714104
20/06/2024 15:23:50;;59,288177490234;131,04416709111;392,9453125;7,4039997720718;4781,5384615385;0,25;3927,9047619048;;108,97067238913;215,87738246506
20/06/2024 15:24:00;;54,296859741211;129,31079785577;392,953125;6,6159998035431;4781,5641025641;0,265625;3927,9285714286;;108,97138769671;215,87801778907
20/06/2024 15:24:10;;53,211791992188;127,57742862044;392,9609375;5,8279998350143;4781,5897435897;0,28125;3927,9523809524;;108,97210300429;215,87865311309
20/06/2024 15:24:20;;56,987823486328;125,8440593851;392,96875;5,0399998664856;4781,6153846154;0,296875;3927,9761904762;;108,97281831187;215,8792884371
20/06/2024 15:24:30;;58,159713745117;124,11069014977;392,9765625;4,2519998979568;4781,641025641;0,3125;3928;;108,97353361946;215,87992376112
20/06/2024 15:24:40;;58,33332824707;122,37732091443;392,984375;3,4639999294281;4781,6666666667;0,328125;3928,0333333333;;108,97424892704;215,88055908513
20/06/2024 15:24:50;;58,246520996094;120,6439516791;392,9921875;2,6759999608994;4781,6923076923;0,34375;3928,0666666667;;108,97496423462;215,88119440915
20/06/2024 15:25:00;;58,246505737305;118,91058244376;393;1,8879999923706;4781,7179487179;0,359375;3928,1;;108,9756795422;215,88182973316
20/06/2024 15:25:10;;57,74739074707;117,17721320843;393,00847457627;1,1000000238419;4781,7435897436;0,375;3928,1333333333;;108,97639484979;215,88246505718
20/06/2024 15:25:20;;57,161437988281;115,44384397309;393,01694915254;8,3999996185303;4781,7692307692;0,390625;3928,1666666667;;108,97711015737;215,88310038119
20/06/2024 15:25:30;;53,667526245117;113,71047473776;393,02542372881;10,5;4781,7948717949;0,40625;3928,2;;108,97782546495;215,88373570521
20/06/2024 15:25:40;;53,754325866699;111,97710550242;393,03389830508;12,60000038147;4781,8205128205;0,421875;3928,2333333333;;108,97854077253;215,88437102922
20/06/2024 15:25:50;;68,055541992188;110,24373626709;393,04237288136;14,5;4781,8461538462;0,4375;3928,2666666667;;108,97925608011;215,88500635324
20/06/2024 15:26:00;;84,353286743164;108,51036703176;393,05084745763;16,60000038147;4781,8717948718;0,453125;3928,3;;108,9799713877;215,88564167726
20/06/2024 15:26:10;;97,78645324707;106,77699779642;393,0593220339;17,89999961853;4781,8974358974;0,46875;3928,3333333333;;108,98068669528;215,88627700127
20/06/2024 15:26:20;;103,60241699219;105,04362856109;393,06779661017;20,200000762939;4781,9230769231;0,484375;3928,3666666667;;108,98140200286;215,88691232529
20/06/2024 15:26:30;;107,61717224121;103,31025932575;393,07627118644;21,35000038147;4781,9487179487;0,5;3928,4;;108,98211731044;215,8875476493
20/06/2024 15:26:40;;112,63020324707;101,57689009042;393,08474576271;22,5;4781,9743589744;0,515625;3928,4333333333;;108,98283261803;215,88818297332
20/06/2024 15:26:50;;116,796875;99,843520855081;393,09322033898;27;4782;0,53125;3928,4666666667;;108,98354792561;215,88881829733
20/06/2024 15:27:00;;116,68835449219;98,110151619747;393,10169491525;25,39999961853;4782,0810810811;0,546875;3928,5;;108,98426323319;215,88945362135
20/06/2024 15:27:10;;116,84027099609;96,376782384412;393,11016949153;25,25;4782,1621621622;0,5625;3928,5333333333;;108,98497854077;215,89008894536
20/06/2024 15:27:20;;116,8402557373;94,643413149077;393,1186440678;25,10000038147;4782,2432432432;0,578125;3928,5666666667;;108,98569384835;215,89072426938
20/06/2024 15:27:30;;117,27429199219;92,910043913743;393,12711864407;25,050000190735;4782,3243243243;0,59375;3928,6;;108,98640915594;215,89135959339
20/06/2024 15:27:40;;117,12239074707;91,176674678408;393,13559322034;25;4782,4054054054;0,609375;3928,6333333333;;108,98712446352;215,89199491741
20/06/2024 15:27:50;;116,62326049805;89,443305443073;393,14406779661;24,96666653951;4782,4864864865;0,625;3928,6666666667;;108,9878397711;215,89263024142
20/06/2024 15:28:00;;116,38453674316;87,709936207738;393,15254237288;24,93333307902;4782,5675675676;0,640625;3928,7;;108,98855507868;215,89326556544
20/06/2024 15:28:10;;115,97219848633;85,976566972404;393,16101694915;24,89999961853;4782,6486486486;0,65625;3928,7333333333;;108,98927038627;215,89390088945
20/06/2024 15:28:20;;115,8636932373;84,243197737069;393,16949152542;25;4782,7297297297;0,671875;3928,7666666667;;108,98998569385;215,89453621347
20/06/2024 15:28:30;;114,99563598633;82,509828501734;393,17796610169;24,949999809265;4782,8108108108;0,6875;3928,8;;108,99070100143;215,89517153748
20/06/2024 15:28:40;;114,88714599609;80,7764592664;393,18644067797;24,89999961853;4782,8918918919;0,703125;3928,8333333333;;108,99141630901;215,8958068615
20/06/2024 15:28:50;;114,34460449219;79,043090031065;393,19491525424;24,949999809265;4782,972972973;0,71875;3928,8666666667;;108,9921316166;215,89644218551
20/06/2024 15:29:00;;113,41145324707;77,30972079573;393,20338983051;25;4783,0540540541;0,734375;3928,9;;108,99284692418;215,89707750953
20/06/2024 15:29:10;;113,28125;75,576351560395;393,21186440678;24,799999237061;4783,1351351351;0,75;3928,9333333333;;108,99356223176;215,89771283355
20/06/2024 15:29:20;;112,28297424316;73,842982325061;393,22033898305;24,60000038147;4783,2162162162;0,765625;3928,9666666667;;108,99427753934;215,89834815756
20/06/2024 15:29:30;;111,89233398438;72,109613089726;393,22881355932;24,700000762939;4783,2972972973;0,78125;3929;;108,99499284692;215,89898348158
20/06/2024 15:29:40;;111,00259399414;70,376243854391;393,23728813559;24,75;4783,3783783784;0,796875;3929,0294117647;;108,99570815451;215,89961880559
20/06/2024 15:29:50;;110,546875;68,642874619056;393,24576271186;24,799999237061;4783,4594594595;0,8125;3929,0588235294;;108,99642346209;215,90025412961
20/06/2024 15:30:00;;109,89581298828;66,909505383722;393,25423728814;24,89999961853;4783,5405405405;0,828125;3929,0882352941;;108,99713876967;215,90088945362
20/06/2024 15:30:10;;109,85241699219;65,176136148387;393,26271186441;24,699999809265;4783,6216216216;0,84375;3929,1176470588;;108,99785407725;215,90152477764
20/06/2024 15:30:20;;109,93923950195;63,442766913052;393,27118644068;24,5;4783,7027027027;0,859375;3929,1470588235;;108,99856938484;215,90216010165
20/06/2024 15:30:30;;110,63366699219;61,709397677718;393,27966101695;24,550000190735;4783,7837837838;0,875;3929,1764705882;;108,99928469242;215,90279542567
20/06/2024 15:30:40;;111,78384399414;59,976028442383;393,28813559322;24,60000038147;4783,8648648649;0,890625;3929,2058823529;;109;215,90343074968
20/06/2024 15:30:50;;112,36978149414;58,242659207048;393,29661016949;24,666666666667;4783,9459459459;0,90625;3929,2352941176;;109,00221238938;215,9040660737
20/06/2024 15:31:00;;112,26127624512;56,509289971713;393,30508474576;24,733332951864;4784,027027027;0,921875;3929,2647058824;;109,00442477876;215,90470139771
20/06/2024 15:31:10;;112,02255249023;54,775920736379;393,31355932203;24,799999237061;4784,1081081081;0,9375;3929,2941176471;;109,00663716814;215,90533672173
20/06/2024 15:31:20;;112,109375;53,042551501044;393,32203389831;24,89999961853;4784,1891891892;0,953125;3929,3235294118;;109,00884955752;215,90597204574
20/06/2024 15:31:30;;112,06596374512;51,309182265709;393,33050847458;24,833333333333;4784,2702702703;0,96875;3929,3529411765;;109,0110619469;215,90660736976
20/06/2024 15:31:40;;112,19616699219;49,575813030374;393,33898305085;24,766667048136;4784,3513513514;0,984375;3929,3823529412;;109,01327433628;215,90724269377
20/06/2024 15:31:50;;112,49998474121;47,84244379504;393,34745762712;24,700000762939;4784,4324324324;1;3929,4117647059;;109,01548672566;215,90787801779
20/06/2024 15:32:00;;112,84721374512;46,109074559705;393,35593220339;24,89999961853;4784,5135135135;1,0769230769231;3929,4411764706;;109,01769911504;215,9085133418
20/06/2024 15:32:10;;112,67358398438;44,37570532437;393,36440677966;24,96666653951;4784,5945945946;1,1538461538462;3929,4705882353;;109,01991150442;215,90914866582
20/06/2024 15:32:20;;113,15103149414;42,642336089036;393,37288135593;25,03333346049;4784,6756756757;1,2307692307692;3929,5;;109,02212389381;215,90978398983
20/06/2024 15:32:30;;113,06422424316;40,908966853701;393,3813559322;25,10000038147;4784,7567567568;1,3076923076923;3929,5294117647;;109,02433628319;215,91041931385
20/06/2024 15:32:40;;112,890625;39,175597618366;393,38983050847;25,083333651225;4784,8378378378;1,3846153846154;3929,5588235294;;109,02654867257;215,91105463787
20/06/2024 15:32:50;;112,7386932373;37,442228383031;393,39830508475;25,06666692098;4784,9189189189;1,4615384615385;3929,5882352941;;109,02876106195;215,91168996188
20/06/2024 15:33:00;;112,54339599609;35,708859147697;393,40677966102;25,050000190735;4785;1,5384615384615;3929,6176470588;;109,03097345133;215,9123252859
20/06/2024 15:33:10;;112,36978149414;33,975489912362;393,41525423729;25,03333346049;4785,0789473684;1,6153846153846;3929,6470588235;;109,03318584071;215,91296060991
20/06/2024 15:33:20;;111,91404724121;32,242120677027;393,42372881356;25,016666730245;4785,1578947368;1,6923076923077;3929,6764705882;;109,03539823009;215,91359593393
20/06/2024 15:33:30;;111,67532348633;30,508751441692;393,43220338983;25;4785,2368421053;1,7692307692308;3929,7058823529;;109,03761061947;215,91423125794
20/06/2024 15:33:40;;111,41491699219;28,775382206358;393,4406779661;25,10000038147;4785,3157894737;1,8461538461538;3929,7352941176;;109,03982300885;215,91486658196
20/06/2024 15:33:50;;111,15451049805;27,042012971023;393,44915254237;25,050000190735;4785,3947368421;1,9230769230769;3929,7647058824;;109,04203539823;215,91550190597
20/06/2024 15:34:00;;110,91578674316;25,308643735688;393,45762711864;25;4785,4736842105;2;3929,7941176471;;109,04424778761;215,91613722999
20/06/2024 15:34:10;;110,59027099609;23,575274500354;393,46610169492;24,974999904633;4785,5526315789;2,5;3929,8235294118;;109,04646017699;215,916772554
20/06/2024 15:34:20;;90,321166992188;21,841905265019;393,47457627119;24,949999809265;4785,6315789474;3;3929,8529411765;;109,04867256637;215,91740787802
20/06/2024 15:34:30;;63,715270996094;20,108536029684;393,48305084746;24,924999713898;4785,7105263158;3,25;3929,8823529412;;109,05088495575;215,91804320203
20/06/2024 15:34:40;;53,038177490234;18,375166794349;393,49152542373;24,89999961853;4785,7894736842;3,5;3929,9117647059;;109,05309734513;215,91867852605
20/06/2024 15:34:50;;50,629333496094;16,641797559015;393,5;24,799999237061;4785,8684210526;3,75;3929,9411764706;;109,05530973451;215,91931385006
20/06/2024 15:35:00;;49,565963745117;14,90842832368;393,50847457627;24,699999809265;4785,9473684211;4;3929,9705882353;;109,05752212389;215,91994917408
20/06/2024 15:35:10;;49,110229492188;13,175059088345;393,51694915254;24,60000038147;4786,0263157895;4,3333333333333;3930;;109,05973451327;215,92058449809
20/06/2024 15:35:20;;49,045127868652;11,441689853011;393,52542372881;24,5;4786,1052631579;4,6666666666667;3930,0882352941;;109,06194690265;215,92121982211
20/06/2024 15:35:30;;48,871520996094;9,7083206176758;393,53389830508;24,449999809265;4786,1842105263;5;3930,1764705882;;109,06415929204;215,92185514612
20/06/2024 15:35:40;;49,110237121582;4,859744717367;393,54237288136;24,39999961853;4786,2631578947;5,3333333333333;3930,2647058824;;109,06637168142;215,92249047014
20/06/2024 15:35:50;;49,305541992188;0,011168817058206;393,55084745763;24,14999961853;4786,3421052632;5,6666666666667;3930,3529411765;;109,0685840708;215,92312579416
20/06/2024 15:36:00;;49,175338745117;1,3484226958826;393,5593220339;23,89999961853;4786,4210526316;6;3930,4411764706;;109,07079646018;215,92376111817
20/06/2024 15:36:10;;49,370651245117;2,685676574707;393,56779661017;23,800000190735;4786,5;6,3333333333333;3930,5294117647;;109,07300884956;215,92439644219
20/06/2024 15:36:20;;49,305541992188;0,055254727602005;393,57627118644;23,700000762939;4786,5789473684;6,6666666666667;3930,6176470588;;109,07522123894;215,9250317662
20/06/2024 15:36:30;;49,34895324707;5,8597340583801;393,58474576271;23,650000572205;4786,6578947368;7;3930,7058823529;;109,07743362832;215,92566709022
20/06/2024 15:36:40;;49,392349243164;2,4699244499207;393,59322033898;23,60000038147;4786,7368421053;7,25;3930,7941176471;;109,0796460177;215,92630241423
20/06/2024 15:36:50;;49,479156494141;0,05074854567647;393,60169491525;23,63333384196;4786,8157894737;7,5;3930,8823529412;;109,08185840708;215,92693773825
20/06/2024 15:37:00;;49,305541992188;1,0749782118946;393,61016949153;23,66666730245;4786,8947368421;7,75;3930,9705882353;;109,08407079646;215,92757306226
20/06/2024 15:37:10;;49,218742370605;2,0992078781128;393,6186440678;23,700000762939;4786,9736842105;8;3931,0588235294;;109,08628318584;215,92820838628
20/06/2024 15:37:20;;49,088531494141;24,59415435791;393,62711864407;23,60000038147;4787,0526315789;8,5;3931,1470588235;;109,08849557522;215,92884371029
20/06/2024 15:37:30;;49,088531494141;14,570468902588;393,63559322034;23,5;4787,1315789474;9;3931,2352941176;;109,0907079646;215,92947903431
20/06/2024 15:37:40;;49,001724243164;40,650993347168;393,64406779661;22,89999961853;4787,2105263158;9,3333333333333;3931,3235294118;;109,09292035398;215,93011435832
20/06/2024 15:37:50;;49,045127868652;42,661182403564;393,65254237288;22,39999961853;4787,2894736842;9,6666666666667;3931,4117647059;;109,09513274336;215,93074968234
20/06/2024 15:38:00;;49,110229492188;48,571430206299;393,66101694915;22,14999961853;4787,3684210526;10;3931,5;;109,09734513274;215,93138500635
20/06/2024 15:38:10;;49,218734741211;49,055351257324;393,66949152542;21,89999961853;4787,4473684211;10,25;3931,5882352941;;109,09955752212;215,93202033037
20/06/2024 15:38:20;;49,414054870605;49,53927230835;393,67796610169;21,200000762939;4787,5263157895;10,5;3931,6764705882;;109,1017699115;215,93265565438
20/06/2024 15:38:30;;49,34895324707;51,696681976318;393,68644067797;20,700000762939;4787,6052631579;10,75;3931,7647058824;;109,10398230088;215,9332909784
20/06/2024 15:38:40;;49,522560119629;55,111682891846;393,69491525424;20,10000038147;4787,6842105263;11;3931,8529411765;;109,10619469027;215,93392630241
20/06/2024 15:38:50;;49,73957824707;49,199661254883;393,70338983051;19,800000190735;4787,7631578947;11,5;3931,9411764706;;109,10840707965;215,93456162643
20/06/2024 15:39:00;;49,891487121582;0,061046332120895;393,71186440678;19,5;4787,8421052632;12;3932,0294117647;;109,11061946903;215,93519695044
20/06/2024 15:39:10;;49,913177490234;0,059002065887818;393,72033898305;19,299999237061;4787,9210526316;12,333333333333;3932,1176470588;;109,11283185841;215,93583227446
20/06/2024 15:39:20;;49,999992370605;0,056957799654741;393,72881355932;19,10000038147;4788;12,666666666667;3932,2058823529;;109,11504424779;215,93646759848
20/06/2024 15:39:30;;49,999984741211;0,054913533421663;393,73728813559;19,13333384196;4788,064516129;13;3932,2941176471;;109,11725663717;215,93710292249
20/06/2024 15:39:40;;49,999992370605;0,052869267188586;393,74576271186;19,16666730245;4788,1290322581;13,25;3932,3823529412;;109,11946902655;215,93773824651
20/06/2024 15:39:50;;49,999984741211;0,050825000955508;393,75423728814;19,200000762939;4788,1935483871;13,5;3932,4705882353;;109,12168141593;215,93837357052
20/06/2024 15:40:00;;50,065093994141;0,048780734722431;393,76271186441;19,150000572205;4788,2580645161;13,75;3932,5588235294;;109,12389380531;215,93900889454
20/06/2024 15:40:10;;50,043395996094;0,046736468489353;393,77118644068;19,10000038147;4788,3225806452;14;3932,6470588235;;109,12610619469;215,93964421855
20/06/2024 15:40:20;;50,282112121582;0,044692202256276;393,77966101695;19,200000127157;4788,3870967742;14,5;3932,7352941176;;109,12831858407;215,94027954257
20/06/2024 15:40:30;;50,347213745117;0,042647936023199;393,78813559322;19,299999872843;4788,4516129032;15;3932,8235294118;;109,13053097345;215,94091486658
20/06/2024 15:40:40;;50,303810119629;0,040603669790121;393,79661016949;19,39999961853;4788,5161290323;15,25;3932,9117647059;;109,13274336283;215,9415501906
20/06/2024 15:40:50;;50,043395996094;0,038559403557044;393,80508474576;19,5;4788,5806451613;15,5;3933;;109,13495575221;215,94218551461
20/06/2024 15:41:00;;50,065093994141;0,036515137323966;393,81355932203;19,60000038147;4788,6451612903;15,75;3933,1;;109,13716814159;215,94282083863
20/06/2024 15:41:10;;49,934883117676;0,034470871090889;393,82203389831;19,550000190735;4788,7096774194;16;3933,2;;109,13938053097;215,94345616264
20/06/2024 15:41:20;;49,782974243164;0,057603687047958;393,83050847458;19,5;4788,7741935484;16,5;3933,3;;109,14159292035;215,94409148666
20/06/2024 15:41:30;;49,73957824707;0,028801843523979;393,83898305085;19,46666653951;4788,8387096774;17;3933,4;;109,14380530973;215,94472681067
20/06/2024 15:41:40;;49,674468994141;0;393,84745762712;19,43333307902;4788,9032258065;17,25;3933,5;;109,14601769912;215,94536213469
20/06/2024 15:41:50;;49,696166992188;0,0060532689094543;393,85593220339;19,39999961853;4788,9677419355;17,5;3933,6;;109,1482300885;215,9459974587
20/06/2024 15:42:00;;49,761276245117;0,012106537818909;393,86440677966;19,349999427795;4789,0322580645;17,75;3933,7;;109,15044247788;215,94663278272
20/06/2024 15:42:10;;49,631065368652;0,018159806728363;393,87288135593;19,299999237061;4789,0967741935;18;3933,8;;109,15265486726;215,94726810673
20/06/2024 15:42:20;;49,652770996094;0,024213075637817;393,8813559322;19,10000038147;4789,1612903226;18,333333333333;3933,9;;109,15486725664;215,94790343075
20/06/2024 15:42:30;;49,587661743164;0,030266344547272;393,88983050847;19,06666692098;4789,2258064516;18,666666666667;3934;;109,15707964602;215,94853875476
20/06/2024 15:42:40;;50,086791992188;0,036319613456726;393,89830508475;19,03333346049;4789,2903225806;19;3934,1;;109,1592920354;215,94917407878
20/06/2024 15:42:50;;50,303802490234;0,060797668993473;393,90677966102;19;4789,3548387097;19,5;3934,2;;109,16150442478;215,9498094028
20/06/2024 15:43:00;;50,108497619629;4,3782248385251;393,91525423729;19,10000038147;4789,4193548387;20;3934,3;;109,16371681416;215,95044472681
20/06/2024 15:43:10;;49,913185119629;8,6956520080566;393,92372881356;18,799999237061;4789,4838709677;20,25;3934,4;;109,16592920354;215,95108005083
20/06/2024 15:43:20;;49,869781494141;26,621664047241;393,93220338983;18,813332621257;4789,5483870968;20,5;3934,5;;109,16814159292;215,95171537484
20/06/2024 15:43:30;;49,739570617676;42,902053833008;393,9406779661;18,826666005452;4789,6129032258;20,75;3934,6;;109,1703539823;215,95235069886
20/06/2024 15:43:40;;49,609359741211;63,072078704834;393,94915254237;18,839999389648;4789,6774193548;21;3934,7;;109,17256637168;215,95298602287
20/06/2024 15:43:50;;49,815525054932;66,510627746582;393,95762711864;18,853332773844;4789,7419354839;21,333333333333;3934,8;;109,17477876106;215,95362134689
20/06/2024 15:44:00;;50,021690368652;82,064102172852;393,96610169492;18,86666615804;4789,8064516129;21,666666666667;3934,9;;109,17699115044;215,9542566709
20/06/2024 15:44:10;;50,781234741211;97,617576599121;393,97457627119;18,879999542236;4789,8709677419;22;3935;;109,17920353982;215,95489199492
20/06/2024 15:44:20;;50,607635498047;84,54825592041;393,98305084746;18,893332926432;4789,935483871;22,333333333333;3935,1;;109,1814159292;215,95552731893
20/06/2024 15:44:30;;49,674468994141;83,9931640625;393,99152542373;18,906666310628;4790;22,666666666667;3935,2;;109,18362831858;215,95616264295
20/06/2024 15:44:40;;49,370651245117;82,655265808105;394;18,919999694824;4790,0666666667;23;3935,3;;109,18584070796;215,95679796696
20/06/2024 15:44:50;;49,479156494141;69,240913391113;394,00775193798;18,93333307902;4790,1333333333;23,333333333333;3935,4;;109,18805309735;215,95743329098
20/06/2024 15:45:00;;49,717872619629;72,223495483398;394,01550387597;18,946666463216;4790,2;23,666666666667;3935,5;;109,19026548673;215,95806861499
20/06/2024 15:45:10;;49,848075866699;75,206077575684;394,02325581395;18,959999847412;4790,2666666667;24;3935,6;;109,19247787611;215,95870393901
20/06/2024 15:45:20;;49,826385498047;79,253700256348;394,03100775194;18,973333231608;4790,3333333333;24,25;3935,7;;109,19469026549;215,95933926302
20/06/2024 15:45:30;;49,869781494141;68,335655212402;394,03875968992;18,986666615804;4790,4;24,5;3935,8;;109,19690265487;215,95997458704
20/06/2024 15:45:40;;49,696166992188;71,389167785645;394,04651162791;19;4790,4666666667;24,75;3935,9;;109,19911504425;215,96060991105
20/06/2024 15:45:50;;49,696174621582;71,172889709473;394,05426356589;18,85000038147;4790,5333333333;25;3936;;109,20132743363;215,96124523507
20/06/2024 15:46:00;;49,73957824707;68,993499755859;394,06201550388;18,700000762939;4790,6;25,5;3936,1;;109,20353982301;215,96188055909
20/06/2024 15:46:10;;49,587661743164;66,814109802246;394,06976744186;18,799999237061;4790,6666666667;26;3936,2;;109,20575221239;215,9625158831
20/06/2024 15:46:20;;49,696174621582;50,026935577393;394,07751937984;18,60000038147;4790,7333333333;26,333333333333;3936,3;;109,20796460177;215,96315120712
20/06/2024 15:46:30;;49,565963745117;48,272087097168;394,08527131783;18,53333346049;4790,8;26,666666666667;3936,4;;109,21017699115;215,96378653113
20/06/2024 15:46:40;;49,73957824707;49,404319763184;394,09302325581;18,46666653951;4790,8666666667;27;3936,5;;109,21238938053;215,96442185515
20/06/2024 15:46:50;;49,522560119629;54,134857177734;394,1007751938;18,39999961853;4790,9333333333;27,25;3936,6;;109,21460176991;215,96505717916
20/06/2024 15:47:00;;49,652770996094;57,667547225952;394,10852713178;18,349999427795;4791;27,5;3936,7;;109,21681415929;215,96569250318
20/06/2024 15:47:10;;49,717872619629;61,20023727417;394,11627906977;18,299999237061;4791,0666666667;27,75;3936,8;;109,21902654867;215,96632782719
20/06/2024 15:47:20;;49,782974243164;61,01810836792;394,12403100775;18,10000038147;4791,1333333333;28;3936,9;;109,22123893805;215,96696315121
20/06/2024 15:47:30;;49,956588745117;77,294548034668;394,13178294574;18,125000476837;4791,2;28,5;3937;;109,22345132743;215,96759847522
20/06/2024 15:47:40;;49,891479492188;97,672119140625;394,13953488372;18,150000572205;4791,2666666667;29;3937,0434782609;;109,22566371681;215,96823379924
20/06/2024 15:47:50;;49,978286743164;91,326599121094;394,14728682171;18,175000667572;4791,3333333333;29,333333333333;3937,0869565217;;109,22787610619;215,96886912325
20/06/2024 15:48:00;;50,086791992188;88,112281799316;394,15503875969;18,200000762939;4791,4;29,666666666667;3937,1304347826;;109,23008849558;215,96950444727
20/06/2024 15:48:10;;50,043395996094;96,518970489502;394,16279069767;18,39999961853;4791,4666666667;30;3937,1739130435;;109,23230088496;215,97013977128
20/06/2024 15:48:20;;50,151901245117;104,92565917969;394,17054263566;18,550000190735;4791,5333333333;30,25;3937,2173913043;;109,23451327434;215,9707750953
20/06/2024 15:48:30;;50,238708496094;117,13037109375;394,17829457364;18,700000762939;4791,6;30,5;3937,2608695652;;109,23672566372;215,97141041931
20/06/2024 15:48:40;;50,173599243164;99,394515991211;394,18604651163;19,10000038147;4791,6666666667;30,75;3937,3043478261;;109,2389380531;215,97204574333
20/06/2024 15:48:50;;49,978286743164;107,64546203613;394,19379844961;19,39999961853;4791,7333333333;31;3937,347826087;;109,24115044248;215,97268106734
20/06/2024 15:49:00;;49,999984741211;113,1442565918;394,2015503876;19,550000190735;4791,8;31,5;3937,3913043478;;109,24336283186;215,97331639136
20/06/2024 15:49:10;;50,065093994141;104,96064376831;394,20930232558;19,700000762939;4791,8666666667;32;3937,4347826087;;109,24557522124;215,97395171537
20/06/2024 15:49:20;;49,978286743164;96,777030944824;394,21705426357;19,85000038147;4791,9333333333;32,25;3937,4782608696;;109,24778761062;215,97458703939
20/06/2024 15:49:30;;49,869781494141;102,62739562988;394,22480620155;20;4792;32,5;3937,5217391304;;109,25;215,97522236341
20/06/2024 15:49:40;;49,956588745117;107,81945800781;394,23255813953;20,25;4792,0666666667;32,75;3937,5652173913;;109,25221238938;215,97585768742
20/06/2024 15:49:50;;49,761276245117;113,5186920166;394,24031007752;20,5;4792,1333333333;33;3937,6086956522;;109,25442477876;215,97649301144
20/06/2024 15:50:00;;49,717872619629;93,105560302734;394,2480620155;20,60000038147;4792,2;33,333333333333;3937,652173913;;109,25663716814;215,97712833545
20/06/2024 15:50:10;;49,73957824707;103,45055007935;394,25581395349;20,700000762939;4792,2666666667;33,666666666667;3937,6956521739;;109,25884955752;215,97776365947
20/06/2024 15:50:20;;49,565956115723;113,79553985596;394,26356589147;20,60000038147;4792,3333333333;34;3937,7391304348;;109,2610619469;215,97839898348
20/06/2024 15:50:30;;49,479156494141;108,70321655273;394,27131782946;20,5;4792,4;34,333333333333;3937,7826086957;;109,26327433628;215,9790343075
20/06/2024 15:50:40;;49,500854492188;116,5638885498;394,27906976744;20,39999961853;4792,4666666667;34,666666666667;3937,8260869565;;109,26548672566;215,97966963151
20/06/2024 15:50:50;;49,500854492188;125,42674255371;394,28682170543;20,299999237061;4792,5333333333;35;3937,8695652174;;109,26769911504;215,98030495553
20/06/2024 15:51:00;;49,565963745117;103,25823974609;394,29457364341;20;4792,6;35,333333333333;3937,9130434783;;109,26991150442;215,98094027954
20/06/2024 15:51:10;;49,826377868652;99,815860748291;394,3023255814;19,800000190735;4792,6666666667;35,666666666667;3937,9565217391;;109,27212389381;215,98157560356
20/06/2024 15:51:20;;49,826385498047;96,373481750488;394,31007751938;19,60000038147;4792,7333333333;36;3938;;109,27433628319;215,98221092757
20/06/2024 15:51:30;;49,956588745117;126,66480255127;394,31782945736;19,39999961853;4792,8;36,333333333333;3938,0434782609;;109,27654867257;215,98284625159
20/06/2024 15:51:40;;50,151901245117;105,15935516357;394,32558139535;19,449999809265;4792,8666666667;36,666666666667;3938,0869565217;;109,27876106195;215,9834815756
20/06/2024 15:51:50;;50,173599243164;111,65795135498;394,33333333333;19,5;4792,9333333333;37;3938,1304347826;;109,28097345133;215,98411689962
20/06/2024 15:52:00;;50,434020996094;114,58878326416;394,34108527132;19,39999961853;4793;37,333333333333;3938,1739130435;;109,28318584071;215,98475222363
20/06/2024 15:52:10;;50,434020996094;100,6940612793;394,3488372093;19,5;4793,0666666667;37,666666666667;3938,2173913043;;109,28539823009;215,98538754765
20/06/2024 15:52:20;;50,868041992188;101,01049041748;394,35658914729;19,64999961853;4793,1333333333;38;3938,2608695652;;109,28761061947;215,98602287166
20/06/2024 15:52:30;;50,629325866699;101,32691955566;394,36434108527;19,799999237061;4793,2;38,333333333333;3938,3043478261;;109,28982300885;215,98665819568
20/06/2024 15:52:40;;50,607635498047;104,03758239746;394,37209302326;20,200000762939;4793,2666666667;38,666666666667;3938,347826087;;109,29203539823;215,9872935197
20/06/2024 15:52:50;;50,238700866699;90,117828369141;394,37984496124;20,60000038147;4793,3333333333;39;3938,3913043478;;109,29424778761;215,98792884371
20/06/2024 15:53:00;;49,956588745117;97,339553833008;394,38759689922;20,699999809265;4793,4;39,25;3938,4347826087;;109,29646017699;215,98856416773
20/06/2024 15:53:10;;49,978286743164;104,73355102539;394,39534883721;20,799999237061;4793,4666666667;39,5;3938,4782608696;;109,29867256637;215,98919949174
20/06/2024 15:53:20;;49,782974243164;97,2041015625;394,40310077519;21;4793,5333333333;39,75;3938,5217391304;;109,30088495575;215,98983481576
20/06/2024 15:53:30;;49,674468994141;89,674652099609;394,41085271318;20,949999809265;4793,6;40;3938,5652173913;;109,30309734513;215,99047013977
20/06/2024 15:53:40;;49,34895324707;94,62085723877;394,41860465116;20,89999961853;4793,6666666667;40,5;3938,6086956522;;109,30530973451;215,99110546379
20/06/2024 15:53:50;;49,435760498047;109,35523223877;394,42635658915;20,75;4793,7333333333;41;3938,652173913;;109,30752212389;215,9917407878
20/06/2024 15:54:00;;49,348945617676;95,772560119629;394,43410852713;20,60000038147;4793,8;41,333333333333;3938,6956521739;;109,30973451327;215,99237611182
20/06/2024 15:54:10;;49,500854492188;101,74264526367;394,44186046512;20,39999961853;4793,8666666667;41,666666666667;3938,7391304348;;109,31194690265;215,99301143583
20/06/2024 15:54:20;;49,565963745117;105,40859603882;394,4496124031;20;4793,9333333333;42;3938,7826086957;;109,31415929204;215,99364675985
20/06/2024 15:54:30;;49,54426574707;109,07454681396;394,45736434109;19,800000190735;4794;42,25;3938,8260869565;;109,31637168142;215,99428208386
20/06/2024 15:54:40;;49,73957824707;85,710815429688;394,46511627907;19,60000038147;4794,0666666667;42,5;3938,8695652174;;109,3185840708;215,99491740788
20/06/2024 15:54:50;;49,934883117676;117,42680358887;394,47286821705;19,299999237061;4794,1333333333;42,75;3938,9130434783;;109,32079646018;215,99555273189
20/06/2024 15:55:00;;49,999984741211;101,70213317871;394,48062015504;18,89999961853;4794,2;43;3938,9565217391;;109,32300884956;215,99618805591
20/06/2024 15:55:10;;50,130195617676;87,019226074219;394,48837209302;18,700000762939;4794,2666666667;43,5;3939;;109,32522123894;215,99682337992
20/06/2024 15:55:20;;50,13020324707;93,903701782227;394,49612403101;18,550000190735;4794,3333333333;44;3939,0444444444;;109,32743362832;215,99745870394
20/06/2024 15:55:30;;50,325508117676;100,78817749023;394,50387596899;18,39999961853;4794,4;44,25;3939,0888888889;;109,3296460177;215,99809402795
20/06/2024 15:55:40;;50,477416992188;103,04412841797;394,51162790698;18,299999237061;4794,4666666667;44,5;3939,1333333333;;109,33185840708;215,99872935197
20/06/2024 15:55:50;;50,651031494141;101,71890258789;394,51937984496;18,349999427795;4794,5333333333;44,75;3939,1777777778;;109,33407079646;215,99936467598
20/06/2024 15:56:00;;50,499122619629;116,77851867676;394,52713178295;18,39999961853;4794,6;45;3939,2222222222;;109,33628318584;216
20/06/2024 15:56:10;;50,607627868652;101,10496520996;394,53488372093;18,5;4794,6666666667;45,333333333333;3939,2666666667;;109,33849557522;216,00549450549
20/06/2024 15:56:20;;50,651031494141;105,7933807373;394,54263565891;18,699999809265;4794,7333333333;45,666666666667;3939,3111111111;;109,3407079646;216,01098901099
20/06/2024 15:56:30;;50,607635498047;110,48179626465;394,5503875969;18,89999961853;4794,8;46;3939,3555555556;;109,34292035398;216,01648351648
20/06/2024 15:56:40;;50,651031494141;116,93570709229;394,55813953488;19,10000038147;4794,8666666667;46,5;3939,4;;109,34513274336;216,02197802198
20/06/2024 15:56:50;;50,542526245117;121,17445373535;394,56589147287;19,5;4794,9333333333;47;3939,4444444444;;109,34734513274;216,02747252747
20/06/2024 15:57:00;;50,434013366699;94,597183227539;394,57364341085;20,10000038147;4795;47,25;3939,4888888889;;109,34955752212;216,03296703297
20/06/2024 15:57:10;;50,347213745117;103,34688568115;394,58139534884;20,300000190735;4795,0697674419;47,5;3939,5333333333;;109,3517699115;216,03846153846
20/06/2024 15:57:20;;50,217002868652;111,04319000244;394,58914728682;20,5;4795,1395348837;47,75;3939,5777777778;;109,35398230088;216,04395604396
20/06/2024 15:57:30;;50,086791992188;102,67467498779;394,59689922481;21;4795,2093023256;48;3939,6222222222;;109,35619469027;216,04945054945
20/06/2024 15:57:40;;49,891487121582;94,306159973145;394,60465116279;21,10000038147;4795,2790697674;48,333333333333;3939,6666666667;;109,35840707965;216,05494505495
20/06/2024 15:57:50;;49,804679870605;110,10591888428;394,61240310078;21,266667048136;4795,3488372093;48,666666666667;3939,7111111111;;109,36061946903;216,06043956044
20/06/2024 15:58:00;;49,73957824707;93,91283416748;394,62015503876;21,433333714803;4795,4186046512;49;3939,7555555556;;109,36283185841;216,06593406593
20/06/2024 15:58:10;;49,891479492188;73,673484802246;394,62790697674;21,60000038147;4795,488372093;49,333333333333;3939,8;;109,36504424779;216,07142857143
20/06/2024 15:58:20;;49,609359741211;74,971611022949;394,63565891473;21,466667175293;4795,5581395349;49,666666666667;3939,8444444444;;109,36725663717;216,07692307692
20/06/2024 15:58:30;;49,848075866699;74,752216339111;394,64341085271;21,333333969116;4795,6279069767;50;3939,8888888889;;109,36946902655;216,08241758242
20/06/2024 15:58:40;;49,869781494141;74,532821655273;394,6511627907;21,200000762939;4795,6976744186;50,333333333333;3939,9333333333;;109,37168141593;216,08791208791
20/06/2024 15:58:50;;49,739570617676;69,135513305664;394,65891472868;21;4795,7674418605;50,666666666667;3939,9777777778;;109,37389380531;216,09340659341
20/06/2024 15:59:00;;49,631065368652;63,724590301514;394,66666666667;20,89999961853;4795,8372093023;51;3940,0222222222;;109,37610619469;216,0989010989
20/06/2024 15:59:10;;49,782974243164;63,920013427734;394,67441860465;20,800000190735;4795,9069767442;51,25;3940,0666666667;;109,37831858407;216,1043956044
20/06/2024 15:59:20;;49,761276245117;61,263023376465;394,68217054264;20,700000762939;4795,976744186;51,5;3940,1111111111;;109,38053097345;216,10989010989
20/06/2024 15:59:30;;49,73957824707;57,762210845947;394,68992248062;20,39999961853;4796,0465116279;51,75;3940,1555555556;;109,38274336283;216,11538461538
20/06/2024 15:59:40;;49,782974243164;54,26139831543;394,6976744186;20,10000038147;4796,1162790698;52;3940,2;;109,38495575221;216,12087912088
20/06/2024 15:59:50;;49,804679870605;47,682441711426;394,70542635659;19,700000762939;4796,1860465116;52,5;3940,2444444444;;109,38716814159;216,12637362637
20/06/2024 16:00:00;;50,086791992188;44,770778656006;394,71317829457;19,550000190735;4796,2558139535;53;3940,2888888889;;109,38938053097;216,13186813187
20/06/2024 16:00:10;;50,151901245117;43,703563690186;394,72093023256;19,39999961853;4796,3255813953;53,333333333333;3940,3333333333;;109,39159292035;216,13736263736
20/06/2024 16:00:20;;50,347213745117;47,126804351807;394,72868217054;19,200000762939;4796,3953488372;53,666666666667;3940,3777777778;;109,39380530973;216,14285714286
20/06/2024 16:00:30;;50,325508117676;50,18302154541;394,73643410853;19;4796,4651162791;54;3940,4222222222;;109,39601769912;216,14835164835
20/06/2024 16:00:40;;50,325508117676;53,239238739014;394,74418604651;18,89999961853;4796,5348837209;54,25;3940,4666666667;;109,3982300885;216,15384615385
20/06/2024 16:00:50;;50,347213745117;57,639556884766;394,7519379845;18,799999237061;4796,6046511628;54,5;3940,5111111111;;109,40044247788;216,15934065934
20/06/2024 16:01:00;;50,499122619629;60,37979888916;394,75968992248;18,89999961853;4796,6744186047;54,75;3940,5555555556;;109,40265486726;216,16483516484
20/06/2024 16:01:10;;50,564224243164;54,907024383545;394,76744186047;19;4796,7441860465;55;3940,6;;109,40486725664;216,17032967033
20/06/2024 16:01:20;;50,499122619629;57,416946411133;394,77519379845;18,949999809265;4796,8139534884;55,5;3940,6444444444;;109,40707964602;216,17582417582
20/06/2024 16:01:30;;50,52082824707;58,610401153564;394,78294573643;18,89999961853;4796,8837209302;56;3940,6888888889;;109,4092920354;216,18131868132
20/06/2024 16:01:40;;50,412315368652;59,803855895996;394,79069767442;19,10000038147;4796,9534883721;56,333333333333;3940,7333333333;;109,41150442478;216,18681318681
20/06/2024 16:01:50;;50,412315368652;65,236549377441;394,7984496124;19,199999809265;4797,023255814;56,666666666667;3940,7777777778;;109,41371681416;216,19230769231
20/06/2024 16:02:00;;50,434020996094;60,879508972168;394,80620155039;19,299999237061;4797,0930232558;57;3940,8222222222;;109,41592920354;216,1978021978
20/06/2024 16:02:10;;50,303802490234;60,551387786865;394,81395348837;19,39999961853;4797,1627906977;57,25;3940,8666666667;;109,41814159292;216,2032967033
20/06/2024 16:02:20;;50,347213745117;59,275001525879;394,82170542636;19,60000038147;4797,2325581395;57,5;3940,9111111111;;109,4203539823;216,20879120879
20/06/2024 16:02:30;;50,434020996094;54,527317047119;394,82945736434;19,699999809265;4797,3023255814;57,75;3940,9555555556;;109,42256637168;216,21428571429
20/06/2024 16:02:40;;50,347206115723;56,176887512207;394,83720930233;19,799999237061;4797,3720930233;58;3941;;109,42477876106;216,21978021978
20/06/2024 16:02:50;;50,260406494141;57,826457977295;394,84496124031;20;4797,4418604651;58,5;3941,0769230769;;109,42699115044;216,22527472527
20/06/2024 16:03:00;;50,195304870605;61,762744903564;394,85271317829;20,14999961853;4797,511627907;59;3941,1538461538;;109,42920353982;216,23076923077
20/06/2024 16:03:10;;50,173606872559;58,26847076416;394,86046511628;20,299999237061;4797,5813953488;59,25;3941,2307692308;;109,4314159292;216,23626373626
20/06/2024 16:03:20;;50,217010498047;59,214393615723;394,86821705426;20,60000038147;4797,6511627907;59,5;3941,3076923077;;109,43362831858;216,24175824176
20/06/2024 16:03:30;;50,173606872559;58,422492980957;394,87596899225;20,700000762939;4797,7209302326;59,75;3941,3846153846;;109,43584070796;216,24725274725
20/06/2024 16:03:40;;49,999984741211;56,331949234009;394,88372093023;20,800000190735;4797,7906976744;60;3941,4615384615;;109,43805309735;216,25274725275
20/06/2024 16:03:50;;49,934883117676;54,241405487061;394,89147286822;20,89999961853;4797,8604651163;60,333333333333;3941,5384615385;;109,44026548673;216,25824175824
20/06/2024 16:04:00;;49,913177490234;51,916210174561;394,8992248062;20,849999427795;4797,9302325581;60,666666666667;3941,6153846154;;109,44247787611;216,26373626374
20/06/2024 16:04:10;;49,826377868652;49,556114196777;394,90697674419;20,799999237061;4798;61;3941,6923076923;;109,44469026549;216,26923076923
20/06/2024 16:04:20;;49,913177490234;49,483600616455;394,91472868217;20,89999961853;4798,0666666667;61,5;3941,7692307692;;109,44690265487;216,27472527473
20/06/2024 16:04:30;;49,826385498047;52,122104644775;394,92248062016;20,799999237061;4798,1333333333;62;3941,8461538462;;109,44911504425;216,28021978022
20/06/2024 16:04:40;;49,815532684326;50,56011390686;394,93023255814;20,60000038147;4798,2;62,25;3941,9230769231;;109,45132743363;216,28571428571
20/06/2024 16:04:50;;49,804679870605;48,998123168945;394,93798449612;20,5;4798,2666666667;62,5;3942;;109,45353982301;216,29120879121
20/06/2024 16:05:00;;49,913177490234;46,241443634033;394,94573643411;20,35000038147;4798,3333333333;62,75;3942,0769230769;;109,45575221239;216,2967032967
20/06/2024 16:05:10;;49,978286743164;44,098049163818;394,95348837209;20,200000762939;4798,4;63;3942,1538461538;;109,45796460177;216,3021978022
20/06/2024 16:05:20;;50,043388366699;44,615116119385;394,96124031008;20,050000190735;4798,4666666667;63,333333333333;3942,2307692308;;109,46017699115;216,30769230769
20/06/2024 16:05:30;;50,043395996094;42,722476959229;394,96899224806;19,89999961853;4798,5333333333;63,666666666667;3942,3076923077;;109,46238938053;216,31318681319
20/06/2024 16:05:40;;49,869781494141;43,002851486206;394,97674418605;19,799999237061;4798,6;64;3942,3846153846;;109,46460176991;216,31868131868
20/06/2024 16:05:50;;50,086791992188;43,283226013184;394,98449612403;19,299999237061;4798,6666666667;64,333333333333;3942,4615384615;;109,46681415929;216,32417582418
20/06/2024 16:06:00;;50,173606872559;44,924118041992;394,99224806202;19,25;4798,7333333333;64,666666666667;3942,5384615385;;109,46902654867;216,32967032967
20/06/2024 16:06:10;;50,086791992188;47,961223602295;395;19,200000762939;4798,8;65;3942,6153846154;;109,47123893805;216,33516483516
20/06/2024 16:06:20;;50,086791992188;49,793788909912;395,0078125;19,10000038147;4798,8666666667;65,333333333333;3942,6923076923;;109,47345132743;216,34065934066
20/06/2024 16:06:30;;50,260406494141;50,978721618652;395,015625;19,050000190735;4798,9333333333;65,666666666667;3942,7692307692;;109,47566371681;216,34615384615
20/06/2024 16:06:40;;49,978286743164;55,325912475586;395,0234375;19;4799;66;3942,8461538462;;109,47787610619;216,35164835165
20/06/2024 16:06:50;;50,217010498047;55,310085296631;395,03125;19,10000038147;4799,0666666667;66,25;3942,9230769231;;109,48008849558;216,35714285714
20/06/2024 16:07:00;;50,151901245117;55,294258117676;395,0390625;19,095833698908;4799,1333333333;66,5;3943;;109,48230088496;216,36263736264
20/06/2024 16:07:10;;50,195304870605;58,400291442871;395,046875;19,091667016347;4799,2;66,75;3943,0769230769;;109,48451327434;216,36813186813
20/06/2024 16:07:20;;50,043395996094;55,482776641846;395,0546875;19,087500333786;4799,2666666667;67;3943,1538461538;;109,48672566372;216,37362637363
20/06/2024 16:07:30;;50,021690368652;61,649139404297;395,0625;19,083333651225;4799,3333333333;67,5;3943,2307692308;;109,4889380531;216,37912087912
20/06/2024 16:07:40;;50,065093994141;57,777236938477;395,0703125;19,079166968664;4799,4;68;3943,3076923077;;109,49115044248;216,38461538462
20/06/2024 16:07:50;;49,913177490234;57,104211807251;395,078125;19,075000286102;4799,4666666667;67,666666666667;3943,3846153846;;109,49336283186;216,39010989011
20/06/2024 16:08:00;;49,978286743164;56,431186676025;395,0859375;19,070833603541;4799,5333333333;67,333333333333;3943,4615384615;;109,49557522124;216,3956043956
20/06/2024 16:08:10;;50,043395996094;55,365268707275;395,09375;19,06666692098;4799,6;67;3943,5384615385;;109,49778761062;216,4010989011
20/06/2024 16:08:20;;49,978286743164;49,238880157471;395,1015625;19,062500238419;4799,6666666667;66,75;3943,6153846154;;109,5;216,40659340659
20/06/2024 16:08:30;;49,999984741211;49,808795928955;395,109375;19,058333555857;4799,7333333333;66,5;3943,6923076923;;109,50221238938;216,41208791209
20/06/2024 16:08:40;;49,934883117676;50,083232879639;395,1171875;19,054166873296;4799,8;66,25;3943,7692307692;;109,50442477876;216,41758241758
20/06/2024 16:08:50;;49,913177490234;50,792331695557;395,125;19,050000190735;4799,8666666667;66;3943,8461538462;;109,50663716814;216,42307692308
20/06/2024 16:09:00;;49,934883117676;51,501430511475;395,1328125;19,045833508174;4799,9333333333;65,5;3943,9230769231;;109,50884955752;216,42857142857
20/06/2024 16:09:10;;49,978286743164;51,540287017822;395,140625;19,041666825612;4800;65;3944;;109,5110619469;216,43406593407
20/06/2024 16:09:20;;49,913177490234;50,654663085938;395,1484375;19,037500143051;4800,0666666667;64,75;3944,09375;;109,51327433628;216,43956043956
20/06/2024 16:09:30;;49,934883117676;54,283340454102;395,15625;19,03333346049;4800,1333333333;64,5;3944,1875;;109,51548672566;216,44505494505
20/06/2024 16:09:40;;49,869781494141;52,064395904541;395,1640625;19,029166777929;4800,2;64,25;3944,28125;;109,51769911504;216,45054945055
20/06/2024 16:09:50;;49,934883117676;52,981620788574;395,171875;19,025000095367;4800,2666666667;64;3944,375;;109,51991150442;216,45604395604
20/06/2024 16:10:00;;49,956588745117;53,898845672607;395,1796875;19,020833412806;4800,3333333333;63,666666666667;3944,46875;;109,52212389381;216,46153846154
20/06/2024 16:10:10;;49,934883117676;52,938018798828;395,1875;19,016666730245;4800,4;63,333333333333;3944,5625;;109,52433628319;216,46703296703
20/06/2024 16:10:20;;49,848075866699;56,873733520508;395,1953125;19,012500047684;4800,4666666667;63;3944,65625;;109,52654867257;216,47252747253
20/06/2024 16:10:30;;49,869781494141;54,851615905762;395,203125;19,008333365122;4800,5333333333;62,5;3944,75;;109,52876106195;216,47802197802
20/06/2024 16:10:40;;49,934883117676;60,695331573486;395,2109375;19,004166682561;4800,6;62;3944,84375;;109,53097345133;216,48351648352
20/06/2024 16:10:50;;49,913185119629;60,888740539551;395,21875;19;4800,6666666667;61,75;3944,9375;;109,53318584071;216,48901098901
20/06/2024 16:11:00;;49,73957824707;61,082149505615;395,2265625;18,89999961853;4800,7333333333;61,5;3945,03125;;109,53539823009;216,49450549451
20/06/2024 16:11:10;;49,956588745117;65,174758911133;395,234375;18,86666615804;4800,8;61,25;3945,125;;109,53761061947;216,5
20/06/2024 16:11:20;;49,956581115723;66,57462310791;395,2421875;18,83333269755;4800,8666666667;61;3945,21875;;109,53982300885;216,50549450549
20/06/2024 16:11:30;;49,913185119629;59,315269470215;395,25;18,799999237061;4800,9333333333;60,666666666667;3945,3125;;109,54203539823;216,51098901099
20/06/2024 16:11:40;;49,913177490234;76,509979248047;395,2578125;18,849999427795;4801;60,333333333333;3945,40625;;109,54424778761;216,51648351648
20/06/2024 16:11:50;;49,826377868652;83,160842895508;395,265625;18,89999961853;4801,064516129;60;3945,5;;109,54646017699;216,52197802198
20/06/2024 16:12:00;;49,913177490234;80,16971206665;395,2734375;18,849999427795;4801,1290322581;59,5;3945,59375;;109,54867256637;216,52747252747
20/06/2024 16:12:10;;49,956588745117;77,178581237793;395,28125;18,799999237061;4801,1935483871;59;3945,6875;;109,55088495575;216,53296703297
20/06/2024 16:12:20;;49,956588745117;75,230598449707;395,2890625;18,89999961853;4801,2580645161;58,75;3945,78125;;109,55309734513;216,53846153846
20/06/2024 16:12:30;;49,999984741211;84,026069641113;395,296875;19;4801,3225806452;58,5;3945,875;;109,55530973451;216,54395604396
20/06/2024 16:12:40;;49,956588745117;78,983184814453;395,3046875;18,89999961853;4801,3870967742;58,25;3945,96875;;109,55752212389;216,54945054945
20/06/2024 16:12:50;;49,999992370605;78,861083984375;395,3125;18,799999237061;4801,4516129032;58;3946,0625;;109,55973451327;216,55494505495
20/06/2024 16:13:00;;49,869781494141;82,791728973389;395,3203125;18,809090180831;4801,5161290323;57,666666666667;3946,15625;;109,56194690265;216,56043956044
20/06/2024 16:13:10;;49,956588745117;86,722373962402;395,328125;18,8181811246;4801,5806451613;57,333333333333;3946,25;;109,56415929204;216,56593406593
20/06/2024 16:13:20;;49,891487121582;87,783699035645;395,3359375;18,82727206837;4801,6451612903;57;3946,34375;;109,56637168142;216,57142857143
20/06/2024 16:13:30;;49,934883117676;86,847648620605;395,34375;18,83636301214;4801,7096774194;56,666666666667;3946,4375;;109,5685840708;216,57692307692
20/06/2024 16:13:40;;50,043395996094;96,898262023926;395,3515625;18,84545395591;4801,7741935484;56,333333333333;3946,53125;;109,57079646018;216,58241758242
20/06/2024 16:13:50;;50,043388366699;74,981430053711;395,359375;18,85454489968;4801,8387096774;56;3946,625;;109,57300884956;216,58791208791
20/06/2024 16:14:00;;50,043395996094;72,58126449585;395,3671875;18,86363584345;4801,9032258065;55,666666666667;3946,71875;;109,57522123894;216,59340659341
20/06/2024 16:14:10;;50,043388366699;70,181098937988;395,375;18,87272678722;4801,9677419355;55,333333333333;3946,8125;;109,57743362832;216,5989010989
20/06/2024 16:14:20;;49,978286743164;82,919563293457;395,3828125;18,88181773099;4802,0322580645;55;3946,90625;;109,5796460177;216,6043956044
20/06/2024 16:14:30;;49,913177490234;67,229713439941;395,390625;18,89090867476;4802,0967741935;54,666666666667;3947;;109,58185840708;216,60989010989
20/06/2024 16:14:40;;50,021690368652;75,509185791016;395,3984375;18,89999961853;4802,1612903226;54,333333333333;3947,0714285714;;109,58407079646;216,61538461538
20/06/2024 16:14:50;;49,999984741211;70,902099609375;395,40625;18,849999427795;4802,2258064516;54;3947,1428571429;;109,58628318584;216,62087912088
20/06/2024 16:15:00;;49,999992370605;71,266872406006;395,4140625;18,799999237061;4802,2903225806;53,666666666667;3947,2142857143;;109,58849557522;216,62637362637
20/06/2024 16:15:10;;49,956588745117;71,631645202637;395,421875;18,89999961853;4802,3548387097;53,333333333333;3947,2857142857;;109,5907079646;216,63186813187
20/06/2024 16:15:20;;49,934883117676;81,31078338623;395,4296875;19;4802,4193548387;53;3947,3571428571;;109,59292035398;216,63736263736
20/06/2024 16:15:30;;49,804672241211;85,162086486816;395,4375;19,10000038147;4802,4838709677;52,75;3947,4285714286;;109,59513274336;216,64285714286
20/06/2024 16:15:40;;50,043395996094;72,194458007813;395,4453125;19,200000762939;4802,5483870968;52,5;3947,5;;109,59734513274;216,64835164835
20/06/2024 16:15:50;;49,913177490234;72,862869262695;395,453125;19,25;4802,6129032258;52,25;3947,5714285714;;109,59955752212;216,65384615385
20/06/2024 16:16:00;;49,826385498047;73,966102600098;395,4609375;19,299999237061;4802,6774193548;52;3947,6428571429;;109,6017699115;216,65934065934
20/06/2024 16:16:10;;49,999984741211;75,0693359375;395,46875;19,200000762939;4802,7419354839;51,5;3947,7142857143;;109,60398230088;216,66483516484
20/06/2024 16:16:20;;49,804679870605;100,7735748291;395,4765625;19,299999237061;4802,8064516129;51;3947,7857142857;;109,60619469027;216,67032967033
20/06/2024 16:16:30;;49,956581115723;104,61273193359;395,484375;19,200000762939;4802,8709677419;50,666666666667;3947,8571428571;;109,60840707965;216,67582417582
20/06/2024 16:16:40;;49,956588745117;91,590965270996;395,4921875;19,25;4802,935483871;50,333333333333;3947,9285714286;;109,61061946903;216,68131868132
20/06/2024 16:16:50;;49,891479492188;84,798622131348;395,5;19,299999237061;4803;50;3948;;109,61283185841;216,68681318681
20/06/2024 16:17:00;;49,956588745117;103,30710601807;395,5078125;19,266666412354;4803,0666666667;49,75;3948,0714285714;;109,61504424779;216,69230769231
20/06/2024 16:17:10;;49,913185119629;92,69800567627;395,515625;19,233333587646;4803,1333333333;49,5;3948,1428571429;;109,61725663717;216,6978021978
20/06/2024 16:17:20;;49,999984741211;82,088905334473;395,5234375;19,200000762939;4803,2;49,25;3948,2142857143;;109,61946902655;216,7032967033
20/06/2024 16:17:30;;49,934883117676;94,282196044922;395,53125;19,233333587646;4803,2666666667;49;3948,2857142857;;109,62168141593;216,70879120879
20/06/2024 16:17:40;;49,869781494141;89,219566345215;395,5390625;19,266666412354;4803,3333333333;49,111111111111;3948,3571428571;;109,62389380531;216,71428571429
20/06/2024 16:17:50;;49,978286743164;87,347747802734;395,546875;19,299999237061;4803,4;49,222222222222;3948,4285714286;;109,62610619469;216,71978021978
20/06/2024 16:18:00;;49,956588745117;108,81292724609;395,5546875;19,349999427795;4803,4666666667;49,333333333333;3948,5;;109,62831858407;216,72527472527
20/06/2024 16:18:10;;49,956588745117;91,009479522705;395,5625;19,39999961853;4803,5333333333;49,444444444444;3948,5714285714;;109,63053097345;216,73076923077
20/06/2024 16:18:20;;52,690963745117;73,206031799316;395,5703125;19,5;4803,6;49,555555555556;3948,6428571429;;109,63274336283;216,73626373626
20/06/2024 16:18:30;;50,694427490234;70,131340026855;395,578125;19,60000038147;4803,6666666667;49,666666666667;3948,7142857143;;109,63495575221;216,74175824176
20/06/2024 16:18:40;;50,086791992188;62,923831939697;395,5859375;19,550000190735;4803,7333333333;49,777777777778;3948,7857142857;;109,63716814159;216,74725274725
20/06/2024 16:18:50;;50,043395996094;58,653427124023;395,59375;19,5;4803,8;49,888888888889;3948,8571428571;;109,63938053097;216,75274725275
20/06/2024 16:19:00;;49,913177490234;0,098787106573582;395,6015625;19,46666653951;4803,8666666667;50;3948,9285714286;;109,64159292035;216,75824175824
20/06/2024 16:19:10;;49,826377868652;0,079097112640738;395,609375;19,43333307902;4803,9333333333;50,5;3949;;109,64380530973;216,76373626374
20/06/2024 16:19:20;;47,851547241211;0,059407118707895;395,6171875;19,39999961853;4804;51;3949,0714285714;;109,64601769912;216,76923076923
20/06/2024 16:19:30;;48,394088745117;0,059435363858938;395,625;19,10000038147;4804,0666666667;51,25;3949,1428571429;;109,6482300885;216,77472527473
20/06/2024 16:19:40;;49,045127868652;0,059797883033752;395,6328125;18,799999237061;4804,1333333333;51,5;3949,2142857143;;109,65044247788;216,78021978022
20/06/2024 16:19:50;;49,392356872559;20,186130523682;395,640625;18,60000038147;4804,2;51,75;3949,2857142857;;109,65265486726;216,78571428571
20/06/2024 16:20:00;;49,609359741211;30,85054397583;395,6484375;18,5;4804,2666666667;52;3949,3571428571;;109,65486725664;216,79120879121
20/06/2024 16:20:10;;49,674468994141;47,669347763062;395,65625;18,39999961853;4804,3333333333;52,333333333333;3949,4285714286;;109,65707964602;216,7967032967
20/06/2024 16:20:20;;49,804672241211;64,488151550293;395,6640625;18,10000038147;4804,4;52,666666666667;3949,5;;109,6592920354;216,8021978022
20/06/2024 16:20:30;;50,043395996094;60,654628753662;395,671875;17,949999809265;4804,4666666667;53;3949,5714285714;;109,66150442478;216,80769230769
20/06/2024 16:20:40;;50,065093994141;73,989791870117;395,6796875;17,799999237061;4804,5333333333;52,666666666667;3949,6428571429;;109,66371681416;216,81318681319
20/06/2024 16:20:50;;49,956581115723;77,822708129883;395,6875;17,64999961853;4804,6;52,333333333333;3949,7142857143;;109,66592920354;216,81868131868
20/06/2024 16:21:00;;49,869781494141;74,081497192383;395,6953125;17,5;4804,6666666667;52;3949,7857142857;;109,66814159292;216,82417582418
20/06/2024 16:21:10;;49,956588745117;66,171184539795;395,703125;17,449999809265;4804,7333333333;52,111111111111;3949,8571428571;;109,6703539823;216,82967032967
20/06/2024 16:21:20;;49,826385498047;58,260871887207;395,7109375;17,39999961853;4804,8;52,222222222222;3949,9285714286;;109,67256637168;216,83516483516
20/06/2024 16:21:30;;49,913185119629;64,462921142578;395,71875;17,449999809265;4804,8666666667;52,333333333333;3950;;109,67477876106;216,84065934066
20/06/2024 16:21:40;;50,065093994141;68,559532165527;395,7265625;17,5;4804,9333333333;52,444444444444;3950,0789473684;;109,67699115044;216,84615384615
20/06/2024 16:21:50;;49,999984741211;68,778739929199;395,734375;17,53333346049;4805;52,555555555556;3950,1578947368;;109,67920353982;216,85164835165
20/06/2024 16:22:00;;50,108497619629;58,652030944824;395,7421875;17,56666692098;4805,0606060606;52,666666666667;3950,2368421053;;109,6814159292;216,85714285714
20/06/2024 16:22:10;;50,043395996094;62,126266479492;395,75;17,60000038147;4805,1212121212;52,777777777778;3950,3157894737;;109,68362831858;216,86263736264
20/06/2024 16:22:20;;50,021690368652;61,039905548096;395,7578125;17,63333384196;4805,1818181818;52,888888888889;3950,3947368421;;109,68584070796;216,86813186813
20/06/2024 16:22:30;;49,913177490234;59,953544616699;395,765625;17,66666730245;4805,2424242424;53;3950,4736842105;;109,68805309735;216,87362637363
20/06/2024 16:22:40;;50,021690368652;59,953689575195;395,7734375;17,700000762939;4805,303030303;53,333333333333;3950,5526315789;;109,69026548673;216,87912087912
20/06/2024 16:22:50;;50,043395996094;66,818740844727;395,78125;17,75;4805,3636363636;53,666666666667;3950,6315789474;;109,69247787611;216,88461538462
20/06/2024 16:23:00;;50,086791992188;61,440002441406;395,7890625;17,799999237061;4805,4242424242;54;3950,7105263158;;109,69469026549;216,89010989011
20/06/2024 16:23:10;;49,934883117676;72,589775085449;395,796875;17,75;4805,4848484848;53,75;3950,7894736842;;109,69690265487;216,8956043956
20/06/2024 16:23:20;;49,978286743164;71,606426239014;395,8046875;17,700000762939;4805,5454545455;53,5;3950,8684210526;;109,69911504425;216,9010989011
20/06/2024 16:23:30;;49,869781494141;70,623077392578;395,8125;17,75;4805,6060606061;53,25;3950,9473684211;;109,70132743363;216,90659340659
20/06/2024 16:23:40;;49,956588745117;68,299011230469;395,8203125;17,799999237061;4805,6666666667;53;3951,0263157895;;109,70353982301;216,91208791209
20/06/2024 16:23:50;;49,848083496094;79,477058410645;395,828125;17,766666412354;4805,7272727273;52,944444444444;3951,1052631579;;109,70575221239;216,91758241758
20/06/2024 16:24:00;;49,848083496094;84,323051452637;395,8359375;17,733333587646;4805,7878787879;52,888888888889;3951,1842105263;;109,70796460177;216,92307692308
20/06/2024 16:24:10;;49,999984741211;90,254943847656;395,84375;17,700000762939;4805,8484848485;52,833333333333;3951,2631578947;;109,71017699115;216,92857142857
20/06/2024 16:24:20;;49,826385498047;86,449069976807;395,8515625;17,720000457764;4805,9090909091;52,777777777778;3951,3421052632;;109,71238938053;216,93406593407
20/06/2024 16:24:30;;49,956581115723;82,643196105957;395,859375;17,740000152588;4805,9696969697;52,722222222222;3951,4210526316;;109,71460176991;216,93956043956
20/06/2024 16:24:40;;49,869781494141;73,107566833496;395,8671875;17,759999847412;4806,0303030303;52,666666666667;3951,5;;109,71681415929;216,94505494505
20/06/2024 16:24:50;;49,826385498047;68,799301147461;395,875;17,779999542236;4806,0909090909;52,611111111111;3951,5789473684;;109,71902654867;216,95054945055
20/06/2024 16:25:00;;49,956588745117;64,085510253906;395,8828125;17,799999237061;4806,1515151515;52,555555555556;3951,6578947368;;109,72123893805;216,95604395604
20/06/2024 16:25:10;;49,913185119629;89,486763000488;395,890625;17,789999389648;4806,2121212121;52,5;3951,7368421053;;109,72345132743;216,96153846154
20/06/2024 16:25:20;;49,934883117676;87,988807678223;395,8984375;17,779999542236;4806,2727272727;52,444444444444;3951,8157894737;;109,72566371681;216,96703296703
20/06/2024 16:25:30;;49,913177490234;86,490852355957;395,90625;17,769999694824;4806,3333333333;52,388888888889;3951,8947368421;;109,72787610619;216,97252747253
20/06/2024 16:25:40;;49,934883117676;94,15559387207;395,9140625;17,759999847412;4806,3939393939;52,333333333333;3951,9736842105;;109,73008849558;216,97802197802
20/06/2024 16:25:50;;49,934883117676;95,531829833984;395,921875;17,75;4806,4545454545;52,277777777778;3952,0526315789;;109,73230088496;216,98351648352
20/06/2024 16:26:00;;49,913177490234;70,88890838623;395,9296875;17,740000152588;4806,5151515152;52,222222222222;3952,1315789474;;109,73451327434;216,98901098901
20/06/2024 16:26:10;;49,934883117676;90,810813903809;395,9375;17,730000305176;4806,5757575758;52,166666666667;3952,2105263158;;109,73672566372;216,99450549451
20/06/2024 16:26:20;;49,913177490234;90,967819213867;395,9453125;17,720000457764;4806,6363636364;52,111111111111;3952,2894736842;;109,7389380531;217
20/06/2024 16:26:30;;49,73957824707;89,509147644043;395,953125;17,710000610352;4806,696969697;52,055555555556;3952,3684210526;;109,74115044248;
20/06/2024 16:26:40;;49,978286743164;88,050476074219;395,9609375;17,700000762939;4806,7575757576;52;3952,4473684211;;109,74336283186;
20/06/2024 16:26:50;;49,869781494141;78,528366088867;395,96875;17,63333384196;4806,8181818182;51,833333333333;3952,5263157895;;109,74557522124;
20/06/2024 16:27:00;;49,956588745117;101,37703704834;395,9765625;17,56666692098;4806,8787878788;51,666666666667;3952,6052631579;;109,74778761062;
20/06/2024 16:27:10;;49,934883117676;96,205528259277;395,984375;17,5;4806,9393939394;51,5;3952,6842105263;;109,75;
20/06/2024 16:27:20;;49,891487121582;90,391235351563;395,9921875;17,60000038147;4807;51,333333333333;3952,7631578947;;109,75221238938;
20/06/2024 16:27:30;;49,913177490234;88,066146850586;396;17,650000572205;4807,0588235294;51,166666666667;3952,8421052632;;109,75442477876;
20/06/2024 16:27:40;;49,956581115723;85,741058349609;;17,700000762939;4807,1176470588;51;3952,9210526316;;109,75663716814;
20/06/2024 16:27:50;;50,043395996094;95,334007263184;;17,680000686646;4807,1764705882;50,833333333333;3953;;109,75884955752;
20/06/2024 16:28:00;;49,978286743164;111,09858703613;;17,660000610352;4807,2352941176;50,666666666667;3953,0882352941;;109,7610619469;
20/06/2024 16:28:10;;49,913185119629;91,338386535645;;17,640000534058;4807,2941176471;50,5;3953,1764705882;;109,76327433628;
20/06/2024 16:28:20;;49,913177490234;119,74458312988;;17,620000457764;4807,3529411765;50,333333333333;3953,2647058824;;109,76548672566;
20/06/2024 16:28:30;;50,065093994141;105,54843902588;;17,60000038147;4807,4117647059;50,166666666667;3953,3529411765;;109,76769911504;
20/06/2024 16:28:40;;49,956588745117;91,352294921875;;17,5;4807,4705882353;50;3953,4411764706;;109,76991150442;
20/06/2024 16:28:50;;49,913177490234;121,84958648682;;17,60000038147;4807,5294117647;49,666666666667;3953,5294117647;;109,77212389381;
20/06/2024 16:29:00;;51,779502868652;86,605987548828;;17,700000762939;4807,5882352941;49,333333333333;3953,6176470588;;109,77433628319;
20/06/2024 16:29:10;;50,911445617676;64,86547088623;;17,60000038147;4807,6470588235;49;3953,7058823529;;109,77654867257;
20/06/2024 16:29:20;;49,652770996094;49,32954788208;;17,5;4807,7058823529;49,25;3953,7941176471;;109,77876106195;
20/06/2024 16:29:30;;49,457458496094;47,082553863525;;17,46666653951;4807,7647058824;49,5;3953,8823529412;;109,78097345133;
20/06/2024 16:29:40;;49,587661743164;44,835559844971;;17,43333307902;4807,8235294118;49,75;3953,9705882353;;109,78318584071;
20/06/2024 16:29:50;;49,565963745117;46,054931640625;;17,39999961853;4807,8823529412;50;3954,0588235294;;109,78539823009;
20/06/2024 16:30:00;;49,696166992188;53,163402557373;;17,299999237061;4807,9411764706;50,5;3954,1470588235;;109,78761061947;
20/06/2024 16:30:10;;49,652770996094;49,501773834229;;17,14999961853;4808;51;3954,2352941176;;109,78982300885;
20/06/2024 16:30:20;;49,869781494141;54,074974060059;;17;4808,0588235294;51,333333333333;3954,3235294118;;109,79203539823;
20/06/2024 16:30:30;;49,327247619629;53,303289413452;;16,700000762939;4808,1176470588;51,666666666667;3954,4117647059;;109,79424778761;
20/06/2024 16:30:40;;48,763008117676;52,531604766846;;16,5;4808,1764705882;52;3954,5;;109,79646017699;
20/06/2024 16:30:50;;49,305541992188;75,69970703125;;16,35000038147;4808,2352941176;51,75;3954,5882352941;;109,79867256637;
20/06/2024 16:31:00;;49,717864990234;88,016525268555;;16,200000762939;4808,2941176471;51,5;3954,6764705882;;109,80088495575;
20/06/2024 16:31:10;;49,999992370605;86,02082824707;;15,89999961853;4808,3529411765;51,25;3954,7647058824;;109,80309734513;
20/06/2024 16:31:20;;49,934883117676;72,481086730957;;15,800000190735;4808,4117647059;51;3954,8529411765;;109,80530973451;
20/06/2024 16:31:30;;50,086791992188;59,237575531006;;15,700000286102;4808,4705882353;50,5;3954,9411764706;;109,80752212389;
20/06/2024 16:31:40;;49,999984741211;61,141157150269;;15,60000038147;4808,5294117647;50;3955,0294117647;;109,80973451327;
20/06/2024 16:31:50;;50,108497619629;63,044738769531;;15,5;4808,5882352941;49,666666666667;3955,1176470588;;109,81194690265;
20/06/2024 16:32:00;;50,260406494141;85,41397857666;;15,53333346049;4808,6470588235;49,333333333333;3955,2058823529;;109,81415929204;
20/06/2024 16:32:10;;50,238700866699;69,108734130859;;15,56666692098;4808,7058823529;49;3955,2941176471;;109,81637168142;
20/06/2024 16:32:20;;50,260406494141;74,05394744873;;15,60000038147;4808,7647058824;48,75;3955,3823529412;;109,8185840708;
20/06/2024 16:32:30;;50,13020324707;79,989669799805;;15,550000190735;4808,8235294118;48,5;3955,4705882353;;109,82079646018;
20/06/2024 16:32:40;;50,238708496094;81,593647003174;;15,5;4808,8823529412;48,25;3955,5588235294;;109,82300884956;
20/06/2024 16:32:50;;50,173599243164;83,197624206543;;15,60000038147;4808,9411764706;48;3955,6470588235;;109,82522123894;
20/06/2024 16:33:00;;50,13020324707;74,480445861816;;15,800000190735;4809;47,5;3955,7352941176;;109,82743362832;
20/06/2024 16:33:10;;50,151901245117;79,661125183105;;15,833333333333;;47;3955,8235294118;;109,8296460177;
20/06/2024 16:33:20;;50,217010498047;80,428779602051;;15,866666475932;;46,75;3955,9117647059;;109,83185840708;
20/06/2024 16:33:30;;50,086791992188;89,264373779297;;15,89999961853;;46,5;3956;;109,83407079646;
20/06/2024 16:33:40;;50,347213745117;91,04955291748;;16;;46,25;;;109,83628318584;
20/06/2024 16:33:50;;50,173599243164;92,834732055664;;16,10000038147;;46;;;109,83849557522;
20/06/2024 16:34:00;;50,260406494141;98,185493469238;;16,199999809265;;45,666666666667;;;109,8407079646;
20/06/2024 16:34:10;;50,108497619629;110,55555725098;;16,299999237061;;45,333333333333;;;109,84292035398;
20/06/2024 16:34:20;;50,13020324707;115,46613311768;;16,39999961853;;45;;;109,84513274336;
20/06/2024 16:34:30;;50,151901245117;94,146553039551;;16,60000038147;;44,5;;;109,84734513274;
20/06/2024 16:34:40;;50,086791992188;100,91463088989;;16,666666666667;;44;;;109,84955752212;
20/06/2024 16:34:50;;50,195304870605;107,68270874023;;16,733332951864;;43,75;;;109,8517699115;
20/06/2024 16:35:00;;50,13020324707;128,25357055664;;16,799999237061;;43,5;;;109,85398230088;
20/06/2024 16:35:10;;50,021690368652;107,418800354;;17;;43,25;;;109,85619469027;
20/06/2024 16:35:20;;49,999984741211;119,9436340332;;15,692307692308;;43;;;109,85840707965;
20/06/2024 16:35:30;;50,108497619629;123,16758728027;;14,384615384615;;42,666666666667;;;109,86061946903;
20/06/2024 16:35:40;;50,13020324707;115,01697921753;;13,076923076923;;42,333333333333;;;109,86283185841;
20/06/2024 16:35:50;;50,108497619629;106,86637115479;;11,769230769231;;42;;;109,86504424779;
20/06/2024 16:36:00;;50,043395996094;126,15214538574;;10,461538461538;;41,666666666667;;;109,86725663717;
20/06/2024 16:36:10;;50,086791992188;131,99035644531;;9,1538461538462;;41,333333333333;;;109,86946902655;
20/06/2024 16:36:20;;50,043395996094;110,46295166016;;7,8461538461538;;41;;;109,87168141593;
20/06/2024 16:36:30;;50,151901245117;111,49488830566;;6,5384615384615;;40,666666666667;;;109,87389380531;
20/06/2024 16:36:40;;50,086791992188;115,93212127686;;5,2307692307692;;40,333333333333;;;109,87610619469;
20/06/2024 16:36:50;;50,021690368652;116,90018844604;;3,9230769230769;;40;;;109,87831858407;
20/06/2024 16:37:00;;50,021690368652;117,86825561523;;2,6153846153846;;30;;;109,88053097345;
20/06/2024 16:37:10;;50,043395996094;111,89124298096;;1,3076923076923;;20;;;109,88274336283;
20/06/2024 16:37:20;;92,730026245117;;;0;;10;;;109,88495575221;
20/06/2024 16:37:30;;264,84371948242;;;;;0;;;109,88716814159;
20/06/2024 16:37:40;;204,55726623535;;;;;;;;109,88938053097;
20/06/2024 16:37:50;;117,31768798828;;;;;;;;109,89159292035;
20/06/2024 16:38:00;;57,682281494141;;;;;;;;109,89380530973;
20/06/2024 16:38:10;;31,835929870605;;;;;;;;109,89601769912;
20/06/2024 16:38:20;;14,192695617676;;;;;;;;109,8982300885;
20/06/2024 16:38:30;;5,9027709960938;;;;;;;;109,90044247788;
20/06/2024 16:38:40;;1,9531173706055;;;;;;;;109,90265486726;
20/06/2024 16:38:50;;0,82463836669922;;;;;;;;109,90486725664;
20/06/2024 16:39:00;;0,73783874511719;;;;;;;;109,90707964602;
20/06/2024 16:39:10;;0,69444274902344;;;;;;;;109,9092920354;
20/06/2024 16:39:20;;0,73783874511719;;;;;;;;109,91150442478;
20/06/2024 16:39:30;;0,69444274902344;;;;;;;;109,91371681416;
20/06/2024 16:39:40;;0,67273712158203;;;;;;;;109,91592920354;
20/06/2024 16:39:50;;0,65103149414063;;;;;;;;109,91814159292;
20/06/2024 16:40:00;;0,67273712158203;;;;;;;;109,9203539823;
20/06/2024 16:40:10;;0,69444274902344;;;;;;;;109,92256637168;
20/06/2024 16:40:20;;0,71614074707031;;;;;;;;109,92477876106;
20/06/2024 16:40:30;;0,73783874511719;;;;;;;;109,92699115044;
20/06/2024 16:40:40;;0,69444274902344;;;;;;;;109,92920353982;
20/06/2024 16:40:50;;0,73783874511719;;;;;;;;109,9314159292;
20/06/2024 16:41:00;;0,71614074707031;;;;;;;;109,93362831858;
20/06/2024 16:41:10;;0,69444274902344;;;;;;;;109,93584070796;
20/06/2024 16:41:20;;0,68901634216309;;;;;;;;109,93805309735;
20/06/2024 16:41:30;;0,68358993530273;;;;;;;;109,94026548673;
20/06/2024 16:41:40;;0,67816352844238;;;;;;;;109,94247787611;
20/06/2024 16:41:50;;0,67273712158203;;;;;;;;109,94469026549;
20/06/2024 16:42:00;;0,66188430786133;;;;;;;;109,94690265487;
20/06/2024 16:42:10;;0,65103149414063;;;;;;;;109,94911504425;
20/06/2024 16:42:20;;0,69444274902344;;;;;;;;109,95132743363;
20/06/2024 16:42:30;;0,73783874511719;;;;;;;;109,95353982301;
20/06/2024 16:42:40;;0,69443511962891;;;;;;;;109,95575221239;
20/06/2024 16:42:50;;0,65103149414063;;;;;;;;109,95796460177;
20/06/2024 16:43:00;;0,69444274902344;;;;;;;;109,96017699115;
20/06/2024 16:43:10;;0,67997233072917;;;;;;;;109,96238938053;
20/06/2024 16:43:20;;0,6655019124349;;;;;;;;109,96460176991;
20/06/2024 16:43:30;;0,65103149414063;;;;;;;;109,96681415929;
20/06/2024 16:43:40;;0,6655019124349;;;;;;;;109,96902654867;
20/06/2024 16:43:50;;0,67997233072917;;;;;;;;109,97123893805;
20/06/2024 16:44:00;;0,69444274902344;;;;;;;;109,97345132743;
20/06/2024 16:44:10;;0,65103149414063;;;;;;;;109,97566371681;
20/06/2024 16:44:20;;0,64018249511719;;;;;;;;109,97787610619;
20/06/2024 16:44:30;;0,62933349609375;;;;;;;;109,98008849558;
20/06/2024 16:44:40;;0,61848449707031;;;;;;;;109,98230088496;
20/06/2024 16:44:50;;0,60763549804688;;;;;;;;109,98451327434;
20/06/2024 16:45:00;;0,65103149414063;;;;;;;;109,98672566372;
20/06/2024 16:45:10;;0,60763549804688;;;;;;;;109,9889380531;
20/06/2024 16:45:20;;0,65103149414063;;;;;;;;109,99115044248;
20/06/2024 16:45:30;;0,64018249511719;;;;;;;;109,99336283186;
20/06/2024 16:45:40;;0,62933349609375;;;;;;;;109,99557522124;
20/06/2024 16:45:50;;0,61848449707031;;;;;;;;109,99778761062;
20/06/2024 16:46:00;;0,60763549804688;;;;;;;;110;
20/06/2024 16:46:10;;0,65103149414063;;;;;;;;;
20/06/2024 16:46:20;;0,60763549804688;;;;;;;;;
20/06/2024 16:46:30;;0,56422424316406;;;;;;;;;
20/06/2024 16:46:40;;0,58592987060547;;;;;;;;;
20/06/2024 16:46:50;;0,55337905883789;;;;;;;;;
20/06/2024 16:47:00;;0,52082824707031;;;;;;;;;
20/06/2024 16:47:10;;0,56422424316406;;;;;;;;;
20/06/2024 16:47:20;;0,52082824707031;;;;;;;;;
20/06/2024 16:47:30;;0,56422424316406;;;;;;;;;
20/06/2024 16:47:40;;0,57869466145833;;;;;;;;;
20/06/2024 16:47:50;;0,5931650797526;;;;;;;;;
20/06/2024 16:48:00;;0,60763549804688;;;;;;;;;
20/06/2024 16:48:10;;0,58592987060547;;;;;;;;;
20/06/2024 16:48:20;;0,56422424316406;;;;;;;;;
20/06/2024 16:48:30;;0,52082824707031;;;;;;;;;
20/06/2024 16:48:40;;0,56422424316406;;;;;;;;;
20/06/2024 16:48:50;;0,52082824707031;;;;;;;;;
20/06/2024 16:49:00;;0,56422424316406;;;;;;;;;
20/06/2024 16:49:10;;0,57869466145833;;;;;;;;;
20/06/2024 16:49:20;;0,5931650797526;;;;;;;;;
20/06/2024 16:49:30;;0,60763549804688;;;;;;;;;
20/06/2024 16:49:40;;0,56422424316406;;;;;;;;;
20/06/2024 16:49:50;;0,54252624511719;;;;;;;;;
20/06/2024 16:50:00;;0,52082824707031;;;;;;;;;
20/06/2024 16:50:10;;0,54252624511719;;;;;;;;;
20/06/2024 16:50:20;;0,56422424316406;;;;;;;;;
20/06/2024 16:50:30;;0,52082824707031;;;;;;;;;
20/06/2024 16:50:40;;0,56422424316406;;;;;;;;;
20/06/2024 16:50:50;;0,58592987060547;;;;;;;;;
20/06/2024 16:51:00;;0,55337905883789;;;;;;;;;
20/06/2024 16:51:10;;0,52082824707031;;;;;;;;;
20/06/2024 16:51:20;;0,49912261962891;;;;;;;;;
20/06/2024 16:51:30;;0,4774169921875;;;;;;;;;
20/06/2024 16:51:40;;0,52082061767578;;;;;;;;;
20/06/2024 16:51:50;;0,56422424316406;;;;;;;;;
20/06/2024 16:52:00;;0,58592987060547;;;;;;;;;
20/06/2024 16:52:10;;0,52082824707031;;;;;;;;;
20/06/2024 16:52:20;;0,53529357910156;;;;;;;;;
20/06/2024 16:52:30;;0,54975891113281;;;;;;;;;
20/06/2024 16:52:40;;0,56422424316406;;;;;;;;;
20/06/2024 16:52:50;;0,60763549804688;;;;;;;;;
20/06/2024 16:53:00;;0,56422424316406;;;;;;;;;
20/06/2024 16:53:10;;0,60762786865234;;;;;;;;;
20/06/2024 16:53:20;;0,65103149414063;;;;;;;;;
20/06/2024 16:53:30;;0,62933349609375;;;;;;;;;
20/06/2024 16:53:40;;0,60763549804688;;;;;;;;;
20/06/2024 16:53:50;;0,56422424316406;;;;;;;;;
20/06/2024 16:54:00;;0,54975891113281;;;;;;;;;
20/06/2024 16:54:10;;0,53529357910156;;;;;;;;;
20/06/2024 16:54:20;;0,52082824707031;;;;;;;;;
20/06/2024 16:54:30;;0,53529357910156;;;;;;;;;
20/06/2024 16:54:40;;0,54975891113281;;;;;;;;;
20/06/2024 16:54:50;;0,56422424316406;;;;;;;;;
20/06/2024 16:55:00;;0,58592987060547;;;;;;;;;
20/06/2024 16:55:10;;0,60763549804688;;;;;;;;;
20/06/2024 16:55:20;;0,65103149414063;;;;;;;;;
20/06/2024 16:55:30;;0,60763549804688;;;;;;;;;
20/06/2024 16:55:40;;0,65103149414063;;;;;;;;;
20/06/2024 16:55:50;;0,60763549804688;;;;;;;;;
20/06/2024 16:56:00;;0,62933349609375;;;;;;;;;
20/06/2024 16:56:10;;0,65103149414063;;;;;;;;;
20/06/2024 16:56:20;;0,62933349609375;;;;;;;;;
20/06/2024 16:56:30;;0,60763549804688;;;;;;;;;
20/06/2024 16:56:40;;0,62933349609375;;;;;;;;;
20/06/2024 16:56:50;;0,65103149414063;;;;;;;;;
20/06/2024 16:57:00;;0,69444274902344;;;;;;;;;
20/06/2024 16:57:10;;0,65103149414063;;;;;;;;;
20/06/2024 16:57:20;;0,65826670328776;;;;;;;;;
20/06/2024 16:57:30;;0,6655019124349;;;;;;;;;
20/06/2024 16:57:40;;0,67273712158203;;;;;;;;;
20/06/2024 16:57:50;;0,66188685099284;;;;;;;;;
20/06/2024 16:58:00;;0,65103658040365;;;;;;;;;
20/06/2024 16:58:10;;0,64018630981445;;;;;;;;;
20/06/2024 16:58:20;;0,62933603922526;;;;;;;;;
20/06/2024 16:58:30;;0,61848576863607;;;;;;;;;
20/06/2024 16:58:40;;0,60763549804688;;;;;;;;;
20/06/2024 16:58:50;;0,56422424316406;;;;;;;;;
20/06/2024 16:59:00;;0,5714594523112;;;;;;;;;
20/06/2024 16:59:10;;0,57869466145833;;;;;;;;;
20/06/2024 16:59:20;;0,58592987060547;;;;;;;;;
20/06/2024 16:59:30;;0,5931650797526;;;;;;;;;
20/06/2024 16:59:40;;0,60040028889974;;;;;;;;;
20/06/2024 16:59:50;;0,60763549804688;;;;;;;;;
20/06/2024 17:00:00;;0,58592987060547;;;;;;;;;
20/06/2024 17:00:10;;0,57507705688477;;;;;;;;;
20/06/2024 17:00:20;;0,56422424316406;;;;;;;;;
20/06/2024 17:00:30;;0,60763549804688;;;;;;;;;
20/06/2024 17:00:40;;0,60763168334961;;;;;;;;;
20/06/2024 17:00:50;;0,60762786865234;;;;;;;;;
20/06/2024 17:01:00;;0,60763549804688;;;;;;;;;
20/06/2024 17:01:10;;0,65103149414063;;;;;;;;;
20/06/2024 17:01:20;;0,67273712158203;;;;;;;;;
20/06/2024 17:01:30;;0,69444274902344;;;;;;;;;
20/06/2024 17:01:40;;0,58592987060547;;;;;;;;;
20/06/2024 17:01:50;;0,65103149414063;;;;;;;;;
20/06/2024 17:02:00;;0,69444274902344;;;;;;;;;
20/06/2024 17:02:10;;0,60763549804688;;;;;;;;;
20/06/2024 17:02:20;;0,6365712483724;;;;;;;;;
20/06/2024 17:02:30;;0,66550699869792;;;;;;;;;
20/06/2024 17:02:40;;0,69444274902344;;;;;;;;;
20/06/2024 17:02:50;;0,60763549804688;;;;;;;;;
20/06/2024 17:03:00;;0,65103149414063;;;;;;;;;
20/06/2024 17:03:10;;0,6655019124349;;;;;;;;;
20/06/2024 17:03:20;;0,67997233072917;;;;;;;;;
20/06/2024 17:03:30;;0,69444274902344;;;;;;;;;
20/06/2024 17:03:40;;0,65103149414063;;;;;;;;;
20/06/2024 17:03:50;;0,60763549804688;;;;;;;;;
20/06/2024 17:04:00;;0,62933349609375;;;;;;;;;
20/06/2024 17:04:10;;0,65103149414063;;;;;;;;;
20/06/2024 17:04:20;;0,60763549804688;;;;;;;;;
20/06/2024 17:04:30;;0,65103149414063;;;;;;;;;
20/06/2024 17:04:40;;0,62933349609375;;;;;;;;;
20/06/2024 17:04:50;;0,60763549804688;;;;;;;;;
20/06/2024 17:05:00;;0,69444274902344;;;;;;;;;
20/06/2024 17:05:10;;0,62933349609375;;;;;;;;;
20/06/2024 17:05:20;;0,62933349609375;;;;;;;;;
20/06/2024 17:05:30;;0,62933349609375;;;;;;;;;
20/06/2024 17:05:40;;0,60763549804688;;;;;;;;;
20/06/2024 17:05:50;;0,61848449707031;;;;;;;;;
20/06/2024 17:06:00;;0,62933349609375;;;;;;;;;
20/06/2024 17:06:10;;0,64018249511719;;;;;;;;;
20/06/2024 17:06:20;;0,65103149414063;;;;;;;;;
20/06/2024 17:06:30;;0,63656616210938;;;;;;;;;
20/06/2024 17:06:40;;0,62210083007813;;;;;;;;;
20/06/2024 17:06:50;;0,60763549804688;;;;;;;;;
20/06/2024 17:07:00;;0,65103149414063;;;;;;;;;
20/06/2024 17:07:10;;0,69444274902344;;;;;;;;;
20/06/2024 17:07:20;;0,71614074707031;;;;;;;;;
20/06/2024 17:07:30;;0,73783874511719;;;;;;;;;
20/06/2024 17:07:40;;0,70890299479167;;;;;;;;;
20/06/2024 17:07:50;;0,67996724446615;;;;;;;;;
20/06/2024 17:08:00;;0,65103149414063;;;;;;;;;
20/06/2024 17:08:10;;0,62933349609375;;;;;;;;;
20/06/2024 17:08:20;;0,60763549804688;;;;;;;;;
20/06/2024 17:08:30;;0,62933349609375;;;;;;;;;
20/06/2024 17:08:40;;0,65103149414063;;;;;;;;;
20/06/2024 17:08:50;;0,65826670328776;;;;;;;;;
20/06/2024 17:09:00;;0,6655019124349;;;;;;;;;
20/06/2024 17:09:10;;0,67273712158203;;;;;;;;;
20/06/2024 17:09:20;;0,69444274902344;;;;;;;;;
20/06/2024 17:09:30;;0,62933349609375;;;;;;;;;
20/06/2024 17:09:40;;0,65103149414063;;;;;;;;;
20/06/2024 17:09:50;;0,67273712158203;;;;;;;;;
20/06/2024 17:10:00;;0,69444274902344;;;;;;;;;
20/06/2024 17:10:10;;0,65103912353516;;;;;;;;;
20/06/2024 17:10:20;;0,60763549804688;;;;;;;;;
20/06/2024 17:10:30;;0,62210083007813;;;;;;;;;
20/06/2024 17:10:40;;0,63656616210938;;;;;;;;;
20/06/2024 17:10:50;;0,65103149414063;;;;;;;;;
20/06/2024 17:11:00;;0,63656616210938;;;;;;;;;
20/06/2024 17:11:10;;0,62210083007813;;;;;;;;;
20/06/2024 17:11:20;;0,60763549804688;;;;;;;;;
20/06/2024 17:11:30;;0,65103149414063;;;;;;;;;
20/06/2024 17:11:40;;0,6655019124349;;;;;;;;;
20/06/2024 17:11:50;;0,67997233072917;;;;;;;;;
20/06/2024 17:12:00;;0,69444274902344;;;;;;;;;
20/06/2024 17:12:10;;0,66188812255859;;;;;;;;;
20/06/2024 17:12:20;;0,62933349609375;;;;;;;;;
20/06/2024 17:12:30;;0,61848449707031;;;;;;;;;
20/06/2024 17:12:40;;0,60763549804688;;;;;;;;;
20/06/2024 17:12:50;;0,5931650797526;;;;;;;;;
20/06/2024 17:13:00;;0,57869466145833;;;;;;;;;
20/06/2024 17:13:10;;0,56422424316406;;;;;;;;;
20/06/2024 17:13:20;;0,67273712158203;;;;;;;;;
20/06/2024 17:13:30;;0,66188430786133;;;;;;;;;
20/06/2024 17:13:40;;0,65103149414063;;;;;;;;;
20/06/2024 17:13:50;;0,62933349609375;;;;;;;;;
20/06/2024 17:14:00;;0,66188812255859;;;;;;;;;
20/06/2024 17:14:10;;0,69444274902344;;;;;;;;;
20/06/2024 17:14:20;;0,71614074707031;;;;;;;;;
20/06/2024 17:14:30;;0,69986343383789;;;;;;;;;
20/06/2024 17:14:40;;0,68358612060547;;;;;;;;;
20/06/2024 17:14:50;;0,66730880737305;;;;;;;;;
20/06/2024 17:15:00;;0,65103149414063;;;;;;;;;
20/06/2024 17:15:10;;0,67273712158203;;;;;;;;;
20/06/2024 17:15:20;;0,69444274902344;;;;;;;;;
20/06/2024 17:15:30;;0,67273712158203;;;;;;;;;
20/06/2024 17:15:40;;0,6655019124349;;;;;;;;;
20/06/2024 17:15:50;;0,65826670328776;;;;;;;;;
20/06/2024 17:16:00;;0,65103149414063;;;;;;;;;
20/06/2024 17:16:10;;0,64235229492187;;;;;;;;;
20/06/2024 17:16:20;;0,63367309570313;;;;;;;;;
20/06/2024 17:16:30;;0,62499389648437;;;;;;;;;
20/06/2024 17:16:40;;0,61631469726563;;;;;;;;;
20/06/2024 17:16:50;;0,60763549804688;;;;;;;;;
20/06/2024 17:17:00;;0,62933349609375;;;;;;;;;
20/06/2024 17:17:10;;0,65103149414063;;;;;;;;;
20/06/2024 17:17:20;;0,69444274902344;;;;;;;;;
20/06/2024 17:17:30;;0,65103912353516;;;;;;;;;
20/06/2024 17:17:40;;0,60763549804688;;;;;;;;;
20/06/2024 17:17:50;;0,62933349609375;;;;;;;;;
20/06/2024 17:18:00;;0,65103149414063;;;;;;;;;
20/06/2024 17:18:10;;0,63656616210938;;;;;;;;;
20/06/2024 17:18:20;;0,62210083007813;;;;;;;;;
20/06/2024 17:18:30;;0,60763549804688;;;;;;;;;
20/06/2024 17:18:40;;0,65103149414063;;;;;;;;;
20/06/2024 17:18:50;;0,62933349609375;;;;;;;;;
20/06/2024 17:19:00;;0,60763549804688;;;;;;;;;
20/06/2024 17:19:10;;0,62933349609375;;;;;;;;;
20/06/2024 17:19:20;;0,65103149414063;;;;;;;;;
20/06/2024 17:19:30;;0,64018249511719;;;;;;;;;
20/06/2024 17:19:40;;0,62933349609375;;;;;;;;;
20/06/2024 17:19:50;;0,62571716308594;;;;;;;;;
20/06/2024 17:20:00;;0,62210083007813;;;;;;;;;
20/06/2024 17:20:10;;0,61848449707031;;;;;;;;;
20/06/2024 17:20:20;;0,6148681640625;;;;;;;;;
20/06/2024 17:20:30;;0,61125183105469;;;;;;;;;
20/06/2024 17:20:40;;0,60763549804688;;;;;;;;;
20/06/2024 17:20:50;;0,62210083007813;;;;;;;;;
20/06/2024 17:21:00;;0,63656616210938;;;;;;;;;
20/06/2024 17:21:10;;0,65103149414063;;;;;;;;;
20/06/2024 17:21:20;;0,67273712158203;;;;;;;;;
20/06/2024 17:21:30;;0,69444274902344;;;;;;;;;
20/06/2024 17:21:40;;0,6727409362793;;;;;;;;;
20/06/2024 17:21:50;;0,65103912353516;;;;;;;;;
20/06/2024 17:22:00;;0,62933731079102;;;;;;;;;
20/06/2024 17:22:10;;0,60763549804688;;;;;;;;;
20/06/2024 17:22:20;;0,62933349609375;;;;;;;;;
20/06/2024 17:22:30;;0,65103149414063;;;;;;;;;
20/06/2024 17:22:40;;0,64018249511719;;;;;;;;;
20/06/2024 17:22:50;;0,62933349609375;;;;;;;;;
20/06/2024 17:23:00;;0,61848449707031;;;;;;;;;
20/06/2024 17:23:10;;0,60763549804688;;;;;;;;;
20/06/2024 17:23:20;;0,65103149414063;;;;;;;;;
20/06/2024 17:23:30;;0,60763549804688;;;;;;;;;
20/06/2024 17:23:40;;0,65103149414063;;;;;;;;;
20/06/2024 17:23:50;;0,60763549804688;;;;;;;;;
20/06/2024 17:24:00;;0,65103149414063;;;;;;;;;
20/06/2024 17:24:10;;0,64018249511719;;;;;;;;;
20/06/2024 17:24:20;;0,62933349609375;;;;;;;;;
20/06/2024 17:24:30;;0,66188812255859;;;;;;;;;
20/06/2024 17:24:40;;0,69444274902344;;;;;;;;;
20/06/2024 17:24:50;;0,68358993530273;;;;;;;;;
20/06/2024 17:25:00;;0,67273712158203;;;;;;;;;
20/06/2024 17:25:10;;0,66188430786133;;;;;;;;;
20/06/2024 17:25:20;;0,65103149414063;;;;;;;;;
20/06/2024 17:25:30;;0,69444274902344;;;;;;;;;
20/06/2024 17:25:40;;0,67997233072917;;;;;;;;;
20/06/2024 17:25:50;;0,6655019124349;;;;;;;;;
20/06/2024 17:26:00;;0,65103149414063;;;;;;;;;
20/06/2024 17:26:10;;0,68358612060547;;;;;;;;;
20/06/2024 17:26:20;;0,71614074707031;;;;;;;;;
20/06/2024 17:26:30;;0,65103149414063;;;;;;;;;
20/06/2024 17:26:40;;0,6655019124349;;;;;;;;;
20/06/2024 17:26:50;;0,67997233072917;;;;;;;;;
20/06/2024 17:27:00;;0,69444274902344;;;;;;;;;
20/06/2024 17:27:10;;0,67273712158203;;;;;;;;;
20/06/2024 17:27:20;;0,65103149414063;;;;;;;;;
20/06/2024 17:27:30;;0,66188430786133;;;;;;;;;
20/06/2024 17:27:40;;0,67273712158203;;;;;;;;;
20/06/2024 17:27:50;;0,68358993530273;;;;;;;;;
20/06/2024 17:28:00;;0,69444274902344;;;;;;;;;
20/06/2024 17:28:10;;0,65103149414063;;;;;;;;;
20/06/2024 17:28:20;;0,69444274902344;;;;;;;;;
20/06/2024 17:28:30;;0,65103149414063;;;;;;;;;
20/06/2024 17:28:40;;0,66188430786133;;;;;;;;;
20/06/2024 17:28:50;;0,67273712158203;;;;;;;;;
20/06/2024 17:29:00;;0,68358993530273;;;;;;;;;
20/06/2024 17:29:10;;0,69444274902344;;;;;;;;;
20/06/2024 17:29:20;;0,67997233072917;;;;;;;;;
20/06/2024 17:29:30;;0,6655019124349;;;;;;;;;
20/06/2024 17:29:40;;0,65103149414063;;;;;;;;;
20/06/2024 17:29:50;;0,67273712158203;;;;;;;;;
20/06/2024 17:30:00;;0,69444274902344;;;;;;;;;
20/06/2024 17:30:10;;0,68358993530273;;;;;;;;;
20/06/2024 17:30:20;;0,67273712158203;;;;;;;;;
20/06/2024 17:30:30;;0,66188430786133;;;;;;;;;
20/06/2024 17:30:40;;0,65103149414063;;;;;;;;;
20/06/2024 17:30:50;;0,67273712158203;;;;;;;;;
20/06/2024 17:31:00;;0,69444274902344;;;;;;;;;
20/06/2024 17:31:10;;0,70167541503906;;;;;;;;;
20/06/2024 17:31:20;;0,70890808105469;;;;;;;;;
20/06/2024 17:31:30;;0,71614074707031;;;;;;;;;
20/06/2024 17:31:40;;0,72337341308594;;;;;;;;;
20/06/2024 17:31:50;;0,73060607910156;;;;;;;;;
20/06/2024 17:32:00;;0,73783874511719;;;;;;;;;
20/06/2024 17:32:10;;0,69443511962891;;;;;;;;;
20/06/2024 17:32:20;;0,65103149414063;;;;;;;;;
20/06/2024 17:32:30;;0,69444274902344;;;;;;;;;
20/06/2024 17:32:40;;0,67273712158203;;;;;;;;;
20/06/2024 17:32:50;;0,65103149414063;;;;;;;;;
20/06/2024 17:33:00;;0,6537446975708;;;;;;;;;
20/06/2024 17:33:10;;0,65645790100098;;;;;;;;;
20/06/2024 17:33:20;;0,65917110443115;;;;;;;;;
20/06/2024 17:33:30;;0,66188430786133;;;;;;;;;
20/06/2024 17:33:40;;0,6645975112915;;;;;;;;;
20/06/2024 17:33:50;;0,66731071472168;;;;;;;;;
20/06/2024 17:34:00;;0,67002391815186;;;;;;;;;
20/06/2024 17:34:10;;0,67273712158203;;;;;;;;;
20/06/2024 17:34:20;;0,67545032501221;;;;;;;;;
20/06/2024 17:34:30;;0,67816352844238;;;;;;;;;
20/06/2024 17:34:40;;0,68087673187256;;;;;;;;;
20/06/2024 17:34:50;;0,68358993530273;;;;;;;;;
20/06/2024 17:35:00;;0,68630313873291;;;;;;;;;
20/06/2024 17:35:10;;0,68901634216309;;;;;;;;;
20/06/2024 17:35:20;;0,69172954559326;;;;;;;;;
20/06/2024 17:35:30;;0,69444274902344;;;;;;;;;
20/06/2024 17:35:40;;0,69805908203125;;;;;;;;;
20/06/2024 17:35:50;;0,70167541503906;;;;;;;;;
20/06/2024 17:36:00;;0,70529174804688;;;;;;;;;
20/06/2024 17:36:10;;0,70890808105469;;;;;;;;;
20/06/2024 17:36:20;;0,7125244140625;;;;;;;;;
20/06/2024 17:36:30;;0,71614074707031;;;;;;;;;
20/06/2024 17:36:40;;0,71975708007813;;;;;;;;;
20/06/2024 17:36:50;;0,72337341308594;;;;;;;;;
20/06/2024 17:37:00;;0,72698974609375;;;;;;;;;
20/06/2024 17:37:10;;0,73060607910156;;;;;;;;;
20/06/2024 17:37:20;;0,73422241210938;;;;;;;;;
20/06/2024 17:37:30;;0,73783874511719;;;;;;;;;
20/06/2024 17:37:40;;0,72047729492187;;;;;;;;;
20/06/2024 17:37:50;;0,70311584472656;;;;;;;;;
20/06/2024 17:38:00;;0,68575439453125;;;;;;;;;
20/06/2024 17:38:10;;0,66839294433594;;;;;;;;;
20/06/2024 17:38:20;;0,65103149414063;;;;;;;;;
20/06/2024 17:38:30;;0,69444274902344;;;;;;;;;
20/06/2024 17:38:40;;0,67997233072917;;;;;;;;;
20/06/2024 17:38:50;;0,6655019124349;;;;;;;;;
20/06/2024 17:39:00;;0,65103149414063;;;;;;;;;
20/06/2024 17:39:10;;0,65413229806083;;;;;;;;;
20/06/2024 17:39:20;;0,65723310198103;;;;;;;;;
20/06/2024 17:39:30;;0,66033390590123;;;;;;;;;
20/06/2024 17:39:40;;0,66343470982143;;;;;;;;;
20/06/2024 17:39:50;;0,66653551374163;;;;;;;;;
20/06/2024 17:40:00;;0,66963631766183;;;;;;;;;
20/06/2024 17:40:10;;0,67273712158203;;;;;;;;;
20/06/2024 17:40:20;;0,67583792550223;;;;;;;;;
20/06/2024 17:40:30;;0,67893872942243;;;;;;;;;
20/06/2024 17:40:40;;0,68203953334263;;;;;;;;;
20/06/2024 17:40:50;;0,68514033726283;;;;;;;;;
20/06/2024 17:41:00;;0,68824114118304;;;;;;;;;
20/06/2024 17:41:10;;0,69134194510324;;;;;;;;;
20/06/2024 17:41:20;;0,69444274902344;;;;;;;;;
20/06/2024 17:41:30;;0,67273712158203;;;;;;;;;
20/06/2024 17:41:40;;0,65103149414063;;;;;;;;;
20/06/2024 17:41:50;;0,69444274902344;;;;;;;;;
20/06/2024 17:42:00;;0,67273712158203;;;;;;;;;
20/06/2024 17:42:10;;0,65103149414063;;;;;;;;;
20/06/2024 17:42:20;;0,67996724446615;;;;;;;;;
20/06/2024 17:42:30;;0,70890299479167;;;;;;;;;
20/06/2024 17:42:40;;0,73783874511719;;;;;;;;;
20/06/2024 17:42:50;;0,72915954589844;;;;;;;;;
20/06/2024 17:43:00;;0,72048034667969;;;;;;;;;
20/06/2024 17:43:10;;0,71180114746094;;;;;;;;;
20/06/2024 17:43:20;;0,70312194824219;;;;;;;;;
20/06/2024 17:43:30;;0,69444274902344;;;;;;;;;
20/06/2024 17:43:40;;0,73783874511719;;;;;;;;;
20/06/2024 17:43:50;;0,70890299479167;;;;;;;;;
20/06/2024 17:44:00;;0,67996724446615;;;;;;;;;
20/06/2024 17:44:10;;0,65103149414063;;;;;;;;;
20/06/2024 17:44:20;;0,69444274902344;;;;;;;;;
20/06/2024 17:44:30;;0,67273712158203;;;;;;;;;
20/06/2024 17:44:40;;0,65103149414063;;;;;;;;;
20/06/2024 17:44:50;;0,69444274902344;;;;;;;;;
20/06/2024 17:45:00;;0,67273712158203;;;;;;;;;
20/06/2024 17:45:10;;0,65103149414063;;;;;;;;;
20/06/2024 17:45:20;;0,67996724446615;;;;;;;;;
20/06/2024 17:45:30;;0,70890299479167;;;;;;;;;
20/06/2024 17:45:40;;0,73783874511719;;;;;;;;;
20/06/2024 17:45:50;;0,71614074707031;;;;;;;;;
20/06/2024 17:46:00;;0,69444274902344;;;;;;;;;
20/06/2024 17:46:10;;0,69082514444987;;;;;;;;;
20/06/2024 17:46:20;;0,6872075398763;;;;;;;;;
20/06/2024 17:46:30;;0,68358993530273;;;;;;;;;
20/06/2024 17:46:40;;0,67997233072917;;;;;;;;;
20/06/2024 17:46:50;;0,6763547261556;;;;;;;;;
20/06/2024 17:47:00;;0,67273712158203;;;;;;;;;
20/06/2024 17:47:10;;0,66188430786133;;;;;;;;;
20/06/2024 17:47:20;;0,65103149414063;;;;;;;;;
20/06/2024 17:47:30;;0,69444274902344;;;;;;;;;
20/06/2024 17:47:40;;0,67997233072917;;;;;;;;;
20/06/2024 17:47:50;;0,6655019124349;;;;;;;;;
20/06/2024 17:48:00;;0,65103149414063;;;;;;;;;
20/06/2024 17:48:10;;0,67273712158203;;;;;;;;;
20/06/2024 17:48:20;;0,69444274902344;;;;;;;;;
20/06/2024 17:48:30;;0,71614074707031;;;;;;;;;
20/06/2024 17:48:40;;0,73783874511719;;;;;;;;;
20/06/2024 17:48:50;;0,71614074707031;;;;;;;;;
20/06/2024 17:49:00;;0,69444274902344;;;;;;;;;
20/06/2024 17:49:10;;0,71614074707031;;;;;;;;;
20/06/2024 17:49:20;;0,73783874511719;;;;;;;;;
20/06/2024 17:49:30;;0,69444274902344;;;;;;;;;
20/06/2024 17:49:40;;0,70890808105469;;;;;;;;;
20/06/2024 17:49:50;;0,72337341308594;;;;;;;;;
20/06/2024 17:50:00;;0,73783874511719;;;;;;;;;
20/06/2024 17:50:10;;0,71614074707031;;;;;;;;;
20/06/2024 17:50:20;;0,69444274902344;;;;;;;;;
20/06/2024 17:50:30;;0,68901634216309;;;;;;;;;
20/06/2024 17:50:40;;0,68358993530273;;;;;;;;;
20/06/2024 17:50:50;;0,67816352844238;;;;;;;;;
20/06/2024 17:51:00;;0,67273712158203;;;;;;;;;
20/06/2024 17:51:10;;0,68575744628906;;;;;;;;;
20/06/2024 17:51:20;;0,69877777099609;;;;;;;;;
20/06/2024 17:51:30;;0,71179809570313;;;;;;;;;
20/06/2024 17:51:40;;0,72481842041016;;;;;;;;;
20/06/2024 17:51:50;;0,73783874511719;;;;;;;;;
20/06/2024 17:52:00;;0,72337341308594;;;;;;;;;
20/06/2024 17:52:10;;0,70890808105469;;;;;;;;;
20/06/2024 17:52:20;;0,69444274902344;;;;;;;;;
20/06/2024 17:52:30;;0,71614074707031;;;;;;;;;
20/06/2024 17:52:40;;0,73783874511719;;;;;;;;;
20/06/2024 17:52:50;;0,73060607910156;;;;;;;;;
20/06/2024 17:53:00;;0,72337341308594;;;;;;;;;
20/06/2024 17:53:10;;0,71614074707031;;;;;;;;;
20/06/2024 17:53:20;;0,70890808105469;;;;;;;;;
20/06/2024 17:53:30;;0,70167541503906;;;;;;;;;
20/06/2024 17:53:40;;0,69444274902344;;;;;;;;;
20/06/2024 17:53:50;;0,70890808105469;;;;;;;;;
20/06/2024 17:54:00;;0,72337341308594;;;;;;;;;
20/06/2024 17:54:10;;0,73783874511719;;;;;;;;;
20/06/2024 17:54:20;;0,69444274902344;;;;;;;;;
20/06/2024 17:54:30;;0,71180114746094;;;;;;;;;
20/06/2024 17:54:40;;0,72915954589844;;;;;;;;;
20/06/2024 17:54:50;;0,74651794433594;;;;;;;;;
20/06/2024 17:55:00;;0,76387634277344;;;;;;;;;
20/06/2024 17:55:10;;0,78123474121094;;;;;;;;;
20/06/2024 17:55:20;;0,76387634277344;;;;;;;;;
20/06/2024 17:55:30;;0,74651794433594;;;;;;;;;
20/06/2024 17:55:40;;0,72915954589844;;;;;;;;;
20/06/2024 17:55:50;;0,71180114746094;;;;;;;;;
20/06/2024 17:56:00;;0,69444274902344;;;;;;;;;
20/06/2024 17:56:10;;0,73783874511719;;;;;;;;;
20/06/2024 17:56:20;;0,72698974609375;;;;;;;;;
20/06/2024 17:56:30;;0,71614074707031;;;;;;;;;
20/06/2024 17:56:40;;0,70529174804688;;;;;;;;;
20/06/2024 17:56:50;;0,69444274902344;;;;;;;;;
20/06/2024 17:57:00;;0,73783874511719;;;;;;;;;
20/06/2024 17:57:10;;0,69444274902344;;;;;;;;;
20/06/2024 17:57:20;;0,73783874511719;;;;;;;;;
20/06/2024 17:57:30;;0,72337341308594;;;;;;;;;
20/06/2024 17:57:40;;0,70890808105469;;;;;;;;;
20/06/2024 17:57:50;;0,69444274902344;;;;;;;;;
20/06/2024 17:58:00;;0,69926452636719;;;;;;;;;
20/06/2024 17:58:10;;0,70408630371094;;;;;;;;;
20/06/2024 17:58:20;;0,70890808105469;;;;;;;;;
20/06/2024 17:58:30;;0,71372985839844;;;;;;;;;
20/06/2024 17:58:40;;0,71855163574219;;;;;;;;;
20/06/2024 17:58:50;;0,72337341308594;;;;;;;;;
20/06/2024 17:59:00;;0,72819519042969;;;;;;;;;
20/06/2024 17:59:10;;0,73301696777344;;;;;;;;;
20/06/2024 17:59:20;;0,73783874511719;;;;;;;;;
20/06/2024 17:59:30;;0,72698974609375;;;;;;;;;
20/06/2024 17:59:40;;0,71614074707031;;;;;;;;;
20/06/2024 17:59:50;;0,70529174804688;;;;;;;;;
20/06/2024 18:00:00;;0,69444274902344;;;;;;;;;
20/06/2024 18:00:10;;0,73783874511719;;;;;;;;;
20/06/2024 18:00:20;;;;;;;;;;;
20/06/2024 18:00:30;;;;;;;;;;;
20/06/2024 18:00:40;;;;;;;;;;;
