Data;CO2;O2;H2S;CH4PPM
20/06/2024 02:00:00;;;;
20/06/2024 02:00:10;;;;
20/06/2024 02:00:20;;;;
20/06/2024 02:00:30;;;;
20/06/2024 02:00:40;;;;
20/06/2024 02:00:50;;;;
20/06/2024 02:01:00;;;;
20/06/2024 02:01:10;;;;
20/06/2024 02:01:20;;;;
20/06/2024 02:01:30;;;;
20/06/2024 02:01:40;;;;
20/06/2024 02:01:50;;;;
20/06/2024 02:02:00;;;;
20/06/2024 02:02:10;;;;
20/06/2024 02:02:20;;;;
20/06/2024 02:02:30;;;;
20/06/2024 02:02:40;;;;
20/06/2024 02:02:50;;;;
20/06/2024 02:03:00;;;;
20/06/2024 02:03:10;;;;
20/06/2024 02:03:20;;;;
20/06/2024 02:03:30;;;;
20/06/2024 02:03:40;;;;
20/06/2024 02:03:50;;;;
20/06/2024 02:04:00;;;;
20/06/2024 02:04:10;;;;
20/06/2024 02:04:20;;;;
20/06/2024 02:04:30;;;;
20/06/2024 02:04:40;;;;
20/06/2024 02:04:50;;;;
20/06/2024 02:05:00;;;;
20/06/2024 02:05:10;;;;
20/06/2024 02:05:20;;;;
20/06/2024 02:05:30;;;;
20/06/2024 02:05:40;;;;
20/06/2024 02:05:50;;;;
20/06/2024 02:06:00;;;;
20/06/2024 02:06:10;;;;
20/06/2024 02:06:20;;;;
20/06/2024 02:06:30;;;;
20/06/2024 02:06:40;;;;
20/06/2024 02:06:50;;;;
20/06/2024 02:07:00;;;;
20/06/2024 02:07:10;;;;
20/06/2024 02:07:20;;;;
20/06/2024 02:07:30;;;;
20/06/2024 02:07:40;;;;
20/06/2024 02:07:50;;;;
20/06/2024 02:08:00;;;;
20/06/2024 02:08:10;;;;
20/06/2024 02:08:20;;;;
20/06/2024 02:08:30;;;;
20/06/2024 02:08:40;;;;
20/06/2024 02:08:50;;;;
20/06/2024 02:09:00;;;;
20/06/2024 02:09:10;;;;
20/06/2024 02:09:20;;;;
20/06/2024 02:09:30;;;;
20/06/2024 02:09:40;;;;
20/06/2024 02:09:50;;;;
20/06/2024 02:10:00;;;;
20/06/2024 02:10:10;;;;
20/06/2024 02:10:20;;;;
20/06/2024 02:10:30;;;;
20/06/2024 02:10:40;;;;
20/06/2024 02:10:50;;;;
20/06/2024 02:11:00;;;;
20/06/2024 02:11:10;;;;
20/06/2024 02:11:20;;;;
20/06/2024 02:11:30;;;;
20/06/2024 02:11:40;;;;
20/06/2024 02:11:50;;;;
20/06/2024 02:12:00;;;;
20/06/2024 02:12:10;;;;
20/06/2024 02:12:20;;;;
20/06/2024 02:12:30;;;;
20/06/2024 02:12:40;;;;
20/06/2024 02:12:50;;;;
20/06/2024 02:13:00;;;;
20/06/2024 02:13:10;;;;
20/06/2024 02:13:20;;;;
20/06/2024 02:13:30;;;;
20/06/2024 02:13:40;;;;
20/06/2024 02:13:50;;;;
20/06/2024 02:14:00;;;;
20/06/2024 02:14:10;;;;
20/06/2024 02:14:20;;;;
20/06/2024 02:14:30;;;;
20/06/2024 02:14:40;;;;
20/06/2024 02:14:50;;;;
20/06/2024 02:15:00;;;;
20/06/2024 02:15:10;;;;
20/06/2024 02:15:20;;;;
20/06/2024 02:15:30;;;;
20/06/2024 02:15:40;;;;
20/06/2024 02:15:50;;;;
20/06/2024 02:16:00;;;;
20/06/2024 02:16:10;;;;
20/06/2024 02:16:20;;;;
20/06/2024 02:16:30;;;;
20/06/2024 02:16:40;;;;
20/06/2024 02:16:50;;;;
20/06/2024 02:17:00;;;;
20/06/2024 02:17:10;;;;
20/06/2024 02:17:20;;;;
20/06/2024 02:17:30;;;;
20/06/2024 02:17:40;;;;
20/06/2024 02:17:50;;;;
20/06/2024 02:18:00;;;;
20/06/2024 02:18:10;;;;
20/06/2024 02:18:20;;;;
20/06/2024 02:18:30;;;;
20/06/2024 02:18:40;;;;
20/06/2024 02:18:50;;;;
20/06/2024 02:19:00;;;;
20/06/2024 02:19:10;;;;
20/06/2024 02:19:20;;;;
20/06/2024 02:19:30;;;;
20/06/2024 02:19:40;;;;
20/06/2024 02:19:50;;;;
20/06/2024 02:20:00;;;;
20/06/2024 02:20:10;;;;
20/06/2024 02:20:20;;;;
20/06/2024 02:20:30;;;;
20/06/2024 02:20:40;;;;
20/06/2024 02:20:50;;;;
20/06/2024 02:21:00;;;;
20/06/2024 02:21:10;;;;
20/06/2024 02:21:20;;;;
20/06/2024 02:21:30;;;;
20/06/2024 02:21:40;;;;
20/06/2024 02:21:50;;;;
20/06/2024 02:22:00;;;;
20/06/2024 02:22:10;;;;
20/06/2024 02:22:20;;;;
20/06/2024 02:22:30;;;;
20/06/2024 02:22:40;;;;
20/06/2024 02:22:50;;;;
20/06/2024 02:23:00;;;;
20/06/2024 02:23:10;;;;
20/06/2024 02:23:20;;;;
20/06/2024 02:23:30;;;;
20/06/2024 02:23:40;;;;
20/06/2024 02:23:50;;;;
20/06/2024 02:24:00;;;;
20/06/2024 02:24:10;;;;
20/06/2024 02:24:20;;;;
20/06/2024 02:24:30;;;;
20/06/2024 02:24:40;;;;
20/06/2024 02:24:50;;;;
20/06/2024 02:25:00;;;;
20/06/2024 02:25:10;;;;
20/06/2024 02:25:20;;;;
20/06/2024 02:25:30;;;;
20/06/2024 02:25:40;;;;
20/06/2024 02:25:50;;;;
20/06/2024 02:26:00;;;;
20/06/2024 02:26:10;;;;
20/06/2024 02:26:20;;;;
20/06/2024 02:26:30;;;;
20/06/2024 02:26:40;;;;
20/06/2024 02:26:50;;;;
20/06/2024 02:27:00;;;;
20/06/2024 02:27:10;;;;
20/06/2024 02:27:20;;;;
20/06/2024 02:27:30;;;;
20/06/2024 02:27:40;;;;
20/06/2024 02:27:50;;;;
20/06/2024 02:28:00;;;;
20/06/2024 02:28:10;;;;
20/06/2024 02:28:20;;;;
20/06/2024 02:28:30;;;;
20/06/2024 02:28:40;;;;
20/06/2024 02:28:50;;;;
20/06/2024 02:29:00;;;;
20/06/2024 02:29:10;;;;
20/06/2024 02:29:20;;;;
20/06/2024 02:29:30;;;;
20/06/2024 02:29:40;;;;
20/06/2024 02:29:50;;;;
20/06/2024 02:30:00;;;;
20/06/2024 02:30:10;;;;
20/06/2024 02:30:20;;;;
20/06/2024 02:30:30;;;;
20/06/2024 02:30:40;;;;
20/06/2024 02:30:50;;;;
20/06/2024 02:31:00;;;;
20/06/2024 02:31:10;;;;
20/06/2024 02:31:20;;;;
20/06/2024 02:31:30;;;;
20/06/2024 02:31:40;;;;
20/06/2024 02:31:50;;;;
20/06/2024 02:32:00;;;;
20/06/2024 02:32:10;;;;
20/06/2024 02:32:20;;;;
20/06/2024 02:32:30;;;;
20/06/2024 02:32:40;;;;
20/06/2024 02:32:50;;;;
20/06/2024 02:33:00;;;;
20/06/2024 02:33:10;;;;
20/06/2024 02:33:20;;;;
20/06/2024 02:33:30;;;;
20/06/2024 02:33:40;;;;
20/06/2024 02:33:50;;;;
20/06/2024 02:34:00;;;;
20/06/2024 02:34:10;;;;
20/06/2024 02:34:20;;;;
20/06/2024 02:34:30;;;;
20/06/2024 02:34:40;;;;
20/06/2024 02:34:50;;;;
20/06/2024 02:35:00;;;;
20/06/2024 02:35:10;;;;
20/06/2024 02:35:20;;;;
20/06/2024 02:35:30;;;;
20/06/2024 02:35:40;;;;
20/06/2024 02:35:50;;;;
20/06/2024 02:36:00;;;;
20/06/2024 02:36:10;;;;
20/06/2024 02:36:20;;;;
20/06/2024 02:36:30;;;;
20/06/2024 02:36:40;;;;
20/06/2024 02:36:50;;;;
20/06/2024 02:37:00;;;;
20/06/2024 02:37:10;;;;
20/06/2024 02:37:20;;;;
20/06/2024 02:37:30;;;;
20/06/2024 02:37:40;;;;
20/06/2024 02:37:50;;;;
20/06/2024 02:38:00;;;;
20/06/2024 02:38:10;;;;
20/06/2024 02:38:20;;;;
20/06/2024 02:38:30;;;;
20/06/2024 02:38:40;;;;
20/06/2024 02:38:50;;;;
20/06/2024 02:39:00;;;;
20/06/2024 02:39:10;;;;
20/06/2024 02:39:20;;;;
20/06/2024 02:39:30;;;;
20/06/2024 02:39:40;;;;
20/06/2024 02:39:50;;;;
20/06/2024 02:40:00;;;;
20/06/2024 02:40:10;;;;
20/06/2024 02:40:20;;;;
20/06/2024 02:40:30;;;;
20/06/2024 02:40:40;;;;
20/06/2024 02:40:50;;;;
20/06/2024 02:41:00;;;;
20/06/2024 02:41:10;;;;
20/06/2024 02:41:20;;;;
20/06/2024 02:41:30;;;;
20/06/2024 02:41:40;;;;
20/06/2024 02:41:50;;;;
20/06/2024 02:42:00;;;;
20/06/2024 02:42:10;;;;
20/06/2024 02:42:20;;;;
20/06/2024 02:42:30;;;;
20/06/2024 02:42:40;;;;
20/06/2024 02:42:50;;;;
20/06/2024 02:43:00;;;;
20/06/2024 02:43:10;;;;
20/06/2024 02:43:20;;;;
20/06/2024 02:43:30;;;;
20/06/2024 02:43:40;;;;
20/06/2024 02:43:50;;;;
20/06/2024 02:44:00;;;;
20/06/2024 02:44:10;;;;
20/06/2024 02:44:20;;;;
20/06/2024 02:44:30;;;;
20/06/2024 02:44:40;;;;
20/06/2024 02:44:50;;;;
20/06/2024 02:45:00;;;;
20/06/2024 02:45:10;;;;
20/06/2024 02:45:20;;;;
20/06/2024 02:45:30;;;;
20/06/2024 02:45:40;;;;
20/06/2024 02:45:50;;;;
20/06/2024 02:46:00;;;;
20/06/2024 02:46:10;;;;
20/06/2024 02:46:20;;;;
20/06/2024 02:46:30;;;;
20/06/2024 02:46:40;;;;
20/06/2024 02:46:50;;;;
20/06/2024 02:47:00;;;;
20/06/2024 02:47:10;;;;
20/06/2024 02:47:20;;;;
20/06/2024 02:47:30;;;;
20/06/2024 02:47:40;;;;
20/06/2024 02:47:50;;;;
20/06/2024 02:48:00;;;;
20/06/2024 02:48:10;;;;
20/06/2024 02:48:20;;;;
20/06/2024 02:48:30;;;;
20/06/2024 02:48:40;;;;
20/06/2024 02:48:50;;;;
20/06/2024 02:49:00;;;;
20/06/2024 02:49:10;;;;
20/06/2024 02:49:20;;;;
20/06/2024 02:49:30;;;;
20/06/2024 02:49:40;;;;
20/06/2024 02:49:50;;;;
20/06/2024 02:50:00;;;;
20/06/2024 02:50:10;;;;
20/06/2024 02:50:20;;;;
20/06/2024 02:50:30;;;;
20/06/2024 02:50:40;;;;
20/06/2024 02:50:50;;;;
20/06/2024 02:51:00;;;;
20/06/2024 02:51:10;;;;
20/06/2024 02:51:20;;;;
20/06/2024 02:51:30;;;;
20/06/2024 02:51:40;;;;
20/06/2024 02:51:50;;;;
20/06/2024 02:52:00;;;;
20/06/2024 02:52:10;;;;
20/06/2024 02:52:20;;;;
20/06/2024 02:52:30;;;;
20/06/2024 02:52:40;;;;
20/06/2024 02:52:50;;;;
20/06/2024 02:53:00;;;;
20/06/2024 02:53:10;;;;
20/06/2024 02:53:20;;;;
20/06/2024 02:53:30;;;;
20/06/2024 02:53:40;;;;
20/06/2024 02:53:50;;;;
20/06/2024 02:54:00;;;;
20/06/2024 02:54:10;;;;
20/06/2024 02:54:20;;;;
20/06/2024 02:54:30;;;;
20/06/2024 02:54:40;;;;
20/06/2024 02:54:50;;;;
20/06/2024 02:55:00;;;;
20/06/2024 02:55:10;;;;
20/06/2024 02:55:20;;;;
20/06/2024 02:55:30;;;;
20/06/2024 02:55:40;;;;
20/06/2024 02:55:50;;;;
20/06/2024 02:56:00;;;;
20/06/2024 02:56:10;;;;
20/06/2024 02:56:20;;;;
20/06/2024 02:56:30;;;;
20/06/2024 02:56:40;;;;
20/06/2024 02:56:50;;;;
20/06/2024 02:57:00;;;;
20/06/2024 02:57:10;;;;
20/06/2024 02:57:20;;;;
20/06/2024 02:57:30;;;;
20/06/2024 02:57:40;;;;
20/06/2024 02:57:50;;;;
20/06/2024 02:58:00;;;;
20/06/2024 02:58:10;;;;
20/06/2024 02:58:20;;;;
20/06/2024 02:58:30;;;;
20/06/2024 02:58:40;;;;
20/06/2024 02:58:50;;;;
20/06/2024 02:59:00;;;;
20/06/2024 02:59:10;;;;
20/06/2024 02:59:20;;;;
20/06/2024 02:59:30;;;;
20/06/2024 02:59:40;;;;
20/06/2024 02:59:50;;;;
20/06/2024 03:00:00;;;;
20/06/2024 03:00:10;;;;
20/06/2024 03:00:20;;;;
20/06/2024 03:00:30;;;;
20/06/2024 03:00:40;;;;
20/06/2024 03:00:50;;;;
20/06/2024 03:01:00;;;;
20/06/2024 03:01:10;;;;
20/06/2024 03:01:20;;;;
20/06/2024 03:01:30;;;;
20/06/2024 03:01:40;;;;
20/06/2024 03:01:50;;;;
20/06/2024 03:02:00;;;;
20/06/2024 03:02:10;;;;
20/06/2024 03:02:20;;;;
20/06/2024 03:02:30;;;;
20/06/2024 03:02:40;;;;
20/06/2024 03:02:50;;;;
20/06/2024 03:03:00;;;;
20/06/2024 03:03:10;;;;
20/06/2024 03:03:20;;;;
20/06/2024 03:03:30;;;;
20/06/2024 03:03:40;;;;
20/06/2024 03:03:50;;;;
20/06/2024 03:04:00;;;;
20/06/2024 03:04:10;;;;
20/06/2024 03:04:20;;;;
20/06/2024 03:04:30;;;;
20/06/2024 03:04:40;;;;
20/06/2024 03:04:50;;;;
20/06/2024 03:05:00;;;;
20/06/2024 03:05:10;;;;
20/06/2024 03:05:20;;;;
20/06/2024 03:05:30;;;;
20/06/2024 03:05:40;;;;
20/06/2024 03:05:50;;;;
20/06/2024 03:06:00;;;;
20/06/2024 03:06:10;;;;
20/06/2024 03:06:20;;;;
20/06/2024 03:06:30;;;;
20/06/2024 03:06:40;;;;
20/06/2024 03:06:50;;;;
20/06/2024 03:07:00;;;;
20/06/2024 03:07:10;;;;
20/06/2024 03:07:20;;;;
20/06/2024 03:07:30;;;;
20/06/2024 03:07:40;;;;
20/06/2024 03:07:50;;;;
20/06/2024 03:08:00;;;;
20/06/2024 03:08:10;;;;
20/06/2024 03:08:20;;;;
20/06/2024 03:08:30;;;;
20/06/2024 03:08:40;;;;
20/06/2024 03:08:50;;;;
20/06/2024 03:09:00;;;;
20/06/2024 03:09:10;;;;
20/06/2024 03:09:20;;;;
20/06/2024 03:09:30;;;;
20/06/2024 03:09:40;;;;
20/06/2024 03:09:50;;;;
20/06/2024 03:10:00;;;;
20/06/2024 03:10:10;;;;
20/06/2024 03:10:20;;;;
20/06/2024 03:10:30;;;;
20/06/2024 03:10:40;;;;
20/06/2024 03:10:50;;;;
20/06/2024 03:11:00;;;;
20/06/2024 03:11:10;;;;
20/06/2024 03:11:20;;;;
20/06/2024 03:11:30;;;;
20/06/2024 03:11:40;;;;
20/06/2024 03:11:50;;;;
20/06/2024 03:12:00;;;;
20/06/2024 03:12:10;;;;
20/06/2024 03:12:20;;;;
20/06/2024 03:12:30;;;;
20/06/2024 03:12:40;;;;
20/06/2024 03:12:50;;;;
20/06/2024 03:13:00;;;;
20/06/2024 03:13:10;;;;
20/06/2024 03:13:20;;;;
20/06/2024 03:13:30;;;;
20/06/2024 03:13:40;;;;
20/06/2024 03:13:50;;;;
20/06/2024 03:14:00;;;;
20/06/2024 03:14:10;;;;
20/06/2024 03:14:20;;;;
20/06/2024 03:14:30;;;;
20/06/2024 03:14:40;;;;
20/06/2024 03:14:50;;;;
20/06/2024 03:15:00;;;;
20/06/2024 03:15:10;;;;
20/06/2024 03:15:20;;;;
20/06/2024 03:15:30;;;;
20/06/2024 03:15:40;;;;
20/06/2024 03:15:50;;;;
20/06/2024 03:16:00;;;;
20/06/2024 03:16:10;;;;
20/06/2024 03:16:20;;;;
20/06/2024 03:16:30;;;;
20/06/2024 03:16:40;;;;
20/06/2024 03:16:50;;;;
20/06/2024 03:17:00;;;;
20/06/2024 03:17:10;;;;
20/06/2024 03:17:20;;;;
20/06/2024 03:17:30;;;;
20/06/2024 03:17:40;;;;
20/06/2024 03:17:50;;;;
20/06/2024 03:18:00;;;;
20/06/2024 03:18:10;;;;
20/06/2024 03:18:20;;;;
20/06/2024 03:18:30;;;;
20/06/2024 03:18:40;;;;
20/06/2024 03:18:50;;;;
20/06/2024 03:19:00;;;;
20/06/2024 03:19:10;;;;
20/06/2024 03:19:20;;;;
20/06/2024 03:19:30;;;;
20/06/2024 03:19:40;;;;
20/06/2024 03:19:50;;;;
20/06/2024 03:20:00;;;;
20/06/2024 03:20:10;;;;
20/06/2024 03:20:20;;;;
20/06/2024 03:20:30;;;;
20/06/2024 03:20:40;;;;
20/06/2024 03:20:50;;;;
20/06/2024 03:21:00;;;;
20/06/2024 03:21:10;;;;
20/06/2024 03:21:20;;;;
20/06/2024 03:21:30;;;;
20/06/2024 03:21:40;;;;
20/06/2024 03:21:50;;;;
20/06/2024 03:22:00;;;;
20/06/2024 03:22:10;;;;
20/06/2024 03:22:20;;;;
20/06/2024 03:22:30;;;;
20/06/2024 03:22:40;;;;
20/06/2024 03:22:50;;;;
20/06/2024 03:23:00;;;;
20/06/2024 03:23:10;;;;
20/06/2024 03:23:20;;;;
20/06/2024 03:23:30;;;;
20/06/2024 03:23:40;;;;
20/06/2024 03:23:50;;;;
20/06/2024 03:24:00;;;;
20/06/2024 03:24:10;;;;
20/06/2024 03:24:20;;;;
20/06/2024 03:24:30;;;;
20/06/2024 03:24:40;;;;
20/06/2024 03:24:50;;;;
20/06/2024 03:25:00;;;;
20/06/2024 03:25:10;;;;
20/06/2024 03:25:20;;;;
20/06/2024 03:25:30;;;;
20/06/2024 03:25:40;;;;
20/06/2024 03:25:50;;;;
20/06/2024 03:26:00;;;;
20/06/2024 03:26:10;;;;
20/06/2024 03:26:20;;;;
20/06/2024 03:26:30;;;;
20/06/2024 03:26:40;;;;
20/06/2024 03:26:50;;;;
20/06/2024 03:27:00;;;;
20/06/2024 03:27:10;;;;
20/06/2024 03:27:20;;;;
20/06/2024 03:27:30;;;;
20/06/2024 03:27:40;;;;
20/06/2024 03:27:50;;;;
20/06/2024 03:28:00;;;;
20/06/2024 03:28:10;;;;
20/06/2024 03:28:20;;;;
20/06/2024 03:28:30;;;;
20/06/2024 03:28:40;;;;
20/06/2024 03:28:50;;;;
20/06/2024 03:29:00;;;;
20/06/2024 03:29:10;;;;
20/06/2024 03:29:20;;;;
20/06/2024 03:29:30;;;;
20/06/2024 03:29:40;;;;
20/06/2024 03:29:50;;;;
20/06/2024 03:30:00;;;;
20/06/2024 03:30:10;;;;
20/06/2024 03:30:20;;;;
20/06/2024 03:30:30;;;;
20/06/2024 03:30:40;;;;
20/06/2024 03:30:50;;;;
20/06/2024 03:31:00;;;;
20/06/2024 03:31:10;;;;
20/06/2024 03:31:20;;;;
20/06/2024 03:31:30;;;;
20/06/2024 03:31:40;;;;
20/06/2024 03:31:50;;;;
20/06/2024 03:32:00;;;;
20/06/2024 03:32:10;;;;
20/06/2024 03:32:20;;;;
20/06/2024 03:32:30;;;;
20/06/2024 03:32:40;;;;
20/06/2024 03:32:50;;;;
20/06/2024 03:33:00;;;;
20/06/2024 03:33:10;;;;
20/06/2024 03:33:20;;;;
20/06/2024 03:33:30;;;;
20/06/2024 03:33:40;;;;
20/06/2024 03:33:50;;;;
20/06/2024 03:34:00;;;;
20/06/2024 03:34:10;;;;
20/06/2024 03:34:20;;;;
20/06/2024 03:34:30;;;;
20/06/2024 03:34:40;;;;
20/06/2024 03:34:50;;;;
20/06/2024 03:35:00;;;;
20/06/2024 03:35:10;;;;
20/06/2024 03:35:20;;;;
20/06/2024 03:35:30;;;;
20/06/2024 03:35:40;;;;
20/06/2024 03:35:50;;;;
20/06/2024 03:36:00;;;;
20/06/2024 03:36:10;;;;
20/06/2024 03:36:20;;;;
20/06/2024 03:36:30;;;;
20/06/2024 03:36:40;;;;
20/06/2024 03:36:50;;;;
20/06/2024 03:37:00;;;;
20/06/2024 03:37:10;;;;
20/06/2024 03:37:20;;;;
20/06/2024 03:37:30;;;;
20/06/2024 03:37:40;;;;
20/06/2024 03:37:50;;;;
20/06/2024 03:38:00;;;;
20/06/2024 03:38:10;;;;
20/06/2024 03:38:20;;;;
20/06/2024 03:38:30;;;;
20/06/2024 03:38:40;;;;
20/06/2024 03:38:50;;;;
20/06/2024 03:39:00;;;;
20/06/2024 03:39:10;;;;
20/06/2024 03:39:20;;;;
20/06/2024 03:39:30;;;;
20/06/2024 03:39:40;;;;
20/06/2024 03:39:50;;;;
20/06/2024 03:40:00;;;;
20/06/2024 03:40:10;;;;
20/06/2024 03:40:20;;;;
20/06/2024 03:40:30;;;;
20/06/2024 03:40:40;;;;
20/06/2024 03:40:50;;;;
20/06/2024 03:41:00;;;;
20/06/2024 03:41:10;;;;
20/06/2024 03:41:20;;;;
20/06/2024 03:41:30;;;;
20/06/2024 03:41:40;;;;
20/06/2024 03:41:50;;;;
20/06/2024 03:42:00;;;;
20/06/2024 03:42:10;;;;
20/06/2024 03:42:20;;;;
20/06/2024 03:42:30;;;;
20/06/2024 03:42:40;;;;
20/06/2024 03:42:50;;;;
20/06/2024 03:43:00;;;;
20/06/2024 03:43:10;;;;
20/06/2024 03:43:20;;;;
20/06/2024 03:43:30;;;;
20/06/2024 03:43:40;;;;
20/06/2024 03:43:50;;;;
20/06/2024 03:44:00;;;;
20/06/2024 03:44:10;;;;
20/06/2024 03:44:20;;;;
20/06/2024 03:44:30;;;;
20/06/2024 03:44:40;;;;
20/06/2024 03:44:50;;;;
20/06/2024 03:45:00;;;;
20/06/2024 03:45:10;;;;
20/06/2024 03:45:20;;;;
20/06/2024 03:45:30;;;;
20/06/2024 03:45:40;;;;
20/06/2024 03:45:50;;;;
20/06/2024 03:46:00;;;;
20/06/2024 03:46:10;;;;
20/06/2024 03:46:20;;;;
20/06/2024 03:46:30;;;;
20/06/2024 03:46:40;;;;
20/06/2024 03:46:50;;;;
20/06/2024 03:47:00;;;;
20/06/2024 03:47:10;;;;
20/06/2024 03:47:20;;;;
20/06/2024 03:47:30;;;;
20/06/2024 03:47:40;;;;
20/06/2024 03:47:50;;;;
20/06/2024 03:48:00;;;;
20/06/2024 03:48:10;;;;
20/06/2024 03:48:20;;;;
20/06/2024 03:48:30;;;;
20/06/2024 03:48:40;;;;
20/06/2024 03:48:50;;;;
20/06/2024 03:49:00;;;;
20/06/2024 03:49:10;;;;
20/06/2024 03:49:20;;;;
20/06/2024 03:49:30;;;;
20/06/2024 03:49:40;;;;
20/06/2024 03:49:50;;;;
20/06/2024 03:50:00;;;;
20/06/2024 03:50:10;;;;
20/06/2024 03:50:20;;;;
20/06/2024 03:50:30;;;;
20/06/2024 03:50:40;;;;
20/06/2024 03:50:50;;;;
20/06/2024 03:51:00;;;;
20/06/2024 03:51:10;;;;
20/06/2024 03:51:20;;;;
20/06/2024 03:51:30;;;;
20/06/2024 03:51:40;;;;
20/06/2024 03:51:50;;;;
20/06/2024 03:52:00;;;;
20/06/2024 03:52:10;;;;
20/06/2024 03:52:20;;;;
20/06/2024 03:52:30;;;;
20/06/2024 03:52:40;;;;
20/06/2024 03:52:50;;;;
20/06/2024 03:53:00;;;;
20/06/2024 03:53:10;;;;
20/06/2024 03:53:20;;;;
20/06/2024 03:53:30;;;;
20/06/2024 03:53:40;;;;
20/06/2024 03:53:50;;;;
20/06/2024 03:54:00;;;;
20/06/2024 03:54:10;;;;
20/06/2024 03:54:20;;;;
20/06/2024 03:54:30;;;;
20/06/2024 03:54:40;;;;
20/06/2024 03:54:50;;;;
20/06/2024 03:55:00;;;;
20/06/2024 03:55:10;;;;
20/06/2024 03:55:20;;;;
20/06/2024 03:55:30;;;;
20/06/2024 03:55:40;;;;
20/06/2024 03:55:50;;;;
20/06/2024 03:56:00;;;;
20/06/2024 03:56:10;;;;
20/06/2024 03:56:20;;;;
20/06/2024 03:56:30;;;;
20/06/2024 03:56:40;;;;
20/06/2024 03:56:50;;;;
20/06/2024 03:57:00;;;;
20/06/2024 03:57:10;;;;
20/06/2024 03:57:20;;;;
20/06/2024 03:57:30;;;;
20/06/2024 03:57:40;;;;
20/06/2024 03:57:50;;;;
20/06/2024 03:58:00;;;;
20/06/2024 03:58:10;;;;
20/06/2024 03:58:20;;;;
20/06/2024 03:58:30;;;;
20/06/2024 03:58:40;;;;
20/06/2024 03:58:50;;;;
20/06/2024 03:59:00;;;;
20/06/2024 03:59:10;;;;
20/06/2024 03:59:20;;;;
20/06/2024 03:59:30;;;;
20/06/2024 03:59:40;;;;
20/06/2024 03:59:50;;;;
20/06/2024 04:00:00;;;;
20/06/2024 04:00:10;;;;
20/06/2024 04:00:20;;;;
20/06/2024 04:00:30;;;;
20/06/2024 04:00:40;;;;
20/06/2024 04:00:50;;;;
20/06/2024 04:01:00;;;;
20/06/2024 04:01:10;;;;
20/06/2024 04:01:20;;;;
20/06/2024 04:01:30;;;;
20/06/2024 04:01:40;;;;
20/06/2024 04:01:50;;;;
20/06/2024 04:02:00;;;;
20/06/2024 04:02:10;;;;
20/06/2024 04:02:20;;;;
20/06/2024 04:02:30;;;;
20/06/2024 04:02:40;;;;
20/06/2024 04:02:50;;;;
20/06/2024 04:03:00;;;;
20/06/2024 04:03:10;;;;
20/06/2024 04:03:20;;;;
20/06/2024 04:03:30;;;;
20/06/2024 04:03:40;;;;
20/06/2024 04:03:50;;;;
20/06/2024 04:04:00;;;;
20/06/2024 04:04:10;;;;
20/06/2024 04:04:20;;;;
20/06/2024 04:04:30;;;;
20/06/2024 04:04:40;;;;
20/06/2024 04:04:50;;;;
20/06/2024 04:05:00;;;;
20/06/2024 04:05:10;;;;
20/06/2024 04:05:20;;;;
20/06/2024 04:05:30;;;;
20/06/2024 04:05:40;;;;
20/06/2024 04:05:50;;;;
20/06/2024 04:06:00;;;;
20/06/2024 04:06:10;;;;
20/06/2024 04:06:20;;;;
20/06/2024 04:06:30;;;;
20/06/2024 04:06:40;;;;
20/06/2024 04:06:50;;;;
20/06/2024 04:07:00;;;;
20/06/2024 04:07:10;;;;
20/06/2024 04:07:20;;;;
20/06/2024 04:07:30;;;;
20/06/2024 04:07:40;;;;
20/06/2024 04:07:50;;;;
20/06/2024 04:08:00;;;;
20/06/2024 04:08:10;;;;
20/06/2024 04:08:20;;;;
20/06/2024 04:08:30;;;;
20/06/2024 04:08:40;;;;
20/06/2024 04:08:50;;;;
20/06/2024 04:09:00;;;;
20/06/2024 04:09:10;;;;
20/06/2024 04:09:20;;;;
20/06/2024 04:09:30;;;;
20/06/2024 04:09:40;;;;
20/06/2024 04:09:50;;;;
20/06/2024 04:10:00;;;;
20/06/2024 04:10:10;;;;
20/06/2024 04:10:20;;;;
20/06/2024 04:10:30;;;;
20/06/2024 04:10:40;;;;
20/06/2024 04:10:50;;;;
20/06/2024 04:11:00;;;;
20/06/2024 04:11:10;;;;
20/06/2024 04:11:20;;;;
20/06/2024 04:11:30;;;;
20/06/2024 04:11:40;;;;
20/06/2024 04:11:50;;;;
20/06/2024 04:12:00;;;;
20/06/2024 04:12:10;;;;
20/06/2024 04:12:20;;;;
20/06/2024 04:12:30;;;;
20/06/2024 04:12:40;;;;
20/06/2024 04:12:50;;;;
20/06/2024 04:13:00;;;;
20/06/2024 04:13:10;;;;
20/06/2024 04:13:20;;;;
20/06/2024 04:13:30;;;;
20/06/2024 04:13:40;;;;
20/06/2024 04:13:50;;;;
20/06/2024 04:14:00;;;;
20/06/2024 04:14:10;;;;
20/06/2024 04:14:20;;;;
20/06/2024 04:14:30;;;;
20/06/2024 04:14:40;;;;
20/06/2024 04:14:50;;;;
20/06/2024 04:15:00;;;;
20/06/2024 04:15:10;;;;
20/06/2024 04:15:20;;;;
20/06/2024 04:15:30;;;;
20/06/2024 04:15:40;;;;
20/06/2024 04:15:50;;;;
20/06/2024 04:16:00;;;;
20/06/2024 04:16:10;;;;
20/06/2024 04:16:20;;;;
20/06/2024 04:16:30;;;;
20/06/2024 04:16:40;;;;
20/06/2024 04:16:50;;;;
20/06/2024 04:17:00;;;;
20/06/2024 04:17:10;;;;
20/06/2024 04:17:20;;;;
20/06/2024 04:17:30;;;;
20/06/2024 04:17:40;;;;
20/06/2024 04:17:50;;;;
20/06/2024 04:18:00;;;;
20/06/2024 04:18:10;;;;
20/06/2024 04:18:20;;;;
20/06/2024 04:18:30;;;;
20/06/2024 04:18:40;;;;
20/06/2024 04:18:50;;;;
20/06/2024 04:19:00;;;;
20/06/2024 04:19:10;;;;
20/06/2024 04:19:20;;;;
20/06/2024 04:19:30;;;;
20/06/2024 04:19:40;;;;
20/06/2024 04:19:50;;;;
20/06/2024 04:20:00;;;;
20/06/2024 04:20:10;;;;
20/06/2024 04:20:20;;;;
20/06/2024 04:20:30;;;;
20/06/2024 04:20:40;;;;
20/06/2024 04:20:50;;;;
20/06/2024 04:21:00;;;;
20/06/2024 04:21:10;;;;
20/06/2024 04:21:20;;;;
20/06/2024 04:21:30;;;;
20/06/2024 04:21:40;;;;
20/06/2024 04:21:50;;;;
20/06/2024 04:22:00;;;;
20/06/2024 04:22:10;;;;
20/06/2024 04:22:20;;;;
20/06/2024 04:22:30;;;;
20/06/2024 04:22:40;;;;
20/06/2024 04:22:50;;;;
20/06/2024 04:23:00;;;;
20/06/2024 04:23:10;;;;
20/06/2024 04:23:20;;;;
20/06/2024 04:23:30;;;;
20/06/2024 04:23:40;;;;
20/06/2024 04:23:50;;;;
20/06/2024 04:24:00;;;;
20/06/2024 04:24:10;;;;
20/06/2024 04:24:20;;;;
20/06/2024 04:24:30;;;;
20/06/2024 04:24:40;;;;
20/06/2024 04:24:50;;;;
20/06/2024 04:25:00;;;;
20/06/2024 04:25:10;;;;
20/06/2024 04:25:20;;;;
20/06/2024 04:25:30;;;;
20/06/2024 04:25:40;;;;
20/06/2024 04:25:50;;;;
20/06/2024 04:26:00;;;;
20/06/2024 04:26:10;;;;
20/06/2024 04:26:20;;;;
20/06/2024 04:26:30;;;;
20/06/2024 04:26:40;;;;
20/06/2024 04:26:50;;;;
20/06/2024 04:27:00;;;;
20/06/2024 04:27:10;;;;
20/06/2024 04:27:20;;;;
20/06/2024 04:27:30;;;;
20/06/2024 04:27:40;;;;
20/06/2024 04:27:50;;;;
20/06/2024 04:28:00;;;;
20/06/2024 04:28:10;;;;
20/06/2024 04:28:20;;;;
20/06/2024 04:28:30;;;;
20/06/2024 04:28:40;;;;
20/06/2024 04:28:50;;;;
20/06/2024 04:29:00;;;;
20/06/2024 04:29:10;;;;
20/06/2024 04:29:20;;;;
20/06/2024 04:29:30;;;;
20/06/2024 04:29:40;;;;
20/06/2024 04:29:50;;;;
20/06/2024 04:30:00;;;;
20/06/2024 04:30:10;;;;
20/06/2024 04:30:20;;;;
20/06/2024 04:30:30;;;;
20/06/2024 04:30:40;;;;
20/06/2024 04:30:50;;;;
20/06/2024 04:31:00;;;;
20/06/2024 04:31:10;;;;
20/06/2024 04:31:20;;;;
20/06/2024 04:31:30;;;;
20/06/2024 04:31:40;;;;
20/06/2024 04:31:50;;;;
20/06/2024 04:32:00;;;;
20/06/2024 04:32:10;;;;
20/06/2024 04:32:20;;;;
20/06/2024 04:32:30;;;;
20/06/2024 04:32:40;;;;
20/06/2024 04:32:50;;;;
20/06/2024 04:33:00;;;;
20/06/2024 04:33:10;;;;
20/06/2024 04:33:20;;;;
20/06/2024 04:33:30;;;;
20/06/2024 04:33:40;;;;
20/06/2024 04:33:50;;;;
20/06/2024 04:34:00;;;;
20/06/2024 04:34:10;;;;
20/06/2024 04:34:20;;;;
20/06/2024 04:34:30;;;;
20/06/2024 04:34:40;;;;
20/06/2024 04:34:50;;;;
20/06/2024 04:35:00;;;;
20/06/2024 04:35:10;;;;
20/06/2024 04:35:20;;;;
20/06/2024 04:35:30;;;;
20/06/2024 04:35:40;;;;
20/06/2024 04:35:50;;;;
20/06/2024 04:36:00;;;;
20/06/2024 04:36:10;;;;
20/06/2024 04:36:20;;;;
20/06/2024 04:36:30;;;;
20/06/2024 04:36:40;;;;
20/06/2024 04:36:50;;;;
20/06/2024 04:37:00;;;;
20/06/2024 04:37:10;;;;
20/06/2024 04:37:20;;;;
20/06/2024 04:37:30;;;;
20/06/2024 04:37:40;;;;
20/06/2024 04:37:50;;;;
20/06/2024 04:38:00;;;;
20/06/2024 04:38:10;;;;
20/06/2024 04:38:20;;;;
20/06/2024 04:38:30;;;;
20/06/2024 04:38:40;;;;
20/06/2024 04:38:50;;;;
20/06/2024 04:39:00;;;;
20/06/2024 04:39:10;;;;
20/06/2024 04:39:20;;;;
20/06/2024 04:39:30;;;;
20/06/2024 04:39:40;;;;
20/06/2024 04:39:50;;;;
20/06/2024 04:40:00;;;;
20/06/2024 04:40:10;;;;
20/06/2024 04:40:20;;;;
20/06/2024 04:40:30;;;;
20/06/2024 04:40:40;;;;
20/06/2024 04:40:50;;;;
20/06/2024 04:41:00;;;;
20/06/2024 04:41:10;;;;
20/06/2024 04:41:20;;;;
20/06/2024 04:41:30;;;;
20/06/2024 04:41:40;;;;
20/06/2024 04:41:50;;;;
20/06/2024 04:42:00;;;;
20/06/2024 04:42:10;;;;
20/06/2024 04:42:20;;;;
20/06/2024 04:42:30;;;;
20/06/2024 04:42:40;;;;
20/06/2024 04:42:50;;;;
20/06/2024 04:43:00;;;;
20/06/2024 04:43:10;;;;
20/06/2024 04:43:20;;;;
20/06/2024 04:43:30;;;;
20/06/2024 04:43:40;;;;
20/06/2024 04:43:50;;;;
20/06/2024 04:44:00;;;;
20/06/2024 04:44:10;;;;
20/06/2024 04:44:20;;;;
20/06/2024 04:44:30;;;;
20/06/2024 04:44:40;;;;
20/06/2024 04:44:50;;;;
20/06/2024 04:45:00;;;;
20/06/2024 04:45:10;;;;
20/06/2024 04:45:20;;;;
20/06/2024 04:45:30;;;;
20/06/2024 04:45:40;;;;
20/06/2024 04:45:50;;;;
20/06/2024 04:46:00;;;;
20/06/2024 04:46:10;;;;
20/06/2024 04:46:20;;;;
20/06/2024 04:46:30;;;;
20/06/2024 04:46:40;;;;
20/06/2024 04:46:50;;;;
20/06/2024 04:47:00;;;;
20/06/2024 04:47:10;;;;
20/06/2024 04:47:20;;;;
20/06/2024 04:47:30;;;;
20/06/2024 04:47:40;;;;
20/06/2024 04:47:50;;;;
20/06/2024 04:48:00;;;;
20/06/2024 04:48:10;;;;
20/06/2024 04:48:20;;;;
20/06/2024 04:48:30;;;;
20/06/2024 04:48:40;;;;
20/06/2024 04:48:50;;;;
20/06/2024 04:49:00;;;;
20/06/2024 04:49:10;;;;
20/06/2024 04:49:20;;;;
20/06/2024 04:49:30;;;;
20/06/2024 04:49:40;;;;
20/06/2024 04:49:50;;;;
20/06/2024 04:50:00;;;;
20/06/2024 04:50:10;;;;
20/06/2024 04:50:20;;;;
20/06/2024 04:50:30;;;;
20/06/2024 04:50:40;;;;
20/06/2024 04:50:50;;;;
20/06/2024 04:51:00;;;;
20/06/2024 04:51:10;;;;
20/06/2024 04:51:20;;;;
20/06/2024 04:51:30;;;;
20/06/2024 04:51:40;;;;
20/06/2024 04:51:50;;;;
20/06/2024 04:52:00;;;;
20/06/2024 04:52:10;;;;
20/06/2024 04:52:20;;;;
20/06/2024 04:52:30;;;;
20/06/2024 04:52:40;;;;
20/06/2024 04:52:50;;;;
20/06/2024 04:53:00;;;;
20/06/2024 04:53:10;;;;
20/06/2024 04:53:20;;;;
20/06/2024 04:53:30;;;;
20/06/2024 04:53:40;;;;
20/06/2024 04:53:50;;;;
20/06/2024 04:54:00;;;;
20/06/2024 04:54:10;;;;
20/06/2024 04:54:20;;;;
20/06/2024 04:54:30;;;;
20/06/2024 04:54:40;;;;
20/06/2024 04:54:50;;;;
20/06/2024 04:55:00;;;;
20/06/2024 04:55:10;;;;
20/06/2024 04:55:20;;;;
20/06/2024 04:55:30;;;;
20/06/2024 04:55:40;;;;
20/06/2024 04:55:50;;;;
20/06/2024 04:56:00;;;;
20/06/2024 04:56:10;;;;
20/06/2024 04:56:20;;;;
20/06/2024 04:56:30;;;;
20/06/2024 04:56:40;;;;
20/06/2024 04:56:50;;;;
20/06/2024 04:57:00;;;;
20/06/2024 04:57:10;;;;
20/06/2024 04:57:20;;;;
20/06/2024 04:57:30;;;;
20/06/2024 04:57:40;;;;
20/06/2024 04:57:50;;;;
20/06/2024 04:58:00;;;;
20/06/2024 04:58:10;;;;
20/06/2024 04:58:20;;;;
20/06/2024 04:58:30;;;;
20/06/2024 04:58:40;;;;
20/06/2024 04:58:50;;;;
20/06/2024 04:59:00;;;;
20/06/2024 04:59:10;;;;
20/06/2024 04:59:20;;;;
20/06/2024 04:59:30;;;;
20/06/2024 04:59:40;;;;
20/06/2024 04:59:50;;;;
20/06/2024 05:00:00;;;;
20/06/2024 05:00:10;;;;
20/06/2024 05:00:20;;;;
20/06/2024 05:00:30;;;;
20/06/2024 05:00:40;;;;
20/06/2024 05:00:50;;;;
20/06/2024 05:01:00;;;;
20/06/2024 05:01:10;;;;
20/06/2024 05:01:20;;;;
20/06/2024 05:01:30;;;;
20/06/2024 05:01:40;;;;
20/06/2024 05:01:50;;;;
20/06/2024 05:02:00;;;;
20/06/2024 05:02:10;;;;
20/06/2024 05:02:20;;;;
20/06/2024 05:02:30;;;;
20/06/2024 05:02:40;;;;
20/06/2024 05:02:50;;;;
20/06/2024 05:03:00;;;;
20/06/2024 05:03:10;;;;
20/06/2024 05:03:20;;;;
20/06/2024 05:03:30;;;;
20/06/2024 05:03:40;;;;
20/06/2024 05:03:50;;;;
20/06/2024 05:04:00;;;;
20/06/2024 05:04:10;;;;
20/06/2024 05:04:20;;;;
20/06/2024 05:04:30;;;;
20/06/2024 05:04:40;;;;
20/06/2024 05:04:50;;;;
20/06/2024 05:05:00;;;;
20/06/2024 05:05:10;;;;
20/06/2024 05:05:20;;;;
20/06/2024 05:05:30;;;;
20/06/2024 05:05:40;;;;
20/06/2024 05:05:50;;;;
20/06/2024 05:06:00;;;;
20/06/2024 05:06:10;;;;
20/06/2024 05:06:20;;;;
20/06/2024 05:06:30;;;;
20/06/2024 05:06:40;;;;
20/06/2024 05:06:50;;;;
20/06/2024 05:07:00;;;;
20/06/2024 05:07:10;;;;
20/06/2024 05:07:20;;;;
20/06/2024 05:07:30;;;;
20/06/2024 05:07:40;;;;
20/06/2024 05:07:50;;;;
20/06/2024 05:08:00;;;;
20/06/2024 05:08:10;;;;
20/06/2024 05:08:20;;;;
20/06/2024 05:08:30;;;;
20/06/2024 05:08:40;;;;
20/06/2024 05:08:50;;;;
20/06/2024 05:09:00;;;;
20/06/2024 05:09:10;;;;
20/06/2024 05:09:20;;;;
20/06/2024 05:09:30;;;;
20/06/2024 05:09:40;;;;
20/06/2024 05:09:50;;;;
20/06/2024 05:10:00;;;;
20/06/2024 05:10:10;;;;
20/06/2024 05:10:20;;;;
20/06/2024 05:10:30;;;;
20/06/2024 05:10:40;;;;
20/06/2024 05:10:50;;;;
20/06/2024 05:11:00;;;;
20/06/2024 05:11:10;;;;
20/06/2024 05:11:20;;;;
20/06/2024 05:11:30;;;;
20/06/2024 05:11:40;;;;
20/06/2024 05:11:50;;;;
20/06/2024 05:12:00;;;;
20/06/2024 05:12:10;;;;
20/06/2024 05:12:20;;;;
20/06/2024 05:12:30;;;;
20/06/2024 05:12:40;;;;
20/06/2024 05:12:50;;;;
20/06/2024 05:13:00;;;;
20/06/2024 05:13:10;;;;
20/06/2024 05:13:20;;;;
20/06/2024 05:13:30;;;;
20/06/2024 05:13:40;;;;
20/06/2024 05:13:50;;;;
20/06/2024 05:14:00;;;;
20/06/2024 05:14:10;;;;
20/06/2024 05:14:20;;;;
20/06/2024 05:14:30;;;;
20/06/2024 05:14:40;;;;
20/06/2024 05:14:50;;;;
20/06/2024 05:15:00;;;;
20/06/2024 05:15:10;;;;
20/06/2024 05:15:20;;;;
20/06/2024 05:15:30;;;;
20/06/2024 05:15:40;;;;
20/06/2024 05:15:50;;;;
20/06/2024 05:16:00;;;;
20/06/2024 05:16:10;;;;
20/06/2024 05:16:20;;;;
20/06/2024 05:16:30;;;;
20/06/2024 05:16:40;;;;
20/06/2024 05:16:50;;;;
20/06/2024 05:17:00;;;;
20/06/2024 05:17:10;;;;
20/06/2024 05:17:20;;;;
20/06/2024 05:17:30;;;;
20/06/2024 05:17:40;;;;
20/06/2024 05:17:50;;;;
20/06/2024 05:18:00;;;;
20/06/2024 05:18:10;;;;
20/06/2024 05:18:20;;;;
20/06/2024 05:18:30;;;;
20/06/2024 05:18:40;;;;
20/06/2024 05:18:50;;;;
20/06/2024 05:19:00;;;;
20/06/2024 05:19:10;;;;
20/06/2024 05:19:20;;;;
20/06/2024 05:19:30;;;;
20/06/2024 05:19:40;;;;
20/06/2024 05:19:50;;;;
20/06/2024 05:20:00;;;;
20/06/2024 05:20:10;;;;
20/06/2024 05:20:20;;;;
20/06/2024 05:20:30;;;;
20/06/2024 05:20:40;;;;
20/06/2024 05:20:50;;;;
20/06/2024 05:21:00;;;;
20/06/2024 05:21:10;;;;
20/06/2024 05:21:20;;;;
20/06/2024 05:21:30;;;;
20/06/2024 05:21:40;;;;
20/06/2024 05:21:50;;;;
20/06/2024 05:22:00;;;;
20/06/2024 05:22:10;;;;
20/06/2024 05:22:20;;;;
20/06/2024 05:22:30;;;;
20/06/2024 05:22:40;;;;
20/06/2024 05:22:50;;;;
20/06/2024 05:23:00;;;;
20/06/2024 05:23:10;;;;
20/06/2024 05:23:20;;;;
20/06/2024 05:23:30;;;;
20/06/2024 05:23:40;;;;
20/06/2024 05:23:50;;;;
20/06/2024 05:24:00;;;;
20/06/2024 05:24:10;;;;
20/06/2024 05:24:20;;;;
20/06/2024 05:24:30;;;;
20/06/2024 05:24:40;;;;
20/06/2024 05:24:50;;;;
20/06/2024 05:25:00;;;;
20/06/2024 05:25:10;;;;
20/06/2024 05:25:20;;;;
20/06/2024 05:25:30;;;;
20/06/2024 05:25:40;;;;
20/06/2024 05:25:50;;;;
20/06/2024 05:26:00;;;;
20/06/2024 05:26:10;;;;
20/06/2024 05:26:20;;;;
20/06/2024 05:26:30;;;;
20/06/2024 05:26:40;;;;
20/06/2024 05:26:50;;;;
20/06/2024 05:27:00;;;;
20/06/2024 05:27:10;;;;
20/06/2024 05:27:20;;;;
20/06/2024 05:27:30;;;;
20/06/2024 05:27:40;;;;
20/06/2024 05:27:50;;;;
20/06/2024 05:28:00;;;;
20/06/2024 05:28:10;;;;
20/06/2024 05:28:20;;;;
20/06/2024 05:28:30;;;;
20/06/2024 05:28:40;;;;
20/06/2024 05:28:50;;;;
20/06/2024 05:29:00;;;;
20/06/2024 05:29:10;;;;
20/06/2024 05:29:20;;;;
20/06/2024 05:29:30;;;;
20/06/2024 05:29:40;;;;
20/06/2024 05:29:50;;;;
20/06/2024 05:30:00;;;;
20/06/2024 05:30:10;;;;
20/06/2024 05:30:20;;;;
20/06/2024 05:30:30;;;;
20/06/2024 05:30:40;;;;
20/06/2024 05:30:50;;;;
20/06/2024 05:31:00;;;;
20/06/2024 05:31:10;;;;
20/06/2024 05:31:20;;;;
20/06/2024 05:31:30;;;;
20/06/2024 05:31:40;;;;
20/06/2024 05:31:50;;;;
20/06/2024 05:32:00;;;;
20/06/2024 05:32:10;;;;
20/06/2024 05:32:20;;;;
20/06/2024 05:32:30;;;;
20/06/2024 05:32:40;;;;
20/06/2024 05:32:50;;;;
20/06/2024 05:33:00;;;;
20/06/2024 05:33:10;;;;
20/06/2024 05:33:20;;;;
20/06/2024 05:33:30;;;;
20/06/2024 05:33:40;;;;
20/06/2024 05:33:50;;;;
20/06/2024 05:34:00;;;;
20/06/2024 05:34:10;;;;
20/06/2024 05:34:20;;;;
20/06/2024 05:34:30;;;;
20/06/2024 05:34:40;;;;
20/06/2024 05:34:50;;;;
20/06/2024 05:35:00;;;;
20/06/2024 05:35:10;;;;
20/06/2024 05:35:20;;;;
20/06/2024 05:35:30;;;;
20/06/2024 05:35:40;;;;
20/06/2024 05:35:50;;;;
20/06/2024 05:36:00;;;;
20/06/2024 05:36:10;;;;
20/06/2024 05:36:20;;;;
20/06/2024 05:36:30;;;;
20/06/2024 05:36:40;;;;
20/06/2024 05:36:50;;;;
20/06/2024 05:37:00;;;;
20/06/2024 05:37:10;;;;
20/06/2024 05:37:20;;;;
20/06/2024 05:37:30;;;;
20/06/2024 05:37:40;;;;
20/06/2024 05:37:50;;;;
20/06/2024 05:38:00;;;;
20/06/2024 05:38:10;;;;
20/06/2024 05:38:20;;;;
20/06/2024 05:38:30;;;;
20/06/2024 05:38:40;;;;
20/06/2024 05:38:50;;;;
20/06/2024 05:39:00;;;;
20/06/2024 05:39:10;;;;
20/06/2024 05:39:20;;;;
20/06/2024 05:39:30;;;;
20/06/2024 05:39:40;;;;
20/06/2024 05:39:50;;;;
20/06/2024 05:40:00;;;;
20/06/2024 05:40:10;;;;
20/06/2024 05:40:20;;;;
20/06/2024 05:40:30;;;;
20/06/2024 05:40:40;;;;
20/06/2024 05:40:50;;;;
20/06/2024 05:41:00;;;;
20/06/2024 05:41:10;;;;
20/06/2024 05:41:20;;;;
20/06/2024 05:41:30;;;;
20/06/2024 05:41:40;;;;
20/06/2024 05:41:50;;;;
20/06/2024 05:42:00;;;;
20/06/2024 05:42:10;;;;
20/06/2024 05:42:20;;;;
20/06/2024 05:42:30;;;;
20/06/2024 05:42:40;;;;
20/06/2024 05:42:50;;;;
20/06/2024 05:43:00;;;;
20/06/2024 05:43:10;;;;
20/06/2024 05:43:20;;;;
20/06/2024 05:43:30;;;;
20/06/2024 05:43:40;;;;
20/06/2024 05:43:50;;;;
20/06/2024 05:44:00;;;;
20/06/2024 05:44:10;;;;
20/06/2024 05:44:20;;;;
20/06/2024 05:44:30;;;;
20/06/2024 05:44:40;;;;
20/06/2024 05:44:50;;;;
20/06/2024 05:45:00;;;;
20/06/2024 05:45:10;;;;
20/06/2024 05:45:20;;;;
20/06/2024 05:45:30;;;;
20/06/2024 05:45:40;;;;
20/06/2024 05:45:50;;;;
20/06/2024 05:46:00;;;;
20/06/2024 05:46:10;;;;
20/06/2024 05:46:20;;;;
20/06/2024 05:46:30;;;;
20/06/2024 05:46:40;;;;
20/06/2024 05:46:50;;;;
20/06/2024 05:47:00;;;;
20/06/2024 05:47:10;;;;
20/06/2024 05:47:20;;;;
20/06/2024 05:47:30;;;;
20/06/2024 05:47:40;;;;
20/06/2024 05:47:50;;;;
20/06/2024 05:48:00;;;;
20/06/2024 05:48:10;;;;
20/06/2024 05:48:20;;;;
20/06/2024 05:48:30;;;;
20/06/2024 05:48:40;;;;
20/06/2024 05:48:50;;;;
20/06/2024 05:49:00;;;;
20/06/2024 05:49:10;;;;
20/06/2024 05:49:20;;;;
20/06/2024 05:49:30;;;;
20/06/2024 05:49:40;;;;
20/06/2024 05:49:50;;;;
20/06/2024 05:50:00;;;;
20/06/2024 05:50:10;;;;
20/06/2024 05:50:20;;;;
20/06/2024 05:50:30;;;;
20/06/2024 05:50:40;;;;
20/06/2024 05:50:50;;;;
20/06/2024 05:51:00;;;;
20/06/2024 05:51:10;;;;
20/06/2024 05:51:20;;;;
20/06/2024 05:51:30;;;;
20/06/2024 05:51:40;;;;
20/06/2024 05:51:50;;;;
20/06/2024 05:52:00;;;;
20/06/2024 05:52:10;;;;
20/06/2024 05:52:20;;;;
20/06/2024 05:52:30;;;;
20/06/2024 05:52:40;;;;
20/06/2024 05:52:50;;;;
20/06/2024 05:53:00;;;;
20/06/2024 05:53:10;;;;
20/06/2024 05:53:20;;;;
20/06/2024 05:53:30;;;;
20/06/2024 05:53:40;;;;
20/06/2024 05:53:50;;;;
20/06/2024 05:54:00;;;;
20/06/2024 05:54:10;;;;
20/06/2024 05:54:20;;;;
20/06/2024 05:54:30;;;;
20/06/2024 05:54:40;;;;
20/06/2024 05:54:50;;;;
20/06/2024 05:55:00;;;;
20/06/2024 05:55:10;;;;
20/06/2024 05:55:20;;;;
20/06/2024 05:55:30;;;;
20/06/2024 05:55:40;;;;
20/06/2024 05:55:50;;;;
20/06/2024 05:56:00;;;;
20/06/2024 05:56:10;;;;
20/06/2024 05:56:20;;;;
20/06/2024 05:56:30;;;;
20/06/2024 05:56:40;;;;
20/06/2024 05:56:50;;;;
20/06/2024 05:57:00;;;;
20/06/2024 05:57:10;;;;
20/06/2024 05:57:20;;;;
20/06/2024 05:57:30;;;;
20/06/2024 05:57:40;;;;
20/06/2024 05:57:50;;;;
20/06/2024 05:58:00;;;;
20/06/2024 05:58:10;;;;
20/06/2024 05:58:20;;;;
20/06/2024 05:58:30;;;;
20/06/2024 05:58:40;;;;
20/06/2024 05:58:50;;;;
20/06/2024 05:59:00;;;;
20/06/2024 05:59:10;;;;
20/06/2024 05:59:20;;;;
20/06/2024 05:59:30;;;;
20/06/2024 05:59:40;;;;
20/06/2024 05:59:50;;;;
20/06/2024 06:00:00;;;;
20/06/2024 06:00:10;;;;
20/06/2024 06:00:20;;;;
20/06/2024 06:00:30;;;;
20/06/2024 06:00:40;;;;
20/06/2024 06:00:50;;;;
20/06/2024 06:01:00;;;;
20/06/2024 06:01:10;;;;
20/06/2024 06:01:20;;;;
20/06/2024 06:01:30;;;;
20/06/2024 06:01:40;;;;
20/06/2024 06:01:50;;;;
20/06/2024 06:02:00;;;;
20/06/2024 06:02:10;;;;
20/06/2024 06:02:20;;;;
20/06/2024 06:02:30;;;;
20/06/2024 06:02:40;;;;
20/06/2024 06:02:50;;;;
20/06/2024 06:03:00;;;;
20/06/2024 06:03:10;;;;
20/06/2024 06:03:20;;;;
20/06/2024 06:03:30;;;;
20/06/2024 06:03:40;;;;
20/06/2024 06:03:50;;;;
20/06/2024 06:04:00;;;;
20/06/2024 06:04:10;;;;
20/06/2024 06:04:20;;;;
20/06/2024 06:04:30;;;;
20/06/2024 06:04:40;;;;
20/06/2024 06:04:50;;;;
20/06/2024 06:05:00;;;;
20/06/2024 06:05:10;;;;
20/06/2024 06:05:20;;;;
20/06/2024 06:05:30;;;;
20/06/2024 06:05:40;;;;
20/06/2024 06:05:50;;;;
20/06/2024 06:06:00;;;;
20/06/2024 06:06:10;;;;
20/06/2024 06:06:20;;;;
20/06/2024 06:06:30;;;;
20/06/2024 06:06:40;;;;
20/06/2024 06:06:50;;;;
20/06/2024 06:07:00;;;;
20/06/2024 06:07:10;;;;
20/06/2024 06:07:20;;;;
20/06/2024 06:07:30;;;;
20/06/2024 06:07:40;;;;
20/06/2024 06:07:50;;;;
20/06/2024 06:08:00;;;;
20/06/2024 06:08:10;;;;
20/06/2024 06:08:20;;;;
20/06/2024 06:08:30;;;;
20/06/2024 06:08:40;;;;
20/06/2024 06:08:50;;;;
20/06/2024 06:09:00;;;;
20/06/2024 06:09:10;;;;
20/06/2024 06:09:20;;;;
20/06/2024 06:09:30;;;;
20/06/2024 06:09:40;;;;
20/06/2024 06:09:50;;;;
20/06/2024 06:10:00;;;;
20/06/2024 06:10:10;;;;
20/06/2024 06:10:20;;;;
20/06/2024 06:10:30;;;;
20/06/2024 06:10:40;;;;
20/06/2024 06:10:50;;;;
20/06/2024 06:11:00;;;;
20/06/2024 06:11:10;;;;
20/06/2024 06:11:20;;;;
20/06/2024 06:11:30;;;;
20/06/2024 06:11:40;;;;
20/06/2024 06:11:50;;;;
20/06/2024 06:12:00;;;;
20/06/2024 06:12:10;;;;
20/06/2024 06:12:20;;;;
20/06/2024 06:12:30;;;;
20/06/2024 06:12:40;;;;
20/06/2024 06:12:50;;;;
20/06/2024 06:13:00;;;;
20/06/2024 06:13:10;;;;
20/06/2024 06:13:20;;;;
20/06/2024 06:13:30;;;;
20/06/2024 06:13:40;;;;
20/06/2024 06:13:50;;;;
20/06/2024 06:14:00;;;;
20/06/2024 06:14:10;;;;
20/06/2024 06:14:20;;;;
20/06/2024 06:14:30;;;;
20/06/2024 06:14:40;;;;
20/06/2024 06:14:50;;;;
20/06/2024 06:15:00;;;;
20/06/2024 06:15:10;;;;
20/06/2024 06:15:20;;;;
20/06/2024 06:15:30;;;;
20/06/2024 06:15:40;;;;
20/06/2024 06:15:50;;;;
20/06/2024 06:16:00;;;;
20/06/2024 06:16:10;;;;
20/06/2024 06:16:20;;;;
20/06/2024 06:16:30;;;;
20/06/2024 06:16:40;;;;
20/06/2024 06:16:50;;;;
20/06/2024 06:17:00;;;;
20/06/2024 06:17:10;;;;
20/06/2024 06:17:20;;;;
20/06/2024 06:17:30;;;;
20/06/2024 06:17:40;;;;
20/06/2024 06:17:50;;;;
20/06/2024 06:18:00;;;;
20/06/2024 06:18:10;;;;
20/06/2024 06:18:20;;;;
20/06/2024 06:18:30;;;;
20/06/2024 06:18:40;;;;
20/06/2024 06:18:50;;;;
20/06/2024 06:19:00;;;;
20/06/2024 06:19:10;;;;
20/06/2024 06:19:20;;;;
20/06/2024 06:19:30;;;;
20/06/2024 06:19:40;;;;
20/06/2024 06:19:50;;;;
20/06/2024 06:20:00;;;;
20/06/2024 06:20:10;;;;
20/06/2024 06:20:20;;;;
20/06/2024 06:20:30;;;;
20/06/2024 06:20:40;;;;
20/06/2024 06:20:50;;;;
20/06/2024 06:21:00;;;;
20/06/2024 06:21:10;;;;
20/06/2024 06:21:20;;;;
20/06/2024 06:21:30;;;;
20/06/2024 06:21:40;;;;
20/06/2024 06:21:50;;;;
20/06/2024 06:22:00;;;;
20/06/2024 06:22:10;;;;
20/06/2024 06:22:20;;;;
20/06/2024 06:22:30;;;;
20/06/2024 06:22:40;;;;
20/06/2024 06:22:50;;;;
20/06/2024 06:23:00;;;;
20/06/2024 06:23:10;;;;
20/06/2024 06:23:20;;;;
20/06/2024 06:23:30;;;;
20/06/2024 06:23:40;;;;
20/06/2024 06:23:50;;;;
20/06/2024 06:24:00;;;;
20/06/2024 06:24:10;;;;
20/06/2024 06:24:20;;;;
20/06/2024 06:24:30;;;;
20/06/2024 06:24:40;;;;
20/06/2024 06:24:50;;;;
20/06/2024 06:25:00;;;;
20/06/2024 06:25:10;;;;
20/06/2024 06:25:20;;;;
20/06/2024 06:25:30;;;;
20/06/2024 06:25:40;;;;
20/06/2024 06:25:50;;;;
20/06/2024 06:26:00;;;;
20/06/2024 06:26:10;;;;
20/06/2024 06:26:20;;;;
20/06/2024 06:26:30;;;;
20/06/2024 06:26:40;;;;
20/06/2024 06:26:50;;;;
20/06/2024 06:27:00;;;;
20/06/2024 06:27:10;;;;
20/06/2024 06:27:20;;;;
20/06/2024 06:27:30;;;;
20/06/2024 06:27:40;;;;
20/06/2024 06:27:50;;;;
20/06/2024 06:28:00;;;;
20/06/2024 06:28:10;;;;
20/06/2024 06:28:20;;;;
20/06/2024 06:28:30;;;;
20/06/2024 06:28:40;;;;
20/06/2024 06:28:50;;;;
20/06/2024 06:29:00;;;;
20/06/2024 06:29:10;;;;
20/06/2024 06:29:20;;;;
20/06/2024 06:29:30;;;;
20/06/2024 06:29:40;;;;
20/06/2024 06:29:50;;;;
20/06/2024 06:30:00;;;;
20/06/2024 06:30:10;;;;
20/06/2024 06:30:20;;;;
20/06/2024 06:30:30;;;;
20/06/2024 06:30:40;;;;
20/06/2024 06:30:50;;;;
20/06/2024 06:31:00;;;;
20/06/2024 06:31:10;;;;
20/06/2024 06:31:20;;;;
20/06/2024 06:31:30;;;;
20/06/2024 06:31:40;;;;
20/06/2024 06:31:50;;;;
20/06/2024 06:32:00;;;;
20/06/2024 06:32:10;;;;
20/06/2024 06:32:20;;;;
20/06/2024 06:32:30;;;;
20/06/2024 06:32:40;;;;
20/06/2024 06:32:50;;;;
20/06/2024 06:33:00;;;;
20/06/2024 06:33:10;;;;
20/06/2024 06:33:20;;;;
20/06/2024 06:33:30;;;;
20/06/2024 06:33:40;;;;
20/06/2024 06:33:50;;;;
20/06/2024 06:34:00;;;;
20/06/2024 06:34:10;;;;
20/06/2024 06:34:20;;;;
20/06/2024 06:34:30;;;;
20/06/2024 06:34:40;;;;
20/06/2024 06:34:50;;;;
20/06/2024 06:35:00;;;;
20/06/2024 06:35:10;;;;
20/06/2024 06:35:20;;;;
20/06/2024 06:35:30;;;;
20/06/2024 06:35:40;;;;
20/06/2024 06:35:50;;;;
20/06/2024 06:36:00;;;;
20/06/2024 06:36:10;;;;
20/06/2024 06:36:20;;;;
20/06/2024 06:36:30;;;;
20/06/2024 06:36:40;;;;
20/06/2024 06:36:50;;;;
20/06/2024 06:37:00;;;;
20/06/2024 06:37:10;;;;
20/06/2024 06:37:20;;;;
20/06/2024 06:37:30;;;;
20/06/2024 06:37:40;;;;
20/06/2024 06:37:50;;;;
20/06/2024 06:38:00;;;;
20/06/2024 06:38:10;;;;
20/06/2024 06:38:20;;;;
20/06/2024 06:38:30;;;;
20/06/2024 06:38:40;;;;
20/06/2024 06:38:50;;;;
20/06/2024 06:39:00;;;;
20/06/2024 06:39:10;;;;
20/06/2024 06:39:20;;;;
20/06/2024 06:39:30;;;;
20/06/2024 06:39:40;;;;
20/06/2024 06:39:50;;;;
20/06/2024 06:40:00;;;;
20/06/2024 06:40:10;;;;
20/06/2024 06:40:20;;;;
20/06/2024 06:40:30;;;;
20/06/2024 06:40:40;;;;
20/06/2024 06:40:50;;;;
20/06/2024 06:41:00;;;;
20/06/2024 06:41:10;;;;
20/06/2024 06:41:20;;;;
20/06/2024 06:41:30;;;;
20/06/2024 06:41:40;;;;
20/06/2024 06:41:50;;;;
20/06/2024 06:42:00;;;;
20/06/2024 06:42:10;;;;
20/06/2024 06:42:20;;;;
20/06/2024 06:42:30;;;;
20/06/2024 06:42:40;;;;
20/06/2024 06:42:50;;;;
20/06/2024 06:43:00;;;;
20/06/2024 06:43:10;;;;
20/06/2024 06:43:20;;;;
20/06/2024 06:43:30;;;;
20/06/2024 06:43:40;;;;
20/06/2024 06:43:50;;;;
20/06/2024 06:44:00;;;;
20/06/2024 06:44:10;;;;
20/06/2024 06:44:20;;;;
20/06/2024 06:44:30;;;;
20/06/2024 06:44:40;;;;
20/06/2024 06:44:50;;;;
20/06/2024 06:45:00;;;;
20/06/2024 06:45:10;;;;
20/06/2024 06:45:20;;;;
20/06/2024 06:45:30;;;;
20/06/2024 06:45:40;;;;
20/06/2024 06:45:50;;;;
20/06/2024 06:46:00;;;;
20/06/2024 06:46:10;;;;
20/06/2024 06:46:20;;;;
20/06/2024 06:46:30;;;;
20/06/2024 06:46:40;;;;
20/06/2024 06:46:50;;;;
20/06/2024 06:47:00;;;;
20/06/2024 06:47:10;;;;
20/06/2024 06:47:20;;;;
20/06/2024 06:47:30;;;;
20/06/2024 06:47:40;;;;
20/06/2024 06:47:50;;;;
20/06/2024 06:48:00;;;;
20/06/2024 06:48:10;;;;
20/06/2024 06:48:20;;;;
20/06/2024 06:48:30;;;;
20/06/2024 06:48:40;;;;
20/06/2024 06:48:50;;;;
20/06/2024 06:49:00;;;;
20/06/2024 06:49:10;;;;
20/06/2024 06:49:20;;;;
20/06/2024 06:49:30;;;;
20/06/2024 06:49:40;;;;
20/06/2024 06:49:50;;;;
20/06/2024 06:50:00;;;;
20/06/2024 06:50:10;;;;
20/06/2024 06:50:20;;;;
20/06/2024 06:50:30;;;;
20/06/2024 06:50:40;;;;
20/06/2024 06:50:50;;;;
20/06/2024 06:51:00;;;;
20/06/2024 06:51:10;;;;
20/06/2024 06:51:20;;;;
20/06/2024 06:51:30;;;;
20/06/2024 06:51:40;;;;
20/06/2024 06:51:50;;;;
20/06/2024 06:52:00;;;;
20/06/2024 06:52:10;;;;
20/06/2024 06:52:20;;;;
20/06/2024 06:52:30;;;;
20/06/2024 06:52:40;;;;
20/06/2024 06:52:50;;;;
20/06/2024 06:53:00;;;;
20/06/2024 06:53:10;;;;
20/06/2024 06:53:20;;;;
20/06/2024 06:53:30;;;;
20/06/2024 06:53:40;;;;
20/06/2024 06:53:50;;;;
20/06/2024 06:54:00;;;;
20/06/2024 06:54:10;;;;
20/06/2024 06:54:20;;;;
20/06/2024 06:54:30;;;;
20/06/2024 06:54:40;;;;
20/06/2024 06:54:50;;;;
20/06/2024 06:55:00;;;;
20/06/2024 06:55:10;;;;
20/06/2024 06:55:20;;;;
20/06/2024 06:55:30;;;;
20/06/2024 06:55:40;;;;
20/06/2024 06:55:50;;;;
20/06/2024 06:56:00;;;;
20/06/2024 06:56:10;;;;
20/06/2024 06:56:20;;;;
20/06/2024 06:56:30;;;;
20/06/2024 06:56:40;;;;
20/06/2024 06:56:50;;;;
20/06/2024 06:57:00;;;;
20/06/2024 06:57:10;;;;
20/06/2024 06:57:20;;;;
20/06/2024 06:57:30;;;;
20/06/2024 06:57:40;;;;
20/06/2024 06:57:50;;;;
20/06/2024 06:58:00;;;;
20/06/2024 06:58:10;;;;
20/06/2024 06:58:20;;;;
20/06/2024 06:58:30;;;;
20/06/2024 06:58:40;;;;
20/06/2024 06:58:50;;;;
20/06/2024 06:59:00;;;;
20/06/2024 06:59:10;;;;
20/06/2024 06:59:20;;;;
20/06/2024 06:59:30;;;;
20/06/2024 06:59:40;;;;
20/06/2024 06:59:50;;;;
20/06/2024 07:00:00;;;;
20/06/2024 07:00:10;;;;
20/06/2024 07:00:20;;;;
20/06/2024 07:00:30;;;;
20/06/2024 07:00:40;;;;
20/06/2024 07:00:50;;;;
20/06/2024 07:01:00;;;;
20/06/2024 07:01:10;;;;
20/06/2024 07:01:20;;;;
20/06/2024 07:01:30;;;;
20/06/2024 07:01:40;;;;
20/06/2024 07:01:50;;;;
20/06/2024 07:02:00;;;;
20/06/2024 07:02:10;;;;
20/06/2024 07:02:20;;;;
20/06/2024 07:02:30;;;;
20/06/2024 07:02:40;;;;
20/06/2024 07:02:50;;;;
20/06/2024 07:03:00;;;;
20/06/2024 07:03:10;;;;
20/06/2024 07:03:20;;;;
20/06/2024 07:03:30;;;;
20/06/2024 07:03:40;;;;
20/06/2024 07:03:50;;;;
20/06/2024 07:04:00;;;;
20/06/2024 07:04:10;;;;
20/06/2024 07:04:20;;;;
20/06/2024 07:04:30;;;;
20/06/2024 07:04:40;;;;
20/06/2024 07:04:50;;;;
20/06/2024 07:05:00;;;;
20/06/2024 07:05:10;;;;
20/06/2024 07:05:20;;;;
20/06/2024 07:05:30;;;;
20/06/2024 07:05:40;;;;
20/06/2024 07:05:50;;;;
20/06/2024 07:06:00;;;;
20/06/2024 07:06:10;;;;
20/06/2024 07:06:20;;;;
20/06/2024 07:06:30;;;;
20/06/2024 07:06:40;;;;
20/06/2024 07:06:50;;;;
20/06/2024 07:07:00;;;;
20/06/2024 07:07:10;;;;
20/06/2024 07:07:20;;;;
20/06/2024 07:07:30;;;;
20/06/2024 07:07:40;;;;
20/06/2024 07:07:50;;;;
20/06/2024 07:08:00;;;;
20/06/2024 07:08:10;;;;
20/06/2024 07:08:20;;;;
20/06/2024 07:08:30;;;;
20/06/2024 07:08:40;;;;
20/06/2024 07:08:50;;;;
20/06/2024 07:09:00;;;;
20/06/2024 07:09:10;;;;
20/06/2024 07:09:20;;;;
20/06/2024 07:09:30;;;;
20/06/2024 07:09:40;;;;
20/06/2024 07:09:50;;;;
20/06/2024 07:10:00;;;;
20/06/2024 07:10:10;;;;
20/06/2024 07:10:20;;;;
20/06/2024 07:10:30;;;;
20/06/2024 07:10:40;;;;
20/06/2024 07:10:50;;;;
20/06/2024 07:11:00;;;;
20/06/2024 07:11:10;;;;
20/06/2024 07:11:20;;;;
20/06/2024 07:11:30;;;;
20/06/2024 07:11:40;;;;
20/06/2024 07:11:50;;;;
20/06/2024 07:12:00;;;;
20/06/2024 07:12:10;;;;
20/06/2024 07:12:20;;;;
20/06/2024 07:12:30;;;;
20/06/2024 07:12:40;;;;
20/06/2024 07:12:50;;;;
20/06/2024 07:13:00;;;;
20/06/2024 07:13:10;;;;
20/06/2024 07:13:20;;;;
20/06/2024 07:13:30;;;;
20/06/2024 07:13:40;;;;
20/06/2024 07:13:50;;;;
20/06/2024 07:14:00;;;;
20/06/2024 07:14:10;;;;
20/06/2024 07:14:20;;;;
20/06/2024 07:14:30;;;;
20/06/2024 07:14:40;;;;
20/06/2024 07:14:50;;;;
20/06/2024 07:15:00;;;;
20/06/2024 07:15:10;;;;
20/06/2024 07:15:20;;;;
20/06/2024 07:15:30;;;;
20/06/2024 07:15:40;;;;
20/06/2024 07:15:50;;;;
20/06/2024 07:16:00;;;;
20/06/2024 07:16:10;;;;
20/06/2024 07:16:20;;;;
20/06/2024 07:16:30;;;;
20/06/2024 07:16:40;;;;
20/06/2024 07:16:50;;;;
20/06/2024 07:17:00;;;;
20/06/2024 07:17:10;;;;
20/06/2024 07:17:20;;;;
20/06/2024 07:17:30;;;;
20/06/2024 07:17:40;;;;
20/06/2024 07:17:50;;;;
20/06/2024 07:18:00;;;;
20/06/2024 07:18:10;;;;
20/06/2024 07:18:20;;;;
20/06/2024 07:18:30;;;;
20/06/2024 07:18:40;;;;
20/06/2024 07:18:50;;;;
20/06/2024 07:19:00;;;;
20/06/2024 07:19:10;;;;
20/06/2024 07:19:20;;;;
20/06/2024 07:19:30;;;;
20/06/2024 07:19:40;;;;
20/06/2024 07:19:50;;;;
20/06/2024 07:20:00;;;;
20/06/2024 07:20:10;;;;
20/06/2024 07:20:20;;;;
20/06/2024 07:20:30;;;;
20/06/2024 07:20:40;;;;
20/06/2024 07:20:50;;;;
20/06/2024 07:21:00;;;;
20/06/2024 07:21:10;;;;
20/06/2024 07:21:20;;;;
20/06/2024 07:21:30;;;;
20/06/2024 07:21:40;;;;
20/06/2024 07:21:50;;;;
20/06/2024 07:22:00;;;;
20/06/2024 07:22:10;;;;
20/06/2024 07:22:20;;;;
20/06/2024 07:22:30;;;;
20/06/2024 07:22:40;;;;
20/06/2024 07:22:50;;;;
20/06/2024 07:23:00;;;;
20/06/2024 07:23:10;;;;
20/06/2024 07:23:20;;;;
20/06/2024 07:23:30;;;;
20/06/2024 07:23:40;;;;
20/06/2024 07:23:50;;;;
20/06/2024 07:24:00;;;;
20/06/2024 07:24:10;;;;
20/06/2024 07:24:20;;;;
20/06/2024 07:24:30;;;;
20/06/2024 07:24:40;;;;
20/06/2024 07:24:50;;;;
20/06/2024 07:25:00;;;;
20/06/2024 07:25:10;;;;
20/06/2024 07:25:20;;;;
20/06/2024 07:25:30;;;;
20/06/2024 07:25:40;;;;
20/06/2024 07:25:50;;;;
20/06/2024 07:26:00;;;;
20/06/2024 07:26:10;;;;
20/06/2024 07:26:20;;;;
20/06/2024 07:26:30;;;;
20/06/2024 07:26:40;;;;
20/06/2024 07:26:50;;;;
20/06/2024 07:27:00;;;;
20/06/2024 07:27:10;;;;
20/06/2024 07:27:20;;;;
20/06/2024 07:27:30;;;;
20/06/2024 07:27:40;;;;
20/06/2024 07:27:50;;;;
20/06/2024 07:28:00;;;;
20/06/2024 07:28:10;;;;
20/06/2024 07:28:20;;;;
20/06/2024 07:28:30;;;;
20/06/2024 07:28:40;;;;
20/06/2024 07:28:50;;;;
20/06/2024 07:29:00;;;;
20/06/2024 07:29:10;;;;
20/06/2024 07:29:20;;;;
20/06/2024 07:29:30;;;;
20/06/2024 07:29:40;;;;
20/06/2024 07:29:50;;;;
20/06/2024 07:30:00;;;;
20/06/2024 07:30:10;;;;
20/06/2024 07:30:20;;;;
20/06/2024 07:30:30;;;;
20/06/2024 07:30:40;;;;
20/06/2024 07:30:50;;;;
20/06/2024 07:31:00;;;;
20/06/2024 07:31:10;;;;
20/06/2024 07:31:20;;;;
20/06/2024 07:31:30;;;;
20/06/2024 07:31:40;;;;
20/06/2024 07:31:50;;;;
20/06/2024 07:32:00;;;;
20/06/2024 07:32:10;;;;
20/06/2024 07:32:20;;;;
20/06/2024 07:32:30;;;;
20/06/2024 07:32:40;;;;
20/06/2024 07:32:50;;;;
20/06/2024 07:33:00;;;;
20/06/2024 07:33:10;;;;
20/06/2024 07:33:20;;;;
20/06/2024 07:33:30;;;;
20/06/2024 07:33:40;;;;
20/06/2024 07:33:50;;;;
20/06/2024 07:34:00;;;;
20/06/2024 07:34:10;;;;
20/06/2024 07:34:20;;;;
20/06/2024 07:34:30;;;;
20/06/2024 07:34:40;;;;
20/06/2024 07:34:50;;;;
20/06/2024 07:35:00;;;;
20/06/2024 07:35:10;;;;
20/06/2024 07:35:20;;;;
20/06/2024 07:35:30;;;;
20/06/2024 07:35:40;;;;
20/06/2024 07:35:50;;;;
20/06/2024 07:36:00;;;;
20/06/2024 07:36:10;;;;
20/06/2024 07:36:20;;;;
20/06/2024 07:36:30;;;;
20/06/2024 07:36:40;;;;
20/06/2024 07:36:50;;;;
20/06/2024 07:37:00;;;;
20/06/2024 07:37:10;;;;
20/06/2024 07:37:20;;;;
20/06/2024 07:37:30;;;;
20/06/2024 07:37:40;;;;
20/06/2024 07:37:50;;;;
20/06/2024 07:38:00;;;;
20/06/2024 07:38:10;;;;
20/06/2024 07:38:20;;;;
20/06/2024 07:38:30;;;;
20/06/2024 07:38:40;;;;
20/06/2024 07:38:50;;;;
20/06/2024 07:39:00;;;;
20/06/2024 07:39:10;;;;
20/06/2024 07:39:20;;;;
20/06/2024 07:39:30;;;;
20/06/2024 07:39:40;;;;
20/06/2024 07:39:50;;;;
20/06/2024 07:40:00;;;;
20/06/2024 07:40:10;;;;
20/06/2024 07:40:20;;;;
20/06/2024 07:40:30;;;;
20/06/2024 07:40:40;;;;
20/06/2024 07:40:50;;;;
20/06/2024 07:41:00;;;;
20/06/2024 07:41:10;;;;
20/06/2024 07:41:20;;;;
20/06/2024 07:41:30;;;;
20/06/2024 07:41:40;;;;
20/06/2024 07:41:50;;;;
20/06/2024 07:42:00;;;;
20/06/2024 07:42:10;;;;
20/06/2024 07:42:20;;;;
20/06/2024 07:42:30;;;;
20/06/2024 07:42:40;;;;
20/06/2024 07:42:50;;;;
20/06/2024 07:43:00;;;;
20/06/2024 07:43:10;;;;
20/06/2024 07:43:20;;;;
20/06/2024 07:43:30;;;;
20/06/2024 07:43:40;;;;
20/06/2024 07:43:50;;;;
20/06/2024 07:44:00;;;;
20/06/2024 07:44:10;;;;
20/06/2024 07:44:20;;;;
20/06/2024 07:44:30;;;;
20/06/2024 07:44:40;;;;
20/06/2024 07:44:50;;;;
20/06/2024 07:45:00;;;;
20/06/2024 07:45:10;;;;
20/06/2024 07:45:20;;;;
20/06/2024 07:45:30;;;;
20/06/2024 07:45:40;;;;
20/06/2024 07:45:50;;;;
20/06/2024 07:46:00;;;;
20/06/2024 07:46:10;;;;
20/06/2024 07:46:20;;;;
20/06/2024 07:46:30;;;;
20/06/2024 07:46:40;;;;
20/06/2024 07:46:50;;;;
20/06/2024 07:47:00;;;;
20/06/2024 07:47:10;;;;
20/06/2024 07:47:20;;;;
20/06/2024 07:47:30;;;;
20/06/2024 07:47:40;;;;
20/06/2024 07:47:50;;;;
20/06/2024 07:48:00;;;;
20/06/2024 07:48:10;;;;
20/06/2024 07:48:20;;;;
20/06/2024 07:48:30;;;;
20/06/2024 07:48:40;;;;
20/06/2024 07:48:50;;;;
20/06/2024 07:49:00;;;;
20/06/2024 07:49:10;;;;
20/06/2024 07:49:20;;;;
20/06/2024 07:49:30;;;;
20/06/2024 07:49:40;;;;
20/06/2024 07:49:50;;;;
20/06/2024 07:50:00;;;;
20/06/2024 07:50:10;;;;
20/06/2024 07:50:20;;;;
20/06/2024 07:50:30;;;;
20/06/2024 07:50:40;;;;
20/06/2024 07:50:50;;;;
20/06/2024 07:51:00;;;;
20/06/2024 07:51:10;;;;
20/06/2024 07:51:20;;;;
20/06/2024 07:51:30;;;;
20/06/2024 07:51:40;;;;
20/06/2024 07:51:50;;;;
20/06/2024 07:52:00;;;;
20/06/2024 07:52:10;;;;
20/06/2024 07:52:20;;;;
20/06/2024 07:52:30;;;;
20/06/2024 07:52:40;;;;
20/06/2024 07:52:50;;;;
20/06/2024 07:53:00;;;;
20/06/2024 07:53:10;;;;
20/06/2024 07:53:20;;;;
20/06/2024 07:53:30;;;;
20/06/2024 07:53:40;;;;
20/06/2024 07:53:50;;;;
20/06/2024 07:54:00;;;;
20/06/2024 07:54:10;;;;
20/06/2024 07:54:20;;;;
20/06/2024 07:54:30;;;;
20/06/2024 07:54:40;;;;
20/06/2024 07:54:50;;;;
20/06/2024 07:55:00;;;;
20/06/2024 07:55:10;;;;
20/06/2024 07:55:20;;;;
20/06/2024 07:55:30;;;;
20/06/2024 07:55:40;;;;
20/06/2024 07:55:50;;;;
20/06/2024 07:56:00;;;;
20/06/2024 07:56:10;;;;
20/06/2024 07:56:20;;;;
20/06/2024 07:56:30;;;;
20/06/2024 07:56:40;;;;
20/06/2024 07:56:50;;;;
20/06/2024 07:57:00;;;;
20/06/2024 07:57:10;;;;
20/06/2024 07:57:20;;;;
20/06/2024 07:57:30;;;;
20/06/2024 07:57:40;;;;
20/06/2024 07:57:50;;;;
20/06/2024 07:58:00;;;;
20/06/2024 07:58:10;;;;
20/06/2024 07:58:20;;;;
20/06/2024 07:58:30;;;;
20/06/2024 07:58:40;;;;
20/06/2024 07:58:50;;;;
20/06/2024 07:59:00;;;;
20/06/2024 07:59:10;;;;
20/06/2024 07:59:20;;;;
20/06/2024 07:59:30;;;;
20/06/2024 07:59:40;;;;
20/06/2024 07:59:50;;;;
20/06/2024 08:00:00;;;;
20/06/2024 08:00:10;;;;
20/06/2024 08:00:20;;;;
20/06/2024 08:00:30;;;;
20/06/2024 08:00:40;;;;
20/06/2024 08:00:50;;;;
20/06/2024 08:01:00;;;;
20/06/2024 08:01:10;;;;
20/06/2024 08:01:20;;;;
20/06/2024 08:01:30;;;;
20/06/2024 08:01:40;;;;
20/06/2024 08:01:50;;;;
20/06/2024 08:02:00;;;;
20/06/2024 08:02:10;;;;
20/06/2024 08:02:20;;;;
20/06/2024 08:02:30;;;;
20/06/2024 08:02:40;;;;
20/06/2024 08:02:50;;;;
20/06/2024 08:03:00;;;;
20/06/2024 08:03:10;;;;
20/06/2024 08:03:20;;;;
20/06/2024 08:03:30;;;;
20/06/2024 08:03:40;;;;
20/06/2024 08:03:50;;;;
20/06/2024 08:04:00;;;;
20/06/2024 08:04:10;;;;
20/06/2024 08:04:20;;;;
20/06/2024 08:04:30;;;;
20/06/2024 08:04:40;;;;
20/06/2024 08:04:50;;;;
20/06/2024 08:05:00;;;;
20/06/2024 08:05:10;;;;
20/06/2024 08:05:20;;;;
20/06/2024 08:05:30;;;;
20/06/2024 08:05:40;;;;
20/06/2024 08:05:50;;;;
20/06/2024 08:06:00;;;;
20/06/2024 08:06:10;;;;
20/06/2024 08:06:20;;;;
20/06/2024 08:06:30;;;;
20/06/2024 08:06:40;;;;
20/06/2024 08:06:50;;;;
20/06/2024 08:07:00;;;;
20/06/2024 08:07:10;;;;
20/06/2024 08:07:20;;;;
20/06/2024 08:07:30;;;;
20/06/2024 08:07:40;;;;
20/06/2024 08:07:50;;;;
20/06/2024 08:08:00;;;;
20/06/2024 08:08:10;;;;
20/06/2024 08:08:20;;;;
20/06/2024 08:08:30;;;;
20/06/2024 08:08:40;;;;
20/06/2024 08:08:50;;;;
20/06/2024 08:09:00;;;;
20/06/2024 08:09:10;;;;
20/06/2024 08:09:20;;;;
20/06/2024 08:09:30;;;;
20/06/2024 08:09:40;;;;
20/06/2024 08:09:50;;;;
20/06/2024 08:10:00;;;;
20/06/2024 08:10:10;;;;
20/06/2024 08:10:20;;;;
20/06/2024 08:10:30;;;;
20/06/2024 08:10:40;;;;
20/06/2024 08:10:50;;;;
20/06/2024 08:11:00;;;;
20/06/2024 08:11:10;;;;
20/06/2024 08:11:20;;;;
20/06/2024 08:11:30;;;;
20/06/2024 08:11:40;;;;
20/06/2024 08:11:50;;;;
20/06/2024 08:12:00;;;;
20/06/2024 08:12:10;;;;
20/06/2024 08:12:20;;;;
20/06/2024 08:12:30;;;;
20/06/2024 08:12:40;;;;
20/06/2024 08:12:50;;;;
20/06/2024 08:13:00;;;;
20/06/2024 08:13:10;;;;
20/06/2024 08:13:20;;;;
20/06/2024 08:13:30;;;;
20/06/2024 08:13:40;;;;
20/06/2024 08:13:50;;;;
20/06/2024 08:14:00;;;;
20/06/2024 08:14:10;;;;
20/06/2024 08:14:20;;;;
20/06/2024 08:14:30;;;;
20/06/2024 08:14:40;;;;
20/06/2024 08:14:50;;;;
20/06/2024 08:15:00;;;;
20/06/2024 08:15:10;;;;
20/06/2024 08:15:20;;;;
20/06/2024 08:15:30;;;;
20/06/2024 08:15:40;;;;
20/06/2024 08:15:50;;;;
20/06/2024 08:16:00;;;;
20/06/2024 08:16:10;;;;
20/06/2024 08:16:20;;;;
20/06/2024 08:16:30;;;;
20/06/2024 08:16:40;;;;
20/06/2024 08:16:50;;;;
20/06/2024 08:17:00;;;;
20/06/2024 08:17:10;;;;
20/06/2024 08:17:20;;;;
20/06/2024 08:17:30;;;;
20/06/2024 08:17:40;;;;
20/06/2024 08:17:50;;;;
20/06/2024 08:18:00;;;;
20/06/2024 08:18:10;;;;
20/06/2024 08:18:20;;;;
20/06/2024 08:18:30;;;;
20/06/2024 08:18:40;;;;
20/06/2024 08:18:50;;;;
20/06/2024 08:19:00;;;;
20/06/2024 08:19:10;;;;
20/06/2024 08:19:20;;;;
20/06/2024 08:19:30;;;;
20/06/2024 08:19:40;;;;
20/06/2024 08:19:50;;;;
20/06/2024 08:20:00;;;;
20/06/2024 08:20:10;;;;
20/06/2024 08:20:20;;;;
20/06/2024 08:20:30;;;;
20/06/2024 08:20:40;;;;
20/06/2024 08:20:50;;;;
20/06/2024 08:21:00;;;;
20/06/2024 08:21:10;;;;
20/06/2024 08:21:20;;;;
20/06/2024 08:21:30;;;;
20/06/2024 08:21:40;;;;
20/06/2024 08:21:50;;;;
20/06/2024 08:22:00;;;;
20/06/2024 08:22:10;;;;
20/06/2024 08:22:20;;;;
20/06/2024 08:22:30;;;;
20/06/2024 08:22:40;;;;
20/06/2024 08:22:50;;;;
20/06/2024 08:23:00;;;;
20/06/2024 08:23:10;;;;
20/06/2024 08:23:20;;;;
20/06/2024 08:23:30;;;;
20/06/2024 08:23:40;;;;
20/06/2024 08:23:50;;;;
20/06/2024 08:24:00;;;;
20/06/2024 08:24:10;;;;
20/06/2024 08:24:20;;;;
20/06/2024 08:24:30;;;;
20/06/2024 08:24:40;;;;
20/06/2024 08:24:50;;;;
20/06/2024 08:25:00;;;;
20/06/2024 08:25:10;;;;
20/06/2024 08:25:20;;;;
20/06/2024 08:25:30;;;;
20/06/2024 08:25:40;;;;
20/06/2024 08:25:50;;;;
20/06/2024 08:26:00;;;;
20/06/2024 08:26:10;;;;
20/06/2024 08:26:20;;;;
20/06/2024 08:26:30;;;;
20/06/2024 08:26:40;;;;
20/06/2024 08:26:50;;;;
20/06/2024 08:27:00;;;;
20/06/2024 08:27:10;;;;
20/06/2024 08:27:20;;;;
20/06/2024 08:27:30;;;;
20/06/2024 08:27:40;;;;
20/06/2024 08:27:50;;;;
20/06/2024 08:28:00;;;;
20/06/2024 08:28:10;;;;
20/06/2024 08:28:20;;;;
20/06/2024 08:28:30;;;;
20/06/2024 08:28:40;;;;
20/06/2024 08:28:50;;;;
20/06/2024 08:29:00;;;;
20/06/2024 08:29:10;;;;
20/06/2024 08:29:20;;;;
20/06/2024 08:29:30;;;;
20/06/2024 08:29:40;;;;
20/06/2024 08:29:50;;;;
20/06/2024 08:30:00;;;;
20/06/2024 08:30:10;;;;
20/06/2024 08:30:20;;;;
20/06/2024 08:30:30;;;;
20/06/2024 08:30:40;;;;
20/06/2024 08:30:50;;;;
20/06/2024 08:31:00;;;;
20/06/2024 08:31:10;;;;
20/06/2024 08:31:20;;;;
20/06/2024 08:31:30;;;;
20/06/2024 08:31:40;;;;
20/06/2024 08:31:50;;;;
20/06/2024 08:32:00;;;;
20/06/2024 08:32:10;;;;
20/06/2024 08:32:20;;;;
20/06/2024 08:32:30;;;;
20/06/2024 08:32:40;;;;
20/06/2024 08:32:50;;;;
20/06/2024 08:33:00;;;;
20/06/2024 08:33:10;;;;
20/06/2024 08:33:20;;;;
20/06/2024 08:33:30;;;;
20/06/2024 08:33:40;;;;
20/06/2024 08:33:50;;;;
20/06/2024 08:34:00;;;;
20/06/2024 08:34:10;;;;
20/06/2024 08:34:20;;;;
20/06/2024 08:34:30;;;;
20/06/2024 08:34:40;;;;
20/06/2024 08:34:50;;;;
20/06/2024 08:35:00;;;;
20/06/2024 08:35:10;;;;
20/06/2024 08:35:20;;;;
20/06/2024 08:35:30;;;;
20/06/2024 08:35:40;;;;
20/06/2024 08:35:50;;;;
20/06/2024 08:36:00;;;;
20/06/2024 08:36:10;;;;
20/06/2024 08:36:20;;;;
20/06/2024 08:36:30;;;;
20/06/2024 08:36:40;;;;
20/06/2024 08:36:50;;;;
20/06/2024 08:37:00;;;;
20/06/2024 08:37:10;;;;
20/06/2024 08:37:20;;;;
20/06/2024 08:37:30;;;;
20/06/2024 08:37:40;;;;
20/06/2024 08:37:50;;;;
20/06/2024 08:38:00;;;;
20/06/2024 08:38:10;;;;
20/06/2024 08:38:20;;;;
20/06/2024 08:38:30;;;;
20/06/2024 08:38:40;;;;
20/06/2024 08:38:50;;;;
20/06/2024 08:39:00;;;;
20/06/2024 08:39:10;;;;
20/06/2024 08:39:20;;;;
20/06/2024 08:39:30;;;;
20/06/2024 08:39:40;;;;
20/06/2024 08:39:50;;;;
20/06/2024 08:40:00;;;;
20/06/2024 08:40:10;;;;
20/06/2024 08:40:20;;;;
20/06/2024 08:40:30;;;;
20/06/2024 08:40:40;;;;
20/06/2024 08:40:50;;;;
20/06/2024 08:41:00;;;;
20/06/2024 08:41:10;;;;
20/06/2024 08:41:20;;;;
20/06/2024 08:41:30;;;;
20/06/2024 08:41:40;;;;
20/06/2024 08:41:50;;;;
20/06/2024 08:42:00;;;;
20/06/2024 08:42:10;;;;
20/06/2024 08:42:20;;;;
20/06/2024 08:42:30;;;;
20/06/2024 08:42:40;;;;
20/06/2024 08:42:50;;;;
20/06/2024 08:43:00;;;;
20/06/2024 08:43:10;;;;
20/06/2024 08:43:20;;;;
20/06/2024 08:43:30;;;;
20/06/2024 08:43:40;;;;
20/06/2024 08:43:50;;;;
20/06/2024 08:44:00;;;;
20/06/2024 08:44:10;;;;
20/06/2024 08:44:20;;;;
20/06/2024 08:44:30;;;;
20/06/2024 08:44:40;;;;
20/06/2024 08:44:50;;;;
20/06/2024 08:45:00;;;;
20/06/2024 08:45:10;;;;
20/06/2024 08:45:20;;;;
20/06/2024 08:45:30;;;;
20/06/2024 08:45:40;;;;
20/06/2024 08:45:50;;;;
20/06/2024 08:46:00;;;;
20/06/2024 08:46:10;;;;
20/06/2024 08:46:20;;;;
20/06/2024 08:46:30;;;;
20/06/2024 08:46:40;;;;
20/06/2024 08:46:50;;;;
20/06/2024 08:47:00;;;;
20/06/2024 08:47:10;;;;
20/06/2024 08:47:20;;;;
20/06/2024 08:47:30;;;;
20/06/2024 08:47:40;;;;
20/06/2024 08:47:50;;;;
20/06/2024 08:48:00;;;;
20/06/2024 08:48:10;;;;
20/06/2024 08:48:20;;;;
20/06/2024 08:48:30;;;;
20/06/2024 08:48:40;;;;
20/06/2024 08:48:50;;;;
20/06/2024 08:49:00;;;;
20/06/2024 08:49:10;;;;
20/06/2024 08:49:20;;;;
20/06/2024 08:49:30;;;;
20/06/2024 08:49:40;;;;
20/06/2024 08:49:50;;;;
20/06/2024 08:50:00;;;;
20/06/2024 08:50:10;;;;
20/06/2024 08:50:20;;;;
20/06/2024 08:50:30;;;;
20/06/2024 08:50:40;;;;
20/06/2024 08:50:50;;;;
20/06/2024 08:51:00;;;;
20/06/2024 08:51:10;;;;
20/06/2024 08:51:20;;;;
20/06/2024 08:51:30;;;;
20/06/2024 08:51:40;;;;
20/06/2024 08:51:50;;;;
20/06/2024 08:52:00;;;;
20/06/2024 08:52:10;;;;
20/06/2024 08:52:20;;;;
20/06/2024 08:52:30;;;;
20/06/2024 08:52:40;;;;
20/06/2024 08:52:50;;;;
20/06/2024 08:53:00;;;;
20/06/2024 08:53:10;;;;
20/06/2024 08:53:20;;;;
20/06/2024 08:53:30;;;;
20/06/2024 08:53:40;;;;
20/06/2024 08:53:50;;;;
20/06/2024 08:54:00;;;;
20/06/2024 08:54:10;;;;
20/06/2024 08:54:20;;;;
20/06/2024 08:54:30;;;;
20/06/2024 08:54:40;;;;
20/06/2024 08:54:50;;;;
20/06/2024 08:55:00;;;;
20/06/2024 08:55:10;;;;
20/06/2024 08:55:20;;;;
20/06/2024 08:55:30;;;;
20/06/2024 08:55:40;;;;
20/06/2024 08:55:50;;;;
20/06/2024 08:56:00;;;;
20/06/2024 08:56:10;;;;
20/06/2024 08:56:20;;;;
20/06/2024 08:56:30;;;;
20/06/2024 08:56:40;;;;
20/06/2024 08:56:50;;;;
20/06/2024 08:57:00;;;;
20/06/2024 08:57:10;;;;
20/06/2024 08:57:20;;;;
20/06/2024 08:57:30;;;;
20/06/2024 08:57:40;;;;
20/06/2024 08:57:50;;;;
20/06/2024 08:58:00;;;;
20/06/2024 08:58:10;;;;
20/06/2024 08:58:20;;;;
20/06/2024 08:58:30;;;;
20/06/2024 08:58:40;;;;
20/06/2024 08:58:50;;;;
20/06/2024 08:59:00;;;;
20/06/2024 08:59:10;;;;
20/06/2024 08:59:20;;;;
20/06/2024 08:59:30;;;;
20/06/2024 08:59:40;;;;
20/06/2024 08:59:50;;;;
20/06/2024 09:00:00;;;;
20/06/2024 09:00:10;;;;
20/06/2024 09:00:20;;;;
20/06/2024 09:00:30;;;;
20/06/2024 09:00:40;;;;
20/06/2024 09:00:50;;;;
20/06/2024 09:01:00;;;;
20/06/2024 09:01:10;;;;
20/06/2024 09:01:20;;;;
20/06/2024 09:01:30;;;;
20/06/2024 09:01:40;;;;
20/06/2024 09:01:50;;;;
20/06/2024 09:02:00;;;;
20/06/2024 09:02:10;;;;
20/06/2024 09:02:20;;;;
20/06/2024 09:02:30;;;;
20/06/2024 09:02:40;;;;
20/06/2024 09:02:50;;;;
20/06/2024 09:03:00;;;;
20/06/2024 09:03:10;;;;
20/06/2024 09:03:20;;;;
20/06/2024 09:03:30;;;;
20/06/2024 09:03:40;;;;
20/06/2024 09:03:50;;;;
20/06/2024 09:04:00;;;;
20/06/2024 09:04:10;;;;
20/06/2024 09:04:20;;;;
20/06/2024 09:04:30;;;;
20/06/2024 09:04:40;;;;
20/06/2024 09:04:50;;;;
20/06/2024 09:05:00;;;;
20/06/2024 09:05:10;;;;
20/06/2024 09:05:20;;;;
20/06/2024 09:05:30;;;;
20/06/2024 09:05:40;;;;
20/06/2024 09:05:50;;;;
20/06/2024 09:06:00;;;;
20/06/2024 09:06:10;;;;
20/06/2024 09:06:20;;;;
20/06/2024 09:06:30;;;;
20/06/2024 09:06:40;;;;
20/06/2024 09:06:50;;;;
20/06/2024 09:07:00;;;;
20/06/2024 09:07:10;;;;
20/06/2024 09:07:20;;;;
20/06/2024 09:07:30;;;;
20/06/2024 09:07:40;;;;
20/06/2024 09:07:50;;;;
20/06/2024 09:08:00;;;;
20/06/2024 09:08:10;;;;
20/06/2024 09:08:20;;;;
20/06/2024 09:08:30;;;;
20/06/2024 09:08:40;;;;
20/06/2024 09:08:50;;;;
20/06/2024 09:09:00;;;;
20/06/2024 09:09:10;;;;
20/06/2024 09:09:20;;;;
20/06/2024 09:09:30;;;;
20/06/2024 09:09:40;;;;
20/06/2024 09:09:50;;;;
20/06/2024 09:10:00;;;;
20/06/2024 09:10:10;;;;
20/06/2024 09:10:20;;;;
20/06/2024 09:10:30;;;;
20/06/2024 09:10:40;;;;
20/06/2024 09:10:50;;;;
20/06/2024 09:11:00;;;;
20/06/2024 09:11:10;;;;
20/06/2024 09:11:20;;;;
20/06/2024 09:11:30;;;;
20/06/2024 09:11:40;;;;
20/06/2024 09:11:50;;;;
20/06/2024 09:12:00;;;;
20/06/2024 09:12:10;;;;
20/06/2024 09:12:20;;;;
20/06/2024 09:12:30;;;;
20/06/2024 09:12:40;;;;
20/06/2024 09:12:50;;;;
20/06/2024 09:13:00;;;;
20/06/2024 09:13:10;;;;
20/06/2024 09:13:20;;;;
20/06/2024 09:13:30;;;;
20/06/2024 09:13:40;;;;
20/06/2024 09:13:50;;;;
20/06/2024 09:14:00;;;;
20/06/2024 09:14:10;;;;
20/06/2024 09:14:20;;;;
20/06/2024 09:14:30;;;;
20/06/2024 09:14:40;;;;
20/06/2024 09:14:50;;;;
20/06/2024 09:15:00;;;;
20/06/2024 09:15:10;;;;
20/06/2024 09:15:20;;;;
20/06/2024 09:15:30;;;;
20/06/2024 09:15:40;;;;
20/06/2024 09:15:50;;;;
20/06/2024 09:16:00;;;;
20/06/2024 09:16:10;;;;
20/06/2024 09:16:20;;;;
20/06/2024 09:16:30;;;;
20/06/2024 09:16:40;;;;
20/06/2024 09:16:50;;;;
20/06/2024 09:17:00;;;;
20/06/2024 09:17:10;;;;
20/06/2024 09:17:20;;;;
20/06/2024 09:17:30;;;;
20/06/2024 09:17:40;;;;
20/06/2024 09:17:50;;;;
20/06/2024 09:18:00;;;;
20/06/2024 09:18:10;;;;
20/06/2024 09:18:20;;;;
20/06/2024 09:18:30;;;;
20/06/2024 09:18:40;;;;
20/06/2024 09:18:50;;;;
20/06/2024 09:19:00;;;;
20/06/2024 09:19:10;;;;
20/06/2024 09:19:20;;;;
20/06/2024 09:19:30;;;;
20/06/2024 09:19:40;;;;
20/06/2024 09:19:50;;;;
20/06/2024 09:20:00;;;;
20/06/2024 09:20:10;;;;
20/06/2024 09:20:20;;;;
20/06/2024 09:20:30;;;;
20/06/2024 09:20:40;;;;
20/06/2024 09:20:50;;;;
20/06/2024 09:21:00;;;;
20/06/2024 09:21:10;;;;
20/06/2024 09:21:20;;;;
20/06/2024 09:21:30;;;;
20/06/2024 09:21:40;;;;
20/06/2024 09:21:50;;;;
20/06/2024 09:22:00;;;;
20/06/2024 09:22:10;;;;
20/06/2024 09:22:20;;;;
20/06/2024 09:22:30;;;;
20/06/2024 09:22:40;;;;
20/06/2024 09:22:50;;;;
20/06/2024 09:23:00;;;;
20/06/2024 09:23:10;;;;
20/06/2024 09:23:20;;;;
20/06/2024 09:23:30;;;;
20/06/2024 09:23:40;;;;
20/06/2024 09:23:50;;;;
20/06/2024 09:24:00;;;;
20/06/2024 09:24:10;;;;
20/06/2024 09:24:20;;;;
20/06/2024 09:24:30;;;;
20/06/2024 09:24:40;;;;
20/06/2024 09:24:50;;;;
20/06/2024 09:25:00;;;;
20/06/2024 09:25:10;;;;
20/06/2024 09:25:20;;;;
20/06/2024 09:25:30;;;;
20/06/2024 09:25:40;;;;
20/06/2024 09:25:50;;;;
20/06/2024 09:26:00;;;;
20/06/2024 09:26:10;;;;
20/06/2024 09:26:20;;;;
20/06/2024 09:26:30;;;;
20/06/2024 09:26:40;;;;
20/06/2024 09:26:50;;;;
20/06/2024 09:27:00;;;;
20/06/2024 09:27:10;;;;
20/06/2024 09:27:20;;;;
20/06/2024 09:27:30;;;;
20/06/2024 09:27:40;;;;
20/06/2024 09:27:50;;;;
20/06/2024 09:28:00;;;;
20/06/2024 09:28:10;;;;
20/06/2024 09:28:20;;;;
20/06/2024 09:28:30;;;;
20/06/2024 09:28:40;;;;
20/06/2024 09:28:50;;;;
20/06/2024 09:29:00;;;;
20/06/2024 09:29:10;;;;
20/06/2024 09:29:20;;;;
20/06/2024 09:29:30;;;;
20/06/2024 09:29:40;;;;
20/06/2024 09:29:50;;;;
20/06/2024 09:30:00;;;;
20/06/2024 09:30:10;;;;
20/06/2024 09:30:20;;;;
20/06/2024 09:30:30;;;;
20/06/2024 09:30:40;;;;
20/06/2024 09:30:50;;;;
20/06/2024 09:31:00;;;;
20/06/2024 09:31:10;;;;
20/06/2024 09:31:20;;;;
20/06/2024 09:31:30;;;;
20/06/2024 09:31:40;;;;
20/06/2024 09:31:50;;;;
20/06/2024 09:32:00;;;;
20/06/2024 09:32:10;;;;
20/06/2024 09:32:20;;;;
20/06/2024 09:32:30;;;;
20/06/2024 09:32:40;;;;
20/06/2024 09:32:50;;;;
20/06/2024 09:33:00;;;;
20/06/2024 09:33:10;;;;
20/06/2024 09:33:20;;;;
20/06/2024 09:33:30;;;;
20/06/2024 09:33:40;;;;
20/06/2024 09:33:50;;;;
20/06/2024 09:34:00;;;;
20/06/2024 09:34:10;;;;
20/06/2024 09:34:20;;;;
20/06/2024 09:34:30;;;;
20/06/2024 09:34:40;;;;
20/06/2024 09:34:50;;;;
20/06/2024 09:35:00;;;;
20/06/2024 09:35:10;;;;
20/06/2024 09:35:20;;;;
20/06/2024 09:35:30;;;;
20/06/2024 09:35:40;;;;
20/06/2024 09:35:50;;;;
20/06/2024 09:36:00;;;;
20/06/2024 09:36:10;;;;
20/06/2024 09:36:20;;;;
20/06/2024 09:36:30;;;;
20/06/2024 09:36:40;;;;
20/06/2024 09:36:50;;;;
20/06/2024 09:37:00;;;;
20/06/2024 09:37:10;;;;
20/06/2024 09:37:20;;;;
20/06/2024 09:37:30;;;;
20/06/2024 09:37:40;;;;
20/06/2024 09:37:50;;;;
20/06/2024 09:38:00;;;;
20/06/2024 09:38:10;;;;
20/06/2024 09:38:20;;;;
20/06/2024 09:38:30;;;;
20/06/2024 09:38:40;;;;
20/06/2024 09:38:50;;;;
20/06/2024 09:39:00;;;;
20/06/2024 09:39:10;;;;
20/06/2024 09:39:20;;;;
20/06/2024 09:39:30;;;;
20/06/2024 09:39:40;;;;
20/06/2024 09:39:50;;;;
20/06/2024 09:40:00;;;;
20/06/2024 09:40:10;;;;
20/06/2024 09:40:20;;;;
20/06/2024 09:40:30;;;;
20/06/2024 09:40:40;;;;
20/06/2024 09:40:50;;;;
20/06/2024 09:41:00;;;;
20/06/2024 09:41:10;;;;
20/06/2024 09:41:20;;;;
20/06/2024 09:41:30;;;;
20/06/2024 09:41:40;;;;
20/06/2024 09:41:50;;;;
20/06/2024 09:42:00;;;;
20/06/2024 09:42:10;;;;
20/06/2024 09:42:20;;;;
20/06/2024 09:42:30;;;;
20/06/2024 09:42:40;;;;
20/06/2024 09:42:50;;;;
20/06/2024 09:43:00;;;;
20/06/2024 09:43:10;;;;
20/06/2024 09:43:20;;;;
20/06/2024 09:43:30;;;;
20/06/2024 09:43:40;;;;
20/06/2024 09:43:50;;;;
20/06/2024 09:44:00;;;;
20/06/2024 09:44:10;;;;
20/06/2024 09:44:20;;;;
20/06/2024 09:44:30;;;;
20/06/2024 09:44:40;;;;
20/06/2024 09:44:50;;;;
20/06/2024 09:45:00;;;;
20/06/2024 09:45:10;;;;
20/06/2024 09:45:20;;;;
20/06/2024 09:45:30;;;;
20/06/2024 09:45:40;;;;
20/06/2024 09:45:50;;;;
20/06/2024 09:46:00;;;;
20/06/2024 09:46:10;;;;
20/06/2024 09:46:20;;;;
20/06/2024 09:46:30;;;;
20/06/2024 09:46:40;;;;
20/06/2024 09:46:50;;;;
20/06/2024 09:47:00;;;;
20/06/2024 09:47:10;;;;
20/06/2024 09:47:20;;;;
20/06/2024 09:47:30;;;;
20/06/2024 09:47:40;;;;
20/06/2024 09:47:50;;;;
20/06/2024 09:48:00;;;;
20/06/2024 09:48:10;;;;
20/06/2024 09:48:20;;;;
20/06/2024 09:48:30;;;;
20/06/2024 09:48:40;;;;
20/06/2024 09:48:50;;;;
20/06/2024 09:49:00;;;;
20/06/2024 09:49:10;;;;
20/06/2024 09:49:20;;;;
20/06/2024 09:49:30;;;;
20/06/2024 09:49:40;;;;
20/06/2024 09:49:50;;;;
20/06/2024 09:50:00;;;;
20/06/2024 09:50:10;;;;
20/06/2024 09:50:20;;;;
20/06/2024 09:50:30;;;;
20/06/2024 09:50:40;;;;
20/06/2024 09:50:50;;;;
20/06/2024 09:51:00;;;;
20/06/2024 09:51:10;;;;
20/06/2024 09:51:20;;;;
20/06/2024 09:51:30;;;;
20/06/2024 09:51:40;;;;
20/06/2024 09:51:50;;;;
20/06/2024 09:52:00;;;;
20/06/2024 09:52:10;;;;
20/06/2024 09:52:20;;;;
20/06/2024 09:52:30;;;;
20/06/2024 09:52:40;;;;
20/06/2024 09:52:50;;;;
20/06/2024 09:53:00;;;;
20/06/2024 09:53:10;;;;
20/06/2024 09:53:20;;;;
20/06/2024 09:53:30;;;;
20/06/2024 09:53:40;;;;
20/06/2024 09:53:50;;;;
20/06/2024 09:54:00;;;;
20/06/2024 09:54:10;;;;
20/06/2024 09:54:20;;;;
20/06/2024 09:54:30;;;;
20/06/2024 09:54:40;;;;
20/06/2024 09:54:50;;;;
20/06/2024 09:55:00;;;;
20/06/2024 09:55:10;;;;
20/06/2024 09:55:20;;;;
20/06/2024 09:55:30;;;;
20/06/2024 09:55:40;;;;
20/06/2024 09:55:50;;;;
20/06/2024 09:56:00;;;;
20/06/2024 09:56:10;;;;
20/06/2024 09:56:20;;;;
20/06/2024 09:56:30;;;;
20/06/2024 09:56:40;;;;
20/06/2024 09:56:50;;;;
20/06/2024 09:57:00;;;;
20/06/2024 09:57:10;;;;
20/06/2024 09:57:20;;;;
20/06/2024 09:57:30;;;;
20/06/2024 09:57:40;;;;
20/06/2024 09:57:50;;;;
20/06/2024 09:58:00;;;;
20/06/2024 09:58:10;;;;
20/06/2024 09:58:20;;;;
20/06/2024 09:58:30;;;;
20/06/2024 09:58:40;;;;
20/06/2024 09:58:50;;;;
20/06/2024 09:59:00;;;;
20/06/2024 09:59:10;;;;
20/06/2024 09:59:20;;;;
20/06/2024 09:59:30;;;;
20/06/2024 09:59:40;;;;
20/06/2024 09:59:50;;;;
20/06/2024 10:00:00;;;;
20/06/2024 10:00:10;;;;
20/06/2024 10:00:20;;;;
20/06/2024 10:00:30;;;;
20/06/2024 10:00:40;;;;
20/06/2024 10:00:50;;;;
20/06/2024 10:01:00;;;;
20/06/2024 10:01:10;;;;
20/06/2024 10:01:20;;;;
20/06/2024 10:01:30;;;;
20/06/2024 10:01:40;;;;
20/06/2024 10:01:50;;;;
20/06/2024 10:02:00;;;;
20/06/2024 10:02:10;;;;
20/06/2024 10:02:20;;;;
20/06/2024 10:02:30;;;;
20/06/2024 10:02:40;;;;
20/06/2024 10:02:50;;;;
20/06/2024 10:03:00;;;;
20/06/2024 10:03:10;;;;
20/06/2024 10:03:20;;;;
20/06/2024 10:03:30;;;;
20/06/2024 10:03:40;;;;
20/06/2024 10:03:50;;;;
20/06/2024 10:04:00;;;;
20/06/2024 10:04:10;;;;
20/06/2024 10:04:20;;;;
20/06/2024 10:04:30;;;;
20/06/2024 10:04:40;;;;
20/06/2024 10:04:50;;;;
20/06/2024 10:05:00;;;;
20/06/2024 10:05:10;;;;
20/06/2024 10:05:20;;;;
20/06/2024 10:05:30;;;;
20/06/2024 10:05:40;;;;
20/06/2024 10:05:50;;;;
20/06/2024 10:06:00;;;;
20/06/2024 10:06:10;;;;
20/06/2024 10:06:20;;;;
20/06/2024 10:06:30;;;;
20/06/2024 10:06:40;;;;
20/06/2024 10:06:50;;;;
20/06/2024 10:07:00;;;;
20/06/2024 10:07:10;;;;
20/06/2024 10:07:20;;;;
20/06/2024 10:07:30;;;;
20/06/2024 10:07:40;;;;
20/06/2024 10:07:50;;;;
20/06/2024 10:08:00;;;;
20/06/2024 10:08:10;;;;
20/06/2024 10:08:20;;;;
20/06/2024 10:08:30;;;;
20/06/2024 10:08:40;;;;
20/06/2024 10:08:50;;;;
20/06/2024 10:09:00;;;;
20/06/2024 10:09:10;;;;
20/06/2024 10:09:20;;;;
20/06/2024 10:09:30;;;;
20/06/2024 10:09:40;;;;
20/06/2024 10:09:50;;;;
20/06/2024 10:10:00;;;;
20/06/2024 10:10:10;;;;
20/06/2024 10:10:20;;;;
20/06/2024 10:10:30;;;;
20/06/2024 10:10:40;;;;
20/06/2024 10:10:50;;;;
20/06/2024 10:11:00;;;;
20/06/2024 10:11:10;;;;
20/06/2024 10:11:20;;;;
20/06/2024 10:11:30;;;;
20/06/2024 10:11:40;;;;
20/06/2024 10:11:50;;;;
20/06/2024 10:12:00;;;;
20/06/2024 10:12:10;;;;
20/06/2024 10:12:20;;;;
20/06/2024 10:12:30;;;;
20/06/2024 10:12:40;;;;
20/06/2024 10:12:50;;;;
20/06/2024 10:13:00;;;;
20/06/2024 10:13:10;;;;
20/06/2024 10:13:20;;;;
20/06/2024 10:13:30;;;;
20/06/2024 10:13:40;;;;
20/06/2024 10:13:50;;;;
20/06/2024 10:14:00;;;;
20/06/2024 10:14:10;;;;
20/06/2024 10:14:20;;;;
20/06/2024 10:14:30;;;;
20/06/2024 10:14:40;;;;
20/06/2024 10:14:50;;;;
20/06/2024 10:15:00;;;;
20/06/2024 10:15:10;;;;
20/06/2024 10:15:20;;;;
20/06/2024 10:15:30;;;;
20/06/2024 10:15:40;;;;
20/06/2024 10:15:50;;;;
20/06/2024 10:16:00;;;;
20/06/2024 10:16:10;;;;
20/06/2024 10:16:20;;;;
20/06/2024 10:16:30;;;;
20/06/2024 10:16:40;;;;
20/06/2024 10:16:50;;;;
20/06/2024 10:17:00;;;;
20/06/2024 10:17:10;;;;
20/06/2024 10:17:20;;;;
20/06/2024 10:17:30;;;;
20/06/2024 10:17:40;;;;
20/06/2024 10:17:50;;;;
20/06/2024 10:18:00;;;;
20/06/2024 10:18:10;;;;
20/06/2024 10:18:20;;;;
20/06/2024 10:18:30;;;;
20/06/2024 10:18:40;;;;
20/06/2024 10:18:50;;;;
20/06/2024 10:19:00;;;;
20/06/2024 10:19:10;;;;
20/06/2024 10:19:20;;;;
20/06/2024 10:19:30;;;;
20/06/2024 10:19:40;;;;
20/06/2024 10:19:50;;;;
20/06/2024 10:20:00;;;;
20/06/2024 10:20:10;;;;
20/06/2024 10:20:20;;;;
20/06/2024 10:20:30;;;;
20/06/2024 10:20:40;;;;
20/06/2024 10:20:50;;;;
20/06/2024 10:21:00;;;;
20/06/2024 10:21:10;;;;
20/06/2024 10:21:20;;;;
20/06/2024 10:21:30;;;;
20/06/2024 10:21:40;;;;
20/06/2024 10:21:50;;;;
20/06/2024 10:22:00;;;;
20/06/2024 10:22:10;;;;
20/06/2024 10:22:20;;;;
20/06/2024 10:22:30;;;;
20/06/2024 10:22:40;;;;
20/06/2024 10:22:50;;;;
20/06/2024 10:23:00;;;;
20/06/2024 10:23:10;;;;
20/06/2024 10:23:20;;;;
20/06/2024 10:23:30;;;;
20/06/2024 10:23:40;;;;
20/06/2024 10:23:50;;;;
20/06/2024 10:24:00;;;;
20/06/2024 10:24:10;;;;
20/06/2024 10:24:20;;;;
20/06/2024 10:24:30;;;;
20/06/2024 10:24:40;;;;
20/06/2024 10:24:50;;;;
20/06/2024 10:25:00;;;;
20/06/2024 10:25:10;;;;
20/06/2024 10:25:20;;;;
20/06/2024 10:25:30;;;;
20/06/2024 10:25:40;;;;
20/06/2024 10:25:50;;;;
20/06/2024 10:26:00;;;;
20/06/2024 10:26:10;;;;
20/06/2024 10:26:20;;;;
20/06/2024 10:26:30;;;;
20/06/2024 10:26:40;;;;
20/06/2024 10:26:50;;;;
20/06/2024 10:27:00;;;;
20/06/2024 10:27:10;;;;
20/06/2024 10:27:20;;;;
20/06/2024 10:27:30;;;;
20/06/2024 10:27:40;;;;
20/06/2024 10:27:50;;;;
20/06/2024 10:28:00;;;;
20/06/2024 10:28:10;;;;
20/06/2024 10:28:20;;;;
20/06/2024 10:28:30;;;;
20/06/2024 10:28:40;;;;
20/06/2024 10:28:50;;;;
20/06/2024 10:29:00;;;;
20/06/2024 10:29:10;;;;
20/06/2024 10:29:20;;;;
20/06/2024 10:29:30;;;;
20/06/2024 10:29:40;;;;
20/06/2024 10:29:50;;;;
20/06/2024 10:30:00;;;;
20/06/2024 10:30:10;;;;
20/06/2024 10:30:20;;;;
20/06/2024 10:30:30;;;;
20/06/2024 10:30:40;;;;
20/06/2024 10:30:50;;;;
20/06/2024 10:31:00;;;;
20/06/2024 10:31:10;;;;
20/06/2024 10:31:20;;;;
20/06/2024 10:31:30;;;;
20/06/2024 10:31:40;;;;
20/06/2024 10:31:50;;;;
20/06/2024 10:32:00;;;;
20/06/2024 10:32:10;;;;
20/06/2024 10:32:20;;;;
20/06/2024 10:32:30;;;;
20/06/2024 10:32:40;;;;
20/06/2024 10:32:50;;;;
20/06/2024 10:33:00;;;;
20/06/2024 10:33:10;;;;
20/06/2024 10:33:20;;;;
20/06/2024 10:33:30;;;;
20/06/2024 10:33:40;;;;
20/06/2024 10:33:50;;;;
20/06/2024 10:34:00;;;;
20/06/2024 10:34:10;;;;
20/06/2024 10:34:20;;;;
20/06/2024 10:34:30;;;;
20/06/2024 10:34:40;;;;
20/06/2024 10:34:50;;;;
20/06/2024 10:35:00;;;;
20/06/2024 10:35:10;;;;
20/06/2024 10:35:20;;;;
20/06/2024 10:35:30;;;;
20/06/2024 10:35:40;;;;
20/06/2024 10:35:50;;;;
20/06/2024 10:36:00;;;;
20/06/2024 10:36:10;;;;
20/06/2024 10:36:20;;;;
20/06/2024 10:36:30;;;;
20/06/2024 10:36:40;;;;
20/06/2024 10:36:50;;;;
20/06/2024 10:37:00;;;;
20/06/2024 10:37:10;;;;
20/06/2024 10:37:20;;;;
20/06/2024 10:37:30;;;;
20/06/2024 10:37:40;;;;
20/06/2024 10:37:50;;;;
20/06/2024 10:38:00;;;;
20/06/2024 10:38:10;;;;
20/06/2024 10:38:20;;;;
20/06/2024 10:38:30;;;;
20/06/2024 10:38:40;;;;
20/06/2024 10:38:50;;;;
20/06/2024 10:39:00;;;;
20/06/2024 10:39:10;;;;
20/06/2024 10:39:20;;;;
20/06/2024 10:39:30;;;;
20/06/2024 10:39:40;;;;
20/06/2024 10:39:50;;;;
20/06/2024 10:40:00;;;;
20/06/2024 10:40:10;;;;
20/06/2024 10:40:20;;;;
20/06/2024 10:40:30;;;;
20/06/2024 10:40:40;;;;
20/06/2024 10:40:50;;;;
20/06/2024 10:41:00;;;;
20/06/2024 10:41:10;;;;
20/06/2024 10:41:20;;;;
20/06/2024 10:41:30;;;;
20/06/2024 10:41:40;;;;
20/06/2024 10:41:50;;;;
20/06/2024 10:42:00;;;;
20/06/2024 10:42:10;;;;
20/06/2024 10:42:20;;;;
20/06/2024 10:42:30;;;;
20/06/2024 10:42:40;;;;
20/06/2024 10:42:50;;;;
20/06/2024 10:43:00;;;;
20/06/2024 10:43:10;;;;
20/06/2024 10:43:20;;;;
20/06/2024 10:43:30;;;;
20/06/2024 10:43:40;;;;
20/06/2024 10:43:50;;;;
20/06/2024 10:44:00;;;;
20/06/2024 10:44:10;;;;
20/06/2024 10:44:20;;;;
20/06/2024 10:44:30;;;;
20/06/2024 10:44:40;;;;
20/06/2024 10:44:50;;;;
20/06/2024 10:45:00;;;;
20/06/2024 10:45:10;;;;
20/06/2024 10:45:20;;;;
20/06/2024 10:45:30;;;;
20/06/2024 10:45:40;;;;
20/06/2024 10:45:50;;;;
20/06/2024 10:46:00;;;;
20/06/2024 10:46:10;;;;
20/06/2024 10:46:20;;;;
20/06/2024 10:46:30;;;;
20/06/2024 10:46:40;;;;
20/06/2024 10:46:50;;;;
20/06/2024 10:47:00;;;;
20/06/2024 10:47:10;;;;
20/06/2024 10:47:20;;;;
20/06/2024 10:47:30;;;;
20/06/2024 10:47:40;;;;
20/06/2024 10:47:50;;;;
20/06/2024 10:48:00;;;;
20/06/2024 10:48:10;;;;
20/06/2024 10:48:20;;;;
20/06/2024 10:48:30;;;;
20/06/2024 10:48:40;;;;
20/06/2024 10:48:50;;;;
20/06/2024 10:49:00;;;;
20/06/2024 10:49:10;;;;
20/06/2024 10:49:20;;;;
20/06/2024 10:49:30;;;;
20/06/2024 10:49:40;;;;
20/06/2024 10:49:50;;;;
20/06/2024 10:50:00;;;;
20/06/2024 10:50:10;;;;
20/06/2024 10:50:20;;;;
20/06/2024 10:50:30;;;;
20/06/2024 10:50:40;;;;
20/06/2024 10:50:50;;;;
20/06/2024 10:51:00;;;;
20/06/2024 10:51:10;;;;
20/06/2024 10:51:20;;;;
20/06/2024 10:51:30;;;;
20/06/2024 10:51:40;;;;
20/06/2024 10:51:50;;;;
20/06/2024 10:52:00;;;;
20/06/2024 10:52:10;;;;
20/06/2024 10:52:20;;;;
20/06/2024 10:52:30;;;;
20/06/2024 10:52:40;;;;
20/06/2024 10:52:50;;;;
20/06/2024 10:53:00;;;;
20/06/2024 10:53:10;;;;
20/06/2024 10:53:20;;;;
20/06/2024 10:53:30;;;;
20/06/2024 10:53:40;;;;
20/06/2024 10:53:50;;;;
20/06/2024 10:54:00;;;;
20/06/2024 10:54:10;;;;
20/06/2024 10:54:20;;;;
20/06/2024 10:54:30;;;;
20/06/2024 10:54:40;;;;
20/06/2024 10:54:50;;;;
20/06/2024 10:55:00;;;;
20/06/2024 10:55:10;;;;
20/06/2024 10:55:20;;;;
20/06/2024 10:55:30;;;;
20/06/2024 10:55:40;;;;
20/06/2024 10:55:50;;;;
20/06/2024 10:56:00;;;;
20/06/2024 10:56:10;;;;
20/06/2024 10:56:20;;;;
20/06/2024 10:56:30;;;;
20/06/2024 10:56:40;;;;
20/06/2024 10:56:50;;;;
20/06/2024 10:57:00;;;;
20/06/2024 10:57:10;;;;
20/06/2024 10:57:20;;;;
20/06/2024 10:57:30;;;;
20/06/2024 10:57:40;;;;
20/06/2024 10:57:50;;;;
20/06/2024 10:58:00;;;;
20/06/2024 10:58:10;;;;
20/06/2024 10:58:20;;;;
20/06/2024 10:58:30;;;;
20/06/2024 10:58:40;;;;
20/06/2024 10:58:50;;;;
20/06/2024 10:59:00;;;;
20/06/2024 10:59:10;;;;
20/06/2024 10:59:20;;;;
20/06/2024 10:59:30;;;;
20/06/2024 10:59:40;;;;
20/06/2024 10:59:50;;;;
20/06/2024 11:00:00;;;;
20/06/2024 11:00:10;;;;
20/06/2024 11:00:20;;;;
20/06/2024 11:00:30;;;;
20/06/2024 11:00:40;;;;
20/06/2024 11:00:50;;;;
20/06/2024 11:01:00;;;;
20/06/2024 11:01:10;;;;
20/06/2024 11:01:20;;;;
20/06/2024 11:01:30;;;;
20/06/2024 11:01:40;;;;
20/06/2024 11:01:50;;;;
20/06/2024 11:02:00;;;;
20/06/2024 11:02:10;;;;
20/06/2024 11:02:20;;;;
20/06/2024 11:02:30;;;;
20/06/2024 11:02:40;;;;
20/06/2024 11:02:50;;;;
20/06/2024 11:03:00;;;;
20/06/2024 11:03:10;;;;
20/06/2024 11:03:20;;;;
20/06/2024 11:03:30;;;;
20/06/2024 11:03:40;;;;
20/06/2024 11:03:50;;;;
20/06/2024 11:04:00;;;;
20/06/2024 11:04:10;;;;
20/06/2024 11:04:20;;;;
20/06/2024 11:04:30;;;;
20/06/2024 11:04:40;;;;
20/06/2024 11:04:50;;;;
20/06/2024 11:05:00;;;;
20/06/2024 11:05:10;;;;
20/06/2024 11:05:20;;;;
20/06/2024 11:05:30;;;;
20/06/2024 11:05:40;;;;
20/06/2024 11:05:50;;;;
20/06/2024 11:06:00;;;;
20/06/2024 11:06:10;;;;
20/06/2024 11:06:20;;;;
20/06/2024 11:06:30;;;;
20/06/2024 11:06:40;;;;
20/06/2024 11:06:50;;;;
20/06/2024 11:07:00;;;;
20/06/2024 11:07:10;;;;
20/06/2024 11:07:20;;;;
20/06/2024 11:07:30;;;;
20/06/2024 11:07:40;;;;
20/06/2024 11:07:50;;;;
20/06/2024 11:08:00;;;;
20/06/2024 11:08:10;;;;
20/06/2024 11:08:20;;;;
20/06/2024 11:08:30;;;;
20/06/2024 11:08:40;;;;
20/06/2024 11:08:50;;;;
20/06/2024 11:09:00;;;;
20/06/2024 11:09:10;;;;
20/06/2024 11:09:20;;;;
20/06/2024 11:09:30;;;;
20/06/2024 11:09:40;;;;
20/06/2024 11:09:50;;;;
20/06/2024 11:10:00;;;;
20/06/2024 11:10:10;;;;
20/06/2024 11:10:20;;;;
20/06/2024 11:10:30;;;;
20/06/2024 11:10:40;;;;
20/06/2024 11:10:50;;;;
20/06/2024 11:11:00;;;;
20/06/2024 11:11:10;;;;
20/06/2024 11:11:20;;;;
20/06/2024 11:11:30;;;;
20/06/2024 11:11:40;;;;
20/06/2024 11:11:50;;;;
20/06/2024 11:12:00;;;;
20/06/2024 11:12:10;;;;
20/06/2024 11:12:20;;;;
20/06/2024 11:12:30;;;;
20/06/2024 11:12:40;;;;
20/06/2024 11:12:50;;;;
20/06/2024 11:13:00;;;;
20/06/2024 11:13:10;;;;
20/06/2024 11:13:20;;;;
20/06/2024 11:13:30;;;;
20/06/2024 11:13:40;;;;
20/06/2024 11:13:50;;;;
20/06/2024 11:14:00;;;;
20/06/2024 11:14:10;;;;
20/06/2024 11:14:20;;;;
20/06/2024 11:14:30;;;;
20/06/2024 11:14:40;;;;
20/06/2024 11:14:50;;;;
20/06/2024 11:15:00;;;;
20/06/2024 11:15:10;;;;
20/06/2024 11:15:20;;;;
20/06/2024 11:15:30;;;;
20/06/2024 11:15:40;;;;
20/06/2024 11:15:50;;;;
20/06/2024 11:16:00;;;;
20/06/2024 11:16:10;;;;
20/06/2024 11:16:20;;;;
20/06/2024 11:16:30;;;;
20/06/2024 11:16:40;;;;
20/06/2024 11:16:50;;;;
20/06/2024 11:17:00;;;;
20/06/2024 11:17:10;;;;
20/06/2024 11:17:20;;;;
20/06/2024 11:17:30;;;;
20/06/2024 11:17:40;;;;
20/06/2024 11:17:50;;;;
20/06/2024 11:18:00;;;;
20/06/2024 11:18:10;;;;
20/06/2024 11:18:20;;;;
20/06/2024 11:18:30;;;;
20/06/2024 11:18:40;;;;
20/06/2024 11:18:50;;;;
20/06/2024 11:19:00;;;;
20/06/2024 11:19:10;;;;
20/06/2024 11:19:20;;;;
20/06/2024 11:19:30;;;;
20/06/2024 11:19:40;;;;
20/06/2024 11:19:50;;;;
20/06/2024 11:20:00;;;;
20/06/2024 11:20:10;;;;
20/06/2024 11:20:20;;;;
20/06/2024 11:20:30;;;;
20/06/2024 11:20:40;;;;
20/06/2024 11:20:50;;;;
20/06/2024 11:21:00;;;;
20/06/2024 11:21:10;;;;
20/06/2024 11:21:20;;;;
20/06/2024 11:21:30;;;;
20/06/2024 11:21:40;;;;
20/06/2024 11:21:50;;;;
20/06/2024 11:22:00;;;;
20/06/2024 11:22:10;;;;
20/06/2024 11:22:20;;;;
20/06/2024 11:22:30;;;;
20/06/2024 11:22:40;;;;
20/06/2024 11:22:50;;;;
20/06/2024 11:23:00;;;;
20/06/2024 11:23:10;;;;
20/06/2024 11:23:20;;;;
20/06/2024 11:23:30;;;;
20/06/2024 11:23:40;;;;
20/06/2024 11:23:50;;;;
20/06/2024 11:24:00;;;;
20/06/2024 11:24:10;;;;
20/06/2024 11:24:20;;;;
20/06/2024 11:24:30;;;;
20/06/2024 11:24:40;;;;
20/06/2024 11:24:50;;;;
20/06/2024 11:25:00;;;;
20/06/2024 11:25:10;;;;
20/06/2024 11:25:20;;;;
20/06/2024 11:25:30;;;;
20/06/2024 11:25:40;;;;
20/06/2024 11:25:50;;;;
20/06/2024 11:26:00;;;;
20/06/2024 11:26:10;;;;
20/06/2024 11:26:20;;;;
20/06/2024 11:26:30;;;;
20/06/2024 11:26:40;;;;
20/06/2024 11:26:50;;;;
20/06/2024 11:27:00;;;;
20/06/2024 11:27:10;;;;
20/06/2024 11:27:20;;;;
20/06/2024 11:27:30;;;;
20/06/2024 11:27:40;;;;
20/06/2024 11:27:50;;;;
20/06/2024 11:28:00;;;;
20/06/2024 11:28:10;;;;
20/06/2024 11:28:20;;;;
20/06/2024 11:28:30;;;;
20/06/2024 11:28:40;;;;
20/06/2024 11:28:50;;;;
20/06/2024 11:29:00;;;;
20/06/2024 11:29:10;;;;
20/06/2024 11:29:20;;;;
20/06/2024 11:29:30;;;;
20/06/2024 11:29:40;;;;
20/06/2024 11:29:50;;;;
20/06/2024 11:30:00;;;;
20/06/2024 11:30:10;;;;
20/06/2024 11:30:20;;;;
20/06/2024 11:30:30;;;;
20/06/2024 11:30:40;;;;
20/06/2024 11:30:50;;;;
20/06/2024 11:31:00;;;;
20/06/2024 11:31:10;;;;
20/06/2024 11:31:20;;;;
20/06/2024 11:31:30;;;;
20/06/2024 11:31:40;;;;
20/06/2024 11:31:50;;;;
20/06/2024 11:32:00;;;;
20/06/2024 11:32:10;;;;
20/06/2024 11:32:20;;;;
20/06/2024 11:32:30;;;;
20/06/2024 11:32:40;;;;
20/06/2024 11:32:50;;;;
20/06/2024 11:33:00;;;;
20/06/2024 11:33:10;;;;
20/06/2024 11:33:20;;;;
20/06/2024 11:33:30;;;;
20/06/2024 11:33:40;;;;
20/06/2024 11:33:50;;;;
20/06/2024 11:34:00;;;;
20/06/2024 11:34:10;;;;
20/06/2024 11:34:20;;;;
20/06/2024 11:34:30;;;;
20/06/2024 11:34:40;;;;
20/06/2024 11:34:50;;;;
20/06/2024 11:35:00;;;;
20/06/2024 11:35:10;;;;
20/06/2024 11:35:20;;;;
20/06/2024 11:35:30;;;;
20/06/2024 11:35:40;;;;
20/06/2024 11:35:50;;;;
20/06/2024 11:36:00;;;;
20/06/2024 11:36:10;;;;
20/06/2024 11:36:20;;;;
20/06/2024 11:36:30;;;;
20/06/2024 11:36:40;;;;
20/06/2024 11:36:50;;;;
20/06/2024 11:37:00;;;;
20/06/2024 11:37:10;;;;
20/06/2024 11:37:20;;;;
20/06/2024 11:37:30;;;;
20/06/2024 11:37:40;;;;
20/06/2024 11:37:50;;;;
20/06/2024 11:38:00;;;;
20/06/2024 11:38:10;;;;
20/06/2024 11:38:20;;;;
20/06/2024 11:38:30;;;;
20/06/2024 11:38:40;;;;
20/06/2024 11:38:50;;;;
20/06/2024 11:39:00;;;;
20/06/2024 11:39:10;;;;
20/06/2024 11:39:20;;;;
20/06/2024 11:39:30;;;;
20/06/2024 11:39:40;;;;
20/06/2024 11:39:50;;;;
20/06/2024 11:40:00;;;;
20/06/2024 11:40:10;;;;
20/06/2024 11:40:20;;;;
20/06/2024 11:40:30;;;;
20/06/2024 11:40:40;;;;
20/06/2024 11:40:50;;;;
20/06/2024 11:41:00;;;;
20/06/2024 11:41:10;;;;
20/06/2024 11:41:20;;;;
20/06/2024 11:41:30;;;;
20/06/2024 11:41:40;;;;
20/06/2024 11:41:50;;;;
20/06/2024 11:42:00;;;;
20/06/2024 11:42:10;;;;
20/06/2024 11:42:20;;;;
20/06/2024 11:42:30;;;;
20/06/2024 11:42:40;;;;
20/06/2024 11:42:50;;;;
20/06/2024 11:43:00;;;;
20/06/2024 11:43:10;;;;
20/06/2024 11:43:20;;;;
20/06/2024 11:43:30;;;;
20/06/2024 11:43:40;;;;
20/06/2024 11:43:50;;;;
20/06/2024 11:44:00;;;;
20/06/2024 11:44:10;;;;
20/06/2024 11:44:20;;;;
20/06/2024 11:44:30;;;;
20/06/2024 11:44:40;;;;
20/06/2024 11:44:50;;;;
20/06/2024 11:45:00;;;;
20/06/2024 11:45:10;;;;
20/06/2024 11:45:20;;;;
20/06/2024 11:45:30;;;;
20/06/2024 11:45:40;;;;
20/06/2024 11:45:50;;;;
20/06/2024 11:46:00;;;;
20/06/2024 11:46:10;;;;
20/06/2024 11:46:20;;;;
20/06/2024 11:46:30;;;;
20/06/2024 11:46:40;;;;
20/06/2024 11:46:50;;;;
20/06/2024 11:47:00;;;;
20/06/2024 11:47:10;;;;
20/06/2024 11:47:20;;;;
20/06/2024 11:47:30;;;;
20/06/2024 11:47:40;;;;
20/06/2024 11:47:50;;;;
20/06/2024 11:48:00;;;;
20/06/2024 11:48:10;;;;
20/06/2024 11:48:20;;;;
20/06/2024 11:48:30;;;;
20/06/2024 11:48:40;;;;
20/06/2024 11:48:50;;;;
20/06/2024 11:49:00;;;;
20/06/2024 11:49:10;;;;
20/06/2024 11:49:20;;;;
20/06/2024 11:49:30;;;;
20/06/2024 11:49:40;;;;
20/06/2024 11:49:50;;;;
20/06/2024 11:50:00;;;;
20/06/2024 11:50:10;;;;
20/06/2024 11:50:20;;;;
20/06/2024 11:50:30;;;;
20/06/2024 11:50:40;;;;
20/06/2024 11:50:50;;;;
20/06/2024 11:51:00;;;;
20/06/2024 11:51:10;;;;
20/06/2024 11:51:20;;;;
20/06/2024 11:51:30;;;;
20/06/2024 11:51:40;;;;
20/06/2024 11:51:50;;;;
20/06/2024 11:52:00;;;;
20/06/2024 11:52:10;;;;
20/06/2024 11:52:20;;;;
20/06/2024 11:52:30;;;;
20/06/2024 11:52:40;;;;
20/06/2024 11:52:50;;;;
20/06/2024 11:53:00;;;;
20/06/2024 11:53:10;;;;
20/06/2024 11:53:20;;;;
20/06/2024 11:53:30;;;;
20/06/2024 11:53:40;;;;
20/06/2024 11:53:50;;;;
20/06/2024 11:54:00;;;;
20/06/2024 11:54:10;;;;
20/06/2024 11:54:20;;;;
20/06/2024 11:54:30;;;;
20/06/2024 11:54:40;;;;
20/06/2024 11:54:50;;;;
20/06/2024 11:55:00;;;;
20/06/2024 11:55:10;;;;
20/06/2024 11:55:20;;;;
20/06/2024 11:55:30;;;;
20/06/2024 11:55:40;;;;
20/06/2024 11:55:50;;;;
20/06/2024 11:56:00;;;;
20/06/2024 11:56:10;;;;
20/06/2024 11:56:20;;;;
20/06/2024 11:56:30;;;;
20/06/2024 11:56:40;;;;
20/06/2024 11:56:50;;;;
20/06/2024 11:57:00;;;;
20/06/2024 11:57:10;;;;
20/06/2024 11:57:20;;;;
20/06/2024 11:57:30;;;;
20/06/2024 11:57:40;;;;
20/06/2024 11:57:50;;;;
20/06/2024 11:58:00;;;;
20/06/2024 11:58:10;;;;
20/06/2024 11:58:20;;;;
20/06/2024 11:58:30;;;;
20/06/2024 11:58:40;;;;
20/06/2024 11:58:50;;;;
20/06/2024 11:59:00;;;;
20/06/2024 11:59:10;;;;
20/06/2024 11:59:20;;;;
20/06/2024 11:59:30;;;;
20/06/2024 11:59:40;;;;
20/06/2024 11:59:50;;;;
20/06/2024 12:00:00;;;;
20/06/2024 12:00:10;;;;
20/06/2024 12:00:20;;;;
20/06/2024 12:00:30;;;;
20/06/2024 12:00:40;;;;
20/06/2024 12:00:50;;;;
20/06/2024 12:01:00;;;;
20/06/2024 12:01:10;;;;
20/06/2024 12:01:20;;;;
20/06/2024 12:01:30;;;;
20/06/2024 12:01:40;;;;
20/06/2024 12:01:50;;;;
20/06/2024 12:02:00;;;;
20/06/2024 12:02:10;;;;
20/06/2024 12:02:20;;;;
20/06/2024 12:02:30;;;;
20/06/2024 12:02:40;;;;
20/06/2024 12:02:50;;;;
20/06/2024 12:03:00;;;;
20/06/2024 12:03:10;;;;
20/06/2024 12:03:20;;;;
20/06/2024 12:03:30;;;;
20/06/2024 12:03:40;;;;
20/06/2024 12:03:50;;;;
20/06/2024 12:04:00;;;;
20/06/2024 12:04:10;;;;
20/06/2024 12:04:20;;;;
20/06/2024 12:04:30;;;;
20/06/2024 12:04:40;;;;
20/06/2024 12:04:50;;;;
20/06/2024 12:05:00;;;;
20/06/2024 12:05:10;;;;
20/06/2024 12:05:20;;;;
20/06/2024 12:05:30;;;;
20/06/2024 12:05:40;;;;
20/06/2024 12:05:50;;;;
20/06/2024 12:06:00;;;;
20/06/2024 12:06:10;;;;
20/06/2024 12:06:20;;;;
20/06/2024 12:06:30;;;;
20/06/2024 12:06:40;;;;
20/06/2024 12:06:50;;;;
20/06/2024 12:07:00;;;;
20/06/2024 12:07:10;;;;
20/06/2024 12:07:20;;;;
20/06/2024 12:07:30;;;;
20/06/2024 12:07:40;;;;
20/06/2024 12:07:50;;;;
20/06/2024 12:08:00;;;;
20/06/2024 12:08:10;;;;
20/06/2024 12:08:20;;;;
20/06/2024 12:08:30;;;;
20/06/2024 12:08:40;;;;
20/06/2024 12:08:50;;;;
20/06/2024 12:09:00;;;;
20/06/2024 12:09:10;;;;
20/06/2024 12:09:20;;;;
20/06/2024 12:09:30;;;;
20/06/2024 12:09:40;;;;
20/06/2024 12:09:50;;;;
20/06/2024 12:10:00;;;;
20/06/2024 12:10:10;;;;
20/06/2024 12:10:20;;;;
20/06/2024 12:10:30;;;;
20/06/2024 12:10:40;;;;
20/06/2024 12:10:50;;;;
20/06/2024 12:11:00;;;;
20/06/2024 12:11:10;;;;
20/06/2024 12:11:20;;;;
20/06/2024 12:11:30;;;;
20/06/2024 12:11:40;;;;
20/06/2024 12:11:50;;;;
20/06/2024 12:12:00;;;;
20/06/2024 12:12:10;;;;
20/06/2024 12:12:20;;;;
20/06/2024 12:12:30;;;;
20/06/2024 12:12:40;;;;
20/06/2024 12:12:50;;;;
20/06/2024 12:13:00;;;;
20/06/2024 12:13:10;;;;
20/06/2024 12:13:20;;;;
20/06/2024 12:13:30;;;;
20/06/2024 12:13:40;;;;
20/06/2024 12:13:50;;;;
20/06/2024 12:14:00;;;;
20/06/2024 12:14:10;;;;
20/06/2024 12:14:20;;;;
20/06/2024 12:14:30;;;;
20/06/2024 12:14:40;;;;
20/06/2024 12:14:50;;;;
20/06/2024 12:15:00;;;;
20/06/2024 12:15:10;;;;
20/06/2024 12:15:20;;;;
20/06/2024 12:15:30;;;;
20/06/2024 12:15:40;;;;
20/06/2024 12:15:50;;;;
20/06/2024 12:16:00;;;;
20/06/2024 12:16:10;;;;
20/06/2024 12:16:20;;;;
20/06/2024 12:16:30;;;;
20/06/2024 12:16:40;;;;
20/06/2024 12:16:50;;;;
20/06/2024 12:17:00;;;;
20/06/2024 12:17:10;;;;
20/06/2024 12:17:20;;;;
20/06/2024 12:17:30;;;;
20/06/2024 12:17:40;;;;
20/06/2024 12:17:50;;;;
20/06/2024 12:18:00;;;;
20/06/2024 12:18:10;;;;
20/06/2024 12:18:20;;;;
20/06/2024 12:18:30;;;;
20/06/2024 12:18:40;;;;
20/06/2024 12:18:50;;;;
20/06/2024 12:19:00;;;;
20/06/2024 12:19:10;;;;
20/06/2024 12:19:20;;;;
20/06/2024 12:19:30;;;;
20/06/2024 12:19:40;;;;
20/06/2024 12:19:50;;;;
20/06/2024 12:20:00;;;;
20/06/2024 12:20:10;;;;
20/06/2024 12:20:20;;;;
20/06/2024 12:20:30;;;;
20/06/2024 12:20:40;;;;
20/06/2024 12:20:50;;;;
20/06/2024 12:21:00;;;;
20/06/2024 12:21:10;;;;
20/06/2024 12:21:20;;;;
20/06/2024 12:21:30;;;;
20/06/2024 12:21:40;;;;
20/06/2024 12:21:50;;;;
20/06/2024 12:22:00;;;;
20/06/2024 12:22:10;;;;
20/06/2024 12:22:20;;;;
20/06/2024 12:22:30;;;;
20/06/2024 12:22:40;;;;
20/06/2024 12:22:50;;;;
20/06/2024 12:23:00;;;;
20/06/2024 12:23:10;;;;
20/06/2024 12:23:20;;;;
20/06/2024 12:23:30;;;;
20/06/2024 12:23:40;;;;
20/06/2024 12:23:50;;;;
20/06/2024 12:24:00;;;;
20/06/2024 12:24:10;;;;
20/06/2024 12:24:20;;;;
20/06/2024 12:24:30;;;;
20/06/2024 12:24:40;;;;
20/06/2024 12:24:50;;;;
20/06/2024 12:25:00;;;;
20/06/2024 12:25:10;;;;
20/06/2024 12:25:20;;;;
20/06/2024 12:25:30;;;;
20/06/2024 12:25:40;;;;
20/06/2024 12:25:50;;;;
20/06/2024 12:26:00;;;;
20/06/2024 12:26:10;;;;
20/06/2024 12:26:20;;;;
20/06/2024 12:26:30;;;;
20/06/2024 12:26:40;;;;
20/06/2024 12:26:50;;;;
20/06/2024 12:27:00;;;;
20/06/2024 12:27:10;;;;
20/06/2024 12:27:20;;;;
20/06/2024 12:27:30;;;;
20/06/2024 12:27:40;;;;
20/06/2024 12:27:50;;;;
20/06/2024 12:28:00;;;;
20/06/2024 12:28:10;;;;
20/06/2024 12:28:20;;;;
20/06/2024 12:28:30;;;;
20/06/2024 12:28:40;;;;
20/06/2024 12:28:50;;;;
20/06/2024 12:29:00;;;;
20/06/2024 12:29:10;;;;
20/06/2024 12:29:20;;;;
20/06/2024 12:29:30;;;;
20/06/2024 12:29:40;;;;
20/06/2024 12:29:50;;;;
20/06/2024 12:30:00;;;;
20/06/2024 12:30:10;;;;
20/06/2024 12:30:20;;;;
20/06/2024 12:30:30;;;;
20/06/2024 12:30:40;;;;
20/06/2024 12:30:50;;;;
20/06/2024 12:31:00;;;;
20/06/2024 12:31:10;;;;
20/06/2024 12:31:20;;;;
20/06/2024 12:31:30;;;;
20/06/2024 12:31:40;;;;
20/06/2024 12:31:50;;;;
20/06/2024 12:32:00;;;;
20/06/2024 12:32:10;;;;
20/06/2024 12:32:20;;;;
20/06/2024 12:32:30;;;;
20/06/2024 12:32:40;;;;
20/06/2024 12:32:50;;;;
20/06/2024 12:33:00;;;;
20/06/2024 12:33:10;;;;
20/06/2024 12:33:20;;;;
20/06/2024 12:33:30;;;;
20/06/2024 12:33:40;;;;
20/06/2024 12:33:50;;;;
20/06/2024 12:34:00;;;;
20/06/2024 12:34:10;;;;
20/06/2024 12:34:20;;;;
20/06/2024 12:34:30;;;;
20/06/2024 12:34:40;;;;
20/06/2024 12:34:50;;;;
20/06/2024 12:35:00;;;;
20/06/2024 12:35:10;;;;
20/06/2024 12:35:20;;;;
20/06/2024 12:35:30;;;;
20/06/2024 12:35:40;;;;
20/06/2024 12:35:50;;;;
20/06/2024 12:36:00;;;;
20/06/2024 12:36:10;;;;
20/06/2024 12:36:20;;;;
20/06/2024 12:36:30;;;;
20/06/2024 12:36:40;;;;
20/06/2024 12:36:50;;;;
20/06/2024 12:37:00;;;;
20/06/2024 12:37:10;;;;
20/06/2024 12:37:20;;;;
20/06/2024 12:37:30;;;;
20/06/2024 12:37:40;;;;
20/06/2024 12:37:50;;;;
20/06/2024 12:38:00;;;;
20/06/2024 12:38:10;;;;
20/06/2024 12:38:20;;;;
20/06/2024 12:38:30;;;;
20/06/2024 12:38:40;;;;
20/06/2024 12:38:50;;;;
20/06/2024 12:39:00;;;;
20/06/2024 12:39:10;;;;
20/06/2024 12:39:20;;;;
20/06/2024 12:39:30;;;;
20/06/2024 12:39:40;;;;
20/06/2024 12:39:50;;;;
20/06/2024 12:40:00;;;;
20/06/2024 12:40:10;;;;
20/06/2024 12:40:20;;;;
20/06/2024 12:40:30;;;;
20/06/2024 12:40:40;;;;
20/06/2024 12:40:50;;;;
20/06/2024 12:41:00;;;;
20/06/2024 12:41:10;;;;
20/06/2024 12:41:20;;;;
20/06/2024 12:41:30;;;;
20/06/2024 12:41:40;;;;
20/06/2024 12:41:50;;;;
20/06/2024 12:42:00;;;;
20/06/2024 12:42:10;;;;
20/06/2024 12:42:20;;;;
20/06/2024 12:42:30;;;;
20/06/2024 12:42:40;;;;
20/06/2024 12:42:50;;;;
20/06/2024 12:43:00;;;;
20/06/2024 12:43:10;;;;
20/06/2024 12:43:20;;;;
20/06/2024 12:43:30;;;;
20/06/2024 12:43:40;;;;
20/06/2024 12:43:50;;;;
20/06/2024 12:44:00;;;;
20/06/2024 12:44:10;;;;
20/06/2024 12:44:20;;;;
20/06/2024 12:44:30;;;;
20/06/2024 12:44:40;;;;
20/06/2024 12:44:50;;;;
20/06/2024 12:45:00;;;;
20/06/2024 12:45:10;;;;
20/06/2024 12:45:20;;;;
20/06/2024 12:45:30;;;;
20/06/2024 12:45:40;;;;
20/06/2024 12:45:50;;;;
20/06/2024 12:46:00;;;;
20/06/2024 12:46:10;;;;
20/06/2024 12:46:20;;;;
20/06/2024 12:46:30;;;;
20/06/2024 12:46:40;;;;
20/06/2024 12:46:50;;;;
20/06/2024 12:47:00;;;;
20/06/2024 12:47:10;;;;
20/06/2024 12:47:20;;;;
20/06/2024 12:47:30;;;;
20/06/2024 12:47:40;;;;
20/06/2024 12:47:50;;;;
20/06/2024 12:48:00;;;;
20/06/2024 12:48:10;;;;
20/06/2024 12:48:20;;;;
20/06/2024 12:48:30;;;;
20/06/2024 12:48:40;;;;
20/06/2024 12:48:50;;;;
20/06/2024 12:49:00;;;;
20/06/2024 12:49:10;;;;
20/06/2024 12:49:20;;;;
20/06/2024 12:49:30;;;;
20/06/2024 12:49:40;;;;
20/06/2024 12:49:50;;;;
20/06/2024 12:50:00;;;;
20/06/2024 12:50:10;;;;
20/06/2024 12:50:20;;;;
20/06/2024 12:50:30;;;;
20/06/2024 12:50:40;;;;
20/06/2024 12:50:50;;;;
20/06/2024 12:51:00;;;;
20/06/2024 12:51:10;;;;
20/06/2024 12:51:20;;;;
20/06/2024 12:51:30;;;;
20/06/2024 12:51:40;;;;
20/06/2024 12:51:50;;;;
20/06/2024 12:52:00;;;;
20/06/2024 12:52:10;;;;
20/06/2024 12:52:20;;;;
20/06/2024 12:52:30;;;;
20/06/2024 12:52:40;;;;
20/06/2024 12:52:50;;;;
20/06/2024 12:53:00;;;;
20/06/2024 12:53:10;;;;
20/06/2024 12:53:20;;;;
20/06/2024 12:53:30;;;;
20/06/2024 12:53:40;;;;
20/06/2024 12:53:50;;;;
20/06/2024 12:54:00;;;;
20/06/2024 12:54:10;;;;
20/06/2024 12:54:20;;;;
20/06/2024 12:54:30;;;;
20/06/2024 12:54:40;;;;
20/06/2024 12:54:50;;;;
20/06/2024 12:55:00;;;;
20/06/2024 12:55:10;;;;
20/06/2024 12:55:20;;;;
20/06/2024 12:55:30;;;;
20/06/2024 12:55:40;;;;
20/06/2024 12:55:50;;;;
20/06/2024 12:56:00;;;;
20/06/2024 12:56:10;;;;
20/06/2024 12:56:20;;;;
20/06/2024 12:56:30;;;;
20/06/2024 12:56:40;;;;
20/06/2024 12:56:50;;;;
20/06/2024 12:57:00;;;;
20/06/2024 12:57:10;;;;
20/06/2024 12:57:20;;;;
20/06/2024 12:57:30;;;;
20/06/2024 12:57:40;;;;
20/06/2024 12:57:50;;;;
20/06/2024 12:58:00;;;;
20/06/2024 12:58:10;;;;
20/06/2024 12:58:20;;;;
20/06/2024 12:58:30;;;;
20/06/2024 12:58:40;;;;
20/06/2024 12:58:50;;;;
20/06/2024 12:59:00;;;;
20/06/2024 12:59:10;;;;
20/06/2024 12:59:20;;;;
20/06/2024 12:59:30;;;;
20/06/2024 12:59:40;;;;
20/06/2024 12:59:50;;;;
20/06/2024 13:00:00;;;;
20/06/2024 13:00:10;;;;
20/06/2024 13:00:20;;;;
20/06/2024 13:00:30;;;;
20/06/2024 13:00:40;;;;
20/06/2024 13:00:50;;;;
20/06/2024 13:01:00;;;;
20/06/2024 13:01:10;;;;
20/06/2024 13:01:20;;;;
20/06/2024 13:01:30;;;;
20/06/2024 13:01:40;;;;
20/06/2024 13:01:50;;;;
20/06/2024 13:02:00;;;;
20/06/2024 13:02:10;;;;
20/06/2024 13:02:20;;;;
20/06/2024 13:02:30;;;;
20/06/2024 13:02:40;;;;
20/06/2024 13:02:50;;;;
20/06/2024 13:03:00;;;;
20/06/2024 13:03:10;;;;
20/06/2024 13:03:20;;;;
20/06/2024 13:03:30;;;;
20/06/2024 13:03:40;;;;
20/06/2024 13:03:50;;;;
20/06/2024 13:04:00;;;;
20/06/2024 13:04:10;;;;
20/06/2024 13:04:20;;;;
20/06/2024 13:04:30;;;;
20/06/2024 13:04:40;;;;
20/06/2024 13:04:50;;;;
20/06/2024 13:05:00;;;;
20/06/2024 13:05:10;;;;
20/06/2024 13:05:20;;;;
20/06/2024 13:05:30;;;;
20/06/2024 13:05:40;;;;
20/06/2024 13:05:50;;;;
20/06/2024 13:06:00;;;;
20/06/2024 13:06:10;;;;
20/06/2024 13:06:20;;;;
20/06/2024 13:06:30;;;;
20/06/2024 13:06:40;;;;
20/06/2024 13:06:50;;;;
20/06/2024 13:07:00;;;;
20/06/2024 13:07:10;;;;
20/06/2024 13:07:20;;;;
20/06/2024 13:07:30;;;;
20/06/2024 13:07:40;;;;
20/06/2024 13:07:50;;;;
20/06/2024 13:08:00;;;;
20/06/2024 13:08:10;;;;
20/06/2024 13:08:20;;;;
20/06/2024 13:08:30;;;;
20/06/2024 13:08:40;;;;
20/06/2024 13:08:50;;;;
20/06/2024 13:09:00;;;;
20/06/2024 13:09:10;;;;
20/06/2024 13:09:20;;;;
20/06/2024 13:09:30;;;;
20/06/2024 13:09:40;;;;
20/06/2024 13:09:50;;;;
20/06/2024 13:10:00;;;;
20/06/2024 13:10:10;;;;
20/06/2024 13:10:20;;;;
20/06/2024 13:10:30;;;;
20/06/2024 13:10:40;;;;
20/06/2024 13:10:50;;;;
20/06/2024 13:11:00;;;;
20/06/2024 13:11:10;;;;
20/06/2024 13:11:20;;;;
20/06/2024 13:11:30;;;;
20/06/2024 13:11:40;;;;
20/06/2024 13:11:50;;;;
20/06/2024 13:12:00;;;;
20/06/2024 13:12:10;;;;
20/06/2024 13:12:20;;;;
20/06/2024 13:12:30;;;;
20/06/2024 13:12:40;;;;
20/06/2024 13:12:50;;;;
20/06/2024 13:13:00;;;;
20/06/2024 13:13:10;;;;
20/06/2024 13:13:20;;;;
20/06/2024 13:13:30;;;;
20/06/2024 13:13:40;;;;
20/06/2024 13:13:50;;;;
20/06/2024 13:14:00;;;;
20/06/2024 13:14:10;;;;
20/06/2024 13:14:20;;;;
20/06/2024 13:14:30;;;;
20/06/2024 13:14:40;;;;
20/06/2024 13:14:50;;;;
20/06/2024 13:15:00;;;;
20/06/2024 13:15:10;;;;
20/06/2024 13:15:20;;;;
20/06/2024 13:15:30;;;;
20/06/2024 13:15:40;;;;
20/06/2024 13:15:50;;;;
20/06/2024 13:16:00;;;;
20/06/2024 13:16:10;;;;
20/06/2024 13:16:20;;;;
20/06/2024 13:16:30;;;;
20/06/2024 13:16:40;;;;
20/06/2024 13:16:50;;;;
20/06/2024 13:17:00;;;;
20/06/2024 13:17:10;;;;
20/06/2024 13:17:20;;;;
20/06/2024 13:17:30;;;;
20/06/2024 13:17:40;;;;
20/06/2024 13:17:50;;;;
20/06/2024 13:18:00;;;;
20/06/2024 13:18:10;;;;
20/06/2024 13:18:20;;;;
20/06/2024 13:18:30;;;;
20/06/2024 13:18:40;;;;
20/06/2024 13:18:50;;;;
20/06/2024 13:19:00;;;;
20/06/2024 13:19:10;;;;
20/06/2024 13:19:20;;;;
20/06/2024 13:19:30;;;;
20/06/2024 13:19:40;;;;
20/06/2024 13:19:50;;;;
20/06/2024 13:20:00;;;;
20/06/2024 13:20:10;;;;
20/06/2024 13:20:20;;;;
20/06/2024 13:20:30;;;;
20/06/2024 13:20:40;;;;
20/06/2024 13:20:50;;;;
20/06/2024 13:21:00;;;;
20/06/2024 13:21:10;;;;
20/06/2024 13:21:20;;;;
20/06/2024 13:21:30;;;;
20/06/2024 13:21:40;;;;
20/06/2024 13:21:50;;;;
20/06/2024 13:22:00;;;;
20/06/2024 13:22:10;;;;
20/06/2024 13:22:20;;;;
20/06/2024 13:22:30;;;;
20/06/2024 13:22:40;;;;
20/06/2024 13:22:50;;;;
20/06/2024 13:23:00;;;;
20/06/2024 13:23:10;;;;
20/06/2024 13:23:20;;;;
20/06/2024 13:23:30;;;;
20/06/2024 13:23:40;;;;
20/06/2024 13:23:50;;;;
20/06/2024 13:24:00;;;;
20/06/2024 13:24:10;;;;
20/06/2024 13:24:20;;;;
20/06/2024 13:24:30;;;;
20/06/2024 13:24:40;;;;
20/06/2024 13:24:50;;;;
20/06/2024 13:25:00;;;;
20/06/2024 13:25:10;;;;
20/06/2024 13:25:20;;;;
20/06/2024 13:25:30;;;;
20/06/2024 13:25:40;;;;
20/06/2024 13:25:50;;;;
20/06/2024 13:26:00;;;;
20/06/2024 13:26:10;;;;
20/06/2024 13:26:20;;;;
20/06/2024 13:26:30;;;;
20/06/2024 13:26:40;;;;
20/06/2024 13:26:50;;;;
20/06/2024 13:27:00;;;;
20/06/2024 13:27:10;;;;
20/06/2024 13:27:20;;;;
20/06/2024 13:27:30;;;;
20/06/2024 13:27:40;;;;
20/06/2024 13:27:50;;;;
20/06/2024 13:28:00;;;;
20/06/2024 13:28:10;;;;
20/06/2024 13:28:20;;;;
20/06/2024 13:28:30;;;;
20/06/2024 13:28:40;;;;
20/06/2024 13:28:50;;;;
20/06/2024 13:29:00;;;;
20/06/2024 13:29:10;;;;
20/06/2024 13:29:20;;;;
20/06/2024 13:29:30;;;;
20/06/2024 13:29:40;;;;
20/06/2024 13:29:50;;;;
20/06/2024 13:30:00;;;;
20/06/2024 13:30:10;;;;
20/06/2024 13:30:20;;;;
20/06/2024 13:30:30;;;;
20/06/2024 13:30:40;;;;
20/06/2024 13:30:50;;;;
20/06/2024 13:31:00;;;;
20/06/2024 13:31:10;;;;
20/06/2024 13:31:20;;;;
20/06/2024 13:31:30;;;;
20/06/2024 13:31:40;;;;
20/06/2024 13:31:50;;;;
20/06/2024 13:32:00;;;;
20/06/2024 13:32:10;;;;
20/06/2024 13:32:20;;;;
20/06/2024 13:32:30;;;;
20/06/2024 13:32:40;;;;
20/06/2024 13:32:50;;;;
20/06/2024 13:33:00;;;;
20/06/2024 13:33:10;;;;
20/06/2024 13:33:20;;;;
20/06/2024 13:33:30;;;;
20/06/2024 13:33:40;;;;
20/06/2024 13:33:50;;;;
20/06/2024 13:34:00;;;;
20/06/2024 13:34:10;;;;
20/06/2024 13:34:20;;;;
20/06/2024 13:34:30;;;;
20/06/2024 13:34:40;;;;
20/06/2024 13:34:50;;;;
20/06/2024 13:35:00;;;;
20/06/2024 13:35:10;;;;
20/06/2024 13:35:20;;;;
20/06/2024 13:35:30;;;;
20/06/2024 13:35:40;;;;
20/06/2024 13:35:50;;;;
20/06/2024 13:36:00;;;;
20/06/2024 13:36:10;;;;
20/06/2024 13:36:20;;;;
20/06/2024 13:36:30;;;;
20/06/2024 13:36:40;;;;
20/06/2024 13:36:50;;;;
20/06/2024 13:37:00;;;;
20/06/2024 13:37:10;;;;
20/06/2024 13:37:20;;;;
20/06/2024 13:37:30;;;;
20/06/2024 13:37:40;;;;
20/06/2024 13:37:50;;;;
20/06/2024 13:38:00;;;;
20/06/2024 13:38:10;;;;
20/06/2024 13:38:20;;;;
20/06/2024 13:38:30;;;;
20/06/2024 13:38:40;;;;
20/06/2024 13:38:50;;;;
20/06/2024 13:39:00;;;;
20/06/2024 13:39:10;;;;
20/06/2024 13:39:20;;;;
20/06/2024 13:39:30;;;;
20/06/2024 13:39:40;;;;
20/06/2024 13:39:50;;;;
20/06/2024 13:40:00;;;;
20/06/2024 13:40:10;;;;
20/06/2024 13:40:20;;;;
20/06/2024 13:40:30;;;;
20/06/2024 13:40:40;;;;
20/06/2024 13:40:50;;;;
20/06/2024 13:41:00;;;;
20/06/2024 13:41:10;;;;
20/06/2024 13:41:20;;;;
20/06/2024 13:41:30;;;;
20/06/2024 13:41:40;;;;
20/06/2024 13:41:50;;;;
20/06/2024 13:42:00;;;;
20/06/2024 13:42:10;;;;
20/06/2024 13:42:20;;;;
20/06/2024 13:42:30;;;;
20/06/2024 13:42:40;;;;
20/06/2024 13:42:50;;;;
20/06/2024 13:43:00;;;;
20/06/2024 13:43:10;;;;
20/06/2024 13:43:20;;;;
20/06/2024 13:43:30;;;;
20/06/2024 13:43:40;;;;
20/06/2024 13:43:50;;;;
20/06/2024 13:44:00;;;;
20/06/2024 13:44:10;;;;
20/06/2024 13:44:20;;;;
20/06/2024 13:44:30;;;;
20/06/2024 13:44:40;;;;
20/06/2024 13:44:50;;;;
20/06/2024 13:45:00;;;;
20/06/2024 13:45:10;;;;
20/06/2024 13:45:20;;;;
20/06/2024 13:45:30;;;;
20/06/2024 13:45:40;;;;
20/06/2024 13:45:50;;;;
20/06/2024 13:46:00;;;;
20/06/2024 13:46:10;;;;
20/06/2024 13:46:20;;;;
20/06/2024 13:46:30;;;;
20/06/2024 13:46:40;;;;
20/06/2024 13:46:50;;;;
20/06/2024 13:47:00;;;;
20/06/2024 13:47:10;;;;
20/06/2024 13:47:20;;;;
20/06/2024 13:47:30;;;;
20/06/2024 13:47:40;;;;
20/06/2024 13:47:50;;;;
20/06/2024 13:48:00;;;;
20/06/2024 13:48:10;;;;
20/06/2024 13:48:20;;;;
20/06/2024 13:48:30;;;;
20/06/2024 13:48:40;;;;
20/06/2024 13:48:50;;;;
20/06/2024 13:49:00;;;;
20/06/2024 13:49:10;;;;
20/06/2024 13:49:20;;;;
20/06/2024 13:49:30;;;;
20/06/2024 13:49:40;;;;
20/06/2024 13:49:50;;;;
20/06/2024 13:50:00;;;;
20/06/2024 13:50:10;;;;
20/06/2024 13:50:20;;;;
20/06/2024 13:50:30;;;;
20/06/2024 13:50:40;;;;
20/06/2024 13:50:50;;;;
20/06/2024 13:51:00;;;;
20/06/2024 13:51:10;;;;
20/06/2024 13:51:20;;;;
20/06/2024 13:51:30;;;;
20/06/2024 13:51:40;;;;
20/06/2024 13:51:50;;;;
20/06/2024 13:52:00;;;;
20/06/2024 13:52:10;;;;
20/06/2024 13:52:20;;;;
20/06/2024 13:52:30;;;;
20/06/2024 13:52:40;;;;
20/06/2024 13:52:50;;;;
20/06/2024 13:53:00;;;;
20/06/2024 13:53:10;;;;
20/06/2024 13:53:20;;;;
20/06/2024 13:53:30;;;;
20/06/2024 13:53:40;;;;
20/06/2024 13:53:50;;;;
20/06/2024 13:54:00;;;;
20/06/2024 13:54:10;;;;
20/06/2024 13:54:20;;;;
20/06/2024 13:54:30;;;;
20/06/2024 13:54:40;;;;
20/06/2024 13:54:50;;;;
20/06/2024 13:55:00;;;;
20/06/2024 13:55:10;;;;
20/06/2024 13:55:20;;;;
20/06/2024 13:55:30;;;;
20/06/2024 13:55:40;;;;
20/06/2024 13:55:50;;;;
20/06/2024 13:56:00;;;;
20/06/2024 13:56:10;;;;
20/06/2024 13:56:20;;;;
20/06/2024 13:56:30;;;;
20/06/2024 13:56:40;;;;
20/06/2024 13:56:50;;;;
20/06/2024 13:57:00;;;;
20/06/2024 13:57:10;;;;
20/06/2024 13:57:20;;;;
20/06/2024 13:57:30;;;;
20/06/2024 13:57:40;;;;
20/06/2024 13:57:50;;;;
20/06/2024 13:58:00;;;;
20/06/2024 13:58:10;;;;
20/06/2024 13:58:20;;;;
20/06/2024 13:58:30;;;;
20/06/2024 13:58:40;;;;
20/06/2024 13:58:50;;;;
20/06/2024 13:59:00;;;;
20/06/2024 13:59:10;;;;
20/06/2024 13:59:20;;;;
20/06/2024 13:59:30;;;;
20/06/2024 13:59:40;;;;
20/06/2024 13:59:50;;;;
20/06/2024 14:00:00;;;;
20/06/2024 14:00:10;;;;
20/06/2024 14:00:20;;;;
20/06/2024 14:00:30;;;;
20/06/2024 14:00:40;;;;
20/06/2024 14:00:50;;;;
20/06/2024 14:01:00;;;;
20/06/2024 14:01:10;;;;
20/06/2024 14:01:20;;;;
20/06/2024 14:01:30;;;;
20/06/2024 14:01:40;;;;
20/06/2024 14:01:50;;;;
20/06/2024 14:02:00;;;;
20/06/2024 14:02:10;;;;
20/06/2024 14:02:20;;;;
20/06/2024 14:02:30;;;;
20/06/2024 14:02:40;;;;
20/06/2024 14:02:50;;;;
20/06/2024 14:03:00;;;;
20/06/2024 14:03:10;;;;
20/06/2024 14:03:20;;;;
20/06/2024 14:03:30;;;;
20/06/2024 14:03:40;;;;
20/06/2024 14:03:50;;;;
20/06/2024 14:04:00;;;;
20/06/2024 14:04:10;;;;
20/06/2024 14:04:20;;;;
20/06/2024 14:04:30;;;;
20/06/2024 14:04:40;;;;
20/06/2024 14:04:50;;;;
20/06/2024 14:05:00;;;;
20/06/2024 14:05:10;;;;
20/06/2024 14:05:20;;;;
20/06/2024 14:05:30;;;;
20/06/2024 14:05:40;;;;
20/06/2024 14:05:50;;;;
20/06/2024 14:06:00;;;;
20/06/2024 14:06:10;;;;
20/06/2024 14:06:20;;;;
20/06/2024 14:06:30;;;;
20/06/2024 14:06:40;;;;
20/06/2024 14:06:50;;;;
20/06/2024 14:07:00;;;;
20/06/2024 14:07:10;;;;
20/06/2024 14:07:20;;;;
20/06/2024 14:07:30;;;;
20/06/2024 14:07:40;;;;
20/06/2024 14:07:50;;;;
20/06/2024 14:08:00;;;;
20/06/2024 14:08:10;;;;
20/06/2024 14:08:20;;;;
20/06/2024 14:08:30;;;;
20/06/2024 14:08:40;;;;
20/06/2024 14:08:50;;;;
20/06/2024 14:09:00;;;;
20/06/2024 14:09:10;;;;
20/06/2024 14:09:20;;;;
20/06/2024 14:09:30;;;;
20/06/2024 14:09:40;;;;
20/06/2024 14:09:50;;;;
20/06/2024 14:10:00;;;;
20/06/2024 14:10:10;;;;
20/06/2024 14:10:20;;;;
20/06/2024 14:10:30;;;;
20/06/2024 14:10:40;;;;
20/06/2024 14:10:50;;;;
20/06/2024 14:11:00;;;;
20/06/2024 14:11:10;;;;
20/06/2024 14:11:20;;;;
20/06/2024 14:11:30;;;;
20/06/2024 14:11:40;;;;
20/06/2024 14:11:50;;;;
20/06/2024 14:12:00;;;;
20/06/2024 14:12:10;;;;
20/06/2024 14:12:20;;;;
20/06/2024 14:12:30;;;;
20/06/2024 14:12:40;;;;
20/06/2024 14:12:50;;;;
20/06/2024 14:13:00;;;;
20/06/2024 14:13:10;;;;
20/06/2024 14:13:20;;;;
20/06/2024 14:13:30;;;;
20/06/2024 14:13:40;;;;
20/06/2024 14:13:50;;;;
20/06/2024 14:14:00;;;;
20/06/2024 14:14:10;;;;
20/06/2024 14:14:20;;;;
20/06/2024 14:14:30;;;;
20/06/2024 14:14:40;;;;
20/06/2024 14:14:50;;;;
20/06/2024 14:15:00;;;;
20/06/2024 14:15:10;;;;
20/06/2024 14:15:20;;;;
20/06/2024 14:15:30;;;;
20/06/2024 14:15:40;;;;
20/06/2024 14:15:50;;;;
20/06/2024 14:16:00;;;;
20/06/2024 14:16:10;;;;
20/06/2024 14:16:20;;;;
20/06/2024 14:16:30;;;;
20/06/2024 14:16:40;;;;
20/06/2024 14:16:50;;;;
20/06/2024 14:17:00;;;;
20/06/2024 14:17:10;;;;
20/06/2024 14:17:20;;;;
20/06/2024 14:17:30;;;;
20/06/2024 14:17:40;;;;
20/06/2024 14:17:50;;;;
20/06/2024 14:18:00;;;;
20/06/2024 14:18:10;;;;
20/06/2024 14:18:20;;;;
20/06/2024 14:18:30;;;;
20/06/2024 14:18:40;;;;
20/06/2024 14:18:50;;;;
20/06/2024 14:19:00;;;;
20/06/2024 14:19:10;;;;
20/06/2024 14:19:20;;;;
20/06/2024 14:19:30;;;;
20/06/2024 14:19:40;;;;
20/06/2024 14:19:50;;;;
20/06/2024 14:20:00;;;;
20/06/2024 14:20:10;;;;
20/06/2024 14:20:20;;;;
20/06/2024 14:20:30;;;;
20/06/2024 14:20:40;;;;
20/06/2024 14:20:50;;;;
20/06/2024 14:21:00;;;;
20/06/2024 14:21:10;;;;
20/06/2024 14:21:20;;;;
20/06/2024 14:21:30;;;;
20/06/2024 14:21:40;;;;
20/06/2024 14:21:50;;;;
20/06/2024 14:22:00;;;;
20/06/2024 14:22:10;;;;
20/06/2024 14:22:20;;;;
20/06/2024 14:22:30;;;;
20/06/2024 14:22:40;;;;
20/06/2024 14:22:50;;;;
20/06/2024 14:23:00;;;;
20/06/2024 14:23:10;;;;
20/06/2024 14:23:20;;;;
20/06/2024 14:23:30;;;;
20/06/2024 14:23:40;;;;
20/06/2024 14:23:50;;;;
20/06/2024 14:24:00;;;;
20/06/2024 14:24:10;;;;
20/06/2024 14:24:20;;;;
20/06/2024 14:24:30;;;;
20/06/2024 14:24:40;;;;
20/06/2024 14:24:50;;;;
20/06/2024 14:25:00;;;;
20/06/2024 14:25:10;;;;
20/06/2024 14:25:20;;;;
20/06/2024 14:25:30;;;;
20/06/2024 14:25:40;;;;
20/06/2024 14:25:50;;;;
20/06/2024 14:26:00;;;;
20/06/2024 14:26:10;;;;
20/06/2024 14:26:20;;;;
20/06/2024 14:26:30;;;;
20/06/2024 14:26:40;;;;
20/06/2024 14:26:50;;;;
20/06/2024 14:27:00;;;;
20/06/2024 14:27:10;;;;
20/06/2024 14:27:20;;;;
20/06/2024 14:27:30;;;;
20/06/2024 14:27:40;;;;
20/06/2024 14:27:50;;;;
20/06/2024 14:28:00;;;;
20/06/2024 14:28:10;;;;
20/06/2024 14:28:20;;;;
20/06/2024 14:28:30;;;;
20/06/2024 14:28:40;;;;
20/06/2024 14:28:50;;;;
20/06/2024 14:29:00;;;;
20/06/2024 14:29:10;;;;
20/06/2024 14:29:20;;;;
20/06/2024 14:29:30;;;;
20/06/2024 14:29:40;;;;
20/06/2024 14:29:50;;;;
20/06/2024 14:30:00;;;;
20/06/2024 14:30:10;;;;
20/06/2024 14:30:20;;;;
20/06/2024 14:30:30;;;;
20/06/2024 14:30:40;;;;
20/06/2024 14:30:50;;;;
20/06/2024 14:31:00;;;;
20/06/2024 14:31:10;;;;
20/06/2024 14:31:20;;;;
20/06/2024 14:31:30;;;;
20/06/2024 14:31:40;;;;
20/06/2024 14:31:50;;;;
20/06/2024 14:32:00;;;;
20/06/2024 14:32:10;;;;
20/06/2024 14:32:20;;;;
20/06/2024 14:32:30;;;;
20/06/2024 14:32:40;;;;
20/06/2024 14:32:50;;;;
20/06/2024 14:33:00;;;;
20/06/2024 14:33:10;;;;
20/06/2024 14:33:20;;;;
20/06/2024 14:33:30;;;;
20/06/2024 14:33:40;;;;
20/06/2024 14:33:50;;;;
20/06/2024 14:34:00;;;;
20/06/2024 14:34:10;;;;
20/06/2024 14:34:20;;;;
20/06/2024 14:34:30;;;;
20/06/2024 14:34:40;;;;
20/06/2024 14:34:50;;;;
20/06/2024 14:35:00;;;;
20/06/2024 14:35:10;;;;
20/06/2024 14:35:20;;;;
20/06/2024 14:35:30;;;;
20/06/2024 14:35:40;;;;
20/06/2024 14:35:50;;;;
20/06/2024 14:36:00;;;;
20/06/2024 14:36:10;;;;
20/06/2024 14:36:20;;;;
20/06/2024 14:36:30;;;;
20/06/2024 14:36:40;;;;
20/06/2024 14:36:50;;;;
20/06/2024 14:37:00;;;;
20/06/2024 14:37:10;;;;
20/06/2024 14:37:20;;;;
20/06/2024 14:37:30;;;;
20/06/2024 14:37:40;;;;
20/06/2024 14:37:50;;;;
20/06/2024 14:38:00;;;;
20/06/2024 14:38:10;;;;
20/06/2024 14:38:20;;;;
20/06/2024 14:38:30;;;;
20/06/2024 14:38:40;;;;
20/06/2024 14:38:50;;;;
20/06/2024 14:39:00;;;;
20/06/2024 14:39:10;;;;
20/06/2024 14:39:20;;;;
20/06/2024 14:39:30;;;;
20/06/2024 14:39:40;;;;
20/06/2024 14:39:50;;;;
20/06/2024 14:40:00;;;;
20/06/2024 14:40:10;;;;
20/06/2024 14:40:20;;;;
20/06/2024 14:40:30;;;;
20/06/2024 14:40:40;;;;
20/06/2024 14:40:50;;;;
20/06/2024 14:41:00;;;;
20/06/2024 14:41:10;;;;
20/06/2024 14:41:20;;;;
20/06/2024 14:41:30;;;;
20/06/2024 14:41:40;;;;
20/06/2024 14:41:50;;;;
20/06/2024 14:42:00;;;;
20/06/2024 14:42:10;;;;
20/06/2024 14:42:20;;;;
20/06/2024 14:42:30;;;;
20/06/2024 14:42:40;;;;
20/06/2024 14:42:50;;;;
20/06/2024 14:43:00;;;;
20/06/2024 14:43:10;;;;
20/06/2024 14:43:20;;;;
20/06/2024 14:43:30;;;;
20/06/2024 14:43:40;;;;
20/06/2024 14:43:50;;;;
20/06/2024 14:44:00;;;;
20/06/2024 14:44:10;;;;
20/06/2024 14:44:20;;;;
20/06/2024 14:44:30;;;;
20/06/2024 14:44:40;;;;
20/06/2024 14:44:50;;;;
20/06/2024 14:45:00;;;;
20/06/2024 14:45:10;;;;
20/06/2024 14:45:20;;;;
20/06/2024 14:45:30;;;;
20/06/2024 14:45:40;;;;
20/06/2024 14:45:50;;;;
20/06/2024 14:46:00;;;;
20/06/2024 14:46:10;;;;
20/06/2024 14:46:20;;;;
20/06/2024 14:46:30;;;;
20/06/2024 14:46:40;;;;
20/06/2024 14:46:50;;;;
20/06/2024 14:47:00;;;;
20/06/2024 14:47:10;;;;
20/06/2024 14:47:20;;;;
20/06/2024 14:47:30;;;;
20/06/2024 14:47:40;;;;
20/06/2024 14:47:50;;;;
20/06/2024 14:48:00;;;;
20/06/2024 14:48:10;;;;
20/06/2024 14:48:20;;;;
20/06/2024 14:48:30;;;;
20/06/2024 14:48:40;;;;
20/06/2024 14:48:50;;;;
20/06/2024 14:49:00;;;;
20/06/2024 14:49:10;;;;
20/06/2024 14:49:20;;;;
20/06/2024 14:49:30;;;;
20/06/2024 14:49:40;;;;
20/06/2024 14:49:50;;;;
20/06/2024 14:50:00;;;;
20/06/2024 14:50:10;;;;
20/06/2024 14:50:20;;;;
20/06/2024 14:50:30;;;;
20/06/2024 14:50:40;;;;
20/06/2024 14:50:50;;;;
20/06/2024 14:51:00;;;;
20/06/2024 14:51:10;;;;
20/06/2024 14:51:20;;;;
20/06/2024 14:51:30;;;;
20/06/2024 14:51:40;;;;
20/06/2024 14:51:50;;;;
20/06/2024 14:52:00;;;;
20/06/2024 14:52:10;;;;
20/06/2024 14:52:20;;;;
20/06/2024 14:52:30;;;;
20/06/2024 14:52:40;;;;
20/06/2024 14:52:50;;;;
20/06/2024 14:53:00;;;;
20/06/2024 14:53:10;;;;
20/06/2024 14:53:20;;;;
20/06/2024 14:53:30;;;;
20/06/2024 14:53:40;;;;
20/06/2024 14:53:50;;;;
20/06/2024 14:54:00;;;;
20/06/2024 14:54:10;;;;
20/06/2024 14:54:20;;;;
20/06/2024 14:54:30;;;;
20/06/2024 14:54:40;;;;
20/06/2024 14:54:50;;;;
20/06/2024 14:55:00;;;;
20/06/2024 14:55:10;;;;
20/06/2024 14:55:20;;;;
20/06/2024 14:55:30;;;;
20/06/2024 14:55:40;;;;
20/06/2024 14:55:50;;;;
20/06/2024 14:56:00;;;;
20/06/2024 14:56:10;;;;
20/06/2024 14:56:20;;;;
20/06/2024 14:56:30;;;;
20/06/2024 14:56:40;;;;
20/06/2024 14:56:50;;;;
20/06/2024 14:57:00;;;;
20/06/2024 14:57:10;;;;
20/06/2024 14:57:20;;;;
20/06/2024 14:57:30;;;;
20/06/2024 14:57:40;;;;
20/06/2024 14:57:50;;;;
20/06/2024 14:58:00;;;;
20/06/2024 14:58:10;;;;
20/06/2024 14:58:20;;;;
20/06/2024 14:58:30;;;;
20/06/2024 14:58:40;;;;
20/06/2024 14:58:50;;;;
20/06/2024 14:59:00;;;;
20/06/2024 14:59:10;;;;
20/06/2024 14:59:20;;;;
20/06/2024 14:59:30;;;;
20/06/2024 14:59:40;;;;
20/06/2024 14:59:50;;;;
20/06/2024 15:00:00;;;;
20/06/2024 15:00:10;;;;
20/06/2024 15:00:20;;;;
20/06/2024 15:00:30;;;;
20/06/2024 15:00:40;;;;
20/06/2024 15:00:50;;;;
20/06/2024 15:01:00;;;;
20/06/2024 15:01:10;;;;
20/06/2024 15:01:20;;;;
20/06/2024 15:01:30;;;;
20/06/2024 15:01:40;;;;
20/06/2024 15:01:50;;;;
20/06/2024 15:02:00;0;0;0;0
20/06/2024 15:02:10;;0,06057857778031;-0,00017281071514408;-0,053244701010643
20/06/2024 15:02:20;;0,12115715556062;-0,00034562143028816;-0,10648940202129
20/06/2024 15:02:30;;0,18173573334093;-0,00051843214543224;-0,15973410303193
20/06/2024 15:02:40;;0,24231431112124;-0,00069124286057632;-0,21297880404257
20/06/2024 15:02:50;;0,30289288890155;-0,0008640535757204;-0,26622350505322
20/06/2024 15:03:00;;0,36347146668186;-0,0010368642908645;-0,31946820606386
20/06/2024 15:03:10;;0,42405004446217;-0,0012096750060086;-0,3727129070745
20/06/2024 15:03:20;;0,48462862224248;-0,0013824857211526;-0,42595760808515
20/06/2024 15:03:30;;0,54520720002279;-0,0015552964362967;-0,47920230909579
20/06/2024 15:03:40;;0,6057857778031;-0,0017281071514408;-0,53244701010643
20/06/2024 15:03:50;;0,66636435558341;-0,0019009178665849;-0,58569171111708
20/06/2024 15:04:00;;0,72694293336372;-0,002073728581729;-0,63893641212772
20/06/2024 15:04:10;;0,78752151114403;-0,002246539296873;-0,69218111313836
20/06/2024 15:04:20;;0,84810008892434;-0,0024193500120171;-0,74542581414901
20/06/2024 15:04:30;;0,90867866670465;-0,0025921607271612;-0,79867051515965
20/06/2024 15:04:40;;0,96925724448496;-0,0027649714423053;-0,85191521617029
20/06/2024 15:04:50;;1,0298358222653;-0,0029377821574494;-0,90515991718094
20/06/2024 15:05:00;;1,0904144000456;-0,0031105928725934;-0,95840461819158
20/06/2024 15:05:10;;1,1509929778259;-0,0032834035877375;-1,0116493192022
20/06/2024 15:05:20;;1,2115715556062;-0,0034562143028816;-1,0648940202129
20/06/2024 15:05:30;;1,2721501333865;-0,0036290250180257;-1,1181387212235
20/06/2024 15:05:40;;1,3327287111668;-0,0038018357331698;-1,1713834222342
20/06/2024 15:05:50;;1,3933072889471;-0,0039746464483138;-1,2246281232448
20/06/2024 15:06:00;;1,4538858667274;-0,0041474571634579;-1,2778728242554
20/06/2024 15:06:10;;1,5144644445078;-0,004320267878602;-1,3311175252661
20/06/2024 15:06:20;;1,5750430222881;-0,0044930785937461;-1,3843622262767
20/06/2024 15:06:30;;1,6356216000684;-0,0046658893088902;-1,4376069272874
20/06/2024 15:06:40;;1,6962001778487;-0,0048387000240342;-1,490851628298
20/06/2024 15:06:50;;1,756778755629;-0,0050115107391783;-1,5440963293087
20/06/2024 15:07:00;;1,8173573334093;-0,0051843214543224;-1,5973410303193
20/06/2024 15:07:10;;1,8779359111896;-0,0053571321694665;-1,6505857313299
20/06/2024 15:07:20;;1,9385144889699;-0,0055299428846106;-1,7038304323406
20/06/2024 15:07:30;;1,9990930667502;-0,0057027535997546;-1,7570751333512
20/06/2024 15:07:40;;2,0596716445305;-0,0058755643148987;-1,8103198343619
20/06/2024 15:07:50;;2,1202502223109;-0,0060483750300428;-1,8635645353725
20/06/2024 15:08:00;;2,1808288000912;-0,0062211857451869;-1,9168092363832
20/06/2024 15:08:10;;2,2414073778715;-0,006393996460331;-1,9700539373938
20/06/2024 15:08:20;;2,3019859556518;-0,006566807175475;-2,0232986384044
20/06/2024 15:08:30;;2,3625645334321;-0,0067396178906191;-2,0765433394151
20/06/2024 15:08:40;;2,4231431112124;-0,0069124286057632;-2,1297880404257
20/06/2024 15:08:50;;2,4837216889927;-0,0070852393209073;-2,1830327414364
20/06/2024 15:09:00;;2,544300266773;-0,0072580500360514;-2,236277442447
20/06/2024 15:09:10;;2,6048788445533;-0,0074308607511954;-2,2895221434577
20/06/2024 15:09:20;;2,6654574223336;-0,0076036714663395;-2,3427668444683
20/06/2024 15:09:30;;2,726036000114;-0,0077764821814836;-2,396011545479
20/06/2024 15:09:40;;2,7866145778943;-0,0079492928966277;-2,4492562464896
20/06/2024 15:09:50;;2,8471931556746;-0,0081221036117718;-2,5025009475002
20/06/2024 15:10:00;;2,9077717334549;-0,0082949143269159;-2,5557456485109
20/06/2024 15:10:10;;2,9683503112352;-0,0084677250420599;-2,6089903495215
20/06/2024 15:10:20;;3,0289288890155;-0,008640535757204;-2,6622350505322
20/06/2024 15:10:30;;3,0895074667958;-0,0088133464723481;-2,7154797515428
20/06/2024 15:10:40;;3,1500860445761;-0,0089861571874922;-2,7687244525535
20/06/2024 15:10:50;;3,2106646223564;-0,0091589679026363;-2,8219691535641
20/06/2024 15:11:00;;3,2712432001367;-0,0093317786177803;-2,8752138545747
20/06/2024 15:11:10;;3,3318217779171;-0,0095045893329244;-2,9284585555854
20/06/2024 15:11:20;;3,3924003556974;-0,0096774000480685;-2,981703256596
20/06/2024 15:11:30;;3,4529789334777;-0,0098502107632126;-3,0349479576067
20/06/2024 15:11:40;;3,513557511258;-0,010023021478357;-3,0881926586173
20/06/2024 15:11:50;;3,5741360890383;-0,010195832193501;-3,141437359628
20/06/2024 15:12:00;;3,6347146668186;-0,010368642908645;-3,1946820606386
20/06/2024 15:12:10;;3,6952932445989;-0,010541453623789;-3,2479267616492
20/06/2024 15:12:20;;3,7558718223792;-0,010714264338933;-3,3011714626599
20/06/2024 15:12:30;;3,8164504001595;-0,010887075054077;-3,3544161636705
20/06/2024 15:12:40;;3,8770289779398;-0,011059885769221;-3,4076608646812
20/06/2024 15:12:50;;3,9376075557202;-0,011232696484365;-3,4609055656918
20/06/2024 15:13:00;;3,9981861335005;-0,011405507199509;-3,5141502667025
20/06/2024 15:13:10;;4,0587647112808;-0,011578317914653;-3,5673949677131
20/06/2024 15:13:20;;4,1193432890611;-0,011751128629797;-3,6206396687238
20/06/2024 15:13:30;;4,1799218668414;-0,011923939344942;-3,6738843697344
20/06/2024 15:13:40;;4,2405004446217;-0,012096750060086;-3,727129070745
20/06/2024 15:13:50;;4,301079022402;-0,01226956077523;-3,7803737717557
20/06/2024 15:14:00;;4,3616576001823;-0,012442371490374;-3,8336184727663
20/06/2024 15:14:10;;4,4222361779626;-0,012615182205518;-3,886863173777
20/06/2024 15:14:20;;4,4828147557429;-0,012787992920662;-3,9401078747876
20/06/2024 15:14:30;;4,5433933335233;-0,012960803635806;-3,9933525757983
20/06/2024 15:14:40;;4,6039719113036;-0,01313361435095;-4,0465972768089
20/06/2024 15:14:50;;4,6645504890839;-0,013306425066094;-4,0998419778195
20/06/2024 15:15:00;;4,7251290668642;-0,013479235781238;-4,1530866788302
20/06/2024 15:15:10;;4,7857076446445;-0,013652046496382;-4,2063313798408
20/06/2024 15:15:20;;4,8462862224248;-0,013824857211526;-4,2595760808515
20/06/2024 15:15:30;;4,9068648002051;-0,01399766792667;-4,3128207818621
20/06/2024 15:15:40;;4,9674433779854;-0,014170478641815;-4,3660654828728
20/06/2024 15:15:50;;5,0280219557657;-0,014343289356959;-4,4193101838834
20/06/2024 15:16:00;;5,0886005335461;-0,014516100072103;-4,472554884894
20/06/2024 15:16:10;;5,1491791113264;-0,014688910787247;-4,5257995859047
20/06/2024 15:16:20;;5,2097576891067;-0,014861721502391;-4,5790442869153
20/06/2024 15:16:30;;5,270336266887;-0,015034532217535;-4,632288987926
20/06/2024 15:16:40;;5,3309148446673;-0,015207342932679;-4,6855336889366
20/06/2024 15:16:50;;5,3914934224476;-0,015380153647823;-4,7387783899473
20/06/2024 15:17:00;;5,4520720002279;-0,015552964362967;-4,7920230909579
20/06/2024 15:17:10;;5,5126505780082;-0,015725775078111;-4,8452677919685
20/06/2024 15:17:20;;5,5732291557885;-0,015898585793255;-4,8985124929792
20/06/2024 15:17:30;;5,6338077335688;-0,016071396508399;-4,9517571939898
20/06/2024 15:17:40;;5,6943863113492;-0,016244207223544;-5,0050018950005
20/06/2024 15:17:50;;5,7549648891295;-0,016417017938688;-5,0582465960111
20/06/2024 15:18:00;;5,8155434669098;-0,016589828653832;-5,1114912970218
20/06/2024 15:18:10;;5,8761220446901;-0,016762639368976;-5,1647359980324
20/06/2024 15:18:20;;5,9367006224704;-0,01693545008412;-5,2179806990431
20/06/2024 15:18:30;;5,9972792002507;-0,017108260799264;-5,2712254000537
20/06/2024 15:18:40;;6,057857778031;-0,017281071514408;-5,3244701010643
20/06/2024 15:18:50;;6,1184363558113;-0,017453882229552;-5,377714802075
20/06/2024 15:19:00;;6,1790149335916;-0,017626692944696;-5,4309595030856
20/06/2024 15:19:10;;6,2395935113719;-0,01779950365984;-5,4842042040963
20/06/2024 15:19:20;;6,3001720891523;-0,017972314374984;-5,5374489051069
20/06/2024 15:19:30;;6,3607506669326;-0,018145125090128;-5,5906936061176
20/06/2024 15:19:40;;6,4213292447129;-0,018317935805273;-5,6439383071282
20/06/2024 15:19:50;;6,4819078224932;-0,018490746520417;-5,6971830081388
20/06/2024 15:20:00;;6,5424864002735;-0,018663557235561;-5,7504277091495
20/06/2024 15:20:10;;6,6030649780538;-0,018836367950705;-5,8036724101601
20/06/2024 15:20:20;;6,6636435558341;-0,019009178665849;-5,8569171111708
20/06/2024 15:20:30;;6,7242221336144;-0,019181989380993;-5,9101618121814
20/06/2024 15:20:40;;6,7848007113947;-0,019354800096137;-5,9634065131921
20/06/2024 15:20:50;;6,845379289175;-0,019527610811281;-6,0166512142027
20/06/2024 15:21:00;;6,9059578669554;-0,019700421526425;-6,0698959152133
20/06/2024 15:21:10;;6,9665364447357;-0,019873232241569;-6,123140616224
20/06/2024 15:21:20;;7,027115022516;-0,020046042956713;-6,1763853172346
20/06/2024 15:21:30;;7,0876936002963;-0,020218853671857;-6,2296300182453
20/06/2024 15:21:40;;7,1482721780766;-0,020391664387001;-6,2828747192559
20/06/2024 15:21:50;;7,2088507558569;-0,020564475102146;-6,3361194202666
20/06/2024 15:22:00;;7,2694293336372;-0,02073728581729;-6,3893641212772
20/06/2024 15:22:10;;7,3300079114175;-0,020910096532434;-6,4426088222879
20/06/2024 15:22:20;;7,3905864891978;-0,021082907247578;-6,4958535232985
20/06/2024 15:22:30;;7,4511650669781;-0,021255717962722;-6,5490982243091
20/06/2024 15:22:40;;7,5117436447585;-0,021428528677866;-6,6023429253198
20/06/2024 15:22:50;;7,5723222225388;-0,02160133939301;-6,6555876263304
20/06/2024 15:23:00;;7,6329008003191;-0,021774150108154;-6,7088323273411
20/06/2024 15:23:10;;7,6934793780994;-0,021946960823298;-6,7620770283517
20/06/2024 15:23:20;;7,7540579558797;-0,022119771538442;-6,8153217293624
20/06/2024 15:23:30;;7,81463653366;-0,022292582253586;-6,868566430373
20/06/2024 15:23:40;;7,8752151114403;-0,02246539296873;-6,9218111313836
20/06/2024 15:23:50;;7,9357936892206;-0,022638203683875;-6,9750558323943
20/06/2024 15:24:00;;7,9963722670009;-0,022811014399019;-7,0283005334049
20/06/2024 15:24:10;;8,0569508447812;-0,022983825114163;-7,0815452344156
20/06/2024 15:24:20;;8,1175294225616;-0,023156635829307;-7,1347899354262
20/06/2024 15:24:30;;8,1781080003419;-0,023329446544451;-7,1880346364369
20/06/2024 15:24:40;;8,2386865781222;-0,023502257259595;-7,2412793374475
20/06/2024 15:24:50;;8,2992651559025;-0,023675067974739;-7,2945240384581
20/06/2024 15:25:00;;8,3598437336828;-0,023847878689883;-7,3477687394688
20/06/2024 15:25:10;;8,4204223114631;-0,024020689405027;-7,4010134404794
20/06/2024 15:25:20;;8,4810008892434;-0,024193500120171;-7,4542581414901
20/06/2024 15:25:30;;8,5415794670237;-0,024366310835315;-7,5075028425007
20/06/2024 15:25:40;;8,602158044804;-0,024539121550459;-7,5607475435114
20/06/2024 15:25:50;;8,6627366225843;-0,024711932265603;-7,613992244522
20/06/2024 15:26:00;;8,7233152003647;-0,024884742980748;-7,6672369455326
20/06/2024 15:26:10;;8,783893778145;-0,025057553695892;-7,7204816465433
20/06/2024 15:26:20;;8,8444723559253;-0,025230364411036;-7,7737263475539
20/06/2024 15:26:30;;8,9050509337056;-0,02540317512618;-7,8269710485646
20/06/2024 15:26:40;;8,9656295114859;-0,025575985841324;-7,8802157495752
20/06/2024 15:26:50;;9,0262080892662;-0,025748796556468;-7,9334604505859
20/06/2024 15:27:00;;9,0867866670465;-0,025921607271612;-7,9867051515965
20/06/2024 15:27:10;;9,1473652448268;-0,026094417986756;-8,0399498526072
20/06/2024 15:27:20;;9,2079438226071;-0,0262672287019;-8,0931945536178
20/06/2024 15:27:30;;9,2685224003875;-0,026440039417044;-8,1464392546284
20/06/2024 15:27:40;;9,3291009781678;-0,026612850132188;-8,1996839556391
20/06/2024 15:27:50;;9,3896795559481;-0,026785660847332;-8,2529286566497
20/06/2024 15:28:00;;9,4502581337284;-0,026958471562477;-8,3061733576604
20/06/2024 15:28:10;;9,5108367115087;-0,027131282277621;-8,359418058671
20/06/2024 15:28:20;;9,571415289289;-0,027304092992765;-8,4126627596817
20/06/2024 15:28:30;;9,6319938670693;-0,027476903707909;-8,4659074606923
20/06/2024 15:28:40;;9,6925724448496;-0,027649714423053;-8,5191521617029
20/06/2024 15:28:50;;9,7531510226299;-0,027822525138197;-8,5723968627136
20/06/2024 15:29:00;;9,8137296004102;-0,027995335853341;-8,6256415637242
20/06/2024 15:29:10;;9,8743081781906;-0,028168146568485;-8,6788862647349
20/06/2024 15:29:20;;9,9348867559709;-0,028340957283629;-8,7321309657455
20/06/2024 15:29:30;;9,9954653337512;-0,028513767998773;-8,7853756667562
20/06/2024 15:29:40;;10,056043911531;-0,028686578713917;-8,8386203677668
20/06/2024 15:29:50;;10,116622489312;-0,028859389429061;-8,8918650687774
20/06/2024 15:30:00;;10,177201067092;-0,029032200144205;-8,9451097697881
20/06/2024 15:30:10;;10,237779644872;-0,02920501085935;-8,9983544707987
20/06/2024 15:30:20;;10,298358222653;-0,029377821574494;-9,0515991718094
20/06/2024 15:30:30;;10,358936800433;-0,029550632289638;-9,10484387282
20/06/2024 15:30:40;;10,419515378213;-0,029723443004782;-9,1580885738307
20/06/2024 15:30:50;;10,480093955994;-0,029896253719926;-9,2113332748413
20/06/2024 15:31:00;;10,540672533774;-0,03006906443507;-9,264577975852
20/06/2024 15:31:10;;10,601251111554;-0,030241875150214;-9,3178226768626
20/06/2024 15:31:20;;10,661829689335;-0,030414685865358;-9,3710673778732
20/06/2024 15:31:30;;10,722408267115;-0,030587496580502;-9,4243120788839
20/06/2024 15:31:40;;10,782986844895;-0,030760307295646;-9,4775567798945
20/06/2024 15:31:50;;10,843565422676;-0,03093311801079;-9,5308014809052
20/06/2024 15:32:00;;10,904144000456;-0,031105928725934;-9,5840461819158
20/06/2024 15:32:10;;10,964722578236;-0,031278739441079;-9,6372908829265
20/06/2024 15:32:20;;11,025301156016;-0,031451550156223;-9,6905355839371
20/06/2024 15:32:30;;11,085879733797;-0,031624360871367;-9,7437802849477
20/06/2024 15:32:40;;11,146458311577;-0,031797171586511;-9,7970249859584
20/06/2024 15:32:50;;11,207036889357;-0,031969982301655;-9,850269686969
20/06/2024 15:33:00;;11,267615467138;-0,032142793016799;-9,9035143879797
20/06/2024 15:33:10;;11,328194044918;-0,032315603731943;-9,9567590889903
20/06/2024 15:33:20;;11,388772622698;-0,032488414447087;-10,010003790001
20/06/2024 15:33:30;;11,449351200479;-0,032661225162231;-10,063248491012
20/06/2024 15:33:40;;11,509929778259;-0,032834035877375;-10,116493192022
20/06/2024 15:33:50;;11,570508356039;-0,033006846592519;-10,169737893033
20/06/2024 15:34:00;;11,63108693382;-0,033179657307663;-10,222982594044
20/06/2024 15:34:10;;11,6916655116;-0,033352468022807;-10,276227295054
20/06/2024 15:34:20;;11,75224408938;-0,033525278737952;-10,329471996065
20/06/2024 15:34:30;;11,81282266716;-0,033698089453096;-10,382716697075
20/06/2024 15:34:40;;11,873401244941;-0,03387090016824;-10,435961398086
20/06/2024 15:34:50;;11,933979822721;-0,034043710883384;-10,489206099097
20/06/2024 15:35:00;;11,994558400501;-0,034216521598528;-10,542450800107
20/06/2024 15:35:10;;12,055136978282;-0,034389332313672;-10,595695501118
20/06/2024 15:35:20;;12,115715556062;-0,034562143028816;-10,648940202129
20/06/2024 15:35:30;;12,176294133842;-0,03473495374396;-10,702184903139
20/06/2024 15:35:40;;12,236872711623;-0,034907764459104;-10,75542960415
20/06/2024 15:35:50;;12,297451289403;-0,035080575174248;-10,808674305161
20/06/2024 15:36:00;;12,358029867183;-0,035253385889392;-10,861919006171
20/06/2024 15:36:10;;12,418608444964;-0,035426196604536;-10,915163707182
20/06/2024 15:36:20;;12,479187022744;-0,035599007319681;-10,968408408193
20/06/2024 15:36:30;;12,539765600524;-0,035771818034825;-11,021653109203
20/06/2024 15:36:40;;12,600344178305;-0,035944628749969;-11,074897810214
20/06/2024 15:36:50;;12,660922756085;-0,036117439465113;-11,128142511224
20/06/2024 15:37:00;;12,721501333865;-0,036290250180257;-11,181387212235
20/06/2024 15:37:10;;12,782079911645;-0,036463060895401;-11,234631913246
20/06/2024 15:37:20;;12,842658489426;-0,036635871610545;-11,287876614256
20/06/2024 15:37:30;;12,903237067206;-0,036808682325689;-11,341121315267
20/06/2024 15:37:40;;12,963815644986;-0,036981493040833;-11,394366016278
20/06/2024 15:37:50;;13,024394222767;-0,037154303755977;-11,447610717288
20/06/2024 15:38:00;;13,084972800547;-0,037327114471121;-11,500855418299
20/06/2024 15:38:10;;13,145551378327;-0,037499925186265;-11,55410011931
20/06/2024 15:38:20;;13,206129956108;-0,037672735901409;-11,60734482032
20/06/2024 15:38:30;;13,266708533888;-0,037845546616554;-11,660589521331
20/06/2024 15:38:40;;13,327287111668;-0,038018357331698;-11,713834222342
20/06/2024 15:38:50;;13,387865689449;-0,038191168046842;-11,767078923352
20/06/2024 15:39:00;;13,448444267229;-0,038363978761986;-11,820323624363
20/06/2024 15:39:10;;13,509022845009;-0,03853678947713;-11,873568325373
20/06/2024 15:39:20;;13,569601422789;-0,038709600192274;-11,926813026384
20/06/2024 15:39:30;;13,63018000057;-0,038882410907418;-11,980057727395
20/06/2024 15:39:40;;13,69075857835;-0,039055221622562;-12,033302428405
20/06/2024 15:39:50;;13,75133715613;-0,039228032337706;-12,086547129416
20/06/2024 15:40:00;;13,811915733911;-0,03940084305285;-12,139791830427
20/06/2024 15:40:10;;13,872494311691;-0,039573653767994;-12,193036531437
20/06/2024 15:40:20;;13,933072889471;-0,039746464483138;-12,246281232448
20/06/2024 15:40:30;;13,993651467252;-0,039919275198283;-12,299525933459
20/06/2024 15:40:40;;14,054230045032;-0,040092085913427;-12,352770634469
20/06/2024 15:40:50;;14,114808622812;-0,040264896628571;-12,40601533548
20/06/2024 15:41:00;;14,175387200593;-0,040437707343715;-12,459260036491
20/06/2024 15:41:10;;14,235965778373;-0,040610518058859;-12,512504737501
20/06/2024 15:41:20;;14,296544356153;-0,040783328774003;-12,565749438512
20/06/2024 15:41:30;;14,357122933934;-0,040956139489147;-12,618994139522
20/06/2024 15:41:40;;14,417701511714;-0,041128950204291;-12,672238840533
20/06/2024 15:41:50;;14,478280089494;-0,041301760919435;-12,725483541544
20/06/2024 15:42:00;;14,538858667274;-0,041474571634579;-12,778728242554
20/06/2024 15:42:10;;14,599437245055;-0,041647382349723;-12,831972943565
20/06/2024 15:42:20;;14,660015822835;-0,041820193064867;-12,885217644576
20/06/2024 15:42:30;;14,720594400615;-0,041993003780011;-12,938462345586
20/06/2024 15:42:40;;14,781172978396;-0,042165814495156;-12,991707046597
20/06/2024 15:42:50;;14,841751556176;-0,0423386252103;-13,044951747608
20/06/2024 15:43:00;;14,902330133956;-0,042511435925444;-13,098196448618
20/06/2024 15:43:10;;14,962908711737;-0,042684246640588;-13,151441149629
20/06/2024 15:43:20;;15,023487289517;-0,042857057355732;-13,20468585064
20/06/2024 15:43:30;;15,084065867297;-0,043029868070876;-13,25793055165
20/06/2024 15:43:40;;15,144644445078;-0,04320267878602;-13,311175252661
20/06/2024 15:43:50;;15,205223022858;-0,043375489501164;-13,364419953671
20/06/2024 15:44:00;;15,265801600638;-0,043548300216308;-13,417664654682
20/06/2024 15:44:10;;15,326380178418;-0,043721110931452;-13,470909355693
20/06/2024 15:44:20;;15,386958756199;-0,043893921646596;-13,524154056703
20/06/2024 15:44:30;;15,447537333979;-0,04406673236174;-13,577398757714
20/06/2024 15:44:40;;15,508115911759;-0,044239543076885;-13,630643458725
20/06/2024 15:44:50;;15,56869448954;-0,044412353792029;-13,683888159735
20/06/2024 15:45:00;;15,62927306732;-0,044585164507173;-13,737132860746
20/06/2024 15:45:10;;15,6898516451;-0,044757975222317;-13,790377561757
20/06/2024 15:45:20;;15,750430222881;-0,044930785937461;-13,843622262767
20/06/2024 15:45:30;;15,811008800661;-0,045103596652605;-13,896866963778
20/06/2024 15:45:40;;15,871587378441;-0,045276407367749;-13,950111664789
20/06/2024 15:45:50;;15,932165956222;-0,045449218082893;-14,003356365799
20/06/2024 15:46:00;;15,992744534002;-0,045622028798037;-14,05660106681
20/06/2024 15:46:10;;16,053323111782;-0,045794839513181;-14,109845767821
20/06/2024 15:46:20;;16,113901689562;-0,045967650228325;-14,163090468831
20/06/2024 15:46:30;;16,174480267343;-0,046140460943469;-14,216335169842
20/06/2024 15:46:40;;16,235058845123;-0,046313271658614;-14,269579870852
20/06/2024 15:46:50;;16,295637422903;-0,046486082373758;-14,322824571863
20/06/2024 15:47:00;;16,356216000684;-0,046658893088902;-14,376069272874
20/06/2024 15:47:10;;16,416794578464;-0,046831703804046;-14,429313973884
20/06/2024 15:47:20;;16,477373156244;-0,04700451451919;-14,482558674895
20/06/2024 15:47:30;;16,537951734025;-0,047177325234334;-14,535803375906
20/06/2024 15:47:40;;16,598530311805;-0,047350135949478;-14,589048076916
20/06/2024 15:47:50;;16,659108889585;-0,047522946664622;-14,642292777927
20/06/2024 15:48:00;;16,719687467366;-0,047695757379766;-14,695537478938
20/06/2024 15:48:10;;16,780266045146;-0,04786856809491;-14,748782179948
20/06/2024 15:48:20;;16,840844622926;-0,048041378810054;-14,802026880959
20/06/2024 15:48:30;;16,901423200707;-0,048214189525198;-14,85527158197
20/06/2024 15:48:40;;16,962001778487;-0,048387000240342;-14,90851628298
20/06/2024 15:48:50;;17,022580356267;-0,048559810955487;-14,961760983991
20/06/2024 15:49:00;;17,083158934047;-0,048732621670631;-15,015005685001
20/06/2024 15:49:10;;17,143737511828;-0,048905432385775;-15,068250386012
20/06/2024 15:49:20;;17,204316089608;-0,049078243100919;-15,121495087023
20/06/2024 15:49:30;;17,264894667388;-0,049251053816063;-15,174739788033
20/06/2024 15:49:40;;17,325473245169;-0,049423864531207;-15,227984489044
20/06/2024 15:49:50;;17,386051822949;-0,049596675246351;-15,281229190055
20/06/2024 15:50:00;;17,446630400729;-0,049769485961495;-15,334473891065
20/06/2024 15:50:10;;17,50720897851;-0,049942296676639;-15,387718592076
20/06/2024 15:50:20;;17,56778755629;-0,050115107391783;-15,440963293087
20/06/2024 15:50:30;;17,62836613407;-0,050287918106927;-15,494207994097
20/06/2024 15:50:40;;17,688944711851;-0,050460728822071;-15,547452695108
20/06/2024 15:50:50;;17,749523289631;-0,050633539537216;-15,600697396119
20/06/2024 15:51:00;;17,810101867411;-0,05080635025236;-15,653942097129
20/06/2024 15:51:10;;17,870680445191;-0,050979160967504;-15,70718679814
20/06/2024 15:51:20;;17,931259022972;-0,051151971682648;-15,76043149915
20/06/2024 15:51:30;;17,991837600752;-0,051324782397792;-15,813676200161
20/06/2024 15:51:40;;18,052416178532;-0,051497593112936;-15,866920901172
20/06/2024 15:51:50;;18,112994756313;-0,05167040382808;-15,920165602182
20/06/2024 15:52:00;;18,173573334093;-0,051843214543224;-15,973410303193
20/06/2024 15:52:10;;18,234151911873;-0,052016025258368;-16,026655004204
20/06/2024 15:52:20;;18,294730489654;-0,052188835973512;-16,079899705214
20/06/2024 15:52:30;;18,355309067434;-0,052361646688656;-16,133144406225
20/06/2024 15:52:40;;18,415887645214;-0,0525344574038;-16,186389107236
20/06/2024 15:52:50;;18,476466222995;-0,052707268118944;-16,239633808246
20/06/2024 15:53:00;;18,537044800775;-0,052880078834089;-16,292878509257
20/06/2024 15:53:10;;18,597623378555;-0,053052889549233;-16,346123210268
20/06/2024 15:53:20;;18,658201956336;-0,053225700264377;-16,399367911278
20/06/2024 15:53:30;;18,718780534116;-0,053398510979521;-16,452612612289
20/06/2024 15:53:40;;18,779359111896;-0,053571321694665;-16,505857313299
20/06/2024 15:53:50;;18,839937689676;-0,053744132409809;-16,55910201431
20/06/2024 15:54:00;;18,900516267457;-0,053916943124953;-16,612346715321
20/06/2024 15:54:10;;18,961094845237;-0,054089753840097;-16,665591416331
20/06/2024 15:54:20;;19,021673423017;-0,054262564555241;-16,718836117342
20/06/2024 15:54:30;;19,082252000798;-0,054435375270385;-16,772080818353
20/06/2024 15:54:40;;19,142830578578;-0,054608185985529;-16,825325519363
20/06/2024 15:54:50;;19,203409156358;-0,054780996700673;-16,878570220374
20/06/2024 15:55:00;;19,263987734139;-0,054953807415818;-16,931814921385
20/06/2024 15:55:10;;19,324566311919;-0,055126618130962;-16,985059622395
20/06/2024 15:55:20;;19,385144889699;-0,055299428846106;-17,038304323406
20/06/2024 15:55:30;;19,44572346748;-0,05547223956125;-17,091549024417
20/06/2024 15:55:40;;19,50630204526;-0,055645050276394;-17,144793725427
20/06/2024 15:55:50;;19,56688062304;-0,055817860991538;-17,198038426438
20/06/2024 15:56:00;;19,62745920082;-0,055990671706682;-17,251283127448
20/06/2024 15:56:10;;19,688037778601;-0,056163482421826;-17,304527828459
20/06/2024 15:56:20;;19,748616356381;-0,05633629313697;-17,35777252947
20/06/2024 15:56:30;;19,809194934161;-0,056509103852114;-17,41101723048
20/06/2024 15:56:40;;19,869773511942;-0,056681914567258;-17,464261931491
20/06/2024 15:56:50;;19,930352089722;-0,056854725282402;-17,517506632502
20/06/2024 15:57:00;;19,990930667502;-0,057027535997546;-17,570751333512
20/06/2024 15:57:10;;20,051509245283;-0,057200346712691;-17,623996034523
20/06/2024 15:57:20;;20,112087823063;-0,057373157427835;-17,677240735534
20/06/2024 15:57:30;;20,172666400843;-0,057545968142979;-17,730485436544
20/06/2024 15:57:40;;20,233244978624;-0,057718778858123;-17,783730137555
20/06/2024 15:57:50;;20,293823556404;-0,057891589573267;-17,836974838566
20/06/2024 15:58:00;;20,354402134184;-0,058064400288411;-17,890219539576
20/06/2024 15:58:10;;20,414980711965;-0,058237211003555;-17,943464240587
20/06/2024 15:58:20;;20,475559289745;-0,058410021718699;-17,996708941597
20/06/2024 15:58:30;;20,536137867525;-0,058582832433843;-18,049953642608
20/06/2024 15:58:40;;20,596716445305;-0,058755643148987;-18,103198343619
20/06/2024 15:58:50;;20,657295023086;-0,058928453864131;-18,156443044629
20/06/2024 15:59:00;;20,717873600866;-0,059101264579275;-18,20968774564
20/06/2024 15:59:10;;20,778452178646;-0,05927407529442;-18,262932446651
20/06/2024 15:59:20;;20,839030756427;-0,059446886009564;-18,316177147661
20/06/2024 15:59:30;;20,899609334207;-0,059619696724708;-18,369421848672
20/06/2024 15:59:40;;20,960187911987;-0,059792507439852;-18,422666549683
20/06/2024 15:59:50;;20,958992004395;-0,0207370352;-19,485177993774
20/06/2024 16:00:00;;20,962886810303;-0,024924494326115;-20,701625823975
20/06/2024 16:00:10;;20,866726779063;-0,024810161783334;-20,606664237626
20/06/2024 16:00:20;;20,770566747823;-0,024695829240554;-20,511702651278
20/06/2024 16:00:30;;20,674406716583;-0,024581496697774;-20,416741064929
20/06/2024 16:00:40;;20,578246685343;-0,024467164154993;-20,321779478581
20/06/2024 16:00:50;;20,482086654103;-0,024352831612213;-20,226817892232
20/06/2024 16:01:00;;20,385926622863;-0,024238499069433;-20,131856305884
20/06/2024 16:01:10;;20,289766591623;-0,024124166526652;-20,036894719535
20/06/2024 16:01:20;;20,193606560383;-0,024009833983872;-19,941933133187
20/06/2024 16:01:30;;20,097446529143;-0,023895501441092;-19,846971546838
20/06/2024 16:01:40;;20,001286497904;-0,023781168898311;-19,75200996049
20/06/2024 16:01:50;;19,905126466664;-0,023666836355531;-19,657048374141
20/06/2024 16:02:00;;19,808966435424;-0,023552503812751;-19,562086787793
20/06/2024 16:02:10;;19,712806404184;-0,02343817126997;-19,467125201444
20/06/2024 16:02:20;;19,616646372944;-0,02332383872719;-19,372163615096
20/06/2024 16:02:30;;19,520486341704;-0,02320950618441;-19,277202028747
20/06/2024 16:02:40;;19,424326310464;-0,023095173641629;-19,182240442398
20/06/2024 16:02:50;;19,328166279224;-0,022980841098849;-19,08727885605
20/06/2024 16:03:00;;19,232006247984;-0,022866508556068;-18,992317269701
20/06/2024 16:03:10;;19,135846216744;-0,022752176013288;-18,897355683353
20/06/2024 16:03:20;;19,039686185504;-0,022637843470508;-18,802394097004
20/06/2024 16:03:30;;18,943526154264;-0,022523510927727;-18,707432510656
20/06/2024 16:03:40;;18,847366123024;-0,022409178384947;-18,612470924307
20/06/2024 16:03:50;;18,751206091785;-0,022294845842167;-18,517509337959
20/06/2024 16:04:00;;18,655046060545;-0,022180513299386;-18,42254775161
20/06/2024 16:04:10;;18,558886029305;-0,022066180756606;-18,327586165262
20/06/2024 16:04:20;;18,462725998065;-0,021951848213826;-18,232624578913
20/06/2024 16:04:30;;18,366565966825;-0,021837515671045;-18,137662992565
20/06/2024 16:04:40;;18,270405935585;-0,021723183128265;-18,042701406216
20/06/2024 16:04:50;;18,174245904345;-0,021608850585485;-17,947739819868
20/06/2024 16:05:00;;18,078085873105;-0,021494518042704;-17,852778233519
20/06/2024 16:05:10;;17,981925841865;-0,021380185499924;-17,757816647171
20/06/2024 16:05:20;;17,885765810625;-0,021265852957144;-17,662855060822
20/06/2024 16:05:30;;17,789605779385;-0,021151520414363;-17,567893474474
20/06/2024 16:05:40;;17,693445748145;-0,021037187871583;-17,472931888125
20/06/2024 16:05:50;;17,597285716906;-0,020922855328803;-17,377970301777
20/06/2024 16:06:00;;17,501125685666;-0,020808522786022;-17,283008715428
20/06/2024 16:06:10;;17,404965654426;-0,020694190243242;-17,18804712908
20/06/2024 16:06:20;;17,308805623186;-0,020579857700462;-17,093085542731
20/06/2024 16:06:30;;17,212645591946;-0,020465525157681;-16,998123956383
20/06/2024 16:06:40;;17,116485560706;-0,020351192614901;-16,903162370034
20/06/2024 16:06:50;;17,020325529466;-0,020236860072121;-16,808200783686
20/06/2024 16:07:00;;16,924165498226;-0,02012252752934;-16,713239197337
20/06/2024 16:07:10;;16,828005466986;-0,02000819498656;-16,618277610989
20/06/2024 16:07:20;;16,731845435746;-0,01989386244378;-16,52331602464
20/06/2024 16:07:30;;16,635685404506;-0,019779529900999;-16,428354438292
20/06/2024 16:07:40;;16,539525373266;-0,019665197358219;-16,333392851943
20/06/2024 16:07:50;;16,443365342026;-0,019550864815439;-16,238431265595
20/06/2024 16:08:00;;16,347205310787;-0,019436532272658;-16,143469679246
20/06/2024 16:08:10;;16,251045279547;-0,019322199729878;-16,048508092898
20/06/2024 16:08:20;;16,154885248307;-0,019207867187098;-15,953546506549
20/06/2024 16:08:30;;16,058725217067;-0,019093534644317;-15,858584920201
20/06/2024 16:08:40;;15,962565185827;-0,018979202101537;-15,763623333852
20/06/2024 16:08:50;;15,866405154587;-0,018864869558757;-15,668661747504
20/06/2024 16:09:00;;15,770245123347;-0,018750537015976;-15,573700161155
20/06/2024 16:09:10;;15,674085092107;-0,018636204473196;-15,478738574807
20/06/2024 16:09:20;;15,577925060867;-0,018521871930415;-15,383776988458
20/06/2024 16:09:30;;15,481765029627;-0,018407539387635;-15,28881540211
20/06/2024 16:09:40;;15,385604998387;-0,018293206844855;-15,193853815761
20/06/2024 16:09:50;;15,289444967147;-0,018178874302074;-15,098892229413
20/06/2024 16:10:00;;15,193284935907;-0,018064541759294;-15,003930643064
20/06/2024 16:10:10;;15,097124904668;-0,017950209216514;-14,908969056716
20/06/2024 16:10:20;;15,000964873428;-0,017835876673733;-14,814007470367
20/06/2024 16:10:30;;14,904804842188;-0,017721544130953;-14,719045884019
20/06/2024 16:10:40;;14,808644810948;-0,017607211588173;-14,62408429767
20/06/2024 16:10:50;;14,712484779708;-0,017492879045392;-14,529122711322
20/06/2024 16:11:00;;14,616324748468;-0,017378546502612;-14,434161124973
20/06/2024 16:11:10;;14,520164717228;-0,017264213959832;-14,339199538625
20/06/2024 16:11:20;;14,424004685988;-0,017149881417051;-14,244237952276
20/06/2024 16:11:30;;14,327844654748;-0,017035548874271;-14,149276365928
20/06/2024 16:11:40;;14,231684623508;-0,016921216331491;-14,054314779579
20/06/2024 16:11:50;;14,135524592268;-0,01680688378871;-13,959353193231
20/06/2024 16:12:00;;14,039364561028;-0,01669255124593;-13,864391606882
20/06/2024 16:12:10;;13,943204529789;-0,01657821870315;-13,769430020534
20/06/2024 16:12:20;;13,847044498549;-0,016463886160369;-13,674468434185
20/06/2024 16:12:30;;13,750884467309;-0,016349553617589;-13,579506847837
20/06/2024 16:12:40;;13,654724436069;-0,016235221074809;-13,484545261488
20/06/2024 16:12:50;;13,558564404829;-0,016120888532028;-13,38958367514
20/06/2024 16:13:00;;13,462404373589;-0,016006555989248;-13,294622088791
20/06/2024 16:13:10;;13,366244342349;-0,015892223446468;-13,199660502443
20/06/2024 16:13:20;;13,270084311109;-0,015777890903687;-13,104698916094
20/06/2024 16:13:30;;13,173924279869;-0,015663558360907;-13,009737329746
20/06/2024 16:13:40;;13,077764248629;-0,015549225818127;-12,914775743397
20/06/2024 16:13:50;;12,981604217389;-0,015434893275346;-12,819814157048
20/06/2024 16:14:00;;12,885444186149;-0,015320560732566;-12,7248525707
20/06/2024 16:14:10;;12,789284154909;-0,015206228189786;-12,629890984351
20/06/2024 16:14:20;;12,69312412367;-0,015091895647005;-12,534929398003
20/06/2024 16:14:30;;12,59696409243;-0,014977563104225;-12,439967811654
20/06/2024 16:14:40;;12,50080406119;-0,014863230561445;-12,345006225306
20/06/2024 16:14:50;;12,40464402995;-0,014748898018664;-12,250044638957
20/06/2024 16:15:00;;12,30848399871;-0,014634565475884;-12,155083052609
20/06/2024 16:15:10;;12,21232396747;-0,014520232933103;-12,06012146626
20/06/2024 16:15:20;;12,11616393623;-0,014405900390323;-11,965159879912
20/06/2024 16:15:30;;12,02000390499;-0,014291567847543;-11,870198293563
20/06/2024 16:15:40;;11,92384387375;-0,014177235304762;-11,775236707215
20/06/2024 16:15:50;;11,82768384251;-0,014062902761982;-11,680275120866
20/06/2024 16:16:00;;11,73152381127;-0,013948570219202;-11,585313534518
20/06/2024 16:16:10;;11,63536378003;-0,013834237676421;-11,490351948169
20/06/2024 16:16:20;;11,53920374879;-0,013719905133641;-11,395390361821
20/06/2024 16:16:30;;11,443043717551;-0,013605572590861;-11,300428775472
20/06/2024 16:16:40;;11,346883686311;-0,01349124004808;-11,205467189124
20/06/2024 16:16:50;;11,250723655071;-0,0133769075053;-11,110505602775
20/06/2024 16:17:00;;11,154563623831;-0,01326257496252;-11,015544016427
20/06/2024 16:17:10;;11,058403592591;-0,013148242419739;-10,920582430078
20/06/2024 16:17:20;;10,962243561351;-0,013033909876959;-10,82562084373
20/06/2024 16:17:30;;10,866083530111;-0,012919577334179;-10,730659257381
20/06/2024 16:17:40;;10,769923498871;-0,012805244791398;-10,635697671033
20/06/2024 16:17:50;;10,673763467631;-0,012690912248618;-10,540736084684
20/06/2024 16:18:00;;10,577603436391;-0,012576579705838;-10,445774498336
20/06/2024 16:18:10;;10,481443405151;-0,012462247163057;-10,350812911987
20/06/2024 16:18:20;;10,385283373911;-0,012347914620277;-10,255851325639
20/06/2024 16:18:30;;10,289123342672;-0,012233582077497;-10,16088973929
20/06/2024 16:18:40;;10,192963311432;-0,012119249534716;-10,065928152942
20/06/2024 16:18:50;;10,096803280192;-0,012004916991936;-9,9709665665933
20/06/2024 16:19:00;;10,000643248952;-0,011890584449156;-9,8760049802448
20/06/2024 16:19:10;;9,9044832177118;-0,011776251906375;-9,7810433938963
20/06/2024 16:19:20;;9,8083231864719;-0,011661919363595;-9,6860818075478
20/06/2024 16:19:30;;9,712163155232;-0,011547586820815;-9,5911202211992
20/06/2024 16:19:40;;9,6160031239921;-0,011433254278034;-9,4961586348507
20/06/2024 16:19:50;;9,5198430927522;-0,011318921735254;-9,4011970485022
20/06/2024 16:20:00;;9,4236830615122;-0,011204589192474;-9,3062354621537
20/06/2024 16:20:10;;9,3275230302723;-0,011090256649693;-9,2112738758052
20/06/2024 16:20:20;;9,2313629990324;-0,010975924106913;-9,1163122894567
20/06/2024 16:20:30;;9,1352029677925;-0,010861591564133;-9,0213507031082
20/06/2024 16:20:40;;9,0390429365526;-0,010747259021352;-8,9263891167597
20/06/2024 16:20:50;;8,9428829053126;-0,010632926478572;-8,8314275304112
20/06/2024 16:21:00;;8,8467228740727;-0,010518593935792;-8,7364659440627
20/06/2024 16:21:10;;8,7505628428328;-0,010404261393011;-8,6415043577142
20/06/2024 16:21:20;;8,6544028115929;-0,010289928850231;-8,5465427713657
20/06/2024 16:21:30;;8,558242780353;-0,01017559630745;-8,4515811850172
20/06/2024 16:21:40;;8,462082749113;-0,01006126376467;-8,3566195986687
20/06/2024 16:21:50;;8,3659227178731;-0,0099469312218898;-8,2616580123201
20/06/2024 16:22:00;;8,2697626866332;-0,0098325986791095;-8,1666964259716
20/06/2024 16:22:10;;8,1736026553933;-0,0097182661363291;-8,0717348396231
20/06/2024 16:22:20;;8,0774426241533;-0,0096039335935488;-7,9767732532746
20/06/2024 16:22:30;;7,9812825929134;-0,0094896010507684;-7,8818116669261
20/06/2024 16:22:40;;7,8851225616735;-0,0093752685079881;-7,7868500805776
20/06/2024 16:22:50;;7,7889625304336;-0,0092609359652077;-7,6918884942291
20/06/2024 16:23:00;;7,6928024991937;-0,0091466034224274;-7,5969269078806
20/06/2024 16:23:10;;7,5966424679537;-0,0090322708796471;-7,5019653215321
20/06/2024 16:23:20;;7,5004824367138;-0,0089179383368667;-7,4070037351836
20/06/2024 16:23:30;;7,4043224054739;-0,0088036057940864;-7,3120421488351
20/06/2024 16:23:40;;7,308162374234;-0,008689273251306;-7,2170805624866
20/06/2024 16:23:50;;7,2120023429941;-0,0085749407085257;-7,1221189761381
20/06/2024 16:24:00;;7,1158423117541;-0,0084606081657453;-7,0271573897895
20/06/2024 16:24:10;;7,0196822805142;-0,008346275622965;-6,932195803441
20/06/2024 16:24:20;;6,9235222492743;-0,0082319430801847;-6,8372342170925
20/06/2024 16:24:30;;6,8273622180344;-0,0081176105374043;-6,742272630744
20/06/2024 16:24:40;;6,7312021867945;-0,008003277994624;-6,6473110443955
20/06/2024 16:24:50;;6,6350421555545;-0,0078889454518436;-6,552349458047
20/06/2024 16:25:00;;6,5388821243146;-0,0077746129090633;-6,4573878716985
20/06/2024 16:25:10;;6,4427220930747;-0,0076602803662829;-6,36242628535
20/06/2024 16:25:20;;6,3465620618348;-0,0075459478235026;-6,2674646990015
20/06/2024 16:25:30;;6,2504020305949;-0,0074316152807223;-6,172503112653
20/06/2024 16:25:40;;6,1542419993549;-0,0073172827379419;-6,0775415263045
20/06/2024 16:25:50;;6,058081968115;-0,0072029501951616;-5,982579939956
20/06/2024 16:26:00;;5,9619219368751;-0,0070886176523812;-5,8876183536075
20/06/2024 16:26:10;;5,8657619056352;-0,0069742851096009;-5,792656767259
20/06/2024 16:26:20;;5,7696018743952;-0,0068599525668205;-5,6976951809104
20/06/2024 16:26:30;;5,6734418431553;-0,0067456200240402;-5,6027335945619
20/06/2024 16:26:40;;5,5772818119154;-0,0066312874812599;-5,5077720082134
20/06/2024 16:26:50;;5,4811217806755;-0,0065169549384795;-5,4128104218649
20/06/2024 16:27:00;;5,3849617494356;-0,0064026223956992;-5,3178488355164
20/06/2024 16:27:10;;5,2888017181956;-0,0062882898529188;-5,2228872491679
20/06/2024 16:27:20;;5,1926416869557;-0,0061739573101385;-5,1279256628194
20/06/2024 16:27:30;;5,0964816557158;-0,0060596247673581;-5,0329640764709
20/06/2024 16:27:40;;5,0003216244759;-0,0059452922245778;-4,9380024901224
20/06/2024 16:27:50;;4,904161593236;-0,0058309596817975;-4,8430409037739
20/06/2024 16:28:00;;4,808001561996;-0,0057166271390171;-4,7480793174254
20/06/2024 16:28:10;;4,7118415307561;-0,0056022945962368;-4,6531177310769
20/06/2024 16:28:20;;4,6156814995162;-0,0054879620534564;-4,5581561447284
20/06/2024 16:28:30;;4,5195214682763;-0,0053736295106761;-4,4631945583798
20/06/2024 16:28:40;;4,4233614370364;-0,0052592969678958;-4,3682329720313
20/06/2024 16:28:50;;4,3272014057964;-0,0051449644251154;-4,2732713856828
20/06/2024 16:29:00;;4,2310413745565;-0,0050306318823351;-4,1783097993343
20/06/2024 16:29:10;;4,1348813433166;-0,0049162993395547;-4,0833482129858
20/06/2024 16:29:20;;4,0387213120767;-0,0048019667967744;-3,9883866266373
20/06/2024 16:29:30;;3,9425612808368;-0,004687634253994;-3,8934250402888
20/06/2024 16:29:40;;3,8464012495968;-0,0045733017112137;-3,7984634539403
20/06/2024 16:29:50;;3,7502412183569;-0,0044589691684334;-3,7035018675918
20/06/2024 16:30:00;;3,654081187117;-0,004344636625653;-3,6085402812433
20/06/2024 16:30:10;;3,5579211558771;-0,0042303040828727;-3,5135786948948
20/06/2024 16:30:20;;3,4617611246371;-0,0041159715400923;-3,4186171085463
20/06/2024 16:30:30;;3,3656010933972;-0,004001638997312;-3,3236555221978
20/06/2024 16:30:40;;3,2694410621573;-0,0038873064545316;-3,2286939358493
20/06/2024 16:30:50;;3,1732810309174;-0,0037729739117513;-3,1337323495007
20/06/2024 16:31:00;;3,0771209996775;-0,003658641368971;-3,0387707631522
20/06/2024 16:31:10;;2,9809609684375;-0,0035443088261906;-2,9438091768037
20/06/2024 16:31:20;;2,8848009371976;-0,0034299762834103;-2,8488475904552
20/06/2024 16:31:30;;2,7886409059577;-0,0033156437406299;-2,7538860041067
20/06/2024 16:31:40;;2,6924808747178;-0,0032013111978496;-2,6589244177582
20/06/2024 16:31:50;;2,5963208434779;-0,0030869786550692;-2,5639628314097
20/06/2024 16:32:00;;2,5001608122379;-0,0029726461122889;-2,4690012450612
20/06/2024 16:32:10;;2,404000780998;-0,0028583135695086;-2,3740396587127
20/06/2024 16:32:20;;2,3078407497581;-0,0027439810267282;-2,2790780723642
20/06/2024 16:32:30;;2,2116807185182;-0,0026296484839479;-2,1841164860157
20/06/2024 16:32:40;;2,1155206872783;-0,0025153159411675;-2,0891548996672
20/06/2024 16:32:50;;2,0193606560383;-0,0024009833983872;-1,9941933133187
20/06/2024 16:33:00;;1,9232006247984;-0,0022866508556068;-1,8992317269702
20/06/2024 16:33:10;;1,8270405935585;-0,0021723183128265;-1,8042701406216
20/06/2024 16:33:20;;1,7308805623186;-0,0020579857700462;-1,7093085542731
20/06/2024 16:33:30;;1,6347205310787;-0,0019436532272658;-1,6143469679246
20/06/2024 16:33:40;;1,5385604998387;-0,0018293206844855;-1,5193853815761
20/06/2024 16:33:50;;1,4424004685988;-0,0017149881417051;-1,4244237952276
20/06/2024 16:34:00;;1,3462404373589;-0,0016006555989248;-1,3294622088791
20/06/2024 16:34:10;;1,250080406119;-0,0014863230561445;-1,2345006225306
20/06/2024 16:34:20;;1,153920374879;-0,0013719905133641;-1,1395390361821
20/06/2024 16:34:30;;1,0577603436391;-0,0012576579705838;-1,0445774498336
20/06/2024 16:34:40;;0,96160031239921;-0,0011433254278034;-0,94961586348508
20/06/2024 16:34:50;;0,86544028115929;-0,0010289928850231;-0,85465427713657
20/06/2024 16:35:00;;0,76928024991937;-0,00091466034224274;-0,75969269078806
20/06/2024 16:35:10;;0,67312021867945;-0,0008003277994624;-0,66473110443955
20/06/2024 16:35:20;;0,57696018743952;-0,00068599525668205;-0,56976951809105
20/06/2024 16:35:30;;0,4808001561996;-0,00057166271390171;-0,47480793174254
20/06/2024 16:35:40;;0,38464012495968;-0,00045733017112137;-0,37984634539403
20/06/2024 16:35:50;;0,28848009371976;-0,00034299762834103;-0,28488475904553
20/06/2024 16:36:00;;0,19232006247984;-0,00022866508556068;-0,18992317269701
20/06/2024 16:36:10;;0,096160031239922;-0,00011433254278034;-0,094961586348507
20/06/2024 16:36:20;;0;0;0
20/06/2024 16:36:30;;;;
20/06/2024 16:36:40;;;;
20/06/2024 16:36:50;;;;
20/06/2024 16:37:00;;;;
20/06/2024 16:37:10;;;;
20/06/2024 16:37:20;;;;
20/06/2024 16:37:30;;;;
20/06/2024 16:37:40;;;;
20/06/2024 16:37:50;;;;
20/06/2024 16:38:00;;;;
20/06/2024 16:38:10;;;;
20/06/2024 16:38:20;;;;
20/06/2024 16:38:30;;;;
20/06/2024 16:38:40;;;;
20/06/2024 16:38:50;;;;
20/06/2024 16:39:00;;;;
20/06/2024 16:39:10;;;;
20/06/2024 16:39:20;;;;
20/06/2024 16:39:30;;;;
20/06/2024 16:39:40;;;;
20/06/2024 16:39:50;;;;
20/06/2024 16:40:00;;;;
20/06/2024 16:40:10;;;;
20/06/2024 16:40:20;;;;
20/06/2024 16:40:30;;;;
20/06/2024 16:40:40;;;;
20/06/2024 16:40:50;;;;
20/06/2024 16:41:00;;;;
20/06/2024 16:41:10;;;;
20/06/2024 16:41:20;;;;
20/06/2024 16:41:30;;;;
20/06/2024 16:41:40;;;;
20/06/2024 16:41:50;;;;
20/06/2024 16:42:00;;;;
20/06/2024 16:42:10;;;;
20/06/2024 16:42:20;;;;
20/06/2024 16:42:30;;;;
20/06/2024 16:42:40;;;;
20/06/2024 16:42:50;;;;
20/06/2024 16:43:00;;;;
20/06/2024 16:43:10;;;;
20/06/2024 16:43:20;;;;
20/06/2024 16:43:30;;;;
20/06/2024 16:43:40;;;;
20/06/2024 16:43:50;;;;
20/06/2024 16:44:00;;;;
20/06/2024 16:44:10;;;;
20/06/2024 16:44:20;;;;
20/06/2024 16:44:30;;;;
20/06/2024 16:44:40;;;;
20/06/2024 16:44:50;;;;
20/06/2024 16:45:00;;;;
20/06/2024 16:45:10;;;;
20/06/2024 16:45:20;;;;
20/06/2024 16:45:30;;;;
20/06/2024 16:45:40;;;;
20/06/2024 16:45:50;;;;
20/06/2024 16:46:00;;;;
20/06/2024 16:46:10;;;;
20/06/2024 16:46:20;;;;
20/06/2024 16:46:30;;;;
20/06/2024 16:46:40;;;;
20/06/2024 16:46:50;;;;
20/06/2024 16:47:00;;;;
20/06/2024 16:47:10;;;;
20/06/2024 16:47:20;;;;
20/06/2024 16:47:30;;;;
20/06/2024 16:47:40;;;;
20/06/2024 16:47:50;;;;
20/06/2024 16:48:00;;;;
20/06/2024 16:48:10;;;;
20/06/2024 16:48:20;;;;
20/06/2024 16:48:30;;;;
20/06/2024 16:48:40;;;;
20/06/2024 16:48:50;;;;
20/06/2024 16:49:00;;;;
20/06/2024 16:49:10;;;;
20/06/2024 16:49:20;;;;
20/06/2024 16:49:30;;;;
20/06/2024 16:49:40;;;;
20/06/2024 16:49:50;;;;
20/06/2024 16:50:00;;;;
20/06/2024 16:50:10;;;;
20/06/2024 16:50:20;;;;
20/06/2024 16:50:30;;;;
20/06/2024 16:50:40;;;;
20/06/2024 16:50:50;;;;
20/06/2024 16:51:00;;;;
20/06/2024 16:51:10;;;;
20/06/2024 16:51:20;;;;
20/06/2024 16:51:30;;;;
20/06/2024 16:51:40;;;;
20/06/2024 16:51:50;;;;
20/06/2024 16:52:00;;;;
20/06/2024 16:52:10;;;;
20/06/2024 16:52:20;;;;
20/06/2024 16:52:30;;;;
20/06/2024 16:52:40;;;;
20/06/2024 16:52:50;;;;
20/06/2024 16:53:00;;;;
20/06/2024 16:53:10;;;;
20/06/2024 16:53:20;;;;
20/06/2024 16:53:30;;;;
20/06/2024 16:53:40;;;;
20/06/2024 16:53:50;;;;
20/06/2024 16:54:00;;;;
20/06/2024 16:54:10;;;;
20/06/2024 16:54:20;;;;
20/06/2024 16:54:30;;;;
20/06/2024 16:54:40;;;;
20/06/2024 16:54:50;;;;
20/06/2024 16:55:00;;;;
20/06/2024 16:55:10;;;;
20/06/2024 16:55:20;;;;
20/06/2024 16:55:30;;;;
20/06/2024 16:55:40;;;;
20/06/2024 16:55:50;;;;
20/06/2024 16:56:00;;;;
20/06/2024 16:56:10;;;;
20/06/2024 16:56:20;;;;
20/06/2024 16:56:30;;;;
20/06/2024 16:56:40;;;;
20/06/2024 16:56:50;;;;
20/06/2024 16:57:00;;;;
20/06/2024 16:57:10;;;;
20/06/2024 16:57:20;;;;
20/06/2024 16:57:30;;;;
20/06/2024 16:57:40;;;;
20/06/2024 16:57:50;;;;
20/06/2024 16:58:00;;;;
20/06/2024 16:58:10;;;;
20/06/2024 16:58:20;;;;
20/06/2024 16:58:30;;;;
20/06/2024 16:58:40;;;;
20/06/2024 16:58:50;;;;
20/06/2024 16:59:00;;;;
20/06/2024 16:59:10;;;;
20/06/2024 16:59:20;;;;
20/06/2024 16:59:30;;;;
20/06/2024 16:59:40;;;;
20/06/2024 16:59:50;;;;
20/06/2024 17:00:00;;;;
20/06/2024 17:00:10;;;;
20/06/2024 17:00:20;;;;
20/06/2024 17:00:30;;;;
20/06/2024 17:00:40;;;;
20/06/2024 17:00:50;;;;
20/06/2024 17:01:00;;;;
20/06/2024 17:01:10;;;;
20/06/2024 17:01:20;;;;
20/06/2024 17:01:30;;;;
20/06/2024 17:01:40;;;;
20/06/2024 17:01:50;;;;
20/06/2024 17:02:00;;;;
20/06/2024 17:02:10;;;;
20/06/2024 17:02:20;;;;
20/06/2024 17:02:30;;;;
20/06/2024 17:02:40;;;;
20/06/2024 17:02:50;;;;
20/06/2024 17:03:00;;;;
20/06/2024 17:03:10;;;;
20/06/2024 17:03:20;;;;
20/06/2024 17:03:30;;;;
20/06/2024 17:03:40;;;;
20/06/2024 17:03:50;;;;
20/06/2024 17:04:00;;;;
20/06/2024 17:04:10;;;;
20/06/2024 17:04:20;;;;
20/06/2024 17:04:30;;;;
20/06/2024 17:04:40;;;;
20/06/2024 17:04:50;;;;
20/06/2024 17:05:00;;;;
20/06/2024 17:05:10;;;;
20/06/2024 17:05:20;;;;
20/06/2024 17:05:30;;;;
20/06/2024 17:05:40;;;;
20/06/2024 17:05:50;;;;
20/06/2024 17:06:00;;;;
20/06/2024 17:06:10;;;;
20/06/2024 17:06:20;;;;
20/06/2024 17:06:30;;;;
20/06/2024 17:06:40;;;;
20/06/2024 17:06:50;;;;
20/06/2024 17:07:00;;;;
20/06/2024 17:07:10;;;;
20/06/2024 17:07:20;;;;
20/06/2024 17:07:30;;;;
20/06/2024 17:07:40;;;;
20/06/2024 17:07:50;;;;
20/06/2024 17:08:00;;;;
20/06/2024 17:08:10;;;;
20/06/2024 17:08:20;;;;
20/06/2024 17:08:30;;;;
20/06/2024 17:08:40;;;;
20/06/2024 17:08:50;;;;
20/06/2024 17:09:00;;;;
20/06/2024 17:09:10;;;;
20/06/2024 17:09:20;;;;
20/06/2024 17:09:30;;;;
20/06/2024 17:09:40;;;;
20/06/2024 17:09:50;;;;
20/06/2024 17:10:00;;;;
20/06/2024 17:10:10;;;;
20/06/2024 17:10:20;;;;
20/06/2024 17:10:30;;;;
20/06/2024 17:10:40;;;;
20/06/2024 17:10:50;;;;
20/06/2024 17:11:00;;;;
20/06/2024 17:11:10;;;;
20/06/2024 17:11:20;;;;
20/06/2024 17:11:30;;;;
20/06/2024 17:11:40;;;;
20/06/2024 17:11:50;;;;
20/06/2024 17:12:00;;;;
20/06/2024 17:12:10;;;;
20/06/2024 17:12:20;;;;
20/06/2024 17:12:30;;;;
20/06/2024 17:12:40;;;;
20/06/2024 17:12:50;;;;
20/06/2024 17:13:00;;;;
20/06/2024 17:13:10;;;;
20/06/2024 17:13:20;;;;
20/06/2024 17:13:30;;;;
20/06/2024 17:13:40;;;;
20/06/2024 17:13:50;;;;
20/06/2024 17:14:00;;;;
20/06/2024 17:14:10;;;;
20/06/2024 17:14:20;;;;
20/06/2024 17:14:30;;;;
20/06/2024 17:14:40;;;;
20/06/2024 17:14:50;;;;
20/06/2024 17:15:00;;;;
20/06/2024 17:15:10;;;;
20/06/2024 17:15:20;;;;
20/06/2024 17:15:30;;;;
20/06/2024 17:15:40;;;;
20/06/2024 17:15:50;;;;
20/06/2024 17:16:00;;;;
20/06/2024 17:16:10;;;;
20/06/2024 17:16:20;;;;
20/06/2024 17:16:30;;;;
20/06/2024 17:16:40;;;;
20/06/2024 17:16:50;;;;
20/06/2024 17:17:00;;;;
20/06/2024 17:17:10;;;;
20/06/2024 17:17:20;;;;
20/06/2024 17:17:30;;;;
20/06/2024 17:17:40;;;;
20/06/2024 17:17:50;;;;
20/06/2024 17:18:00;;;;
20/06/2024 17:18:10;;;;
20/06/2024 17:18:20;;;;
20/06/2024 17:18:30;;;;
20/06/2024 17:18:40;;;;
20/06/2024 17:18:50;;;;
20/06/2024 17:19:00;;;;
20/06/2024 17:19:10;;;;
20/06/2024 17:19:20;;;;
20/06/2024 17:19:30;;;;
20/06/2024 17:19:40;;;;
20/06/2024 17:19:50;;;;
20/06/2024 17:20:00;;;;
20/06/2024 17:20:10;;;;
20/06/2024 17:20:20;;;;
20/06/2024 17:20:30;;;;
20/06/2024 17:20:40;;;;
20/06/2024 17:20:50;;;;
20/06/2024 17:21:00;;;;
20/06/2024 17:21:10;;;;
20/06/2024 17:21:20;;;;
20/06/2024 17:21:30;;;;
20/06/2024 17:21:40;;;;
20/06/2024 17:21:50;;;;
20/06/2024 17:22:00;;;;
20/06/2024 17:22:10;;;;
20/06/2024 17:22:20;;;;
20/06/2024 17:22:30;;;;
20/06/2024 17:22:40;;;;
20/06/2024 17:22:50;;;;
20/06/2024 17:23:00;;;;
20/06/2024 17:23:10;;;;
20/06/2024 17:23:20;;;;
20/06/2024 17:23:30;;;;
20/06/2024 17:23:40;;;;
20/06/2024 17:23:50;;;;
20/06/2024 17:24:00;;;;
20/06/2024 17:24:10;;;;
20/06/2024 17:24:20;;;;
20/06/2024 17:24:30;;;;
20/06/2024 17:24:40;;;;
20/06/2024 17:24:50;;;;
20/06/2024 17:25:00;;;;
20/06/2024 17:25:10;;;;
20/06/2024 17:25:20;;;;
20/06/2024 17:25:30;;;;
20/06/2024 17:25:40;;;;
20/06/2024 17:25:50;;;;
20/06/2024 17:26:00;;;;
20/06/2024 17:26:10;;;;
20/06/2024 17:26:20;;;;
20/06/2024 17:26:30;;;;
20/06/2024 17:26:40;;;;
20/06/2024 17:26:50;;;;
20/06/2024 17:27:00;;;;
20/06/2024 17:27:10;;;;
20/06/2024 17:27:20;;;;
20/06/2024 17:27:30;;;;
20/06/2024 17:27:40;;;;
20/06/2024 17:27:50;;;;
20/06/2024 17:28:00;;;;
20/06/2024 17:28:10;;;;
20/06/2024 17:28:20;;;;
20/06/2024 17:28:30;;;;
20/06/2024 17:28:40;;;;
20/06/2024 17:28:50;;;;
20/06/2024 17:29:00;;;;
20/06/2024 17:29:10;;;;
20/06/2024 17:29:20;;;;
20/06/2024 17:29:30;;;;
20/06/2024 17:29:40;;;;
20/06/2024 17:29:50;;;;
20/06/2024 17:30:00;;;;
20/06/2024 17:30:10;;;;
20/06/2024 17:30:20;;;;
20/06/2024 17:30:30;;;;
20/06/2024 17:30:40;;;;
20/06/2024 17:30:50;;;;
20/06/2024 17:31:00;;;;
20/06/2024 17:31:10;;;;
20/06/2024 17:31:20;;;;
20/06/2024 17:31:30;;;;
20/06/2024 17:31:40;;;;
20/06/2024 17:31:50;;;;
20/06/2024 17:32:00;;;;
20/06/2024 17:32:10;;;;
20/06/2024 17:32:20;;;;
20/06/2024 17:32:30;;;;
20/06/2024 17:32:40;;;;
20/06/2024 17:32:50;;;;
20/06/2024 17:33:00;;;;
20/06/2024 17:33:10;;;;
20/06/2024 17:33:20;;;;
20/06/2024 17:33:30;;;;
20/06/2024 17:33:40;;;;
20/06/2024 17:33:50;;;;
20/06/2024 17:34:00;;;;
20/06/2024 17:34:10;;;;
20/06/2024 17:34:20;;;;
20/06/2024 17:34:30;;;;
20/06/2024 17:34:40;;;;
20/06/2024 17:34:50;;;;
20/06/2024 17:35:00;;;;
20/06/2024 17:35:10;;;;
20/06/2024 17:35:20;;;;
20/06/2024 17:35:30;;;;
20/06/2024 17:35:40;;;;
20/06/2024 17:35:50;;;;
20/06/2024 17:36:00;;;;
20/06/2024 17:36:10;;;;
20/06/2024 17:36:20;;;;
20/06/2024 17:36:30;;;;
20/06/2024 17:36:40;;;;
20/06/2024 17:36:50;;;;
20/06/2024 17:37:00;;;;
20/06/2024 17:37:10;;;;
20/06/2024 17:37:20;;;;
20/06/2024 17:37:30;;;;
20/06/2024 17:37:40;;;;
20/06/2024 17:37:50;;;;
20/06/2024 17:38:00;;;;
20/06/2024 17:38:10;;;;
20/06/2024 17:38:20;;;;
20/06/2024 17:38:30;;;;
20/06/2024 17:38:40;;;;
20/06/2024 17:38:50;;;;
20/06/2024 17:39:00;;;;
20/06/2024 17:39:10;;;;
20/06/2024 17:39:20;;;;
20/06/2024 17:39:30;;;;
20/06/2024 17:39:40;;;;
20/06/2024 17:39:50;;;;
20/06/2024 17:40:00;;;;
20/06/2024 17:40:10;;;;
20/06/2024 17:40:20;;;;
20/06/2024 17:40:30;;;;
20/06/2024 17:40:40;;;;
20/06/2024 17:40:50;;;;
20/06/2024 17:41:00;;;;
20/06/2024 17:41:10;;;;
20/06/2024 17:41:20;;;;
20/06/2024 17:41:30;;;;
20/06/2024 17:41:40;;;;
20/06/2024 17:41:50;;;;
20/06/2024 17:42:00;;;;
20/06/2024 17:42:10;;;;
20/06/2024 17:42:20;;;;
20/06/2024 17:42:30;;;;
20/06/2024 17:42:40;;;;
20/06/2024 17:42:50;;;;
20/06/2024 17:43:00;;;;
20/06/2024 17:43:10;;;;
20/06/2024 17:43:20;;;;
20/06/2024 17:43:30;;;;
20/06/2024 17:43:40;;;;
20/06/2024 17:43:50;;;;
20/06/2024 17:44:00;;;;
20/06/2024 17:44:10;;;;
20/06/2024 17:44:20;;;;
20/06/2024 17:44:30;;;;
20/06/2024 17:44:40;;;;
20/06/2024 17:44:50;;;;
20/06/2024 17:45:00;;;;
20/06/2024 17:45:10;;;;
20/06/2024 17:45:20;;;;
20/06/2024 17:45:30;;;;
20/06/2024 17:45:40;;;;
20/06/2024 17:45:50;;;;
20/06/2024 17:46:00;;;;
20/06/2024 17:46:10;;;;
20/06/2024 17:46:20;;;;
20/06/2024 17:46:30;;;;
20/06/2024 17:46:40;;;;
20/06/2024 17:46:50;;;;
20/06/2024 17:47:00;;;;
20/06/2024 17:47:10;;;;
20/06/2024 17:47:20;;;;
20/06/2024 17:47:30;;;;
20/06/2024 17:47:40;;;;
20/06/2024 17:47:50;;;;
20/06/2024 17:48:00;;;;
20/06/2024 17:48:10;;;;
20/06/2024 17:48:20;;;;
20/06/2024 17:48:30;;;;
20/06/2024 17:48:40;;;;
20/06/2024 17:48:50;;;;
20/06/2024 17:49:00;;;;
20/06/2024 17:49:10;;;;
20/06/2024 17:49:20;;;;
20/06/2024 17:49:30;;;;
20/06/2024 17:49:40;;;;
20/06/2024 17:49:50;;;;
20/06/2024 17:50:00;;;;
20/06/2024 17:50:10;;;;
20/06/2024 17:50:20;;;;
20/06/2024 17:50:30;;;;
20/06/2024 17:50:40;;;;
20/06/2024 17:50:50;;;;
20/06/2024 17:51:00;;;;
20/06/2024 17:51:10;;;;
20/06/2024 17:51:20;;;;
20/06/2024 17:51:30;;;;
20/06/2024 17:51:40;;;;
20/06/2024 17:51:50;;;;
20/06/2024 17:52:00;;;;
20/06/2024 17:52:10;;;;
20/06/2024 17:52:20;;;;
20/06/2024 17:52:30;;;;
20/06/2024 17:52:40;;;;
20/06/2024 17:52:50;;;;
20/06/2024 17:53:00;;;;
20/06/2024 17:53:10;;;;
20/06/2024 17:53:20;;;;
20/06/2024 17:53:30;;;;
20/06/2024 17:53:40;;;;
20/06/2024 17:53:50;;;;
20/06/2024 17:54:00;;;;
20/06/2024 17:54:10;;;;
20/06/2024 17:54:20;;;;
20/06/2024 17:54:30;;;;
20/06/2024 17:54:40;;;;
20/06/2024 17:54:50;;;;
20/06/2024 17:55:00;;;;
20/06/2024 17:55:10;;;;
20/06/2024 17:55:20;;;;
20/06/2024 17:55:30;;;;
20/06/2024 17:55:40;;;;
20/06/2024 17:55:50;;;;
20/06/2024 17:56:00;;;;
20/06/2024 17:56:10;;;;
20/06/2024 17:56:20;;;;
20/06/2024 17:56:30;;;;
20/06/2024 17:56:40;;;;
20/06/2024 17:56:50;;;;
20/06/2024 17:57:00;;;;
20/06/2024 17:57:10;;;;
20/06/2024 17:57:20;;;;
20/06/2024 17:57:30;;;;
20/06/2024 17:57:40;;;;
20/06/2024 17:57:50;;;;
20/06/2024 17:58:00;;;;
20/06/2024 17:58:10;;;;
20/06/2024 17:58:20;;;;
20/06/2024 17:58:30;;;;
20/06/2024 17:58:40;;;;
20/06/2024 17:58:50;;;;
20/06/2024 17:59:00;;;;
20/06/2024 17:59:10;;;;
20/06/2024 17:59:20;;;;
20/06/2024 17:59:30;;;;
20/06/2024 17:59:40;;;;
20/06/2024 17:59:50;;;;
20/06/2024 18:00:00;;;;
20/06/2024 18:00:10;;;;
20/06/2024 18:00:20;;;;
20/06/2024 18:00:30;;;;
20/06/2024 18:00:40;;;;
20/06/2024 18:00:50;;;;
