Data;CH4;CO2;O2;H2S;CH4PPM;N2
20/06/2024 02:00:00;;;;;;
20/06/2024 02:00:10;;;;;;
20/06/2024 02:00:20;;;;;;
20/06/2024 02:00:30;;;;;;
20/06/2024 02:00:40;;;;;;
20/06/2024 02:00:50;;;;;;
20/06/2024 02:01:00;;;;;;
20/06/2024 02:01:10;;;;;;
20/06/2024 02:01:20;;;;;;
20/06/2024 02:01:30;;;;;;
20/06/2024 02:01:40;;;;;;
20/06/2024 02:01:50;;;;;;
20/06/2024 02:02:00;;;;;;
20/06/2024 02:02:10;;;;;;
20/06/2024 02:02:20;;;;;;
20/06/2024 02:02:30;;;;;;
20/06/2024 02:02:40;;;;;;
20/06/2024 02:02:50;;;;;;
20/06/2024 02:03:00;;;;;;
20/06/2024 02:03:10;;;;;;
20/06/2024 02:03:20;;;;;;
20/06/2024 02:03:30;;;;;;
20/06/2024 02:03:40;;;;;;
20/06/2024 02:03:50;;;;;;
20/06/2024 02:04:00;;;;;;
20/06/2024 02:04:10;;;;;;
20/06/2024 02:04:20;;;;;;
20/06/2024 02:04:30;;;;;;
20/06/2024 02:04:40;;;;;;
20/06/2024 02:04:50;;;;;;
20/06/2024 02:05:00;;;;;;
20/06/2024 02:05:10;;;;;;
20/06/2024 02:05:20;;;;;;
20/06/2024 02:05:30;;;;;;
20/06/2024 02:05:40;;;;;;
20/06/2024 02:05:50;;;;;;
20/06/2024 02:06:00;;;;;;
20/06/2024 02:06:10;;;;;;
20/06/2024 02:06:20;;;;;;
20/06/2024 02:06:30;;;;;;
20/06/2024 02:06:40;;;;;;
20/06/2024 02:06:50;;;;;;
20/06/2024 02:07:00;;;;;;
20/06/2024 02:07:10;;;;;;
20/06/2024 02:07:20;;;;;;
20/06/2024 02:07:30;;;;;;
20/06/2024 02:07:40;;;;;;
20/06/2024 02:07:50;;;;;;
20/06/2024 02:08:00;;;;;;
20/06/2024 02:08:10;;;;;;
20/06/2024 02:08:20;;;;;;
20/06/2024 02:08:30;;;;;;
20/06/2024 02:08:40;;;;;;
20/06/2024 02:08:50;;;;;;
20/06/2024 02:09:00;;;;;;
20/06/2024 02:09:10;;;;;;
20/06/2024 02:09:20;;;;;;
20/06/2024 02:09:30;;;;;;
20/06/2024 02:09:40;;;;;;
20/06/2024 02:09:50;;;;;;
20/06/2024 02:10:00;;;;;;
20/06/2024 02:10:10;;;;;;
20/06/2024 02:10:20;;;;;;
20/06/2024 02:10:30;;;;;;
20/06/2024 02:10:40;;;;;;
20/06/2024 02:10:50;;;;;;
20/06/2024 02:11:00;;;;;;
20/06/2024 02:11:10;;;;;;
20/06/2024 02:11:20;;;;;;
20/06/2024 02:11:30;;;;;;
20/06/2024 02:11:40;;;;;;
20/06/2024 02:11:50;;;;;;
20/06/2024 02:12:00;;;;;;
20/06/2024 02:12:10;;;;;;
20/06/2024 02:12:20;;;;;;
20/06/2024 02:12:30;;;;;;
20/06/2024 02:12:40;;;;;;
20/06/2024 02:12:50;;;;;;
20/06/2024 02:13:00;;;;;;
20/06/2024 02:13:10;;;;;;
20/06/2024 02:13:20;;;;;;
20/06/2024 02:13:30;;;;;;
20/06/2024 02:13:40;;;;;;
20/06/2024 02:13:50;;;;;;
20/06/2024 02:14:00;;;;;;
20/06/2024 02:14:10;;;;;;
20/06/2024 02:14:20;;;;;;
20/06/2024 02:14:30;;;;;;
20/06/2024 02:14:40;;;;;;
20/06/2024 02:14:50;;;;;;
20/06/2024 02:15:00;;;;;;
20/06/2024 02:15:10;;;;;;
20/06/2024 02:15:20;;;;;;
20/06/2024 02:15:30;;;;;;
20/06/2024 02:15:40;;;;;;
20/06/2024 02:15:50;;;;;;
20/06/2024 02:16:00;;;;;;
20/06/2024 02:16:10;;;;;;
20/06/2024 02:16:20;;;;;;
20/06/2024 02:16:30;;;;;;
20/06/2024 02:16:40;;;;;;
20/06/2024 02:16:50;;;;;;
20/06/2024 02:17:00;;;;;;
20/06/2024 02:17:10;;;;;;
20/06/2024 02:17:20;;;;;;
20/06/2024 02:17:30;;;;;;
20/06/2024 02:17:40;;;;;;
20/06/2024 02:17:50;;;;;;
20/06/2024 02:18:00;;;;;;
20/06/2024 02:18:10;;;;;;
20/06/2024 02:18:20;;;;;;
20/06/2024 02:18:30;;;;;;
20/06/2024 02:18:40;;;;;;
20/06/2024 02:18:50;;;;;;
20/06/2024 02:19:00;;;;;;
20/06/2024 02:19:10;;;;;;
20/06/2024 02:19:20;;;;;;
20/06/2024 02:19:30;;;;;;
20/06/2024 02:19:40;;;;;;
20/06/2024 02:19:50;;;;;;
20/06/2024 02:20:00;;;;;;
20/06/2024 02:20:10;;;;;;
20/06/2024 02:20:20;;;;;;
20/06/2024 02:20:30;;;;;;
20/06/2024 02:20:40;;;;;;
20/06/2024 02:20:50;;;;;;
20/06/2024 02:21:00;;;;;;
20/06/2024 02:21:10;;;;;;
20/06/2024 02:21:20;;;;;;
20/06/2024 02:21:30;;;;;;
20/06/2024 02:21:40;;;;;;
20/06/2024 02:21:50;;;;;;
20/06/2024 02:22:00;;;;;;
20/06/2024 02:22:10;;;;;;
20/06/2024 02:22:20;;;;;;
20/06/2024 02:22:30;;;;;;
20/06/2024 02:22:40;;;;;;
20/06/2024 02:22:50;;;;;;
20/06/2024 02:23:00;;;;;;
20/06/2024 02:23:10;;;;;;
20/06/2024 02:23:20;;;;;;
20/06/2024 02:23:30;;;;;;
20/06/2024 02:23:40;;;;;;
20/06/2024 02:23:50;;;;;;
20/06/2024 02:24:00;;;;;;
20/06/2024 02:24:10;;;;;;
20/06/2024 02:24:20;;;;;;
20/06/2024 02:24:30;;;;;;
20/06/2024 02:24:40;;;;;;
20/06/2024 02:24:50;;;;;;
20/06/2024 02:25:00;;;;;;
20/06/2024 02:25:10;;;;;;
20/06/2024 02:25:20;;;;;;
20/06/2024 02:25:30;;;;;;
20/06/2024 02:25:40;;;;;;
20/06/2024 02:25:50;;;;;;
20/06/2024 02:26:00;;;;;;
20/06/2024 02:26:10;;;;;;
20/06/2024 02:26:20;;;;;;
20/06/2024 02:26:30;;;;;;
20/06/2024 02:26:40;;;;;;
20/06/2024 02:26:50;;;;;;
20/06/2024 02:27:00;;;;;;
20/06/2024 02:27:10;;;;;;
20/06/2024 02:27:20;;;;;;
20/06/2024 02:27:30;;;;;;
20/06/2024 02:27:40;;;;;;
20/06/2024 02:27:50;;;;;;
20/06/2024 02:28:00;;;;;;
20/06/2024 02:28:10;;;;;;
20/06/2024 02:28:20;;;;;;
20/06/2024 02:28:30;;;;;;
20/06/2024 02:28:40;;;;;;
20/06/2024 02:28:50;;;;;;
20/06/2024 02:29:00;;;;;;
20/06/2024 02:29:10;;;;;;
20/06/2024 02:29:20;;;;;;
20/06/2024 02:29:30;;;;;;
20/06/2024 02:29:40;;;;;;
20/06/2024 02:29:50;;;;;;
20/06/2024 02:30:00;;;;;;
20/06/2024 02:30:10;;;;;;
20/06/2024 02:30:20;;;;;;
20/06/2024 02:30:30;;;;;;
20/06/2024 02:30:40;;;;;;
20/06/2024 02:30:50;;;;;;
20/06/2024 02:31:00;;;;;;
20/06/2024 02:31:10;;;;;;
20/06/2024 02:31:20;;;;;;
20/06/2024 02:31:30;;;;;;
20/06/2024 02:31:40;;;;;;
20/06/2024 02:31:50;;;;;;
20/06/2024 02:32:00;;;;;;
20/06/2024 02:32:10;;;;;;
20/06/2024 02:32:20;;;;;;
20/06/2024 02:32:30;;;;;;
20/06/2024 02:32:40;;;;;;
20/06/2024 02:32:50;;;;;;
20/06/2024 02:33:00;;;;;;
20/06/2024 02:33:10;;;;;;
20/06/2024 02:33:20;;;;;;
20/06/2024 02:33:30;;;;;;
20/06/2024 02:33:40;;;;;;
20/06/2024 02:33:50;;;;;;
20/06/2024 02:34:00;;;;;;
20/06/2024 02:34:10;;;;;;
20/06/2024 02:34:20;;;;;;
20/06/2024 02:34:30;;;;;;
20/06/2024 02:34:40;;;;;;
20/06/2024 02:34:50;;;;;;
20/06/2024 02:35:00;;;;;;
20/06/2024 02:35:10;;;;;;
20/06/2024 02:35:20;;;;;;
20/06/2024 02:35:30;;;;;;
20/06/2024 02:35:40;;;;;;
20/06/2024 02:35:50;;;;;;
20/06/2024 02:36:00;;;;;;
20/06/2024 02:36:10;;;;;;
20/06/2024 02:36:20;;;;;;
20/06/2024 02:36:30;;;;;;
20/06/2024 02:36:40;;;;;;
20/06/2024 02:36:50;;;;;;
20/06/2024 02:37:00;;;;;;
20/06/2024 02:37:10;;;;;;
20/06/2024 02:37:20;;;;;;
20/06/2024 02:37:30;;;;;;
20/06/2024 02:37:40;;;;;;
20/06/2024 02:37:50;;;;;;
20/06/2024 02:38:00;;;;;;
20/06/2024 02:38:10;;;;;;
20/06/2024 02:38:20;;;;;;
20/06/2024 02:38:30;;;;;;
20/06/2024 02:38:40;;;;;;
20/06/2024 02:38:50;;;;;;
20/06/2024 02:39:00;;;;;;
20/06/2024 02:39:10;;;;;;
20/06/2024 02:39:20;;;;;;
20/06/2024 02:39:30;;;;;;
20/06/2024 02:39:40;;;;;;
20/06/2024 02:39:50;;;;;;
20/06/2024 02:40:00;;;;;;
20/06/2024 02:40:10;;;;;;
20/06/2024 02:40:20;;;;;;
20/06/2024 02:40:30;;;;;;
20/06/2024 02:40:40;;;;;;
20/06/2024 02:40:50;;;;;;
20/06/2024 02:41:00;;;;;;
20/06/2024 02:41:10;;;;;;
20/06/2024 02:41:20;;;;;;
20/06/2024 02:41:30;;;;;;
20/06/2024 02:41:40;;;;;;
20/06/2024 02:41:50;;;;;;
20/06/2024 02:42:00;;;;;;
20/06/2024 02:42:10;;;;;;
20/06/2024 02:42:20;;;;;;
20/06/2024 02:42:30;;;;;;
20/06/2024 02:42:40;;;;;;
20/06/2024 02:42:50;;;;;;
20/06/2024 02:43:00;;;;;;
20/06/2024 02:43:10;;;;;;
20/06/2024 02:43:20;;;;;;
20/06/2024 02:43:30;;;;;;
20/06/2024 02:43:40;;;;;;
20/06/2024 02:43:50;;;;;;
20/06/2024 02:44:00;;;;;;
20/06/2024 02:44:10;;;;;;
20/06/2024 02:44:20;;;;;;
20/06/2024 02:44:30;;;;;;
20/06/2024 02:44:40;;;;;;
20/06/2024 02:44:50;;;;;;
20/06/2024 02:45:00;;;;;;
20/06/2024 02:45:10;;;;;;
20/06/2024 02:45:20;;;;;;
20/06/2024 02:45:30;;;;;;
20/06/2024 02:45:40;;;;;;
20/06/2024 02:45:50;;;;;;
20/06/2024 02:46:00;;;;;;
20/06/2024 02:46:10;;;;;;
20/06/2024 02:46:20;;;;;;
20/06/2024 02:46:30;;;;;;
20/06/2024 02:46:40;;;;;;
20/06/2024 02:46:50;;;;;;
20/06/2024 02:47:00;;;;;;
20/06/2024 02:47:10;;;;;;
20/06/2024 02:47:20;;;;;;
20/06/2024 02:47:30;;;;;;
20/06/2024 02:47:40;;;;;;
20/06/2024 02:47:50;;;;;;
20/06/2024 02:48:00;;;;;;
20/06/2024 02:48:10;;;;;;
20/06/2024 02:48:20;;;;;;
20/06/2024 02:48:30;;;;;;
20/06/2024 02:48:40;;;;;;
20/06/2024 02:48:50;;;;;;
20/06/2024 02:49:00;;;;;;
20/06/2024 02:49:10;;;;;;
20/06/2024 02:49:20;;;;;;
20/06/2024 02:49:30;;;;;;
20/06/2024 02:49:40;;;;;;
20/06/2024 02:49:50;;;;;;
20/06/2024 02:50:00;;;;;;
20/06/2024 02:50:10;;;;;;
20/06/2024 02:50:20;;;;;;
20/06/2024 02:50:30;;;;;;
20/06/2024 02:50:40;;;;;;
20/06/2024 02:50:50;;;;;;
20/06/2024 02:51:00;;;;;;
20/06/2024 02:51:10;;;;;;
20/06/2024 02:51:20;;;;;;
20/06/2024 02:51:30;;;;;;
20/06/2024 02:51:40;;;;;;
20/06/2024 02:51:50;;;;;;
20/06/2024 02:52:00;;;;;;
20/06/2024 02:52:10;;;;;;
20/06/2024 02:52:20;;;;;;
20/06/2024 02:52:30;;;;;;
20/06/2024 02:52:40;;;;;;
20/06/2024 02:52:50;;;;;;
20/06/2024 02:53:00;;;;;;
20/06/2024 02:53:10;;;;;;
20/06/2024 02:53:20;;;;;;
20/06/2024 02:53:30;;;;;;
20/06/2024 02:53:40;;;;;;
20/06/2024 02:53:50;;;;;;
20/06/2024 02:54:00;;;;;;
20/06/2024 02:54:10;;;;;;
20/06/2024 02:54:20;;;;;;
20/06/2024 02:54:30;;;;;;
20/06/2024 02:54:40;;;;;;
20/06/2024 02:54:50;;;;;;
20/06/2024 02:55:00;;;;;;
20/06/2024 02:55:10;;;;;;
20/06/2024 02:55:20;;;;;;
20/06/2024 02:55:30;;;;;;
20/06/2024 02:55:40;;;;;;
20/06/2024 02:55:50;;;;;;
20/06/2024 02:56:00;;;;;;
20/06/2024 02:56:10;;;;;;
20/06/2024 02:56:20;;;;;;
20/06/2024 02:56:30;;;;;;
20/06/2024 02:56:40;;;;;;
20/06/2024 02:56:50;;;;;;
20/06/2024 02:57:00;;;;;;
20/06/2024 02:57:10;;;;;;
20/06/2024 02:57:20;;;;;;
20/06/2024 02:57:30;;;;;;
20/06/2024 02:57:40;;;;;;
20/06/2024 02:57:50;;;;;;
20/06/2024 02:58:00;;;;;;
20/06/2024 02:58:10;;;;;;
20/06/2024 02:58:20;;;;;;
20/06/2024 02:58:30;;;;;;
20/06/2024 02:58:40;;;;;;
20/06/2024 02:58:50;;;;;;
20/06/2024 02:59:00;;;;;;
20/06/2024 02:59:10;;;;;;
20/06/2024 02:59:20;;;;;;
20/06/2024 02:59:30;;;;;;
20/06/2024 02:59:40;;;;;;
20/06/2024 02:59:50;;;;;;
20/06/2024 03:00:00;;;;;;
20/06/2024 03:00:10;;;;;;
20/06/2024 03:00:20;;;;;;
20/06/2024 03:00:30;;;;;;
20/06/2024 03:00:40;;;;;;
20/06/2024 03:00:50;;;;;;
20/06/2024 03:01:00;;;;;;
20/06/2024 03:01:10;;;;;;
20/06/2024 03:01:20;;;;;;
20/06/2024 03:01:30;;;;;;
20/06/2024 03:01:40;;;;;;
20/06/2024 03:01:50;;;;;;
20/06/2024 03:02:00;;;;;;
20/06/2024 03:02:10;;;;;;
20/06/2024 03:02:20;;;;;;
20/06/2024 03:02:30;;;;;;
20/06/2024 03:02:40;;;;;;
20/06/2024 03:02:50;;;;;;
20/06/2024 03:03:00;;;;;;
20/06/2024 03:03:10;;;;;;
20/06/2024 03:03:20;;;;;;
20/06/2024 03:03:30;;;;;;
20/06/2024 03:03:40;;;;;;
20/06/2024 03:03:50;;;;;;
20/06/2024 03:04:00;;;;;;
20/06/2024 03:04:10;;;;;;
20/06/2024 03:04:20;;;;;;
20/06/2024 03:04:30;;;;;;
20/06/2024 03:04:40;;;;;;
20/06/2024 03:04:50;;;;;;
20/06/2024 03:05:00;;;;;;
20/06/2024 03:05:10;;;;;;
20/06/2024 03:05:20;;;;;;
20/06/2024 03:05:30;;;;;;
20/06/2024 03:05:40;;;;;;
20/06/2024 03:05:50;;;;;;
20/06/2024 03:06:00;;;;;;
20/06/2024 03:06:10;;;;;;
20/06/2024 03:06:20;;;;;;
20/06/2024 03:06:30;;;;;;
20/06/2024 03:06:40;;;;;;
20/06/2024 03:06:50;;;;;;
20/06/2024 03:07:00;;;;;;
20/06/2024 03:07:10;;;;;;
20/06/2024 03:07:20;;;;;;
20/06/2024 03:07:30;;;;;;
20/06/2024 03:07:40;;;;;;
20/06/2024 03:07:50;;;;;;
20/06/2024 03:08:00;;;;;;
20/06/2024 03:08:10;;;;;;
20/06/2024 03:08:20;;;;;;
20/06/2024 03:08:30;;;;;;
20/06/2024 03:08:40;;;;;;
20/06/2024 03:08:50;;;;;;
20/06/2024 03:09:00;;;;;;
20/06/2024 03:09:10;;;;;;
20/06/2024 03:09:20;;;;;;
20/06/2024 03:09:30;;;;;;
20/06/2024 03:09:40;;;;;;
20/06/2024 03:09:50;;;;;;
20/06/2024 03:10:00;;;;;;
20/06/2024 03:10:10;;;;;;
20/06/2024 03:10:20;;;;;;
20/06/2024 03:10:30;;;;;;
20/06/2024 03:10:40;;;;;;
20/06/2024 03:10:50;;;;;;
20/06/2024 03:11:00;;;;;;
20/06/2024 03:11:10;;;;;;
20/06/2024 03:11:20;;;;;;
20/06/2024 03:11:30;;;;;;
20/06/2024 03:11:40;;;;;;
20/06/2024 03:11:50;;;;;;
20/06/2024 03:12:00;;;;;;
20/06/2024 03:12:10;;;;;;
20/06/2024 03:12:20;;;;;;
20/06/2024 03:12:30;;;;;;
20/06/2024 03:12:40;;;;;;
20/06/2024 03:12:50;;;;;;
20/06/2024 03:13:00;;;;;;
20/06/2024 03:13:10;;;;;;
20/06/2024 03:13:20;;;;;;
20/06/2024 03:13:30;;;;;;
20/06/2024 03:13:40;;;;;;
20/06/2024 03:13:50;;;;;;
20/06/2024 03:14:00;;;;;;
20/06/2024 03:14:10;;;;;;
20/06/2024 03:14:20;;;;;;
20/06/2024 03:14:30;;;;;;
20/06/2024 03:14:40;;;;;;
20/06/2024 03:14:50;;;;;;
20/06/2024 03:15:00;;;;;;
20/06/2024 03:15:10;;;;;;
20/06/2024 03:15:20;;;;;;
20/06/2024 03:15:30;;;;;;
20/06/2024 03:15:40;;;;;;
20/06/2024 03:15:50;;;;;;
20/06/2024 03:16:00;;;;;;
20/06/2024 03:16:10;;;;;;
20/06/2024 03:16:20;;;;;;
20/06/2024 03:16:30;;;;;;
20/06/2024 03:16:40;;;;;;
20/06/2024 03:16:50;;;;;;
20/06/2024 03:17:00;;;;;;
20/06/2024 03:17:10;;;;;;
20/06/2024 03:17:20;;;;;;
20/06/2024 03:17:30;;;;;;
20/06/2024 03:17:40;;;;;;
20/06/2024 03:17:50;;;;;;
20/06/2024 03:18:00;;;;;;
20/06/2024 03:18:10;;;;;;
20/06/2024 03:18:20;;;;;;
20/06/2024 03:18:30;;;;;;
20/06/2024 03:18:40;;;;;;
20/06/2024 03:18:50;;;;;;
20/06/2024 03:19:00;;;;;;
20/06/2024 03:19:10;;;;;;
20/06/2024 03:19:20;;;;;;
20/06/2024 03:19:30;;;;;;
20/06/2024 03:19:40;;;;;;
20/06/2024 03:19:50;;;;;;
20/06/2024 03:20:00;;;;;;
20/06/2024 03:20:10;;;;;;
20/06/2024 03:20:20;;;;;;
20/06/2024 03:20:30;;;;;;
20/06/2024 03:20:40;;;;;;
20/06/2024 03:20:50;;;;;;
20/06/2024 03:21:00;;;;;;
20/06/2024 03:21:10;;;;;;
20/06/2024 03:21:20;;;;;;
20/06/2024 03:21:30;;;;;;
20/06/2024 03:21:40;;;;;;
20/06/2024 03:21:50;;;;;;
20/06/2024 03:22:00;;;;;;
20/06/2024 03:22:10;;;;;;
20/06/2024 03:22:20;;;;;;
20/06/2024 03:22:30;;;;;;
20/06/2024 03:22:40;;;;;;
20/06/2024 03:22:50;;;;;;
20/06/2024 03:23:00;;;;;;
20/06/2024 03:23:10;;;;;;
20/06/2024 03:23:20;;;;;;
20/06/2024 03:23:30;;;;;;
20/06/2024 03:23:40;;;;;;
20/06/2024 03:23:50;;;;;;
20/06/2024 03:24:00;;;;;;
20/06/2024 03:24:10;;;;;;
20/06/2024 03:24:20;;;;;;
20/06/2024 03:24:30;;;;;;
20/06/2024 03:24:40;;;;;;
20/06/2024 03:24:50;;;;;;
20/06/2024 03:25:00;;;;;;
20/06/2024 03:25:10;;;;;;
20/06/2024 03:25:20;;;;;;
20/06/2024 03:25:30;;;;;;
20/06/2024 03:25:40;;;;;;
20/06/2024 03:25:50;;;;;;
20/06/2024 03:26:00;;;;;;
20/06/2024 03:26:10;;;;;;
20/06/2024 03:26:20;;;;;;
20/06/2024 03:26:30;;;;;;
20/06/2024 03:26:40;;;;;;
20/06/2024 03:26:50;;;;;;
20/06/2024 03:27:00;;;;;;
20/06/2024 03:27:10;;;;;;
20/06/2024 03:27:20;;;;;;
20/06/2024 03:27:30;;;;;;
20/06/2024 03:27:40;;;;;;
20/06/2024 03:27:50;;;;;;
20/06/2024 03:28:00;;;;;;
20/06/2024 03:28:10;;;;;;
20/06/2024 03:28:20;;;;;;
20/06/2024 03:28:30;;;;;;
20/06/2024 03:28:40;;;;;;
20/06/2024 03:28:50;;;;;;
20/06/2024 03:29:00;;;;;;
20/06/2024 03:29:10;;;;;;
20/06/2024 03:29:20;;;;;;
20/06/2024 03:29:30;;;;;;
20/06/2024 03:29:40;;;;;;
20/06/2024 03:29:50;;;;;;
20/06/2024 03:30:00;;;;;;
20/06/2024 03:30:10;;;;;;
20/06/2024 03:30:20;;;;;;
20/06/2024 03:30:30;;;;;;
20/06/2024 03:30:40;;;;;;
20/06/2024 03:30:50;;;;;;
20/06/2024 03:31:00;;;;;;
20/06/2024 03:31:10;;;;;;
20/06/2024 03:31:20;;;;;;
20/06/2024 03:31:30;;;;;;
20/06/2024 03:31:40;;;;;;
20/06/2024 03:31:50;;;;;;
20/06/2024 03:32:00;;;;;;
20/06/2024 03:32:10;;;;;;
20/06/2024 03:32:20;;;;;;
20/06/2024 03:32:30;;;;;;
20/06/2024 03:32:40;;;;;;
20/06/2024 03:32:50;;;;;;
20/06/2024 03:33:00;;;;;;
20/06/2024 03:33:10;;;;;;
20/06/2024 03:33:20;;;;;;
20/06/2024 03:33:30;;;;;;
20/06/2024 03:33:40;;;;;;
20/06/2024 03:33:50;;;;;;
20/06/2024 03:34:00;;;;;;
20/06/2024 03:34:10;;;;;;
20/06/2024 03:34:20;;;;;;
20/06/2024 03:34:30;;;;;;
20/06/2024 03:34:40;;;;;;
20/06/2024 03:34:50;;;;;;
20/06/2024 03:35:00;;;;;;
20/06/2024 03:35:10;;;;;;
20/06/2024 03:35:20;;;;;;
20/06/2024 03:35:30;;;;;;
20/06/2024 03:35:40;;;;;;
20/06/2024 03:35:50;;;;;;
20/06/2024 03:36:00;;;;;;
20/06/2024 03:36:10;;;;;;
20/06/2024 03:36:20;;;;;;
20/06/2024 03:36:30;;;;;;
20/06/2024 03:36:40;;;;;;
20/06/2024 03:36:50;;;;;;
20/06/2024 03:37:00;;;;;;
20/06/2024 03:37:10;;;;;;
20/06/2024 03:37:20;;;;;;
20/06/2024 03:37:30;;;;;;
20/06/2024 03:37:40;;;;;;
20/06/2024 03:37:50;;;;;;
20/06/2024 03:38:00;;;;;;
20/06/2024 03:38:10;;;;;;
20/06/2024 03:38:20;;;;;;
20/06/2024 03:38:30;;;;;;
20/06/2024 03:38:40;;;;;;
20/06/2024 03:38:50;;;;;;
20/06/2024 03:39:00;;;;;;
20/06/2024 03:39:10;;;;;;
20/06/2024 03:39:20;;;;;;
20/06/2024 03:39:30;;;;;;
20/06/2024 03:39:40;;;;;;
20/06/2024 03:39:50;;;;;;
20/06/2024 03:40:00;;;;;;
20/06/2024 03:40:10;;;;;;
20/06/2024 03:40:20;;;;;;
20/06/2024 03:40:30;;;;;;
20/06/2024 03:40:40;;;;;;
20/06/2024 03:40:50;;;;;;
20/06/2024 03:41:00;;;;;;
20/06/2024 03:41:10;;;;;;
20/06/2024 03:41:20;;;;;;
20/06/2024 03:41:30;;;;;;
20/06/2024 03:41:40;;;;;;
20/06/2024 03:41:50;;;;;;
20/06/2024 03:42:00;;;;;;
20/06/2024 03:42:10;;;;;;
20/06/2024 03:42:20;;;;;;
20/06/2024 03:42:30;;;;;;
20/06/2024 03:42:40;;;;;;
20/06/2024 03:42:50;;;;;;
20/06/2024 03:43:00;;;;;;
20/06/2024 03:43:10;;;;;;
20/06/2024 03:43:20;;;;;;
20/06/2024 03:43:30;;;;;;
20/06/2024 03:43:40;;;;;;
20/06/2024 03:43:50;;;;;;
20/06/2024 03:44:00;;;;;;
20/06/2024 03:44:10;;;;;;
20/06/2024 03:44:20;;;;;;
20/06/2024 03:44:30;;;;;;
20/06/2024 03:44:40;;;;;;
20/06/2024 03:44:50;;;;;;
20/06/2024 03:45:00;;;;;;
20/06/2024 03:45:10;;;;;;
20/06/2024 03:45:20;;;;;;
20/06/2024 03:45:30;;;;;;
20/06/2024 03:45:40;;;;;;
20/06/2024 03:45:50;;;;;;
20/06/2024 03:46:00;;;;;;
20/06/2024 03:46:10;;;;;;
20/06/2024 03:46:20;;;;;;
20/06/2024 03:46:30;;;;;;
20/06/2024 03:46:40;;;;;;
20/06/2024 03:46:50;;;;;;
20/06/2024 03:47:00;;;;;;
20/06/2024 03:47:10;;;;;;
20/06/2024 03:47:20;;;;;;
20/06/2024 03:47:30;;;;;;
20/06/2024 03:47:40;;;;;;
20/06/2024 03:47:50;;;;;;
20/06/2024 03:48:00;;;;;;
20/06/2024 03:48:10;;;;;;
20/06/2024 03:48:20;;;;;;
20/06/2024 03:48:30;;;;;;
20/06/2024 03:48:40;;;;;;
20/06/2024 03:48:50;;;;;;
20/06/2024 03:49:00;;;;;;
20/06/2024 03:49:10;;;;;;
20/06/2024 03:49:20;;;;;;
20/06/2024 03:49:30;;;;;;
20/06/2024 03:49:40;;;;;;
20/06/2024 03:49:50;;;;;;
20/06/2024 03:50:00;;;;;;
20/06/2024 03:50:10;;;;;;
20/06/2024 03:50:20;;;;;;
20/06/2024 03:50:30;;;;;;
20/06/2024 03:50:40;;;;;;
20/06/2024 03:50:50;;;;;;
20/06/2024 03:51:00;;;;;;
20/06/2024 03:51:10;;;;;;
20/06/2024 03:51:20;;;;;;
20/06/2024 03:51:30;;;;;;
20/06/2024 03:51:40;;;;;;
20/06/2024 03:51:50;;;;;;
20/06/2024 03:52:00;;;;;;
20/06/2024 03:52:10;;;;;;
20/06/2024 03:52:20;;;;;;
20/06/2024 03:52:30;;;;;;
20/06/2024 03:52:40;;;;;;
20/06/2024 03:52:50;;;;;;
20/06/2024 03:53:00;;;;;;
20/06/2024 03:53:10;;;;;;
20/06/2024 03:53:20;;;;;;
20/06/2024 03:53:30;;;;;;
20/06/2024 03:53:40;;;;;;
20/06/2024 03:53:50;;;;;;
20/06/2024 03:54:00;;;;;;
20/06/2024 03:54:10;;;;;;
20/06/2024 03:54:20;;;;;;
20/06/2024 03:54:30;;;;;;
20/06/2024 03:54:40;;;;;;
20/06/2024 03:54:50;;;;;;
20/06/2024 03:55:00;;;;;;
20/06/2024 03:55:10;;;;;;
20/06/2024 03:55:20;;;;;;
20/06/2024 03:55:30;;;;;;
20/06/2024 03:55:40;;;;;;
20/06/2024 03:55:50;;;;;;
20/06/2024 03:56:00;;;;;;
20/06/2024 03:56:10;;;;;;
20/06/2024 03:56:20;;;;;;
20/06/2024 03:56:30;;;;;;
20/06/2024 03:56:40;;;;;;
20/06/2024 03:56:50;;;;;;
20/06/2024 03:57:00;;;;;;
20/06/2024 03:57:10;;;;;;
20/06/2024 03:57:20;;;;;;
20/06/2024 03:57:30;;;;;;
20/06/2024 03:57:40;;;;;;
20/06/2024 03:57:50;;;;;;
20/06/2024 03:58:00;;;;;;
20/06/2024 03:58:10;;;;;;
20/06/2024 03:58:20;;;;;;
20/06/2024 03:58:30;;;;;;
20/06/2024 03:58:40;;;;;;
20/06/2024 03:58:50;;;;;;
20/06/2024 03:59:00;;;;;;
20/06/2024 03:59:10;;;;;;
20/06/2024 03:59:20;;;;;;
20/06/2024 03:59:30;;;;;;
20/06/2024 03:59:40;;;;;;
20/06/2024 03:59:50;;;;;;
20/06/2024 04:00:00;;;;;;
20/06/2024 04:00:10;;;;;;
20/06/2024 04:00:20;;;;;;
20/06/2024 04:00:30;;;;;;
20/06/2024 04:00:40;;;;;;
20/06/2024 04:00:50;;;;;;
20/06/2024 04:01:00;;;;;;
20/06/2024 04:01:10;;;;;;
20/06/2024 04:01:20;;;;;;
20/06/2024 04:01:30;;;;;;
20/06/2024 04:01:40;;;;;;
20/06/2024 04:01:50;;;;;;
20/06/2024 04:02:00;;;;;;
20/06/2024 04:02:10;;;;;;
20/06/2024 04:02:20;;;;;;
20/06/2024 04:02:30;;;;;;
20/06/2024 04:02:40;;;;;;
20/06/2024 04:02:50;;;;;;
20/06/2024 04:03:00;;;;;;
20/06/2024 04:03:10;;;;;;
20/06/2024 04:03:20;;;;;;
20/06/2024 04:03:30;;;;;;
20/06/2024 04:03:40;;;;;;
20/06/2024 04:03:50;;;;;;
20/06/2024 04:04:00;;;;;;
20/06/2024 04:04:10;;;;;;
20/06/2024 04:04:20;;;;;;
20/06/2024 04:04:30;;;;;;
20/06/2024 04:04:40;;;;;;
20/06/2024 04:04:50;;;;;;
20/06/2024 04:05:00;;;;;;
20/06/2024 04:05:10;;;;;;
20/06/2024 04:05:20;;;;;;
20/06/2024 04:05:30;;;;;;
20/06/2024 04:05:40;;;;;;
20/06/2024 04:05:50;;;;;;
20/06/2024 04:06:00;;;;;;
20/06/2024 04:06:10;;;;;;
20/06/2024 04:06:20;;;;;;
20/06/2024 04:06:30;;;;;;
20/06/2024 04:06:40;;;;;;
20/06/2024 04:06:50;;;;;;
20/06/2024 04:07:00;;;;;;
20/06/2024 04:07:10;;;;;;
20/06/2024 04:07:20;;;;;;
20/06/2024 04:07:30;;;;;;
20/06/2024 04:07:40;;;;;;
20/06/2024 04:07:50;;;;;;
20/06/2024 04:08:00;;;;;;
20/06/2024 04:08:10;;;;;;
20/06/2024 04:08:20;;;;;;
20/06/2024 04:08:30;;;;;;
20/06/2024 04:08:40;;;;;;
20/06/2024 04:08:50;;;;;;
20/06/2024 04:09:00;;;;;;
20/06/2024 04:09:10;;;;;;
20/06/2024 04:09:20;;;;;;
20/06/2024 04:09:30;;;;;;
20/06/2024 04:09:40;;;;;;
20/06/2024 04:09:50;;;;;;
20/06/2024 04:10:00;;;;;;
20/06/2024 04:10:10;;;;;;
20/06/2024 04:10:20;;;;;;
20/06/2024 04:10:30;;;;;;
20/06/2024 04:10:40;;;;;;
20/06/2024 04:10:50;;;;;;
20/06/2024 04:11:00;;;;;;
20/06/2024 04:11:10;;;;;;
20/06/2024 04:11:20;;;;;;
20/06/2024 04:11:30;;;;;;
20/06/2024 04:11:40;;;;;;
20/06/2024 04:11:50;;;;;;
20/06/2024 04:12:00;;;;;;
20/06/2024 04:12:10;;;;;;
20/06/2024 04:12:20;;;;;;
20/06/2024 04:12:30;;;;;;
20/06/2024 04:12:40;;;;;;
20/06/2024 04:12:50;;;;;;
20/06/2024 04:13:00;;;;;;
20/06/2024 04:13:10;;;;;;
20/06/2024 04:13:20;;;;;;
20/06/2024 04:13:30;;;;;;
20/06/2024 04:13:40;;;;;;
20/06/2024 04:13:50;;;;;;
20/06/2024 04:14:00;;;;;;
20/06/2024 04:14:10;;;;;;
20/06/2024 04:14:20;;;;;;
20/06/2024 04:14:30;;;;;;
20/06/2024 04:14:40;;;;;;
20/06/2024 04:14:50;;;;;;
20/06/2024 04:15:00;;;;;;
20/06/2024 04:15:10;;;;;;
20/06/2024 04:15:20;;;;;;
20/06/2024 04:15:30;;;;;;
20/06/2024 04:15:40;;;;;;
20/06/2024 04:15:50;;;;;;
20/06/2024 04:16:00;;;;;;
20/06/2024 04:16:10;;;;;;
20/06/2024 04:16:20;;;;;;
20/06/2024 04:16:30;;;;;;
20/06/2024 04:16:40;;;;;;
20/06/2024 04:16:50;;;;;;
20/06/2024 04:17:00;;;;;;
20/06/2024 04:17:10;;;;;;
20/06/2024 04:17:20;;;;;;
20/06/2024 04:17:30;;;;;;
20/06/2024 04:17:40;;;;;;
20/06/2024 04:17:50;;;;;;
20/06/2024 04:18:00;;;;;;
20/06/2024 04:18:10;;;;;;
20/06/2024 04:18:20;;;;;;
20/06/2024 04:18:30;;;;;;
20/06/2024 04:18:40;;;;;;
20/06/2024 04:18:50;;;;;;
20/06/2024 04:19:00;;;;;;
20/06/2024 04:19:10;;;;;;
20/06/2024 04:19:20;;;;;;
20/06/2024 04:19:30;;;;;;
20/06/2024 04:19:40;;;;;;
20/06/2024 04:19:50;;;;;;
20/06/2024 04:20:00;;;;;;
20/06/2024 04:20:10;;;;;;
20/06/2024 04:20:20;;;;;;
20/06/2024 04:20:30;;;;;;
20/06/2024 04:20:40;;;;;;
20/06/2024 04:20:50;;;;;;
20/06/2024 04:21:00;;;;;;
20/06/2024 04:21:10;;;;;;
20/06/2024 04:21:20;;;;;;
20/06/2024 04:21:30;;;;;;
20/06/2024 04:21:40;;;;;;
20/06/2024 04:21:50;;;;;;
20/06/2024 04:22:00;;;;;;
20/06/2024 04:22:10;;;;;;
20/06/2024 04:22:20;;;;;;
20/06/2024 04:22:30;;;;;;
20/06/2024 04:22:40;;;;;;
20/06/2024 04:22:50;;;;;;
20/06/2024 04:23:00;;;;;;
20/06/2024 04:23:10;;;;;;
20/06/2024 04:23:20;;;;;;
20/06/2024 04:23:30;;;;;;
20/06/2024 04:23:40;;;;;;
20/06/2024 04:23:50;;;;;;
20/06/2024 04:24:00;;;;;;
20/06/2024 04:24:10;;;;;;
20/06/2024 04:24:20;;;;;;
20/06/2024 04:24:30;;;;;;
20/06/2024 04:24:40;;;;;;
20/06/2024 04:24:50;;;;;;
20/06/2024 04:25:00;;;;;;
20/06/2024 04:25:10;;;;;;
20/06/2024 04:25:20;;;;;;
20/06/2024 04:25:30;;;;;;
20/06/2024 04:25:40;;;;;;
20/06/2024 04:25:50;;;;;;
20/06/2024 04:26:00;;;;;;
20/06/2024 04:26:10;;;;;;
20/06/2024 04:26:20;;;;;;
20/06/2024 04:26:30;;;;;;
20/06/2024 04:26:40;;;;;;
20/06/2024 04:26:50;;;;;;
20/06/2024 04:27:00;;;;;;
20/06/2024 04:27:10;;;;;;
20/06/2024 04:27:20;;;;;;
20/06/2024 04:27:30;;;;;;
20/06/2024 04:27:40;;;;;;
20/06/2024 04:27:50;;;;;;
20/06/2024 04:28:00;;;;;;
20/06/2024 04:28:10;;;;;;
20/06/2024 04:28:20;;;;;;
20/06/2024 04:28:30;;;;;;
20/06/2024 04:28:40;;;;;;
20/06/2024 04:28:50;;;;;;
20/06/2024 04:29:00;;;;;;
20/06/2024 04:29:10;;;;;;
20/06/2024 04:29:20;;;;;;
20/06/2024 04:29:30;;;;;;
20/06/2024 04:29:40;;;;;;
20/06/2024 04:29:50;;;;;;
20/06/2024 04:30:00;;;;;;
20/06/2024 04:30:10;;;;;;
20/06/2024 04:30:20;;;;;;
20/06/2024 04:30:30;;;;;;
20/06/2024 04:30:40;;;;;;
20/06/2024 04:30:50;;;;;;
20/06/2024 04:31:00;;;;;;
20/06/2024 04:31:10;;;;;;
20/06/2024 04:31:20;;;;;;
20/06/2024 04:31:30;;;;;;
20/06/2024 04:31:40;;;;;;
20/06/2024 04:31:50;;;;;;
20/06/2024 04:32:00;;;;;;
20/06/2024 04:32:10;;;;;;
20/06/2024 04:32:20;;;;;;
20/06/2024 04:32:30;;;;;;
20/06/2024 04:32:40;;;;;;
20/06/2024 04:32:50;;;;;;
20/06/2024 04:33:00;;;;;;
20/06/2024 04:33:10;;;;;;
20/06/2024 04:33:20;;;;;;
20/06/2024 04:33:30;;;;;;
20/06/2024 04:33:40;;;;;;
20/06/2024 04:33:50;;;;;;
20/06/2024 04:34:00;;;;;;
20/06/2024 04:34:10;;;;;;
20/06/2024 04:34:20;;;;;;
20/06/2024 04:34:30;;;;;;
20/06/2024 04:34:40;;;;;;
20/06/2024 04:34:50;;;;;;
20/06/2024 04:35:00;;;;;;
20/06/2024 04:35:10;;;;;;
20/06/2024 04:35:20;;;;;;
20/06/2024 04:35:30;;;;;;
20/06/2024 04:35:40;;;;;;
20/06/2024 04:35:50;;;;;;
20/06/2024 04:36:00;;;;;;
20/06/2024 04:36:10;;;;;;
20/06/2024 04:36:20;;;;;;
20/06/2024 04:36:30;;;;;;
20/06/2024 04:36:40;;;;;;
20/06/2024 04:36:50;;;;;;
20/06/2024 04:37:00;;;;;;
20/06/2024 04:37:10;;;;;;
20/06/2024 04:37:20;;;;;;
20/06/2024 04:37:30;;;;;;
20/06/2024 04:37:40;;;;;;
20/06/2024 04:37:50;;;;;;
20/06/2024 04:38:00;;;;;;
20/06/2024 04:38:10;;;;;;
20/06/2024 04:38:20;;;;;;
20/06/2024 04:38:30;;;;;;
20/06/2024 04:38:40;;;;;;
20/06/2024 04:38:50;;;;;;
20/06/2024 04:39:00;;;;;;
20/06/2024 04:39:10;;;;;;
20/06/2024 04:39:20;;;;;;
20/06/2024 04:39:30;;;;;;
20/06/2024 04:39:40;;;;;;
20/06/2024 04:39:50;;;;;;
20/06/2024 04:40:00;;;;;;
20/06/2024 04:40:10;;;;;;
20/06/2024 04:40:20;;;;;;
20/06/2024 04:40:30;;;;;;
20/06/2024 04:40:40;;;;;;
20/06/2024 04:40:50;;;;;;
20/06/2024 04:41:00;;;;;;
20/06/2024 04:41:10;;;;;;
20/06/2024 04:41:20;;;;;;
20/06/2024 04:41:30;;;;;;
20/06/2024 04:41:40;;;;;;
20/06/2024 04:41:50;;;;;;
20/06/2024 04:42:00;;;;;;
20/06/2024 04:42:10;;;;;;
20/06/2024 04:42:20;;;;;;
20/06/2024 04:42:30;;;;;;
20/06/2024 04:42:40;;;;;;
20/06/2024 04:42:50;;;;;;
20/06/2024 04:43:00;;;;;;
20/06/2024 04:43:10;;;;;;
20/06/2024 04:43:20;;;;;;
20/06/2024 04:43:30;;;;;;
20/06/2024 04:43:40;;;;;;
20/06/2024 04:43:50;;;;;;
20/06/2024 04:44:00;;;;;;
20/06/2024 04:44:10;;;;;;
20/06/2024 04:44:20;;;;;;
20/06/2024 04:44:30;;;;;;
20/06/2024 04:44:40;;;;;;
20/06/2024 04:44:50;;;;;;
20/06/2024 04:45:00;;;;;;
20/06/2024 04:45:10;;;;;;
20/06/2024 04:45:20;;;;;;
20/06/2024 04:45:30;;;;;;
20/06/2024 04:45:40;;;;;;
20/06/2024 04:45:50;;;;;;
20/06/2024 04:46:00;;;;;;
20/06/2024 04:46:10;;;;;;
20/06/2024 04:46:20;;;;;;
20/06/2024 04:46:30;;;;;;
20/06/2024 04:46:40;;;;;;
20/06/2024 04:46:50;;;;;;
20/06/2024 04:47:00;;;;;;
20/06/2024 04:47:10;;;;;;
20/06/2024 04:47:20;;;;;;
20/06/2024 04:47:30;;;;;;
20/06/2024 04:47:40;;;;;;
20/06/2024 04:47:50;;;;;;
20/06/2024 04:48:00;;;;;;
20/06/2024 04:48:10;;;;;;
20/06/2024 04:48:20;;;;;;
20/06/2024 04:48:30;;;;;;
20/06/2024 04:48:40;;;;;;
20/06/2024 04:48:50;;;;;;
20/06/2024 04:49:00;;;;;;
20/06/2024 04:49:10;;;;;;
20/06/2024 04:49:20;;;;;;
20/06/2024 04:49:30;;;;;;
20/06/2024 04:49:40;;;;;;
20/06/2024 04:49:50;;;;;;
20/06/2024 04:50:00;;;;;;
20/06/2024 04:50:10;;;;;;
20/06/2024 04:50:20;;;;;;
20/06/2024 04:50:30;;;;;;
20/06/2024 04:50:40;;;;;;
20/06/2024 04:50:50;;;;;;
20/06/2024 04:51:00;;;;;;
20/06/2024 04:51:10;;;;;;
20/06/2024 04:51:20;;;;;;
20/06/2024 04:51:30;;;;;;
20/06/2024 04:51:40;;;;;;
20/06/2024 04:51:50;;;;;;
20/06/2024 04:52:00;;;;;;
20/06/2024 04:52:10;;;;;;
20/06/2024 04:52:20;;;;;;
20/06/2024 04:52:30;;;;;;
20/06/2024 04:52:40;;;;;;
20/06/2024 04:52:50;;;;;;
20/06/2024 04:53:00;;;;;;
20/06/2024 04:53:10;;;;;;
20/06/2024 04:53:20;;;;;;
20/06/2024 04:53:30;;;;;;
20/06/2024 04:53:40;;;;;;
20/06/2024 04:53:50;;;;;;
20/06/2024 04:54:00;;;;;;
20/06/2024 04:54:10;;;;;;
20/06/2024 04:54:20;;;;;;
20/06/2024 04:54:30;;;;;;
20/06/2024 04:54:40;;;;;;
20/06/2024 04:54:50;;;;;;
20/06/2024 04:55:00;;;;;;
20/06/2024 04:55:10;;;;;;
20/06/2024 04:55:20;;;;;;
20/06/2024 04:55:30;;;;;;
20/06/2024 04:55:40;;;;;;
20/06/2024 04:55:50;;;;;;
20/06/2024 04:56:00;;;;;;
20/06/2024 04:56:10;;;;;;
20/06/2024 04:56:20;;;;;;
20/06/2024 04:56:30;;;;;;
20/06/2024 04:56:40;;;;;;
20/06/2024 04:56:50;;;;;;
20/06/2024 04:57:00;;;;;;
20/06/2024 04:57:10;;;;;;
20/06/2024 04:57:20;;;;;;
20/06/2024 04:57:30;;;;;;
20/06/2024 04:57:40;;;;;;
20/06/2024 04:57:50;;;;;;
20/06/2024 04:58:00;;;;;;
20/06/2024 04:58:10;;;;;;
20/06/2024 04:58:20;;;;;;
20/06/2024 04:58:30;;;;;;
20/06/2024 04:58:40;;;;;;
20/06/2024 04:58:50;;;;;;
20/06/2024 04:59:00;;;;;;
20/06/2024 04:59:10;;;;;;
20/06/2024 04:59:20;;;;;;
20/06/2024 04:59:30;;;;;;
20/06/2024 04:59:40;;;;;;
20/06/2024 04:59:50;;;;;;
20/06/2024 05:00:00;;;;;;
20/06/2024 05:00:10;;;;;;
20/06/2024 05:00:20;;;;;;
20/06/2024 05:00:30;;;;;;
20/06/2024 05:00:40;;;;;;
20/06/2024 05:00:50;;;;;;
20/06/2024 05:01:00;;;;;;
20/06/2024 05:01:10;;;;;;
20/06/2024 05:01:20;;;;;;
20/06/2024 05:01:30;;;;;;
20/06/2024 05:01:40;;;;;;
20/06/2024 05:01:50;;;;;;
20/06/2024 05:02:00;;;;;;
20/06/2024 05:02:10;;;;;;
20/06/2024 05:02:20;;;;;;
20/06/2024 05:02:30;;;;;;
20/06/2024 05:02:40;;;;;;
20/06/2024 05:02:50;;;;;;
20/06/2024 05:03:00;;;;;;
20/06/2024 05:03:10;;;;;;
20/06/2024 05:03:20;;;;;;
20/06/2024 05:03:30;;;;;;
20/06/2024 05:03:40;;;;;;
20/06/2024 05:03:50;;;;;;
20/06/2024 05:04:00;;;;;;
20/06/2024 05:04:10;;;;;;
20/06/2024 05:04:20;;;;;;
20/06/2024 05:04:30;;;;;;
20/06/2024 05:04:40;;;;;;
20/06/2024 05:04:50;;;;;;
20/06/2024 05:05:00;;;;;;
20/06/2024 05:05:10;;;;;;
20/06/2024 05:05:20;;;;;;
20/06/2024 05:05:30;;;;;;
20/06/2024 05:05:40;;;;;;
20/06/2024 05:05:50;;;;;;
20/06/2024 05:06:00;;;;;;
20/06/2024 05:06:10;;;;;;
20/06/2024 05:06:20;;;;;;
20/06/2024 05:06:30;;;;;;
20/06/2024 05:06:40;;;;;;
20/06/2024 05:06:50;;;;;;
20/06/2024 05:07:00;;;;;;
20/06/2024 05:07:10;;;;;;
20/06/2024 05:07:20;;;;;;
20/06/2024 05:07:30;;;;;;
20/06/2024 05:07:40;;;;;;
20/06/2024 05:07:50;;;;;;
20/06/2024 05:08:00;;;;;;
20/06/2024 05:08:10;;;;;;
20/06/2024 05:08:20;;;;;;
20/06/2024 05:08:30;;;;;;
20/06/2024 05:08:40;;;;;;
20/06/2024 05:08:50;;;;;;
20/06/2024 05:09:00;;;;;;
20/06/2024 05:09:10;;;;;;
20/06/2024 05:09:20;;;;;;
20/06/2024 05:09:30;;;;;;
20/06/2024 05:09:40;;;;;;
20/06/2024 05:09:50;;;;;;
20/06/2024 05:10:00;;;;;;
20/06/2024 05:10:10;;;;;;
20/06/2024 05:10:20;;;;;;
20/06/2024 05:10:30;;;;;;
20/06/2024 05:10:40;;;;;;
20/06/2024 05:10:50;;;;;;
20/06/2024 05:11:00;;;;;;
20/06/2024 05:11:10;;;;;;
20/06/2024 05:11:20;;;;;;
20/06/2024 05:11:30;;;;;;
20/06/2024 05:11:40;;;;;;
20/06/2024 05:11:50;;;;;;
20/06/2024 05:12:00;;;;;;
20/06/2024 05:12:10;;;;;;
20/06/2024 05:12:20;;;;;;
20/06/2024 05:12:30;;;;;;
20/06/2024 05:12:40;;;;;;
20/06/2024 05:12:50;;;;;;
20/06/2024 05:13:00;;;;;;
20/06/2024 05:13:10;;;;;;
20/06/2024 05:13:20;;;;;;
20/06/2024 05:13:30;;;;;;
20/06/2024 05:13:40;;;;;;
20/06/2024 05:13:50;;;;;;
20/06/2024 05:14:00;;;;;;
20/06/2024 05:14:10;;;;;;
20/06/2024 05:14:20;;;;;;
20/06/2024 05:14:30;;;;;;
20/06/2024 05:14:40;;;;;;
20/06/2024 05:14:50;;;;;;
20/06/2024 05:15:00;;;;;;
20/06/2024 05:15:10;;;;;;
20/06/2024 05:15:20;;;;;;
20/06/2024 05:15:30;;;;;;
20/06/2024 05:15:40;;;;;;
20/06/2024 05:15:50;;;;;;
20/06/2024 05:16:00;;;;;;
20/06/2024 05:16:10;;;;;;
20/06/2024 05:16:20;;;;;;
20/06/2024 05:16:30;;;;;;
20/06/2024 05:16:40;;;;;;
20/06/2024 05:16:50;;;;;;
20/06/2024 05:17:00;;;;;;
20/06/2024 05:17:10;;;;;;
20/06/2024 05:17:20;;;;;;
20/06/2024 05:17:30;;;;;;
20/06/2024 05:17:40;;;;;;
20/06/2024 05:17:50;;;;;;
20/06/2024 05:18:00;;;;;;
20/06/2024 05:18:10;;;;;;
20/06/2024 05:18:20;;;;;;
20/06/2024 05:18:30;;;;;;
20/06/2024 05:18:40;;;;;;
20/06/2024 05:18:50;;;;;;
20/06/2024 05:19:00;;;;;;
20/06/2024 05:19:10;;;;;;
20/06/2024 05:19:20;;;;;;
20/06/2024 05:19:30;;;;;;
20/06/2024 05:19:40;;;;;;
20/06/2024 05:19:50;;;;;;
20/06/2024 05:20:00;;;;;;
20/06/2024 05:20:10;;;;;;
20/06/2024 05:20:20;;;;;;
20/06/2024 05:20:30;;;;;;
20/06/2024 05:20:40;;;;;;
20/06/2024 05:20:50;;;;;;
20/06/2024 05:21:00;;;;;;
20/06/2024 05:21:10;;;;;;
20/06/2024 05:21:20;;;;;;
20/06/2024 05:21:30;;;;;;
20/06/2024 05:21:40;;;;;;
20/06/2024 05:21:50;;;;;;
20/06/2024 05:22:00;;;;;;
20/06/2024 05:22:10;;;;;;
20/06/2024 05:22:20;;;;;;
20/06/2024 05:22:30;;;;;;
20/06/2024 05:22:40;;;;;;
20/06/2024 05:22:50;;;;;;
20/06/2024 05:23:00;;;;;;
20/06/2024 05:23:10;;;;;;
20/06/2024 05:23:20;;;;;;
20/06/2024 05:23:30;;;;;;
20/06/2024 05:23:40;;;;;;
20/06/2024 05:23:50;;;;;;
20/06/2024 05:24:00;;;;;;
20/06/2024 05:24:10;;;;;;
20/06/2024 05:24:20;;;;;;
20/06/2024 05:24:30;;;;;;
20/06/2024 05:24:40;;;;;;
20/06/2024 05:24:50;;;;;;
20/06/2024 05:25:00;;;;;;
20/06/2024 05:25:10;;;;;;
20/06/2024 05:25:20;;;;;;
20/06/2024 05:25:30;;;;;;
20/06/2024 05:25:40;;;;;;
20/06/2024 05:25:50;;;;;;
20/06/2024 05:26:00;;;;;;
20/06/2024 05:26:10;;;;;;
20/06/2024 05:26:20;;;;;;
20/06/2024 05:26:30;;;;;;
20/06/2024 05:26:40;;;;;;
20/06/2024 05:26:50;;;;;;
20/06/2024 05:27:00;;;;;;
20/06/2024 05:27:10;;;;;;
20/06/2024 05:27:20;;;;;;
20/06/2024 05:27:30;;;;;;
20/06/2024 05:27:40;;;;;;
20/06/2024 05:27:50;;;;;;
20/06/2024 05:28:00;;;;;;
20/06/2024 05:28:10;;;;;;
20/06/2024 05:28:20;;;;;;
20/06/2024 05:28:30;;;;;;
20/06/2024 05:28:40;;;;;;
20/06/2024 05:28:50;;;;;;
20/06/2024 05:29:00;;;;;;
20/06/2024 05:29:10;;;;;;
20/06/2024 05:29:20;;;;;;
20/06/2024 05:29:30;;;;;;
20/06/2024 05:29:40;;;;;;
20/06/2024 05:29:50;;;;;;
20/06/2024 05:30:00;;;;;;
20/06/2024 05:30:10;;;;;;
20/06/2024 05:30:20;;;;;;
20/06/2024 05:30:30;;;;;;
20/06/2024 05:30:40;;;;;;
20/06/2024 05:30:50;;;;;;
20/06/2024 05:31:00;;;;;;
20/06/2024 05:31:10;;;;;;
20/06/2024 05:31:20;;;;;;
20/06/2024 05:31:30;;;;;;
20/06/2024 05:31:40;;;;;;
20/06/2024 05:31:50;;;;;;
20/06/2024 05:32:00;;;;;;
20/06/2024 05:32:10;;;;;;
20/06/2024 05:32:20;;;;;;
20/06/2024 05:32:30;;;;;;
20/06/2024 05:32:40;;;;;;
20/06/2024 05:32:50;;;;;;
20/06/2024 05:33:00;;;;;;
20/06/2024 05:33:10;;;;;;
20/06/2024 05:33:20;;;;;;
20/06/2024 05:33:30;;;;;;
20/06/2024 05:33:40;;;;;;
20/06/2024 05:33:50;;;;;;
20/06/2024 05:34:00;;;;;;
20/06/2024 05:34:10;;;;;;
20/06/2024 05:34:20;;;;;;
20/06/2024 05:34:30;;;;;;
20/06/2024 05:34:40;;;;;;
20/06/2024 05:34:50;;;;;;
20/06/2024 05:35:00;;;;;;
20/06/2024 05:35:10;;;;;;
20/06/2024 05:35:20;;;;;;
20/06/2024 05:35:30;;;;;;
20/06/2024 05:35:40;;;;;;
20/06/2024 05:35:50;;;;;;
20/06/2024 05:36:00;;;;;;
20/06/2024 05:36:10;;;;;;
20/06/2024 05:36:20;;;;;;
20/06/2024 05:36:30;;;;;;
20/06/2024 05:36:40;;;;;;
20/06/2024 05:36:50;;;;;;
20/06/2024 05:37:00;;;;;;
20/06/2024 05:37:10;;;;;;
20/06/2024 05:37:20;;;;;;
20/06/2024 05:37:30;;;;;;
20/06/2024 05:37:40;;;;;;
20/06/2024 05:37:50;;;;;;
20/06/2024 05:38:00;;;;;;
20/06/2024 05:38:10;;;;;;
20/06/2024 05:38:20;;;;;;
20/06/2024 05:38:30;;;;;;
20/06/2024 05:38:40;;;;;;
20/06/2024 05:38:50;;;;;;
20/06/2024 05:39:00;;;;;;
20/06/2024 05:39:10;;;;;;
20/06/2024 05:39:20;;;;;;
20/06/2024 05:39:30;;;;;;
20/06/2024 05:39:40;;;;;;
20/06/2024 05:39:50;;;;;;
20/06/2024 05:40:00;;;;;;
20/06/2024 05:40:10;;;;;;
20/06/2024 05:40:20;;;;;;
20/06/2024 05:40:30;;;;;;
20/06/2024 05:40:40;;;;;;
20/06/2024 05:40:50;;;;;;
20/06/2024 05:41:00;;;;;;
20/06/2024 05:41:10;;;;;;
20/06/2024 05:41:20;;;;;;
20/06/2024 05:41:30;;;;;;
20/06/2024 05:41:40;;;;;;
20/06/2024 05:41:50;;;;;;
20/06/2024 05:42:00;;;;;;
20/06/2024 05:42:10;;;;;;
20/06/2024 05:42:20;;;;;;
20/06/2024 05:42:30;;;;;;
20/06/2024 05:42:40;;;;;;
20/06/2024 05:42:50;;;;;;
20/06/2024 05:43:00;;;;;;
20/06/2024 05:43:10;;;;;;
20/06/2024 05:43:20;;;;;;
20/06/2024 05:43:30;;;;;;
20/06/2024 05:43:40;;;;;;
20/06/2024 05:43:50;;;;;;
20/06/2024 05:44:00;;;;;;
20/06/2024 05:44:10;;;;;;
20/06/2024 05:44:20;;;;;;
20/06/2024 05:44:30;;;;;;
20/06/2024 05:44:40;;;;;;
20/06/2024 05:44:50;;;;;;
20/06/2024 05:45:00;;;;;;
20/06/2024 05:45:10;;;;;;
20/06/2024 05:45:20;;;;;;
20/06/2024 05:45:30;;;;;;
20/06/2024 05:45:40;;;;;;
20/06/2024 05:45:50;;;;;;
20/06/2024 05:46:00;;;;;;
20/06/2024 05:46:10;;;;;;
20/06/2024 05:46:20;;;;;;
20/06/2024 05:46:30;;;;;;
20/06/2024 05:46:40;;;;;;
20/06/2024 05:46:50;;;;;;
20/06/2024 05:47:00;;;;;;
20/06/2024 05:47:10;;;;;;
20/06/2024 05:47:20;;;;;;
20/06/2024 05:47:30;;;;;;
20/06/2024 05:47:40;;;;;;
20/06/2024 05:47:50;;;;;;
20/06/2024 05:48:00;;;;;;
20/06/2024 05:48:10;;;;;;
20/06/2024 05:48:20;;;;;;
20/06/2024 05:48:30;;;;;;
20/06/2024 05:48:40;;;;;;
20/06/2024 05:48:50;;;;;;
20/06/2024 05:49:00;;;;;;
20/06/2024 05:49:10;;;;;;
20/06/2024 05:49:20;;;;;;
20/06/2024 05:49:30;;;;;;
20/06/2024 05:49:40;;;;;;
20/06/2024 05:49:50;;;;;;
20/06/2024 05:50:00;;;;;;
20/06/2024 05:50:10;;;;;;
20/06/2024 05:50:20;;;;;;
20/06/2024 05:50:30;;;;;;
20/06/2024 05:50:40;;;;;;
20/06/2024 05:50:50;;;;;;
20/06/2024 05:51:00;;;;;;
20/06/2024 05:51:10;;;;;;
20/06/2024 05:51:20;;;;;;
20/06/2024 05:51:30;;;;;;
20/06/2024 05:51:40;;;;;;
20/06/2024 05:51:50;;;;;;
20/06/2024 05:52:00;;;;;;
20/06/2024 05:52:10;;;;;;
20/06/2024 05:52:20;;;;;;
20/06/2024 05:52:30;;;;;;
20/06/2024 05:52:40;;;;;;
20/06/2024 05:52:50;;;;;;
20/06/2024 05:53:00;;;;;;
20/06/2024 05:53:10;;;;;;
20/06/2024 05:53:20;;;;;;
20/06/2024 05:53:30;;;;;;
20/06/2024 05:53:40;;;;;;
20/06/2024 05:53:50;;;;;;
20/06/2024 05:54:00;;;;;;
20/06/2024 05:54:10;;;;;;
20/06/2024 05:54:20;;;;;;
20/06/2024 05:54:30;;;;;;
20/06/2024 05:54:40;;;;;;
20/06/2024 05:54:50;;;;;;
20/06/2024 05:55:00;;;;;;
20/06/2024 05:55:10;;;;;;
20/06/2024 05:55:20;;;;;;
20/06/2024 05:55:30;;;;;;
20/06/2024 05:55:40;;;;;;
20/06/2024 05:55:50;;;;;;
20/06/2024 05:56:00;;;;;;
20/06/2024 05:56:10;;;;;;
20/06/2024 05:56:20;;;;;;
20/06/2024 05:56:30;;;;;;
20/06/2024 05:56:40;;;;;;
20/06/2024 05:56:50;;;;;;
20/06/2024 05:57:00;;;;;;
20/06/2024 05:57:10;;;;;;
20/06/2024 05:57:20;;;;;;
20/06/2024 05:57:30;;;;;;
20/06/2024 05:57:40;;;;;;
20/06/2024 05:57:50;;;;;;
20/06/2024 05:58:00;;;;;;
20/06/2024 05:58:10;;;;;;
20/06/2024 05:58:20;;;;;;
20/06/2024 05:58:30;;;;;;
20/06/2024 05:58:40;;;;;;
20/06/2024 05:58:50;;;;;;
20/06/2024 05:59:00;;;;;;
20/06/2024 05:59:10;;;;;;
20/06/2024 05:59:20;;;;;;
20/06/2024 05:59:30;;;;;;
20/06/2024 05:59:40;;;;;;
20/06/2024 05:59:50;;;;;;
20/06/2024 06:00:00;;;;;;
20/06/2024 06:00:10;;;;;;
20/06/2024 06:00:20;;;;;;
20/06/2024 06:00:30;;;;;;
20/06/2024 06:00:40;;;;;;
20/06/2024 06:00:50;;;;;;
20/06/2024 06:01:00;;;;;;
20/06/2024 06:01:10;;;;;;
20/06/2024 06:01:20;;;;;;
20/06/2024 06:01:30;;;;;;
20/06/2024 06:01:40;;;;;;
20/06/2024 06:01:50;;;;;;
20/06/2024 06:02:00;;;;;;
20/06/2024 06:02:10;;;;;;
20/06/2024 06:02:20;;;;;;
20/06/2024 06:02:30;;;;;;
20/06/2024 06:02:40;;;;;;
20/06/2024 06:02:50;;;;;;
20/06/2024 06:03:00;;;;;;
20/06/2024 06:03:10;;;;;;
20/06/2024 06:03:20;;;;;;
20/06/2024 06:03:30;;;;;;
20/06/2024 06:03:40;;;;;;
20/06/2024 06:03:50;;;;;;
20/06/2024 06:04:00;;;;;;
20/06/2024 06:04:10;;;;;;
20/06/2024 06:04:20;;;;;;
20/06/2024 06:04:30;;;;;;
20/06/2024 06:04:40;;;;;;
20/06/2024 06:04:50;;;;;;
20/06/2024 06:05:00;;;;;;
20/06/2024 06:05:10;;;;;;
20/06/2024 06:05:20;;;;;;
20/06/2024 06:05:30;;;;;;
20/06/2024 06:05:40;;;;;;
20/06/2024 06:05:50;;;;;;
20/06/2024 06:06:00;;;;;;
20/06/2024 06:06:10;;;;;;
20/06/2024 06:06:20;;;;;;
20/06/2024 06:06:30;;;;;;
20/06/2024 06:06:40;;;;;;
20/06/2024 06:06:50;;;;;;
20/06/2024 06:07:00;;;;;;
20/06/2024 06:07:10;;;;;;
20/06/2024 06:07:20;;;;;;
20/06/2024 06:07:30;;;;;;
20/06/2024 06:07:40;;;;;;
20/06/2024 06:07:50;;;;;;
20/06/2024 06:08:00;;;;;;
20/06/2024 06:08:10;;;;;;
20/06/2024 06:08:20;;;;;;
20/06/2024 06:08:30;;;;;;
20/06/2024 06:08:40;;;;;;
20/06/2024 06:08:50;;;;;;
20/06/2024 06:09:00;;;;;;
20/06/2024 06:09:10;;;;;;
20/06/2024 06:09:20;;;;;;
20/06/2024 06:09:30;;;;;;
20/06/2024 06:09:40;;;;;;
20/06/2024 06:09:50;;;;;;
20/06/2024 06:10:00;;;;;;
20/06/2024 06:10:10;;;;;;
20/06/2024 06:10:20;;;;;;
20/06/2024 06:10:30;;;;;;
20/06/2024 06:10:40;;;;;;
20/06/2024 06:10:50;;;;;;
20/06/2024 06:11:00;;;;;;
20/06/2024 06:11:10;;;;;;
20/06/2024 06:11:20;;;;;;
20/06/2024 06:11:30;;;;;;
20/06/2024 06:11:40;;;;;;
20/06/2024 06:11:50;;;;;;
20/06/2024 06:12:00;;;;;;
20/06/2024 06:12:10;;;;;;
20/06/2024 06:12:20;;;;;;
20/06/2024 06:12:30;;;;;;
20/06/2024 06:12:40;;;;;;
20/06/2024 06:12:50;;;;;;
20/06/2024 06:13:00;;;;;;
20/06/2024 06:13:10;;;;;;
20/06/2024 06:13:20;;;;;;
20/06/2024 06:13:30;;;;;;
20/06/2024 06:13:40;;;;;;
20/06/2024 06:13:50;;;;;;
20/06/2024 06:14:00;;;;;;
20/06/2024 06:14:10;;;;;;
20/06/2024 06:14:20;;;;;;
20/06/2024 06:14:30;;;;;;
20/06/2024 06:14:40;;;;;;
20/06/2024 06:14:50;;;;;;
20/06/2024 06:15:00;;;;;;
20/06/2024 06:15:10;;;;;;
20/06/2024 06:15:20;;;;;;
20/06/2024 06:15:30;;;;;;
20/06/2024 06:15:40;;;;;;
20/06/2024 06:15:50;;;;;;
20/06/2024 06:16:00;;;;;;
20/06/2024 06:16:10;;;;;;
20/06/2024 06:16:20;;;;;;
20/06/2024 06:16:30;;;;;;
20/06/2024 06:16:40;;;;;;
20/06/2024 06:16:50;;;;;;
20/06/2024 06:17:00;;;;;;
20/06/2024 06:17:10;;;;;;
20/06/2024 06:17:20;;;;;;
20/06/2024 06:17:30;;;;;;
20/06/2024 06:17:40;;;;;;
20/06/2024 06:17:50;;;;;;
20/06/2024 06:18:00;;;;;;
20/06/2024 06:18:10;;;;;;
20/06/2024 06:18:20;;;;;;
20/06/2024 06:18:30;;;;;;
20/06/2024 06:18:40;;;;;;
20/06/2024 06:18:50;;;;;;
20/06/2024 06:19:00;;;;;;
20/06/2024 06:19:10;;;;;;
20/06/2024 06:19:20;;;;;;
20/06/2024 06:19:30;;;;;;
20/06/2024 06:19:40;;;;;;
20/06/2024 06:19:50;;;;;;
20/06/2024 06:20:00;;;;;;
20/06/2024 06:20:10;;;;;;
20/06/2024 06:20:20;;;;;;
20/06/2024 06:20:30;;;;;;
20/06/2024 06:20:40;;;;;;
20/06/2024 06:20:50;;;;;;
20/06/2024 06:21:00;;;;;;
20/06/2024 06:21:10;;;;;;
20/06/2024 06:21:20;;;;;;
20/06/2024 06:21:30;;;;;;
20/06/2024 06:21:40;;;;;;
20/06/2024 06:21:50;;;;;;
20/06/2024 06:22:00;;;;;;
20/06/2024 06:22:10;;;;;;
20/06/2024 06:22:20;;;;;;
20/06/2024 06:22:30;;;;;;
20/06/2024 06:22:40;;;;;;
20/06/2024 06:22:50;;;;;;
20/06/2024 06:23:00;;;;;;
20/06/2024 06:23:10;;;;;;
20/06/2024 06:23:20;;;;;;
20/06/2024 06:23:30;;;;;;
20/06/2024 06:23:40;;;;;;
20/06/2024 06:23:50;;;;;;
20/06/2024 06:24:00;;;;;;
20/06/2024 06:24:10;;;;;;
20/06/2024 06:24:20;;;;;;
20/06/2024 06:24:30;;;;;;
20/06/2024 06:24:40;;;;;;
20/06/2024 06:24:50;;;;;;
20/06/2024 06:25:00;;;;;;
20/06/2024 06:25:10;;;;;;
20/06/2024 06:25:20;;;;;;
20/06/2024 06:25:30;;;;;;
20/06/2024 06:25:40;;;;;;
20/06/2024 06:25:50;;;;;;
20/06/2024 06:26:00;;;;;;
20/06/2024 06:26:10;;;;;;
20/06/2024 06:26:20;;;;;;
20/06/2024 06:26:30;;;;;;
20/06/2024 06:26:40;;;;;;
20/06/2024 06:26:50;;;;;;
20/06/2024 06:27:00;;;;;;
20/06/2024 06:27:10;;;;;;
20/06/2024 06:27:20;;;;;;
20/06/2024 06:27:30;;;;;;
20/06/2024 06:27:40;;;;;;
20/06/2024 06:27:50;;;;;;
20/06/2024 06:28:00;;;;;;
20/06/2024 06:28:10;;;;;;
20/06/2024 06:28:20;;;;;;
20/06/2024 06:28:30;;;;;;
20/06/2024 06:28:40;;;;;;
20/06/2024 06:28:50;;;;;;
20/06/2024 06:29:00;;;;;;
20/06/2024 06:29:10;;;;;;
20/06/2024 06:29:20;;;;;;
20/06/2024 06:29:30;;;;;;
20/06/2024 06:29:40;;;;;;
20/06/2024 06:29:50;;;;;;
20/06/2024 06:30:00;;;;;;
20/06/2024 06:30:10;;;;;;
20/06/2024 06:30:20;;;;;;
20/06/2024 06:30:30;;;;;;
20/06/2024 06:30:40;;;;;;
20/06/2024 06:30:50;;;;;;
20/06/2024 06:31:00;;;;;;
20/06/2024 06:31:10;;;;;;
20/06/2024 06:31:20;;;;;;
20/06/2024 06:31:30;;;;;;
20/06/2024 06:31:40;;;;;;
20/06/2024 06:31:50;;;;;;
20/06/2024 06:32:00;;;;;;
20/06/2024 06:32:10;;;;;;
20/06/2024 06:32:20;;;;;;
20/06/2024 06:32:30;;;;;;
20/06/2024 06:32:40;;;;;;
20/06/2024 06:32:50;;;;;;
20/06/2024 06:33:00;;;;;;
20/06/2024 06:33:10;;;;;;
20/06/2024 06:33:20;;;;;;
20/06/2024 06:33:30;;;;;;
20/06/2024 06:33:40;;;;;;
20/06/2024 06:33:50;;;;;;
20/06/2024 06:34:00;;;;;;
20/06/2024 06:34:10;;;;;;
20/06/2024 06:34:20;;;;;;
20/06/2024 06:34:30;;;;;;
20/06/2024 06:34:40;;;;;;
20/06/2024 06:34:50;;;;;;
20/06/2024 06:35:00;;;;;;
20/06/2024 06:35:10;;;;;;
20/06/2024 06:35:20;;;;;;
20/06/2024 06:35:30;;;;;;
20/06/2024 06:35:40;;;;;;
20/06/2024 06:35:50;;;;;;
20/06/2024 06:36:00;;;;;;
20/06/2024 06:36:10;;;;;;
20/06/2024 06:36:20;;;;;;
20/06/2024 06:36:30;;;;;;
20/06/2024 06:36:40;;;;;;
20/06/2024 06:36:50;;;;;;
20/06/2024 06:37:00;;;;;;
20/06/2024 06:37:10;;;;;;
20/06/2024 06:37:20;;;;;;
20/06/2024 06:37:30;;;;;;
20/06/2024 06:37:40;;;;;;
20/06/2024 06:37:50;;;;;;
20/06/2024 06:38:00;;;;;;
20/06/2024 06:38:10;;;;;;
20/06/2024 06:38:20;;;;;;
20/06/2024 06:38:30;;;;;;
20/06/2024 06:38:40;;;;;;
20/06/2024 06:38:50;;;;;;
20/06/2024 06:39:00;;;;;;
20/06/2024 06:39:10;;;;;;
20/06/2024 06:39:20;;;;;;
20/06/2024 06:39:30;;;;;;
20/06/2024 06:39:40;;;;;;
20/06/2024 06:39:50;;;;;;
20/06/2024 06:40:00;;;;;;
20/06/2024 06:40:10;;;;;;
20/06/2024 06:40:20;;;;;;
20/06/2024 06:40:30;;;;;;
20/06/2024 06:40:40;;;;;;
20/06/2024 06:40:50;;;;;;
20/06/2024 06:41:00;;;;;;
20/06/2024 06:41:10;;;;;;
20/06/2024 06:41:20;;;;;;
20/06/2024 06:41:30;;;;;;
20/06/2024 06:41:40;;;;;;
20/06/2024 06:41:50;;;;;;
20/06/2024 06:42:00;;;;;;
20/06/2024 06:42:10;;;;;;
20/06/2024 06:42:20;;;;;;
20/06/2024 06:42:30;;;;;;
20/06/2024 06:42:40;;;;;;
20/06/2024 06:42:50;;;;;;
20/06/2024 06:43:00;;;;;;
20/06/2024 06:43:10;;;;;;
20/06/2024 06:43:20;;;;;;
20/06/2024 06:43:30;;;;;;
20/06/2024 06:43:40;;;;;;
20/06/2024 06:43:50;;;;;;
20/06/2024 06:44:00;;;;;;
20/06/2024 06:44:10;;;;;;
20/06/2024 06:44:20;;;;;;
20/06/2024 06:44:30;;;;;;
20/06/2024 06:44:40;;;;;;
20/06/2024 06:44:50;;;;;;
20/06/2024 06:45:00;;;;;;
20/06/2024 06:45:10;;;;;;
20/06/2024 06:45:20;;;;;;
20/06/2024 06:45:30;;;;;;
20/06/2024 06:45:40;;;;;;
20/06/2024 06:45:50;;;;;;
20/06/2024 06:46:00;;;;;;
20/06/2024 06:46:10;;;;;;
20/06/2024 06:46:20;;;;;;
20/06/2024 06:46:30;;;;;;
20/06/2024 06:46:40;;;;;;
20/06/2024 06:46:50;;;;;;
20/06/2024 06:47:00;;;;;;
20/06/2024 06:47:10;;;;;;
20/06/2024 06:47:20;;;;;;
20/06/2024 06:47:30;;;;;;
20/06/2024 06:47:40;;;;;;
20/06/2024 06:47:50;;;;;;
20/06/2024 06:48:00;;;;;;
20/06/2024 06:48:10;;;;;;
20/06/2024 06:48:20;;;;;;
20/06/2024 06:48:30;;;;;;
20/06/2024 06:48:40;;;;;;
20/06/2024 06:48:50;;;;;;
20/06/2024 06:49:00;;;;;;
20/06/2024 06:49:10;;;;;;
20/06/2024 06:49:20;;;;;;
20/06/2024 06:49:30;;;;;;
20/06/2024 06:49:40;;;;;;
20/06/2024 06:49:50;;;;;;
20/06/2024 06:50:00;;;;;;
20/06/2024 06:50:10;;;;;;
20/06/2024 06:50:20;;;;;;
20/06/2024 06:50:30;;;;;;
20/06/2024 06:50:40;;;;;;
20/06/2024 06:50:50;;;;;;
20/06/2024 06:51:00;;;;;;
20/06/2024 06:51:10;;;;;;
20/06/2024 06:51:20;;;;;;
20/06/2024 06:51:30;;;;;;
20/06/2024 06:51:40;;;;;;
20/06/2024 06:51:50;;;;;;
20/06/2024 06:52:00;;;;;;
20/06/2024 06:52:10;;;;;;
20/06/2024 06:52:20;;;;;;
20/06/2024 06:52:30;;;;;;
20/06/2024 06:52:40;;;;;;
20/06/2024 06:52:50;;;;;;
20/06/2024 06:53:00;;;;;;
20/06/2024 06:53:10;;;;;;
20/06/2024 06:53:20;;;;;;
20/06/2024 06:53:30;;;;;;
20/06/2024 06:53:40;;;;;;
20/06/2024 06:53:50;;;;;;
20/06/2024 06:54:00;;;;;;
20/06/2024 06:54:10;;;;;;
20/06/2024 06:54:20;;;;;;
20/06/2024 06:54:30;;;;;;
20/06/2024 06:54:40;;;;;;
20/06/2024 06:54:50;;;;;;
20/06/2024 06:55:00;;;;;;
20/06/2024 06:55:10;;;;;;
20/06/2024 06:55:20;;;;;;
20/06/2024 06:55:30;;;;;;
20/06/2024 06:55:40;;;;;;
20/06/2024 06:55:50;;;;;;
20/06/2024 06:56:00;;;;;;
20/06/2024 06:56:10;;;;;;
20/06/2024 06:56:20;;;;;;
20/06/2024 06:56:30;;;;;;
20/06/2024 06:56:40;;;;;;
20/06/2024 06:56:50;;;;;;
20/06/2024 06:57:00;;;;;;
20/06/2024 06:57:10;;;;;;
20/06/2024 06:57:20;;;;;;
20/06/2024 06:57:30;;;;;;
20/06/2024 06:57:40;;;;;;
20/06/2024 06:57:50;;;;;;
20/06/2024 06:58:00;;;;;;
20/06/2024 06:58:10;;;;;;
20/06/2024 06:58:20;;;;;;
20/06/2024 06:58:30;;;;;;
20/06/2024 06:58:40;;;;;;
20/06/2024 06:58:50;;;;;;
20/06/2024 06:59:00;;;;;;
20/06/2024 06:59:10;;;;;;
20/06/2024 06:59:20;;;;;;
20/06/2024 06:59:30;;;;;;
20/06/2024 06:59:40;;;;;;
20/06/2024 06:59:50;;;;;;
20/06/2024 07:00:00;;;;;;
20/06/2024 07:00:10;;;;;;
20/06/2024 07:00:20;;;;;;
20/06/2024 07:00:30;;;;;;
20/06/2024 07:00:40;;;;;;
20/06/2024 07:00:50;;;;;;
20/06/2024 07:01:00;;;;;;
20/06/2024 07:01:10;;;;;;
20/06/2024 07:01:20;;;;;;
20/06/2024 07:01:30;;;;;;
20/06/2024 07:01:40;;;;;;
20/06/2024 07:01:50;;;;;;
20/06/2024 07:02:00;;;;;;
20/06/2024 07:02:10;;;;;;
20/06/2024 07:02:20;;;;;;
20/06/2024 07:02:30;;;;;;
20/06/2024 07:02:40;;;;;;
20/06/2024 07:02:50;;;;;;
20/06/2024 07:03:00;;;;;;
20/06/2024 07:03:10;;;;;;
20/06/2024 07:03:20;;;;;;
20/06/2024 07:03:30;;;;;;
20/06/2024 07:03:40;;;;;;
20/06/2024 07:03:50;;;;;;
20/06/2024 07:04:00;;;;;;
20/06/2024 07:04:10;;;;;;
20/06/2024 07:04:20;;;;;;
20/06/2024 07:04:30;;;;;;
20/06/2024 07:04:40;;;;;;
20/06/2024 07:04:50;;;;;;
20/06/2024 07:05:00;;;;;;
20/06/2024 07:05:10;;;;;;
20/06/2024 07:05:20;;;;;;
20/06/2024 07:05:30;;;;;;
20/06/2024 07:05:40;;;;;;
20/06/2024 07:05:50;;;;;;
20/06/2024 07:06:00;;;;;;
20/06/2024 07:06:10;;;;;;
20/06/2024 07:06:20;;;;;;
20/06/2024 07:06:30;;;;;;
20/06/2024 07:06:40;;;;;;
20/06/2024 07:06:50;;;;;;
20/06/2024 07:07:00;;;;;;
20/06/2024 07:07:10;;;;;;
20/06/2024 07:07:20;;;;;;
20/06/2024 07:07:30;;;;;;
20/06/2024 07:07:40;;;;;;
20/06/2024 07:07:50;;;;;;
20/06/2024 07:08:00;;;;;;
20/06/2024 07:08:10;;;;;;
20/06/2024 07:08:20;;;;;;
20/06/2024 07:08:30;;;;;;
20/06/2024 07:08:40;;;;;;
20/06/2024 07:08:50;;;;;;
20/06/2024 07:09:00;;;;;;
20/06/2024 07:09:10;;;;;;
20/06/2024 07:09:20;;;;;;
20/06/2024 07:09:30;;;;;;
20/06/2024 07:09:40;;;;;;
20/06/2024 07:09:50;;;;;;
20/06/2024 07:10:00;;;;;;
20/06/2024 07:10:10;;;;;;
20/06/2024 07:10:20;;;;;;
20/06/2024 07:10:30;;;;;;
20/06/2024 07:10:40;;;;;;
20/06/2024 07:10:50;;;;;;
20/06/2024 07:11:00;;;;;;
20/06/2024 07:11:10;;;;;;
20/06/2024 07:11:20;;;;;;
20/06/2024 07:11:30;;;;;;
20/06/2024 07:11:40;;;;;;
20/06/2024 07:11:50;;;;;;
20/06/2024 07:12:00;;;;;;
20/06/2024 07:12:10;;;;;;
20/06/2024 07:12:20;;;;;;
20/06/2024 07:12:30;;;;;;
20/06/2024 07:12:40;;;;;;
20/06/2024 07:12:50;;;;;;
20/06/2024 07:13:00;;;;;;
20/06/2024 07:13:10;;;;;;
20/06/2024 07:13:20;;;;;;
20/06/2024 07:13:30;;;;;;
20/06/2024 07:13:40;;;;;;
20/06/2024 07:13:50;;;;;;
20/06/2024 07:14:00;;;;;;
20/06/2024 07:14:10;;;;;;
20/06/2024 07:14:20;;;;;;
20/06/2024 07:14:30;;;;;;
20/06/2024 07:14:40;;;;;;
20/06/2024 07:14:50;;;;;;
20/06/2024 07:15:00;;;;;;
20/06/2024 07:15:10;;;;;;
20/06/2024 07:15:20;;;;;;
20/06/2024 07:15:30;;;;;;
20/06/2024 07:15:40;;;;;;
20/06/2024 07:15:50;;;;;;
20/06/2024 07:16:00;;;;;;
20/06/2024 07:16:10;;;;;;
20/06/2024 07:16:20;;;;;;
20/06/2024 07:16:30;;;;;;
20/06/2024 07:16:40;;;;;;
20/06/2024 07:16:50;;;;;;
20/06/2024 07:17:00;;;;;;
20/06/2024 07:17:10;;;;;;
20/06/2024 07:17:20;;;;;;
20/06/2024 07:17:30;;;;;;
20/06/2024 07:17:40;;;;;;
20/06/2024 07:17:50;;;;;;
20/06/2024 07:18:00;;;;;;
20/06/2024 07:18:10;;;;;;
20/06/2024 07:18:20;;;;;;
20/06/2024 07:18:30;;;;;;
20/06/2024 07:18:40;;;;;;
20/06/2024 07:18:50;;;;;;
20/06/2024 07:19:00;;;;;;
20/06/2024 07:19:10;;;;;;
20/06/2024 07:19:20;;;;;;
20/06/2024 07:19:30;;;;;;
20/06/2024 07:19:40;;;;;;
20/06/2024 07:19:50;;;;;;
20/06/2024 07:20:00;;;;;;
20/06/2024 07:20:10;;;;;;
20/06/2024 07:20:20;;;;;;
20/06/2024 07:20:30;;;;;;
20/06/2024 07:20:40;;;;;;
20/06/2024 07:20:50;;;;;;
20/06/2024 07:21:00;;;;;;
20/06/2024 07:21:10;;;;;;
20/06/2024 07:21:20;;;;;;
20/06/2024 07:21:30;;;;;;
20/06/2024 07:21:40;;;;;;
20/06/2024 07:21:50;;;;;;
20/06/2024 07:22:00;;;;;;
20/06/2024 07:22:10;;;;;;
20/06/2024 07:22:20;;;;;;
20/06/2024 07:22:30;;;;;;
20/06/2024 07:22:40;;;;;;
20/06/2024 07:22:50;;;;;;
20/06/2024 07:23:00;;;;;;
20/06/2024 07:23:10;;;;;;
20/06/2024 07:23:20;;;;;;
20/06/2024 07:23:30;;;;;;
20/06/2024 07:23:40;;;;;;
20/06/2024 07:23:50;;;;;;
20/06/2024 07:24:00;;;;;;
20/06/2024 07:24:10;;;;;;
20/06/2024 07:24:20;;;;;;
20/06/2024 07:24:30;;;;;;
20/06/2024 07:24:40;;;;;;
20/06/2024 07:24:50;;;;;;
20/06/2024 07:25:00;;;;;;
20/06/2024 07:25:10;;;;;;
20/06/2024 07:25:20;;;;;;
20/06/2024 07:25:30;;;;;;
20/06/2024 07:25:40;;;;;;
20/06/2024 07:25:50;;;;;;
20/06/2024 07:26:00;;;;;;
20/06/2024 07:26:10;;;;;;
20/06/2024 07:26:20;;;;;;
20/06/2024 07:26:30;;;;;;
20/06/2024 07:26:40;;;;;;
20/06/2024 07:26:50;;;;;;
20/06/2024 07:27:00;;;;;;
20/06/2024 07:27:10;;;;;;
20/06/2024 07:27:20;;;;;;
20/06/2024 07:27:30;;;;;;
20/06/2024 07:27:40;;;;;;
20/06/2024 07:27:50;;;;;;
20/06/2024 07:28:00;;;;;;
20/06/2024 07:28:10;;;;;;
20/06/2024 07:28:20;;;;;;
20/06/2024 07:28:30;;;;;;
20/06/2024 07:28:40;;;;;;
20/06/2024 07:28:50;;;;;;
20/06/2024 07:29:00;;;;;;
20/06/2024 07:29:10;;;;;;
20/06/2024 07:29:20;;;;;;
20/06/2024 07:29:30;;;;;;
20/06/2024 07:29:40;;;;;;
20/06/2024 07:29:50;;;;;;
20/06/2024 07:30:00;;;;;;
20/06/2024 07:30:10;;;;;;
20/06/2024 07:30:20;;;;;;
20/06/2024 07:30:30;;;;;;
20/06/2024 07:30:40;;;;;;
20/06/2024 07:30:50;;;;;;
20/06/2024 07:31:00;;;;;;
20/06/2024 07:31:10;;;;;;
20/06/2024 07:31:20;;;;;;
20/06/2024 07:31:30;;;;;;
20/06/2024 07:31:40;;;;;;
20/06/2024 07:31:50;;;;;;
20/06/2024 07:32:00;;;;;;
20/06/2024 07:32:10;;;;;;
20/06/2024 07:32:20;;;;;;
20/06/2024 07:32:30;;;;;;
20/06/2024 07:32:40;;;;;;
20/06/2024 07:32:50;;;;;;
20/06/2024 07:33:00;;;;;;
20/06/2024 07:33:10;;;;;;
20/06/2024 07:33:20;;;;;;
20/06/2024 07:33:30;;;;;;
20/06/2024 07:33:40;;;;;;
20/06/2024 07:33:50;;;;;;
20/06/2024 07:34:00;;;;;;
20/06/2024 07:34:10;;;;;;
20/06/2024 07:34:20;;;;;;
20/06/2024 07:34:30;;;;;;
20/06/2024 07:34:40;;;;;;
20/06/2024 07:34:50;;;;;;
20/06/2024 07:35:00;;;;;;
20/06/2024 07:35:10;;;;;;
20/06/2024 07:35:20;;;;;;
20/06/2024 07:35:30;;;;;;
20/06/2024 07:35:40;;;;;;
20/06/2024 07:35:50;;;;;;
20/06/2024 07:36:00;;;;;;
20/06/2024 07:36:10;;;;;;
20/06/2024 07:36:20;;;;;;
20/06/2024 07:36:30;;;;;;
20/06/2024 07:36:40;;;;;;
20/06/2024 07:36:50;;;;;;
20/06/2024 07:37:00;;;;;;
20/06/2024 07:37:10;;;;;;
20/06/2024 07:37:20;;;;;;
20/06/2024 07:37:30;;;;;;
20/06/2024 07:37:40;;;;;;
20/06/2024 07:37:50;;;;;;
20/06/2024 07:38:00;;;;;;
20/06/2024 07:38:10;;;;;;
20/06/2024 07:38:20;;;;;;
20/06/2024 07:38:30;;;;;;
20/06/2024 07:38:40;;;;;;
20/06/2024 07:38:50;;;;;;
20/06/2024 07:39:00;;;;;;
20/06/2024 07:39:10;;;;;;
20/06/2024 07:39:20;;;;;;
20/06/2024 07:39:30;;;;;;
20/06/2024 07:39:40;;;;;;
20/06/2024 07:39:50;;;;;;
20/06/2024 07:40:00;;;;;;
20/06/2024 07:40:10;;;;;;
20/06/2024 07:40:20;;;;;;
20/06/2024 07:40:30;;;;;;
20/06/2024 07:40:40;;;;;;
20/06/2024 07:40:50;;;;;;
20/06/2024 07:41:00;;;;;;
20/06/2024 07:41:10;;;;;;
20/06/2024 07:41:20;;;;;;
20/06/2024 07:41:30;;;;;;
20/06/2024 07:41:40;;;;;;
20/06/2024 07:41:50;;;;;;
20/06/2024 07:42:00;;;;;;
20/06/2024 07:42:10;;;;;;
20/06/2024 07:42:20;;;;;;
20/06/2024 07:42:30;;;;;;
20/06/2024 07:42:40;;;;;;
20/06/2024 07:42:50;;;;;;
20/06/2024 07:43:00;;;;;;
20/06/2024 07:43:10;;;;;;
20/06/2024 07:43:20;;;;;;
20/06/2024 07:43:30;;;;;;
20/06/2024 07:43:40;;;;;;
20/06/2024 07:43:50;;;;;;
20/06/2024 07:44:00;;;;;;
20/06/2024 07:44:10;;;;;;
20/06/2024 07:44:20;;;;;;
20/06/2024 07:44:30;;;;;;
20/06/2024 07:44:40;;;;;;
20/06/2024 07:44:50;;;;;;
20/06/2024 07:45:00;;;;;;
20/06/2024 07:45:10;;;;;;
20/06/2024 07:45:20;;;;;;
20/06/2024 07:45:30;;;;;;
20/06/2024 07:45:40;;;;;;
20/06/2024 07:45:50;;;;;;
20/06/2024 07:46:00;;;;;;
20/06/2024 07:46:10;;;;;;
20/06/2024 07:46:20;;;;;;
20/06/2024 07:46:30;;;;;;
20/06/2024 07:46:40;;;;;;
20/06/2024 07:46:50;;;;;;
20/06/2024 07:47:00;;;;;;
20/06/2024 07:47:10;;;;;;
20/06/2024 07:47:20;;;;;;
20/06/2024 07:47:30;;;;;;
20/06/2024 07:47:40;;;;;;
20/06/2024 07:47:50;;;;;;
20/06/2024 07:48:00;;;;;;
20/06/2024 07:48:10;;;;;;
20/06/2024 07:48:20;;;;;;
20/06/2024 07:48:30;;;;;;
20/06/2024 07:48:40;;;;;;
20/06/2024 07:48:50;;;;;;
20/06/2024 07:49:00;;;;;;
20/06/2024 07:49:10;;;;;;
20/06/2024 07:49:20;;;;;;
20/06/2024 07:49:30;;;;;;
20/06/2024 07:49:40;;;;;;
20/06/2024 07:49:50;;;;;;
20/06/2024 07:50:00;;;;;;
20/06/2024 07:50:10;;;;;;
20/06/2024 07:50:20;;;;;;
20/06/2024 07:50:30;;;;;;
20/06/2024 07:50:40;;;;;;
20/06/2024 07:50:50;;;;;;
20/06/2024 07:51:00;;;;;;
20/06/2024 07:51:10;;;;;;
20/06/2024 07:51:20;;;;;;
20/06/2024 07:51:30;;;;;;
20/06/2024 07:51:40;;;;;;
20/06/2024 07:51:50;;;;;;
20/06/2024 07:52:00;;;;;;
20/06/2024 07:52:10;;;;;;
20/06/2024 07:52:20;;;;;;
20/06/2024 07:52:30;;;;;;
20/06/2024 07:52:40;;;;;;
20/06/2024 07:52:50;;;;;;
20/06/2024 07:53:00;;;;;;
20/06/2024 07:53:10;;;;;;
20/06/2024 07:53:20;;;;;;
20/06/2024 07:53:30;;;;;;
20/06/2024 07:53:40;;;;;;
20/06/2024 07:53:50;;;;;;
20/06/2024 07:54:00;;;;;;
20/06/2024 07:54:10;;;;;;
20/06/2024 07:54:20;;;;;;
20/06/2024 07:54:30;;;;;;
20/06/2024 07:54:40;;;;;;
20/06/2024 07:54:50;;;;;;
20/06/2024 07:55:00;;;;;;
20/06/2024 07:55:10;;;;;;
20/06/2024 07:55:20;;;;;;
20/06/2024 07:55:30;;;;;;
20/06/2024 07:55:40;;;;;;
20/06/2024 07:55:50;;;;;;
20/06/2024 07:56:00;;;;;;
20/06/2024 07:56:10;;;;;;
20/06/2024 07:56:20;;;;;;
20/06/2024 07:56:30;;;;;;
20/06/2024 07:56:40;;;;;;
20/06/2024 07:56:50;;;;;;
20/06/2024 07:57:00;;;;;;
20/06/2024 07:57:10;;;;;;
20/06/2024 07:57:20;;;;;;
20/06/2024 07:57:30;;;;;;
20/06/2024 07:57:40;;;;;;
20/06/2024 07:57:50;;;;;;
20/06/2024 07:58:00;;;;;;
20/06/2024 07:58:10;;;;;;
20/06/2024 07:58:20;;;;;;
20/06/2024 07:58:30;;;;;;
20/06/2024 07:58:40;;;;;;
20/06/2024 07:58:50;;;;;;
20/06/2024 07:59:00;;;;;;
20/06/2024 07:59:10;;;;;;
20/06/2024 07:59:20;;;;;;
20/06/2024 07:59:30;;;;;;
20/06/2024 07:59:40;;;;;;
20/06/2024 07:59:50;;;;;;
20/06/2024 08:00:00;;;;;;
20/06/2024 08:00:10;;;;;;
20/06/2024 08:00:20;;;;;;
20/06/2024 08:00:30;;;;;;
20/06/2024 08:00:40;;;;;;
20/06/2024 08:00:50;;;;;;
20/06/2024 08:01:00;;;;;;
20/06/2024 08:01:10;;;;;;
20/06/2024 08:01:20;;;;;;
20/06/2024 08:01:30;;;;;;
20/06/2024 08:01:40;;;;;;
20/06/2024 08:01:50;;;;;;
20/06/2024 08:02:00;;;;;;
20/06/2024 08:02:10;;;;;;
20/06/2024 08:02:20;;;;;;
20/06/2024 08:02:30;;;;;;
20/06/2024 08:02:40;;;;;;
20/06/2024 08:02:50;;;;;;
20/06/2024 08:03:00;;;;;;
20/06/2024 08:03:10;;;;;;
20/06/2024 08:03:20;;;;;;
20/06/2024 08:03:30;;;;;;
20/06/2024 08:03:40;;;;;;
20/06/2024 08:03:50;;;;;;
20/06/2024 08:04:00;;;;;;
20/06/2024 08:04:10;;;;;;
20/06/2024 08:04:20;;;;;;
20/06/2024 08:04:30;;;;;;
20/06/2024 08:04:40;;;;;;
20/06/2024 08:04:50;;;;;;
20/06/2024 08:05:00;;;;;;
20/06/2024 08:05:10;;;;;;
20/06/2024 08:05:20;;;;;;
20/06/2024 08:05:30;;;;;;
20/06/2024 08:05:40;;;;;;
20/06/2024 08:05:50;;;;;;
20/06/2024 08:06:00;;;;;;
20/06/2024 08:06:10;;;;;;
20/06/2024 08:06:20;;;;;;
20/06/2024 08:06:30;;;;;;
20/06/2024 08:06:40;;;;;;
20/06/2024 08:06:50;;;;;;
20/06/2024 08:07:00;;;;;;
20/06/2024 08:07:10;;;;;;
20/06/2024 08:07:20;;;;;;
20/06/2024 08:07:30;;;;;;
20/06/2024 08:07:40;;;;;;
20/06/2024 08:07:50;;;;;;
20/06/2024 08:08:00;;;;;;
20/06/2024 08:08:10;;;;;;
20/06/2024 08:08:20;;;;;;
20/06/2024 08:08:30;;;;;;
20/06/2024 08:08:40;;;;;;
20/06/2024 08:08:50;;;;;;
20/06/2024 08:09:00;;;;;;
20/06/2024 08:09:10;;;;;;
20/06/2024 08:09:20;;;;;;
20/06/2024 08:09:30;;;;;;
20/06/2024 08:09:40;;;;;;
20/06/2024 08:09:50;;;;;;
20/06/2024 08:10:00;;;;;;
20/06/2024 08:10:10;;;;;;
20/06/2024 08:10:20;;;;;;
20/06/2024 08:10:30;;;;;;
20/06/2024 08:10:40;;;;;;
20/06/2024 08:10:50;;;;;;
20/06/2024 08:11:00;;;;;;
20/06/2024 08:11:10;;;;;;
20/06/2024 08:11:20;;;;;;
20/06/2024 08:11:30;;;;;;
20/06/2024 08:11:40;;;;;;
20/06/2024 08:11:50;;;;;;
20/06/2024 08:12:00;;;;;;
20/06/2024 08:12:10;;;;;;
20/06/2024 08:12:20;;;;;;
20/06/2024 08:12:30;;;;;;
20/06/2024 08:12:40;;;;;;
20/06/2024 08:12:50;;;;;;
20/06/2024 08:13:00;;;;;;
20/06/2024 08:13:10;;;;;;
20/06/2024 08:13:20;;;;;;
20/06/2024 08:13:30;;;;;;
20/06/2024 08:13:40;;;;;;
20/06/2024 08:13:50;;;;;;
20/06/2024 08:14:00;;;;;;
20/06/2024 08:14:10;;;;;;
20/06/2024 08:14:20;;;;;;
20/06/2024 08:14:30;;;;;;
20/06/2024 08:14:40;;;;;;
20/06/2024 08:14:50;;;;;;
20/06/2024 08:15:00;;;;;;
20/06/2024 08:15:10;;;;;;
20/06/2024 08:15:20;;;;;;
20/06/2024 08:15:30;;;;;;
20/06/2024 08:15:40;;;;;;
20/06/2024 08:15:50;;;;;;
20/06/2024 08:16:00;;;;;;
20/06/2024 08:16:10;;;;;;
20/06/2024 08:16:20;;;;;;
20/06/2024 08:16:30;;;;;;
20/06/2024 08:16:40;;;;;;
20/06/2024 08:16:50;;;;;;
20/06/2024 08:17:00;;;;;;
20/06/2024 08:17:10;;;;;;
20/06/2024 08:17:20;;;;;;
20/06/2024 08:17:30;;;;;;
20/06/2024 08:17:40;;;;;;
20/06/2024 08:17:50;;;;;;
20/06/2024 08:18:00;;;;;;
20/06/2024 08:18:10;;;;;;
20/06/2024 08:18:20;;;;;;
20/06/2024 08:18:30;;;;;;
20/06/2024 08:18:40;;;;;;
20/06/2024 08:18:50;;;;;;
20/06/2024 08:19:00;;;;;;
20/06/2024 08:19:10;;;;;;
20/06/2024 08:19:20;;;;;;
20/06/2024 08:19:30;;;;;;
20/06/2024 08:19:40;;;;;;
20/06/2024 08:19:50;;;;;;
20/06/2024 08:20:00;;;;;;
20/06/2024 08:20:10;;;;;;
20/06/2024 08:20:20;;;;;;
20/06/2024 08:20:30;;;;;;
20/06/2024 08:20:40;;;;;;
20/06/2024 08:20:50;;;;;;
20/06/2024 08:21:00;;;;;;
20/06/2024 08:21:10;;;;;;
20/06/2024 08:21:20;;;;;;
20/06/2024 08:21:30;;;;;;
20/06/2024 08:21:40;;;;;;
20/06/2024 08:21:50;;;;;;
20/06/2024 08:22:00;;;;;;
20/06/2024 08:22:10;;;;;;
20/06/2024 08:22:20;;;;;;
20/06/2024 08:22:30;;;;;;
20/06/2024 08:22:40;;;;;;
20/06/2024 08:22:50;;;;;;
20/06/2024 08:23:00;;;;;;
20/06/2024 08:23:10;;;;;;
20/06/2024 08:23:20;;;;;;
20/06/2024 08:23:30;;;;;;
20/06/2024 08:23:40;;;;;;
20/06/2024 08:23:50;;;;;;
20/06/2024 08:24:00;;;;;;
20/06/2024 08:24:10;;;;;;
20/06/2024 08:24:20;;;;;;
20/06/2024 08:24:30;;;;;;
20/06/2024 08:24:40;;;;;;
20/06/2024 08:24:50;;;;;;
20/06/2024 08:25:00;;;;;;
20/06/2024 08:25:10;;;;;;
20/06/2024 08:25:20;;;;;;
20/06/2024 08:25:30;;;;;;
20/06/2024 08:25:40;;;;;;
20/06/2024 08:25:50;;;;;;
20/06/2024 08:26:00;;;;;;
20/06/2024 08:26:10;;;;;;
20/06/2024 08:26:20;;;;;;
20/06/2024 08:26:30;;;;;;
20/06/2024 08:26:40;;;;;;
20/06/2024 08:26:50;;;;;;
20/06/2024 08:27:00;;;;;;
20/06/2024 08:27:10;;;;;;
20/06/2024 08:27:20;;;;;;
20/06/2024 08:27:30;;;;;;
20/06/2024 08:27:40;;;;;;
20/06/2024 08:27:50;;;;;;
20/06/2024 08:28:00;;;;;;
20/06/2024 08:28:10;;;;;;
20/06/2024 08:28:20;;;;;;
20/06/2024 08:28:30;;;;;;
20/06/2024 08:28:40;;;;;;
20/06/2024 08:28:50;;;;;;
20/06/2024 08:29:00;;;;;;
20/06/2024 08:29:10;;;;;;
20/06/2024 08:29:20;;;;;;
20/06/2024 08:29:30;;;;;;
20/06/2024 08:29:40;;;;;;
20/06/2024 08:29:50;;;;;;
20/06/2024 08:30:00;;;;;;
20/06/2024 08:30:10;;;;;;
20/06/2024 08:30:20;;;;;;
20/06/2024 08:30:30;;;;;;
20/06/2024 08:30:40;;;;;;
20/06/2024 08:30:50;;;;;;
20/06/2024 08:31:00;;;;;;
20/06/2024 08:31:10;;;;;;
20/06/2024 08:31:20;;;;;;
20/06/2024 08:31:30;;;;;;
20/06/2024 08:31:40;;;;;;
20/06/2024 08:31:50;;;;;;
20/06/2024 08:32:00;;;;;;
20/06/2024 08:32:10;;;;;;
20/06/2024 08:32:20;;;;;;
20/06/2024 08:32:30;;;;;;
20/06/2024 08:32:40;;;;;;
20/06/2024 08:32:50;;;;;;
20/06/2024 08:33:00;;;;;;
20/06/2024 08:33:10;;;;;;
20/06/2024 08:33:20;;;;;;
20/06/2024 08:33:30;;;;;;
20/06/2024 08:33:40;;;;;;
20/06/2024 08:33:50;;;;;;
20/06/2024 08:34:00;;;;;;
20/06/2024 08:34:10;;;;;;
20/06/2024 08:34:20;;;;;;
20/06/2024 08:34:30;;;;;;
20/06/2024 08:34:40;;;;;;
20/06/2024 08:34:50;;;;;;
20/06/2024 08:35:00;;;;;;
20/06/2024 08:35:10;;;;;;
20/06/2024 08:35:20;;;;;;
20/06/2024 08:35:30;;;;;;
20/06/2024 08:35:40;;;;;;
20/06/2024 08:35:50;;;;;;
20/06/2024 08:36:00;;;;;;
20/06/2024 08:36:10;;;;;;
20/06/2024 08:36:20;;;;;;
20/06/2024 08:36:30;;;;;;
20/06/2024 08:36:40;;;;;;
20/06/2024 08:36:50;;;;;;
20/06/2024 08:37:00;;;;;;
20/06/2024 08:37:10;;;;;;
20/06/2024 08:37:20;;;;;;
20/06/2024 08:37:30;;;;;;
20/06/2024 08:37:40;;;;;;
20/06/2024 08:37:50;;;;;;
20/06/2024 08:38:00;;;;;;
20/06/2024 08:38:10;;;;;;
20/06/2024 08:38:20;;;;;;
20/06/2024 08:38:30;;;;;;
20/06/2024 08:38:40;;;;;;
20/06/2024 08:38:50;;;;;;
20/06/2024 08:39:00;;;;;;
20/06/2024 08:39:10;;;;;;
20/06/2024 08:39:20;;;;;;
20/06/2024 08:39:30;;;;;;
20/06/2024 08:39:40;;;;;;
20/06/2024 08:39:50;;;;;;
20/06/2024 08:40:00;;;;;;
20/06/2024 08:40:10;;;;;;
20/06/2024 08:40:20;;;;;;
20/06/2024 08:40:30;;;;;;
20/06/2024 08:40:40;;;;;;
20/06/2024 08:40:50;;;;;;
20/06/2024 08:41:00;;;;;;
20/06/2024 08:41:10;;;;;;
20/06/2024 08:41:20;;;;;;
20/06/2024 08:41:30;;;;;;
20/06/2024 08:41:40;;;;;;
20/06/2024 08:41:50;;;;;;
20/06/2024 08:42:00;;;;;;
20/06/2024 08:42:10;;;;;;
20/06/2024 08:42:20;;;;;;
20/06/2024 08:42:30;;;;;;
20/06/2024 08:42:40;;;;;;
20/06/2024 08:42:50;;;;;;
20/06/2024 08:43:00;;;;;;
20/06/2024 08:43:10;;;;;;
20/06/2024 08:43:20;;;;;;
20/06/2024 08:43:30;;;;;;
20/06/2024 08:43:40;;;;;;
20/06/2024 08:43:50;;;;;;
20/06/2024 08:44:00;;;;;;
20/06/2024 08:44:10;;;;;;
20/06/2024 08:44:20;;;;;;
20/06/2024 08:44:30;;;;;;
20/06/2024 08:44:40;;;;;;
20/06/2024 08:44:50;;;;;;
20/06/2024 08:45:00;;;;;;
20/06/2024 08:45:10;;;;;;
20/06/2024 08:45:20;;;;;;
20/06/2024 08:45:30;;;;;;
20/06/2024 08:45:40;;;;;;
20/06/2024 08:45:50;;;;;;
20/06/2024 08:46:00;;;;;;
20/06/2024 08:46:10;;;;;;
20/06/2024 08:46:20;;;;;;
20/06/2024 08:46:30;;;;;;
20/06/2024 08:46:40;;;;;;
20/06/2024 08:46:50;;;;;;
20/06/2024 08:47:00;;;;;;
20/06/2024 08:47:10;;;;;;
20/06/2024 08:47:20;;;;;;
20/06/2024 08:47:30;;;;;;
20/06/2024 08:47:40;;;;;;
20/06/2024 08:47:50;;;;;;
20/06/2024 08:48:00;;;;;;
20/06/2024 08:48:10;;;;;;
20/06/2024 08:48:20;;;;;;
20/06/2024 08:48:30;;;;;;
20/06/2024 08:48:40;;;;;;
20/06/2024 08:48:50;;;;;;
20/06/2024 08:49:00;;;;;;
20/06/2024 08:49:10;;;;;;
20/06/2024 08:49:20;;;;;;
20/06/2024 08:49:30;;;;;;
20/06/2024 08:49:40;;;;;;
20/06/2024 08:49:50;;;;;;
20/06/2024 08:50:00;;;;;;
20/06/2024 08:50:10;;;;;;
20/06/2024 08:50:20;;;;;;
20/06/2024 08:50:30;;;;;;
20/06/2024 08:50:40;;;;;;
20/06/2024 08:50:50;;;;;;
20/06/2024 08:51:00;;;;;;
20/06/2024 08:51:10;;;;;;
20/06/2024 08:51:20;;;;;;
20/06/2024 08:51:30;;;;;;
20/06/2024 08:51:40;;;;;;
20/06/2024 08:51:50;;;;;;
20/06/2024 08:52:00;;;;;;
20/06/2024 08:52:10;;;;;;
20/06/2024 08:52:20;;;;;;
20/06/2024 08:52:30;;;;;;
20/06/2024 08:52:40;;;;;;
20/06/2024 08:52:50;;;;;;
20/06/2024 08:53:00;;;;;;
20/06/2024 08:53:10;;;;;;
20/06/2024 08:53:20;;;;;;
20/06/2024 08:53:30;;;;;;
20/06/2024 08:53:40;;;;;;
20/06/2024 08:53:50;;;;;;
20/06/2024 08:54:00;;;;;;
20/06/2024 08:54:10;;;;;;
20/06/2024 08:54:20;;;;;;
20/06/2024 08:54:30;;;;;;
20/06/2024 08:54:40;;;;;;
20/06/2024 08:54:50;;;;;;
20/06/2024 08:55:00;;;;;;
20/06/2024 08:55:10;;;;;;
20/06/2024 08:55:20;;;;;;
20/06/2024 08:55:30;;;;;;
20/06/2024 08:55:40;;;;;;
20/06/2024 08:55:50;;;;;;
20/06/2024 08:56:00;;;;;;
20/06/2024 08:56:10;;;;;;
20/06/2024 08:56:20;;;;;;
20/06/2024 08:56:30;;;;;;
20/06/2024 08:56:40;;;;;;
20/06/2024 08:56:50;;;;;;
20/06/2024 08:57:00;;;;;;
20/06/2024 08:57:10;;;;;;
20/06/2024 08:57:20;;;;;;
20/06/2024 08:57:30;;;;;;
20/06/2024 08:57:40;;;;;;
20/06/2024 08:57:50;;;;;;
20/06/2024 08:58:00;;;;;;
20/06/2024 08:58:10;;;;;;
20/06/2024 08:58:20;;;;;;
20/06/2024 08:58:30;;;;;;
20/06/2024 08:58:40;;;;;;
20/06/2024 08:58:50;;;;;;
20/06/2024 08:59:00;;;;;;
20/06/2024 08:59:10;;;;;;
20/06/2024 08:59:20;;;;;;
20/06/2024 08:59:30;;;;;;
20/06/2024 08:59:40;;;;;;
20/06/2024 08:59:50;;;;;;
20/06/2024 09:00:00;;;;;;
20/06/2024 09:00:10;;;;;;
20/06/2024 09:00:20;;;;;;
20/06/2024 09:00:30;;;;;;
20/06/2024 09:00:40;;;;;;
20/06/2024 09:00:50;;;;;;
20/06/2024 09:01:00;;;;;;
20/06/2024 09:01:10;;;;;;
20/06/2024 09:01:20;;;;;;
20/06/2024 09:01:30;;;;;;
20/06/2024 09:01:40;;;;;;
20/06/2024 09:01:50;;;;;;
20/06/2024 09:02:00;;;;;;
20/06/2024 09:02:10;;;;;;
20/06/2024 09:02:20;;;;;;
20/06/2024 09:02:30;;;;;;
20/06/2024 09:02:40;;;;;;
20/06/2024 09:02:50;;;;;;
20/06/2024 09:03:00;;;;;;
20/06/2024 09:03:10;;;;;;
20/06/2024 09:03:20;;;;;;
20/06/2024 09:03:30;;;;;;
20/06/2024 09:03:40;;;;;;
20/06/2024 09:03:50;;;;;;
20/06/2024 09:04:00;;;;;;
20/06/2024 09:04:10;;;;;;
20/06/2024 09:04:20;;;;;;
20/06/2024 09:04:30;;;;;;
20/06/2024 09:04:40;;;;;;
20/06/2024 09:04:50;;;;;;
20/06/2024 09:05:00;;;;;;
20/06/2024 09:05:10;;;;;;
20/06/2024 09:05:20;;;;;;
20/06/2024 09:05:30;;;;;;
20/06/2024 09:05:40;;;;;;
20/06/2024 09:05:50;;;;;;
20/06/2024 09:06:00;;;;;;
20/06/2024 09:06:10;;;;;;
20/06/2024 09:06:20;;;;;;
20/06/2024 09:06:30;;;;;;
20/06/2024 09:06:40;;;;;;
20/06/2024 09:06:50;;;;;;
20/06/2024 09:07:00;;;;;;
20/06/2024 09:07:10;;;;;;
20/06/2024 09:07:20;;;;;;
20/06/2024 09:07:30;;;;;;
20/06/2024 09:07:40;;;;;;
20/06/2024 09:07:50;;;;;;
20/06/2024 09:08:00;;;;;;
20/06/2024 09:08:10;;;;;;
20/06/2024 09:08:20;;;;;;
20/06/2024 09:08:30;;;;;;
20/06/2024 09:08:40;;;;;;
20/06/2024 09:08:50;;;;;;
20/06/2024 09:09:00;;;;;;
20/06/2024 09:09:10;;;;;;
20/06/2024 09:09:20;;;;;;
20/06/2024 09:09:30;;;;;;
20/06/2024 09:09:40;;;;;;
20/06/2024 09:09:50;;;;;;
20/06/2024 09:10:00;;;;;;
20/06/2024 09:10:10;;;;;;
20/06/2024 09:10:20;;;;;;
20/06/2024 09:10:30;;;;;;
20/06/2024 09:10:40;;;;;;
20/06/2024 09:10:50;;;;;;
20/06/2024 09:11:00;;;;;;
20/06/2024 09:11:10;;;;;;
20/06/2024 09:11:20;;;;;;
20/06/2024 09:11:30;;;;;;
20/06/2024 09:11:40;;;;;;
20/06/2024 09:11:50;;;;;;
20/06/2024 09:12:00;;;;;;
20/06/2024 09:12:10;;;;;;
20/06/2024 09:12:20;;;;;;
20/06/2024 09:12:30;;;;;;
20/06/2024 09:12:40;;;;;;
20/06/2024 09:12:50;;;;;;
20/06/2024 09:13:00;;;;;;
20/06/2024 09:13:10;;;;;;
20/06/2024 09:13:20;;;;;;
20/06/2024 09:13:30;;;;;;
20/06/2024 09:13:40;;;;;;
20/06/2024 09:13:50;;;;;;
20/06/2024 09:14:00;;;;;;
20/06/2024 09:14:10;;;;;;
20/06/2024 09:14:20;;;;;;
20/06/2024 09:14:30;;;;;;
20/06/2024 09:14:40;;;;;;
20/06/2024 09:14:50;;;;;;
20/06/2024 09:15:00;;;;;;
20/06/2024 09:15:10;;;;;;
20/06/2024 09:15:20;;;;;;
20/06/2024 09:15:30;;;;;;
20/06/2024 09:15:40;;;;;;
20/06/2024 09:15:50;;;;;;
20/06/2024 09:16:00;;;;;;
20/06/2024 09:16:10;;;;;;
20/06/2024 09:16:20;;;;;;
20/06/2024 09:16:30;;;;;;
20/06/2024 09:16:40;;;;;;
20/06/2024 09:16:50;;;;;;
20/06/2024 09:17:00;;;;;;
20/06/2024 09:17:10;;;;;;
20/06/2024 09:17:20;;;;;;
20/06/2024 09:17:30;;;;;;
20/06/2024 09:17:40;;;;;;
20/06/2024 09:17:50;;;;;;
20/06/2024 09:18:00;;;;;;
20/06/2024 09:18:10;;;;;;
20/06/2024 09:18:20;;;;;;
20/06/2024 09:18:30;;;;;;
20/06/2024 09:18:40;;;;;;
20/06/2024 09:18:50;;;;;;
20/06/2024 09:19:00;;;;;;
20/06/2024 09:19:10;;;;;;
20/06/2024 09:19:20;;;;;;
20/06/2024 09:19:30;;;;;;
20/06/2024 09:19:40;;;;;;
20/06/2024 09:19:50;;;;;;
20/06/2024 09:20:00;;;;;;
20/06/2024 09:20:10;;;;;;
20/06/2024 09:20:20;;;;;;
20/06/2024 09:20:30;;;;;;
20/06/2024 09:20:40;;;;;;
20/06/2024 09:20:50;;;;;;
20/06/2024 09:21:00;;;;;;
20/06/2024 09:21:10;;;;;;
20/06/2024 09:21:20;;;;;;
20/06/2024 09:21:30;;;;;;
20/06/2024 09:21:40;;;;;;
20/06/2024 09:21:50;;;;;;
20/06/2024 09:22:00;;;;;;
20/06/2024 09:22:10;;;;;;
20/06/2024 09:22:20;;;;;;
20/06/2024 09:22:30;;;;;;
20/06/2024 09:22:40;;;;;;
20/06/2024 09:22:50;;;;;;
20/06/2024 09:23:00;;;;;;
20/06/2024 09:23:10;;;;;;
20/06/2024 09:23:20;;;;;;
20/06/2024 09:23:30;;;;;;
20/06/2024 09:23:40;;;;;;
20/06/2024 09:23:50;;;;;;
20/06/2024 09:24:00;;;;;;
20/06/2024 09:24:10;;;;;;
20/06/2024 09:24:20;;;;;;
20/06/2024 09:24:30;;;;;;
20/06/2024 09:24:40;;;;;;
20/06/2024 09:24:50;;;;;;
20/06/2024 09:25:00;;;;;;
20/06/2024 09:25:10;;;;;;
20/06/2024 09:25:20;;;;;;
20/06/2024 09:25:30;;;;;;
20/06/2024 09:25:40;;;;;;
20/06/2024 09:25:50;;;;;;
20/06/2024 09:26:00;;;;;;
20/06/2024 09:26:10;;;;;;
20/06/2024 09:26:20;;;;;;
20/06/2024 09:26:30;;;;;;
20/06/2024 09:26:40;;;;;;
20/06/2024 09:26:50;;;;;;
20/06/2024 09:27:00;;;;;;
20/06/2024 09:27:10;;;;;;
20/06/2024 09:27:20;;;;;;
20/06/2024 09:27:30;;;;;;
20/06/2024 09:27:40;;;;;;
20/06/2024 09:27:50;;;;;;
20/06/2024 09:28:00;;;;;;
20/06/2024 09:28:10;;;;;;
20/06/2024 09:28:20;;;;;;
20/06/2024 09:28:30;;;;;;
20/06/2024 09:28:40;;;;;;
20/06/2024 09:28:50;;;;;;
20/06/2024 09:29:00;;;;;;
20/06/2024 09:29:10;;;;;;
20/06/2024 09:29:20;;;;;;
20/06/2024 09:29:30;;;;;;
20/06/2024 09:29:40;;;;;;
20/06/2024 09:29:50;;;;;;
20/06/2024 09:30:00;;;;;;
20/06/2024 09:30:10;;;;;;
20/06/2024 09:30:20;;;;;;
20/06/2024 09:30:30;;;;;;
20/06/2024 09:30:40;;;;;;
20/06/2024 09:30:50;;;;;;
20/06/2024 09:31:00;;;;;;
20/06/2024 09:31:10;;;;;;
20/06/2024 09:31:20;;;;;;
20/06/2024 09:31:30;;;;;;
20/06/2024 09:31:40;;;;;;
20/06/2024 09:31:50;;;;;;
20/06/2024 09:32:00;;;;;;
20/06/2024 09:32:10;;;;;;
20/06/2024 09:32:20;;;;;;
20/06/2024 09:32:30;;;;;;
20/06/2024 09:32:40;;;;;;
20/06/2024 09:32:50;;;;;;
20/06/2024 09:33:00;;;;;;
20/06/2024 09:33:10;;;;;;
20/06/2024 09:33:20;;;;;;
20/06/2024 09:33:30;;;;;;
20/06/2024 09:33:40;;;;;;
20/06/2024 09:33:50;;;;;;
20/06/2024 09:34:00;;;;;;
20/06/2024 09:34:10;;;;;;
20/06/2024 09:34:20;;;;;;
20/06/2024 09:34:30;;;;;;
20/06/2024 09:34:40;;;;;;
20/06/2024 09:34:50;;;;;;
20/06/2024 09:35:00;;;;;;
20/06/2024 09:35:10;;;;;;
20/06/2024 09:35:20;;;;;;
20/06/2024 09:35:30;;;;;;
20/06/2024 09:35:40;;;;;;
20/06/2024 09:35:50;;;;;;
20/06/2024 09:36:00;;;;;;
20/06/2024 09:36:10;;;;;;
20/06/2024 09:36:20;;;;;;
20/06/2024 09:36:30;;;;;;
20/06/2024 09:36:40;;;;;;
20/06/2024 09:36:50;;;;;;
20/06/2024 09:37:00;;;;;;
20/06/2024 09:37:10;;;;;;
20/06/2024 09:37:20;;;;;;
20/06/2024 09:37:30;;;;;;
20/06/2024 09:37:40;;;;;;
20/06/2024 09:37:50;;;;;;
20/06/2024 09:38:00;;;;;;
20/06/2024 09:38:10;;;;;;
20/06/2024 09:38:20;;;;;;
20/06/2024 09:38:30;;;;;;
20/06/2024 09:38:40;;;;;;
20/06/2024 09:38:50;;;;;;
20/06/2024 09:39:00;;;;;;
20/06/2024 09:39:10;;;;;;
20/06/2024 09:39:20;;;;;;
20/06/2024 09:39:30;;;;;;
20/06/2024 09:39:40;;;;;;
20/06/2024 09:39:50;;;;;;
20/06/2024 09:40:00;;;;;;
20/06/2024 09:40:10;;;;;;
20/06/2024 09:40:20;;;;;;
20/06/2024 09:40:30;;;;;;
20/06/2024 09:40:40;;;;;;
20/06/2024 09:40:50;;;;;;
20/06/2024 09:41:00;;;;;;
20/06/2024 09:41:10;;;;;;
20/06/2024 09:41:20;;;;;;
20/06/2024 09:41:30;;;;;;
20/06/2024 09:41:40;;;;;;
20/06/2024 09:41:50;;;;;;
20/06/2024 09:42:00;;;;;;
20/06/2024 09:42:10;;;;;;
20/06/2024 09:42:20;;;;;;
20/06/2024 09:42:30;;;;;;
20/06/2024 09:42:40;;;;;;
20/06/2024 09:42:50;;;;;;
20/06/2024 09:43:00;;;;;;
20/06/2024 09:43:10;;;;;;
20/06/2024 09:43:20;;;;;;
20/06/2024 09:43:30;;;;;;
20/06/2024 09:43:40;;;;;;
20/06/2024 09:43:50;;;;;;
20/06/2024 09:44:00;;;;;;
20/06/2024 09:44:10;;;;;;
20/06/2024 09:44:20;;;;;;
20/06/2024 09:44:30;;;;;;
20/06/2024 09:44:40;;;;;;
20/06/2024 09:44:50;;;;;;
20/06/2024 09:45:00;;;;;;
20/06/2024 09:45:10;;;;;;
20/06/2024 09:45:20;;;;;;
20/06/2024 09:45:30;;;;;;
20/06/2024 09:45:40;;;;;;
20/06/2024 09:45:50;;;;;;
20/06/2024 09:46:00;;;;;;
20/06/2024 09:46:10;;;;;;
20/06/2024 09:46:20;;;;;;
20/06/2024 09:46:30;;;;;;
20/06/2024 09:46:40;;;;;;
20/06/2024 09:46:50;;;;;;
20/06/2024 09:47:00;;;;;;
20/06/2024 09:47:10;;;;;;
20/06/2024 09:47:20;;;;;;
20/06/2024 09:47:30;;;;;;
20/06/2024 09:47:40;;;;;;
20/06/2024 09:47:50;;;;;;
20/06/2024 09:48:00;;;;;;
20/06/2024 09:48:10;;;;;;
20/06/2024 09:48:20;;;;;;
20/06/2024 09:48:30;;;;;;
20/06/2024 09:48:40;;;;;;
20/06/2024 09:48:50;;;;;;
20/06/2024 09:49:00;;;;;;
20/06/2024 09:49:10;;;;;;
20/06/2024 09:49:20;;;;;;
20/06/2024 09:49:30;;;;;;
20/06/2024 09:49:40;;;;;;
20/06/2024 09:49:50;;;;;;
20/06/2024 09:50:00;;;;;;
20/06/2024 09:50:10;;;;;;
20/06/2024 09:50:20;;;;;;
20/06/2024 09:50:30;;;;;;
20/06/2024 09:50:40;;;;;;
20/06/2024 09:50:50;;;;;;
20/06/2024 09:51:00;;;;;;
20/06/2024 09:51:10;;;;;;
20/06/2024 09:51:20;;;;;;
20/06/2024 09:51:30;;;;;;
20/06/2024 09:51:40;;;;;;
20/06/2024 09:51:50;;;;;;
20/06/2024 09:52:00;;;;;;
20/06/2024 09:52:10;;;;;;
20/06/2024 09:52:20;;;;;;
20/06/2024 09:52:30;;;;;;
20/06/2024 09:52:40;;;;;;
20/06/2024 09:52:50;;;;;;
20/06/2024 09:53:00;;;;;;
20/06/2024 09:53:10;;;;;;
20/06/2024 09:53:20;;;;;;
20/06/2024 09:53:30;;;;;;
20/06/2024 09:53:40;;;;;;
20/06/2024 09:53:50;;;;;;
20/06/2024 09:54:00;;;;;;
20/06/2024 09:54:10;;;;;;
20/06/2024 09:54:20;;;;;;
20/06/2024 09:54:30;;;;;;
20/06/2024 09:54:40;;;;;;
20/06/2024 09:54:50;;;;;;
20/06/2024 09:55:00;;;;;;
20/06/2024 09:55:10;;;;;;
20/06/2024 09:55:20;;;;;;
20/06/2024 09:55:30;;;;;;
20/06/2024 09:55:40;;;;;;
20/06/2024 09:55:50;;;;;;
20/06/2024 09:56:00;;;;;;
20/06/2024 09:56:10;;;;;;
20/06/2024 09:56:20;;;;;;
20/06/2024 09:56:30;;;;;;
20/06/2024 09:56:40;;;;;;
20/06/2024 09:56:50;;;;;;
20/06/2024 09:57:00;;;;;;
20/06/2024 09:57:10;;;;;;
20/06/2024 09:57:20;;;;;;
20/06/2024 09:57:30;;;;;;
20/06/2024 09:57:40;;;;;;
20/06/2024 09:57:50;;;;;;
20/06/2024 09:58:00;;;;;;
20/06/2024 09:58:10;;;;;;
20/06/2024 09:58:20;;;;;;
20/06/2024 09:58:30;;;;;;
20/06/2024 09:58:40;;;;;;
20/06/2024 09:58:50;;;;;;
20/06/2024 09:59:00;;;;;;
20/06/2024 09:59:10;;;;;;
20/06/2024 09:59:20;;;;;;
20/06/2024 09:59:30;;;;;;
20/06/2024 09:59:40;;;;;;
20/06/2024 09:59:50;;;;;;
20/06/2024 10:00:00;;;;;;
20/06/2024 10:00:10;;;;;;
20/06/2024 10:00:20;;;;;;
20/06/2024 10:00:30;;;;;;
20/06/2024 10:00:40;;;;;;
20/06/2024 10:00:50;;;;;;
20/06/2024 10:01:00;;;;;;
20/06/2024 10:01:10;;;;;;
20/06/2024 10:01:20;;;;;;
20/06/2024 10:01:30;;;;;;
20/06/2024 10:01:40;;;;;;
20/06/2024 10:01:50;;;;;;
20/06/2024 10:02:00;;;;;;
20/06/2024 10:02:10;;;;;;
20/06/2024 10:02:20;;;;;;
20/06/2024 10:02:30;;;;;;
20/06/2024 10:02:40;;;;;;
20/06/2024 10:02:50;;;;;;
20/06/2024 10:03:00;;;;;;
20/06/2024 10:03:10;;;;;;
20/06/2024 10:03:20;;;;;;
20/06/2024 10:03:30;;;;;;
20/06/2024 10:03:40;;;;;;
20/06/2024 10:03:50;;;;;;
20/06/2024 10:04:00;;;;;;
20/06/2024 10:04:10;;;;;;
20/06/2024 10:04:20;;;;;;
20/06/2024 10:04:30;;;;;;
20/06/2024 10:04:40;;;;;;
20/06/2024 10:04:50;;;;;;
20/06/2024 10:05:00;;;;;;
20/06/2024 10:05:10;;;;;;
20/06/2024 10:05:20;;;;;;
20/06/2024 10:05:30;;;;;;
20/06/2024 10:05:40;;;;;;
20/06/2024 10:05:50;;;;;;
20/06/2024 10:06:00;;;;;;
20/06/2024 10:06:10;;;;;;
20/06/2024 10:06:20;;;;;;
20/06/2024 10:06:30;;;;;;
20/06/2024 10:06:40;;;;;;
20/06/2024 10:06:50;;;;;;
20/06/2024 10:07:00;;;;;;
20/06/2024 10:07:10;;;;;;
20/06/2024 10:07:20;;;;;;
20/06/2024 10:07:30;;;;;;
20/06/2024 10:07:40;;;;;;
20/06/2024 10:07:50;;;;;;
20/06/2024 10:08:00;;;;;;
20/06/2024 10:08:10;;;;;;
20/06/2024 10:08:20;;;;;;
20/06/2024 10:08:30;;;;;;
20/06/2024 10:08:40;;;;;;
20/06/2024 10:08:50;;;;;;
20/06/2024 10:09:00;;;;;;
20/06/2024 10:09:10;;;;;;
20/06/2024 10:09:20;;;;;;
20/06/2024 10:09:30;;;;;;
20/06/2024 10:09:40;;;;;;
20/06/2024 10:09:50;;;;;;
20/06/2024 10:10:00;;;;;;
20/06/2024 10:10:10;;;;;;
20/06/2024 10:10:20;;;;;;
20/06/2024 10:10:30;;;;;;
20/06/2024 10:10:40;;;;;;
20/06/2024 10:10:50;;;;;;
20/06/2024 10:11:00;;;;;;
20/06/2024 10:11:10;;;;;;
20/06/2024 10:11:20;;;;;;
20/06/2024 10:11:30;;;;;;
20/06/2024 10:11:40;;;;;;
20/06/2024 10:11:50;;;;;;
20/06/2024 10:12:00;;;;;;
20/06/2024 10:12:10;;;;;;
20/06/2024 10:12:20;;;;;;
20/06/2024 10:12:30;;;;;;
20/06/2024 10:12:40;;;;;;
20/06/2024 10:12:50;;;;;;
20/06/2024 10:13:00;;;;;;
20/06/2024 10:13:10;;;;;;
20/06/2024 10:13:20;;;;;;
20/06/2024 10:13:30;;;;;;
20/06/2024 10:13:40;;;;;;
20/06/2024 10:13:50;;;;;;
20/06/2024 10:14:00;;;;;;
20/06/2024 10:14:10;;;;;;
20/06/2024 10:14:20;;;;;;
20/06/2024 10:14:30;;;;;;
20/06/2024 10:14:40;;;;;;
20/06/2024 10:14:50;;;;;;
20/06/2024 10:15:00;;;;;;
20/06/2024 10:15:10;;;;;;
20/06/2024 10:15:20;;;;;;
20/06/2024 10:15:30;;;;;;
20/06/2024 10:15:40;;;;;;
20/06/2024 10:15:50;;;;;;
20/06/2024 10:16:00;;;;;;
20/06/2024 10:16:10;;;;;;
20/06/2024 10:16:20;;;;;;
20/06/2024 10:16:30;;;;;;
20/06/2024 10:16:40;;;;;;
20/06/2024 10:16:50;;;;;;
20/06/2024 10:17:00;;;;;;
20/06/2024 10:17:10;;;;;;
20/06/2024 10:17:20;;;;;;
20/06/2024 10:17:30;;;;;;
20/06/2024 10:17:40;;;;;;
20/06/2024 10:17:50;;;;;;
20/06/2024 10:18:00;;;;;;
20/06/2024 10:18:10;;;;;;
20/06/2024 10:18:20;;;;;;
20/06/2024 10:18:30;;;;;;
20/06/2024 10:18:40;;;;;;
20/06/2024 10:18:50;;;;;;
20/06/2024 10:19:00;;;;;;
20/06/2024 10:19:10;;;;;;
20/06/2024 10:19:20;;;;;;
20/06/2024 10:19:30;;;;;;
20/06/2024 10:19:40;;;;;;
20/06/2024 10:19:50;;;;;;
20/06/2024 10:20:00;;;;;;
20/06/2024 10:20:10;;;;;;
20/06/2024 10:20:20;;;;;;
20/06/2024 10:20:30;;;;;;
20/06/2024 10:20:40;;;;;;
20/06/2024 10:20:50;;;;;;
20/06/2024 10:21:00;;;;;;
20/06/2024 10:21:10;;;;;;
20/06/2024 10:21:20;;;;;;
20/06/2024 10:21:30;;;;;;
20/06/2024 10:21:40;;;;;;
20/06/2024 10:21:50;;;;;;
20/06/2024 10:22:00;;;;;;
20/06/2024 10:22:10;;;;;;
20/06/2024 10:22:20;;;;;;
20/06/2024 10:22:30;;;;;;
20/06/2024 10:22:40;;;;;;
20/06/2024 10:22:50;;;;;;
20/06/2024 10:23:00;;;;;;
20/06/2024 10:23:10;;;;;;
20/06/2024 10:23:20;;;;;;
20/06/2024 10:23:30;;;;;;
20/06/2024 10:23:40;;;;;;
20/06/2024 10:23:50;;;;;;
20/06/2024 10:24:00;;;;;;
20/06/2024 10:24:10;;;;;;
20/06/2024 10:24:20;;;;;;
20/06/2024 10:24:30;;;;;;
20/06/2024 10:24:40;;;;;;
20/06/2024 10:24:50;;;;;;
20/06/2024 10:25:00;;;;;;
20/06/2024 10:25:10;;;;;;
20/06/2024 10:25:20;;;;;;
20/06/2024 10:25:30;;;;;;
20/06/2024 10:25:40;;;;;;
20/06/2024 10:25:50;;;;;;
20/06/2024 10:26:00;;;;;;
20/06/2024 10:26:10;;;;;;
20/06/2024 10:26:20;;;;;;
20/06/2024 10:26:30;;;;;;
20/06/2024 10:26:40;;;;;;
20/06/2024 10:26:50;;;;;;
20/06/2024 10:27:00;;;;;;
20/06/2024 10:27:10;;;;;;
20/06/2024 10:27:20;;;;;;
20/06/2024 10:27:30;;;;;;
20/06/2024 10:27:40;;;;;;
20/06/2024 10:27:50;;;;;;
20/06/2024 10:28:00;;;;;;
20/06/2024 10:28:10;;;;;;
20/06/2024 10:28:20;;;;;;
20/06/2024 10:28:30;;;;;;
20/06/2024 10:28:40;;;;;;
20/06/2024 10:28:50;;;;;;
20/06/2024 10:29:00;;;;;;
20/06/2024 10:29:10;;;;;;
20/06/2024 10:29:20;;;;;;
20/06/2024 10:29:30;;;;;;
20/06/2024 10:29:40;;;;;;
20/06/2024 10:29:50;;;;;;
20/06/2024 10:30:00;;;;;;
20/06/2024 10:30:10;;;;;;
20/06/2024 10:30:20;;;;;;
20/06/2024 10:30:30;;;;;;
20/06/2024 10:30:40;;;;;;
20/06/2024 10:30:50;;;;;;
20/06/2024 10:31:00;;;;;;
20/06/2024 10:31:10;;;;;;
20/06/2024 10:31:20;;;;;;
20/06/2024 10:31:30;;;;;;
20/06/2024 10:31:40;;;;;;
20/06/2024 10:31:50;;;;;;
20/06/2024 10:32:00;;;;;;
20/06/2024 10:32:10;;;;;;
20/06/2024 10:32:20;;;;;;
20/06/2024 10:32:30;;;;;;
20/06/2024 10:32:40;;;;;;
20/06/2024 10:32:50;;;;;;
20/06/2024 10:33:00;;;;;;
20/06/2024 10:33:10;;;;;;
20/06/2024 10:33:20;;;;;;
20/06/2024 10:33:30;;;;;;
20/06/2024 10:33:40;;;;;;
20/06/2024 10:33:50;;;;;;
20/06/2024 10:34:00;;;;;;
20/06/2024 10:34:10;;;;;;
20/06/2024 10:34:20;;;;;;
20/06/2024 10:34:30;;;;;;
20/06/2024 10:34:40;;;;;;
20/06/2024 10:34:50;;;;;;
20/06/2024 10:35:00;;;;;;
20/06/2024 10:35:10;;;;;;
20/06/2024 10:35:20;;;;;;
20/06/2024 10:35:30;;;;;;
20/06/2024 10:35:40;;;;;;
20/06/2024 10:35:50;;;;;;
20/06/2024 10:36:00;;;;;;
20/06/2024 10:36:10;;;;;;
20/06/2024 10:36:20;;;;;;
20/06/2024 10:36:30;;;;;;
20/06/2024 10:36:40;;;;;;
20/06/2024 10:36:50;;;;;;
20/06/2024 10:37:00;;;;;;
20/06/2024 10:37:10;;;;;;
20/06/2024 10:37:20;;;;;;
20/06/2024 10:37:30;;;;;;
20/06/2024 10:37:40;;;;;;
20/06/2024 10:37:50;;;;;;
20/06/2024 10:38:00;;;;;;
20/06/2024 10:38:10;;;;;;
20/06/2024 10:38:20;;;;;;
20/06/2024 10:38:30;;;;;;
20/06/2024 10:38:40;;;;;;
20/06/2024 10:38:50;;;;;;
20/06/2024 10:39:00;;;;;;
20/06/2024 10:39:10;;;;;;
20/06/2024 10:39:20;;;;;;
20/06/2024 10:39:30;;;;;;
20/06/2024 10:39:40;;;;;;
20/06/2024 10:39:50;;;;;;
20/06/2024 10:40:00;;;;;;
20/06/2024 10:40:10;;;;;;
20/06/2024 10:40:20;;;;;;
20/06/2024 10:40:30;;;;;;
20/06/2024 10:40:40;;;;;;
20/06/2024 10:40:50;;;;;;
20/06/2024 10:41:00;;;;;;
20/06/2024 10:41:10;;;;;;
20/06/2024 10:41:20;;;;;;
20/06/2024 10:41:30;;;;;;
20/06/2024 10:41:40;;;;;;
20/06/2024 10:41:50;;;;;;
20/06/2024 10:42:00;;;;;;
20/06/2024 10:42:10;;;;;;
20/06/2024 10:42:20;;;;;;
20/06/2024 10:42:30;;;;;;
20/06/2024 10:42:40;;;;;;
20/06/2024 10:42:50;;;;;;
20/06/2024 10:43:00;;;;;;
20/06/2024 10:43:10;;;;;;
20/06/2024 10:43:20;;;;;;
20/06/2024 10:43:30;;;;;;
20/06/2024 10:43:40;;;;;;
20/06/2024 10:43:50;;;;;;
20/06/2024 10:44:00;;;;;;
20/06/2024 10:44:10;;;;;;
20/06/2024 10:44:20;;;;;;
20/06/2024 10:44:30;;;;;;
20/06/2024 10:44:40;;;;;;
20/06/2024 10:44:50;;;;;;
20/06/2024 10:45:00;;;;;;
20/06/2024 10:45:10;;;;;;
20/06/2024 10:45:20;;;;;;
20/06/2024 10:45:30;;;;;;
20/06/2024 10:45:40;;;;;;
20/06/2024 10:45:50;;;;;;
20/06/2024 10:46:00;;;;;;
20/06/2024 10:46:10;;;;;;
20/06/2024 10:46:20;;;;;;
20/06/2024 10:46:30;;;;;;
20/06/2024 10:46:40;;;;;;
20/06/2024 10:46:50;;;;;;
20/06/2024 10:47:00;;;;;;
20/06/2024 10:47:10;;;;;;
20/06/2024 10:47:20;;;;;;
20/06/2024 10:47:30;;;;;;
20/06/2024 10:47:40;;;;;;
20/06/2024 10:47:50;;;;;;
20/06/2024 10:48:00;;;;;;
20/06/2024 10:48:10;;;;;;
20/06/2024 10:48:20;;;;;;
20/06/2024 10:48:30;;;;;;
20/06/2024 10:48:40;;;;;;
20/06/2024 10:48:50;;;;;;
20/06/2024 10:49:00;;;;;;
20/06/2024 10:49:10;;;;;;
20/06/2024 10:49:20;;;;;;
20/06/2024 10:49:30;;;;;;
20/06/2024 10:49:40;;;;;;
20/06/2024 10:49:50;;;;;;
20/06/2024 10:50:00;;;;;;
20/06/2024 10:50:10;;;;;;
20/06/2024 10:50:20;;;;;;
20/06/2024 10:50:30;;;;;;
20/06/2024 10:50:40;;;;;;
20/06/2024 10:50:50;;;;;;
20/06/2024 10:51:00;;;;;;
20/06/2024 10:51:10;;;;;;
20/06/2024 10:51:20;;;;;;
20/06/2024 10:51:30;;;;;;
20/06/2024 10:51:40;;;;;;
20/06/2024 10:51:50;;;;;;
20/06/2024 10:52:00;;;;;;
20/06/2024 10:52:10;;;;;;
20/06/2024 10:52:20;;;;;;
20/06/2024 10:52:30;;;;;;
20/06/2024 10:52:40;;;;;;
20/06/2024 10:52:50;;;;;;
20/06/2024 10:53:00;;;;;;
20/06/2024 10:53:10;;;;;;
20/06/2024 10:53:20;;;;;;
20/06/2024 10:53:30;;;;;;
20/06/2024 10:53:40;;;;;;
20/06/2024 10:53:50;;;;;;
20/06/2024 10:54:00;;;;;;
20/06/2024 10:54:10;;;;;;
20/06/2024 10:54:20;;;;;;
20/06/2024 10:54:30;;;;;;
20/06/2024 10:54:40;;;;;;
20/06/2024 10:54:50;;;;;;
20/06/2024 10:55:00;;;;;;
20/06/2024 10:55:10;;;;;;
20/06/2024 10:55:20;;;;;;
20/06/2024 10:55:30;;;;;;
20/06/2024 10:55:40;;;;;;
20/06/2024 10:55:50;;;;;;
20/06/2024 10:56:00;;;;;;
20/06/2024 10:56:10;;;;;;
20/06/2024 10:56:20;;;;;;
20/06/2024 10:56:30;;;;;;
20/06/2024 10:56:40;;;;;;
20/06/2024 10:56:50;;;;;;
20/06/2024 10:57:00;;;;;;
20/06/2024 10:57:10;;;;;;
20/06/2024 10:57:20;;;;;;
20/06/2024 10:57:30;;;;;;
20/06/2024 10:57:40;;;;;;
20/06/2024 10:57:50;;;;;;
20/06/2024 10:58:00;;;;;;
20/06/2024 10:58:10;;;;;;
20/06/2024 10:58:20;;;;;;
20/06/2024 10:58:30;;;;;;
20/06/2024 10:58:40;;;;;;
20/06/2024 10:58:50;;;;;;
20/06/2024 10:59:00;;;;;;
20/06/2024 10:59:10;;;;;;
20/06/2024 10:59:20;;;;;;
20/06/2024 10:59:30;;;;;;
20/06/2024 10:59:40;;;;;;
20/06/2024 10:59:50;;;;;;
20/06/2024 11:00:00;;;;;;
20/06/2024 11:00:10;;;;;;
20/06/2024 11:00:20;;;;;;
20/06/2024 11:00:30;;;;;;
20/06/2024 11:00:40;;;;;;
20/06/2024 11:00:50;;;;;;
20/06/2024 11:01:00;;;;;;
20/06/2024 11:01:10;;;;;;
20/06/2024 11:01:20;;;;;;
20/06/2024 11:01:30;;;;;;
20/06/2024 11:01:40;;;;;;
20/06/2024 11:01:50;;;;;;
20/06/2024 11:02:00;;;;;;
20/06/2024 11:02:10;;;;;;
20/06/2024 11:02:20;;;;;;
20/06/2024 11:02:30;;;;;;
20/06/2024 11:02:40;;;;;;
20/06/2024 11:02:50;;;;;;
20/06/2024 11:03:00;;;;;;
20/06/2024 11:03:10;;;;;;
20/06/2024 11:03:20;;;;;;
20/06/2024 11:03:30;;;;;;
20/06/2024 11:03:40;;;;;;
20/06/2024 11:03:50;;;;;;
20/06/2024 11:04:00;;;;;;
20/06/2024 11:04:10;;;;;;
20/06/2024 11:04:20;;;;;;
20/06/2024 11:04:30;;;;;;
20/06/2024 11:04:40;;;;;;
20/06/2024 11:04:50;;;;;;
20/06/2024 11:05:00;;;;;;
20/06/2024 11:05:10;;;;;;
20/06/2024 11:05:20;;;;;;
20/06/2024 11:05:30;;;;;;
20/06/2024 11:05:40;;;;;;
20/06/2024 11:05:50;;;;;;
20/06/2024 11:06:00;;;;;;
20/06/2024 11:06:10;;;;;;
20/06/2024 11:06:20;;;;;;
20/06/2024 11:06:30;;;;;;
20/06/2024 11:06:40;;;;;;
20/06/2024 11:06:50;;;;;;
20/06/2024 11:07:00;;;;;;
20/06/2024 11:07:10;;;;;;
20/06/2024 11:07:20;;;;;;
20/06/2024 11:07:30;;;;;;
20/06/2024 11:07:40;;;;;;
20/06/2024 11:07:50;;;;;;
20/06/2024 11:08:00;;;;;;
20/06/2024 11:08:10;;;;;;
20/06/2024 11:08:20;;;;;;
20/06/2024 11:08:30;;;;;;
20/06/2024 11:08:40;;;;;;
20/06/2024 11:08:50;;;;;;
20/06/2024 11:09:00;;;;;;
20/06/2024 11:09:10;;;;;;
20/06/2024 11:09:20;;;;;;
20/06/2024 11:09:30;;;;;;
20/06/2024 11:09:40;;;;;;
20/06/2024 11:09:50;;;;;;
20/06/2024 11:10:00;;;;;;
20/06/2024 11:10:10;;;;;;
20/06/2024 11:10:20;;;;;;
20/06/2024 11:10:30;;;;;;
20/06/2024 11:10:40;;;;;;
20/06/2024 11:10:50;;;;;;
20/06/2024 11:11:00;;;;;;
20/06/2024 11:11:10;;;;;;
20/06/2024 11:11:20;;;;;;
20/06/2024 11:11:30;;;;;;
20/06/2024 11:11:40;;;;;;
20/06/2024 11:11:50;;;;;;
20/06/2024 11:12:00;;;;;;
20/06/2024 11:12:10;;;;;;
20/06/2024 11:12:20;;;;;;
20/06/2024 11:12:30;;;;;;
20/06/2024 11:12:40;;;;;;
20/06/2024 11:12:50;;;;;;
20/06/2024 11:13:00;;;;;;
20/06/2024 11:13:10;;;;;;
20/06/2024 11:13:20;;;;;;
20/06/2024 11:13:30;;;;;;
20/06/2024 11:13:40;;;;;;
20/06/2024 11:13:50;;;;;;
20/06/2024 11:14:00;;;;;;
20/06/2024 11:14:10;;;;;;
20/06/2024 11:14:20;;;;;;
20/06/2024 11:14:30;;;;;;
20/06/2024 11:14:40;;;;;;
20/06/2024 11:14:50;;;;;;
20/06/2024 11:15:00;;;;;;
20/06/2024 11:15:10;;;;;;
20/06/2024 11:15:20;;;;;;
20/06/2024 11:15:30;;;;;;
20/06/2024 11:15:40;;;;;;
20/06/2024 11:15:50;;;;;;
20/06/2024 11:16:00;;;;;;
20/06/2024 11:16:10;;;;;;
20/06/2024 11:16:20;;;;;;
20/06/2024 11:16:30;;;;;;
20/06/2024 11:16:40;;;;;;
20/06/2024 11:16:50;;;;;;
20/06/2024 11:17:00;;;;;;
20/06/2024 11:17:10;;;;;;
20/06/2024 11:17:20;;;;;;
20/06/2024 11:17:30;;;;;;
20/06/2024 11:17:40;;;;;;
20/06/2024 11:17:50;;;;;;
20/06/2024 11:18:00;;;;;;
20/06/2024 11:18:10;;;;;;
20/06/2024 11:18:20;;;;;;
20/06/2024 11:18:30;;;;;;
20/06/2024 11:18:40;;;;;;
20/06/2024 11:18:50;;;;;;
20/06/2024 11:19:00;;;;;;
20/06/2024 11:19:10;;;;;;
20/06/2024 11:19:20;;;;;;
20/06/2024 11:19:30;;;;;;
20/06/2024 11:19:40;;;;;;
20/06/2024 11:19:50;;;;;;
20/06/2024 11:20:00;;;;;;
20/06/2024 11:20:10;;;;;;
20/06/2024 11:20:20;;;;;;
20/06/2024 11:20:30;;;;;;
20/06/2024 11:20:40;;;;;;
20/06/2024 11:20:50;;;;;;
20/06/2024 11:21:00;;;;;;
20/06/2024 11:21:10;;;;;;
20/06/2024 11:21:20;;;;;;
20/06/2024 11:21:30;;;;;;
20/06/2024 11:21:40;;;;;;
20/06/2024 11:21:50;;;;;;
20/06/2024 11:22:00;;;;;;
20/06/2024 11:22:10;;;;;;
20/06/2024 11:22:20;;;;;;
20/06/2024 11:22:30;;;;;;
20/06/2024 11:22:40;;;;;;
20/06/2024 11:22:50;;;;;;
20/06/2024 11:23:00;;;;;;
20/06/2024 11:23:10;;;;;;
20/06/2024 11:23:20;;;;;;
20/06/2024 11:23:30;;;;;;
20/06/2024 11:23:40;;;;;;
20/06/2024 11:23:50;;;;;;
20/06/2024 11:24:00;;;;;;
20/06/2024 11:24:10;;;;;;
20/06/2024 11:24:20;;;;;;
20/06/2024 11:24:30;;;;;;
20/06/2024 11:24:40;;;;;;
20/06/2024 11:24:50;;;;;;
20/06/2024 11:25:00;;;;;;
20/06/2024 11:25:10;;;;;;
20/06/2024 11:25:20;;;;;;
20/06/2024 11:25:30;;;;;;
20/06/2024 11:25:40;;;;;;
20/06/2024 11:25:50;;;;;;
20/06/2024 11:26:00;;;;;;
20/06/2024 11:26:10;;;;;;
20/06/2024 11:26:20;;;;;;
20/06/2024 11:26:30;;;;;;
20/06/2024 11:26:40;;;;;;
20/06/2024 11:26:50;;;;;;
20/06/2024 11:27:00;;;;;;
20/06/2024 11:27:10;;;;;;
20/06/2024 11:27:20;;;;;;
20/06/2024 11:27:30;;;;;;
20/06/2024 11:27:40;;;;;;
20/06/2024 11:27:50;;;;;;
20/06/2024 11:28:00;;;;;;
20/06/2024 11:28:10;;;;;;
20/06/2024 11:28:20;;;;;;
20/06/2024 11:28:30;;;;;;
20/06/2024 11:28:40;;;;;;
20/06/2024 11:28:50;;;;;;
20/06/2024 11:29:00;;;;;;
20/06/2024 11:29:10;;;;;;
20/06/2024 11:29:20;;;;;;
20/06/2024 11:29:30;;;;;;
20/06/2024 11:29:40;;;;;;
20/06/2024 11:29:50;;;;;;
20/06/2024 11:30:00;;;;;;
20/06/2024 11:30:10;;;;;;
20/06/2024 11:30:20;;;;;;
20/06/2024 11:30:30;;;;;;
20/06/2024 11:30:40;;;;;;
20/06/2024 11:30:50;;;;;;
20/06/2024 11:31:00;;;;;;
20/06/2024 11:31:10;;;;;;
20/06/2024 11:31:20;;;;;;
20/06/2024 11:31:30;;;;;;
20/06/2024 11:31:40;;;;;;
20/06/2024 11:31:50;;;;;;
20/06/2024 11:32:00;;;;;;
20/06/2024 11:32:10;;;;;;
20/06/2024 11:32:20;;;;;;
20/06/2024 11:32:30;;;;;;
20/06/2024 11:32:40;;;;;;
20/06/2024 11:32:50;;;;;;
20/06/2024 11:33:00;;;;;;
20/06/2024 11:33:10;;;;;;
20/06/2024 11:33:20;;;;;;
20/06/2024 11:33:30;;;;;;
20/06/2024 11:33:40;;;;;;
20/06/2024 11:33:50;;;;;;
20/06/2024 11:34:00;;;;;;
20/06/2024 11:34:10;;;;;;
20/06/2024 11:34:20;;;;;;
20/06/2024 11:34:30;;;;;;
20/06/2024 11:34:40;;;;;;
20/06/2024 11:34:50;;;;;;
20/06/2024 11:35:00;;;;;;
20/06/2024 11:35:10;;;;;;
20/06/2024 11:35:20;;;;;;
20/06/2024 11:35:30;;;;;;
20/06/2024 11:35:40;;;;;;
20/06/2024 11:35:50;;;;;;
20/06/2024 11:36:00;;;;;;
20/06/2024 11:36:10;;;;;;
20/06/2024 11:36:20;;;;;;
20/06/2024 11:36:30;;;;;;
20/06/2024 11:36:40;;;;;;
20/06/2024 11:36:50;;;;;;
20/06/2024 11:37:00;;;;;;
20/06/2024 11:37:10;;;;;;
20/06/2024 11:37:20;;;;;;
20/06/2024 11:37:30;;;;;;
20/06/2024 11:37:40;;;;;;
20/06/2024 11:37:50;;;;;;
20/06/2024 11:38:00;;;;;;
20/06/2024 11:38:10;;;;;;
20/06/2024 11:38:20;;;;;;
20/06/2024 11:38:30;;;;;;
20/06/2024 11:38:40;;;;;;
20/06/2024 11:38:50;;;;;;
20/06/2024 11:39:00;;;;;;
20/06/2024 11:39:10;;;;;;
20/06/2024 11:39:20;;;;;;
20/06/2024 11:39:30;;;;;;
20/06/2024 11:39:40;;;;;;
20/06/2024 11:39:50;;;;;;
20/06/2024 11:40:00;;;;;;
20/06/2024 11:40:10;;;;;;
20/06/2024 11:40:20;;;;;;
20/06/2024 11:40:30;;;;;;
20/06/2024 11:40:40;;;;;;
20/06/2024 11:40:50;;;;;;
20/06/2024 11:41:00;;;;;;
20/06/2024 11:41:10;;;;;;
20/06/2024 11:41:20;;;;;;
20/06/2024 11:41:30;;;;;;
20/06/2024 11:41:40;;;;;;
20/06/2024 11:41:50;;;;;;
20/06/2024 11:42:00;;;;;;
20/06/2024 11:42:10;;;;;;
20/06/2024 11:42:20;;;;;;
20/06/2024 11:42:30;;;;;;
20/06/2024 11:42:40;;;;;;
20/06/2024 11:42:50;;;;;;
20/06/2024 11:43:00;;;;;;
20/06/2024 11:43:10;;;;;;
20/06/2024 11:43:20;;;;;;
20/06/2024 11:43:30;;;;;;
20/06/2024 11:43:40;;;;;;
20/06/2024 11:43:50;;;;;;
20/06/2024 11:44:00;;;;;;
20/06/2024 11:44:10;;;;;;
20/06/2024 11:44:20;;;;;;
20/06/2024 11:44:30;;;;;;
20/06/2024 11:44:40;;;;;;
20/06/2024 11:44:50;;;;;;
20/06/2024 11:45:00;;;;;;
20/06/2024 11:45:10;;;;;;
20/06/2024 11:45:20;;;;;;
20/06/2024 11:45:30;;;;;;
20/06/2024 11:45:40;;;;;;
20/06/2024 11:45:50;;;;;;
20/06/2024 11:46:00;;;;;;
20/06/2024 11:46:10;;;;;;
20/06/2024 11:46:20;;;;;;
20/06/2024 11:46:30;;;;;;
20/06/2024 11:46:40;;;;;;
20/06/2024 11:46:50;;;;;;
20/06/2024 11:47:00;;;;;;
20/06/2024 11:47:10;;;;;;
20/06/2024 11:47:20;;;;;;
20/06/2024 11:47:30;;;;;;
20/06/2024 11:47:40;;;;;;
20/06/2024 11:47:50;;;;;;
20/06/2024 11:48:00;;;;;;
20/06/2024 11:48:10;;;;;;
20/06/2024 11:48:20;;;;;;
20/06/2024 11:48:30;;;;;;
20/06/2024 11:48:40;;;;;;
20/06/2024 11:48:50;;;;;;
20/06/2024 11:49:00;;;;;;
20/06/2024 11:49:10;;;;;;
20/06/2024 11:49:20;;;;;;
20/06/2024 11:49:30;;;;;;
20/06/2024 11:49:40;;;;;;
20/06/2024 11:49:50;;;;;;
20/06/2024 11:50:00;;;;;;
20/06/2024 11:50:10;;;;;;
20/06/2024 11:50:20;;;;;;
20/06/2024 11:50:30;;;;;;
20/06/2024 11:50:40;;;;;;
20/06/2024 11:50:50;;;;;;
20/06/2024 11:51:00;;;;;;
20/06/2024 11:51:10;;;;;;
20/06/2024 11:51:20;;;;;;
20/06/2024 11:51:30;;;;;;
20/06/2024 11:51:40;;;;;;
20/06/2024 11:51:50;;;;;;
20/06/2024 11:52:00;;;;;;
20/06/2024 11:52:10;;;;;;
20/06/2024 11:52:20;;;;;;
20/06/2024 11:52:30;;;;;;
20/06/2024 11:52:40;;;;;;
20/06/2024 11:52:50;;;;;;
20/06/2024 11:53:00;;;;;;
20/06/2024 11:53:10;;;;;;
20/06/2024 11:53:20;;;;;;
20/06/2024 11:53:30;;;;;;
20/06/2024 11:53:40;;;;;;
20/06/2024 11:53:50;;;;;;
20/06/2024 11:54:00;;;;;;
20/06/2024 11:54:10;;;;;;
20/06/2024 11:54:20;;;;;;
20/06/2024 11:54:30;;;;;;
20/06/2024 11:54:40;;;;;;
20/06/2024 11:54:50;;;;;;
20/06/2024 11:55:00;;;;;;
20/06/2024 11:55:10;;;;;;
20/06/2024 11:55:20;;;;;;
20/06/2024 11:55:30;;;;;;
20/06/2024 11:55:40;;;;;;
20/06/2024 11:55:50;;;;;;
20/06/2024 11:56:00;;;;;;
20/06/2024 11:56:10;;;;;;
20/06/2024 11:56:20;;;;;;
20/06/2024 11:56:30;;;;;;
20/06/2024 11:56:40;;;;;;
20/06/2024 11:56:50;;;;;;
20/06/2024 11:57:00;;;;;;
20/06/2024 11:57:10;;;;;;
20/06/2024 11:57:20;;;;;;
20/06/2024 11:57:30;;;;;;
20/06/2024 11:57:40;;;;;;
20/06/2024 11:57:50;;;;;;
20/06/2024 11:58:00;;;;;;
20/06/2024 11:58:10;;;;;;
20/06/2024 11:58:20;;;;;;
20/06/2024 11:58:30;;;;;;
20/06/2024 11:58:40;;;;;;
20/06/2024 11:58:50;;;;;;
20/06/2024 11:59:00;;;;;;
20/06/2024 11:59:10;;;;;;
20/06/2024 11:59:20;;;;;;
20/06/2024 11:59:30;;;;;;
20/06/2024 11:59:40;;;;;;
20/06/2024 11:59:50;;;;;;
20/06/2024 12:00:00;;;;;;
20/06/2024 12:00:10;;;;;;
20/06/2024 12:00:20;;;;;;
20/06/2024 12:00:30;;;;;;
20/06/2024 12:00:40;;;;;;
20/06/2024 12:00:50;;;;;;
20/06/2024 12:01:00;;;;;;
20/06/2024 12:01:10;;;;;;
20/06/2024 12:01:20;;;;;;
20/06/2024 12:01:30;;;;;;
20/06/2024 12:01:40;;;;;;
20/06/2024 12:01:50;;;;;;
20/06/2024 12:02:00;;;;;;
20/06/2024 12:02:10;;;;;;
20/06/2024 12:02:20;;;;;;
20/06/2024 12:02:30;;;;;;
20/06/2024 12:02:40;;;;;;
20/06/2024 12:02:50;;;;;;
20/06/2024 12:03:00;;;;;;
20/06/2024 12:03:10;;;;;;
20/06/2024 12:03:20;;;;;;
20/06/2024 12:03:30;;;;;;
20/06/2024 12:03:40;;;;;;
20/06/2024 12:03:50;;;;;;
20/06/2024 12:04:00;;;;;;
20/06/2024 12:04:10;;;;;;
20/06/2024 12:04:20;;;;;;
20/06/2024 12:04:30;;;;;;
20/06/2024 12:04:40;;;;;;
20/06/2024 12:04:50;;;;;;
20/06/2024 12:05:00;;;;;;
20/06/2024 12:05:10;;;;;;
20/06/2024 12:05:20;;;;;;
20/06/2024 12:05:30;;;;;;
20/06/2024 12:05:40;;;;;;
20/06/2024 12:05:50;;;;;;
20/06/2024 12:06:00;;;;;;
20/06/2024 12:06:10;;;;;;
20/06/2024 12:06:20;;;;;;
20/06/2024 12:06:30;;;;;;
20/06/2024 12:06:40;;;;;;
20/06/2024 12:06:50;;;;;;
20/06/2024 12:07:00;;;;;;
20/06/2024 12:07:10;;;;;;
20/06/2024 12:07:20;;;;;;
20/06/2024 12:07:30;;;;;;
20/06/2024 12:07:40;;;;;;
20/06/2024 12:07:50;;;;;;
20/06/2024 12:08:00;;;;;;
20/06/2024 12:08:10;;;;;;
20/06/2024 12:08:20;;;;;;
20/06/2024 12:08:30;;;;;;
20/06/2024 12:08:40;;;;;;
20/06/2024 12:08:50;;;;;;
20/06/2024 12:09:00;;;;;;
20/06/2024 12:09:10;;;;;;
20/06/2024 12:09:20;;;;;;
20/06/2024 12:09:30;;;;;;
20/06/2024 12:09:40;;;;;;
20/06/2024 12:09:50;;;;;;
20/06/2024 12:10:00;;;;;;
20/06/2024 12:10:10;;;;;;
20/06/2024 12:10:20;;;;;;
20/06/2024 12:10:30;;;;;;
20/06/2024 12:10:40;;;;;;
20/06/2024 12:10:50;;;;;;
20/06/2024 12:11:00;;;;;;
20/06/2024 12:11:10;;;;;;
20/06/2024 12:11:20;;;;;;
20/06/2024 12:11:30;;;;;;
20/06/2024 12:11:40;;;;;;
20/06/2024 12:11:50;;;;;;
20/06/2024 12:12:00;;;;;;
20/06/2024 12:12:10;;;;;;
20/06/2024 12:12:20;;;;;;
20/06/2024 12:12:30;;;;;;
20/06/2024 12:12:40;;;;;;
20/06/2024 12:12:50;;;;;;
20/06/2024 12:13:00;;;;;;
20/06/2024 12:13:10;;;;;;
20/06/2024 12:13:20;;;;;;
20/06/2024 12:13:30;;;;;;
20/06/2024 12:13:40;;;;;;
20/06/2024 12:13:50;;;;;;
20/06/2024 12:14:00;;;;;;
20/06/2024 12:14:10;;;;;;
20/06/2024 12:14:20;;;;;;
20/06/2024 12:14:30;;;;;;
20/06/2024 12:14:40;;;;;;
20/06/2024 12:14:50;;;;;;
20/06/2024 12:15:00;;;;;;
20/06/2024 12:15:10;;;;;;
20/06/2024 12:15:20;;;;;;
20/06/2024 12:15:30;;;;;;
20/06/2024 12:15:40;;;;;;
20/06/2024 12:15:50;;;;;;
20/06/2024 12:16:00;;;;;;
20/06/2024 12:16:10;;;;;;
20/06/2024 12:16:20;;;;;;
20/06/2024 12:16:30;;;;;;
20/06/2024 12:16:40;;;;;;
20/06/2024 12:16:50;;;;;;
20/06/2024 12:17:00;;;;;;
20/06/2024 12:17:10;;;;;;
20/06/2024 12:17:20;;;;;;
20/06/2024 12:17:30;;;;;;
20/06/2024 12:17:40;;;;;;
20/06/2024 12:17:50;;;;;;
20/06/2024 12:18:00;;;;;;
20/06/2024 12:18:10;;;;;;
20/06/2024 12:18:20;;;;;;
20/06/2024 12:18:30;;;;;;
20/06/2024 12:18:40;;;;;;
20/06/2024 12:18:50;;;;;;
20/06/2024 12:19:00;;;;;;
20/06/2024 12:19:10;;;;;;
20/06/2024 12:19:20;;;;;;
20/06/2024 12:19:30;;;;;;
20/06/2024 12:19:40;;;;;;
20/06/2024 12:19:50;;;;;;
20/06/2024 12:20:00;;;;;;
20/06/2024 12:20:10;;;;;;
20/06/2024 12:20:20;;;;;;
20/06/2024 12:20:30;;;;;;
20/06/2024 12:20:40;;;;;;
20/06/2024 12:20:50;;;;;;
20/06/2024 12:21:00;;;;;;
20/06/2024 12:21:10;;;;;;
20/06/2024 12:21:20;;;;;;
20/06/2024 12:21:30;;;;;;
20/06/2024 12:21:40;;;;;;
20/06/2024 12:21:50;;;;;;
20/06/2024 12:22:00;;;;;;
20/06/2024 12:22:10;;;;;;
20/06/2024 12:22:20;;;;;;
20/06/2024 12:22:30;;;;;;
20/06/2024 12:22:40;;;;;;
20/06/2024 12:22:50;;;;;;
20/06/2024 12:23:00;;;;;;
20/06/2024 12:23:10;;;;;;
20/06/2024 12:23:20;;;;;;
20/06/2024 12:23:30;;;;;;
20/06/2024 12:23:40;;;;;;
20/06/2024 12:23:50;;;;;;
20/06/2024 12:24:00;;;;;;
20/06/2024 12:24:10;;;;;;
20/06/2024 12:24:20;;;;;;
20/06/2024 12:24:30;;;;;;
20/06/2024 12:24:40;;;;;;
20/06/2024 12:24:50;;;;;;
20/06/2024 12:25:00;;;;;;
20/06/2024 12:25:10;;;;;;
20/06/2024 12:25:20;;;;;;
20/06/2024 12:25:30;;;;;;
20/06/2024 12:25:40;;;;;;
20/06/2024 12:25:50;;;;;;
20/06/2024 12:26:00;;;;;;
20/06/2024 12:26:10;;;;;;
20/06/2024 12:26:20;;;;;;
20/06/2024 12:26:30;;;;;;
20/06/2024 12:26:40;;;;;;
20/06/2024 12:26:50;;;;;;
20/06/2024 12:27:00;;;;;;
20/06/2024 12:27:10;;;;;;
20/06/2024 12:27:20;;;;;;
20/06/2024 12:27:30;;;;;;
20/06/2024 12:27:40;;;;;;
20/06/2024 12:27:50;;;;;;
20/06/2024 12:28:00;;;;;;
20/06/2024 12:28:10;;;;;;
20/06/2024 12:28:20;;;;;;
20/06/2024 12:28:30;;;;;;
20/06/2024 12:28:40;;;;;;
20/06/2024 12:28:50;;;;;;
20/06/2024 12:29:00;;;;;;
20/06/2024 12:29:10;;;;;;
20/06/2024 12:29:20;;;;;;
20/06/2024 12:29:30;;;;;;
20/06/2024 12:29:40;;;;;;
20/06/2024 12:29:50;;;;;;
20/06/2024 12:30:00;;;;;;
20/06/2024 12:30:10;;;;;;
20/06/2024 12:30:20;;;;;;
20/06/2024 12:30:30;;;;;;
20/06/2024 12:30:40;;;;;;
20/06/2024 12:30:50;;;;;;
20/06/2024 12:31:00;;;;;;
20/06/2024 12:31:10;;;;;;
20/06/2024 12:31:20;;;;;;
20/06/2024 12:31:30;;;;;;
20/06/2024 12:31:40;;;;;;
20/06/2024 12:31:50;;;;;;
20/06/2024 12:32:00;;;;;;
20/06/2024 12:32:10;;;;;;
20/06/2024 12:32:20;;;;;;
20/06/2024 12:32:30;;;;;;
20/06/2024 12:32:40;;;;;;
20/06/2024 12:32:50;;;;;;
20/06/2024 12:33:00;;;;;;
20/06/2024 12:33:10;;;;;;
20/06/2024 12:33:20;;;;;;
20/06/2024 12:33:30;;;;;;
20/06/2024 12:33:40;;;;;;
20/06/2024 12:33:50;;;;;;
20/06/2024 12:34:00;;;;;;
20/06/2024 12:34:10;;;;;;
20/06/2024 12:34:20;;;;;;
20/06/2024 12:34:30;;;;;;
20/06/2024 12:34:40;;;;;;
20/06/2024 12:34:50;;;;;;
20/06/2024 12:35:00;;;;;;
20/06/2024 12:35:10;;;;;;
20/06/2024 12:35:20;;;;;;
20/06/2024 12:35:30;;;;;;
20/06/2024 12:35:40;;;;;;
20/06/2024 12:35:50;;;;;;
20/06/2024 12:36:00;;;;;;
20/06/2024 12:36:10;;;;;;
20/06/2024 12:36:20;;;;;;
20/06/2024 12:36:30;;;;;;
20/06/2024 12:36:40;;;;;;
20/06/2024 12:36:50;;;;;;
20/06/2024 12:37:00;;;;;;
20/06/2024 12:37:10;;;;;;
20/06/2024 12:37:20;;;;;;
20/06/2024 12:37:30;;;;;;
20/06/2024 12:37:40;;;;;;
20/06/2024 12:37:50;;;;;;
20/06/2024 12:38:00;;;;;;
20/06/2024 12:38:10;;;;;;
20/06/2024 12:38:20;;;;;;
20/06/2024 12:38:30;;;;;;
20/06/2024 12:38:40;;;;;;
20/06/2024 12:38:50;;;;;;
20/06/2024 12:39:00;;;;;;
20/06/2024 12:39:10;;;;;;
20/06/2024 12:39:20;;;;;;
20/06/2024 12:39:30;;;;;;
20/06/2024 12:39:40;;;;;;
20/06/2024 12:39:50;;;;;;
20/06/2024 12:40:00;;;;;;
20/06/2024 12:40:10;;;;;;
20/06/2024 12:40:20;;;;;;
20/06/2024 12:40:30;;;;;;
20/06/2024 12:40:40;;;;;;
20/06/2024 12:40:50;;;;;;
20/06/2024 12:41:00;;;;;;
20/06/2024 12:41:10;;;;;;
20/06/2024 12:41:20;;;;;;
20/06/2024 12:41:30;;;;;;
20/06/2024 12:41:40;;;;;;
20/06/2024 12:41:50;;;;;;
20/06/2024 12:42:00;;;;;;
20/06/2024 12:42:10;;;;;;
20/06/2024 12:42:20;;;;;;
20/06/2024 12:42:30;;;;;;
20/06/2024 12:42:40;;;;;;
20/06/2024 12:42:50;;;;;;
20/06/2024 12:43:00;;;;;;
20/06/2024 12:43:10;;;;;;
20/06/2024 12:43:20;;;;;;
20/06/2024 12:43:30;;;;;;
20/06/2024 12:43:40;;;;;;
20/06/2024 12:43:50;;;;;;
20/06/2024 12:44:00;;;;;;
20/06/2024 12:44:10;;;;;;
20/06/2024 12:44:20;;;;;;
20/06/2024 12:44:30;;;;;;
20/06/2024 12:44:40;;;;;;
20/06/2024 12:44:50;;;;;;
20/06/2024 12:45:00;;;;;;
20/06/2024 12:45:10;;;;;;
20/06/2024 12:45:20;;;;;;
20/06/2024 12:45:30;;;;;;
20/06/2024 12:45:40;;;;;;
20/06/2024 12:45:50;;;;;;
20/06/2024 12:46:00;;;;;;
20/06/2024 12:46:10;;;;;;
20/06/2024 12:46:20;;;;;;
20/06/2024 12:46:30;;;;;;
20/06/2024 12:46:40;;;;;;
20/06/2024 12:46:50;;;;;;
20/06/2024 12:47:00;;;;;;
20/06/2024 12:47:10;;;;;;
20/06/2024 12:47:20;;;;;;
20/06/2024 12:47:30;;;;;;
20/06/2024 12:47:40;;;;;;
20/06/2024 12:47:50;;;;;;
20/06/2024 12:48:00;;;;;;
20/06/2024 12:48:10;;;;;;
20/06/2024 12:48:20;;;;;;
20/06/2024 12:48:30;;;;;;
20/06/2024 12:48:40;;;;;;
20/06/2024 12:48:50;;;;;;
20/06/2024 12:49:00;;;;;;
20/06/2024 12:49:10;;;;;;
20/06/2024 12:49:20;;;;;;
20/06/2024 12:49:30;;;;;;
20/06/2024 12:49:40;;;;;;
20/06/2024 12:49:50;;;;;;
20/06/2024 12:50:00;;;;;;
20/06/2024 12:50:10;;;;;;
20/06/2024 12:50:20;;;;;;
20/06/2024 12:50:30;;;;;;
20/06/2024 12:50:40;;;;;;
20/06/2024 12:50:50;;;;;;
20/06/2024 12:51:00;;;;;;
20/06/2024 12:51:10;;;;;;
20/06/2024 12:51:20;;;;;;
20/06/2024 12:51:30;;;;;;
20/06/2024 12:51:40;;;;;;
20/06/2024 12:51:50;;;;;;
20/06/2024 12:52:00;;;;;;
20/06/2024 12:52:10;;;;;;
20/06/2024 12:52:20;;;;;;
20/06/2024 12:52:30;;;;;;
20/06/2024 12:52:40;;;;;;
20/06/2024 12:52:50;;;;;;
20/06/2024 12:53:00;;;;;;
20/06/2024 12:53:10;;;;;;
20/06/2024 12:53:20;;;;;;
20/06/2024 12:53:30;;;;;;
20/06/2024 12:53:40;;;;;;
20/06/2024 12:53:50;;;;;;
20/06/2024 12:54:00;;;;;;
20/06/2024 12:54:10;;;;;;
20/06/2024 12:54:20;;;;;;
20/06/2024 12:54:30;;;;;;
20/06/2024 12:54:40;;;;;;
20/06/2024 12:54:50;;;;;;
20/06/2024 12:55:00;;;;;;
20/06/2024 12:55:10;;;;;;
20/06/2024 12:55:20;;;;;;
20/06/2024 12:55:30;;;;;;
20/06/2024 12:55:40;;;;;;
20/06/2024 12:55:50;;;;;;
20/06/2024 12:56:00;;;;;;
20/06/2024 12:56:10;;;;;;
20/06/2024 12:56:20;;;;;;
20/06/2024 12:56:30;;;;;;
20/06/2024 12:56:40;;;;;;
20/06/2024 12:56:50;;;;;;
20/06/2024 12:57:00;;;;;;
20/06/2024 12:57:10;;;;;;
20/06/2024 12:57:20;;;;;;
20/06/2024 12:57:30;;;;;;
20/06/2024 12:57:40;;;;;;
20/06/2024 12:57:50;;;;;;
20/06/2024 12:58:00;;;;;;
20/06/2024 12:58:10;;;;;;
20/06/2024 12:58:20;;;;;;
20/06/2024 12:58:30;;;;;;
20/06/2024 12:58:40;;;;;;
20/06/2024 12:58:50;;;;;;
20/06/2024 12:59:00;;;;;;
20/06/2024 12:59:10;;;;;;
20/06/2024 12:59:20;;;;;;
20/06/2024 12:59:30;;;;;;
20/06/2024 12:59:40;;;;;;
20/06/2024 12:59:50;;;;;;
20/06/2024 13:00:00;;;;;;
20/06/2024 13:00:10;;;;;;
20/06/2024 13:00:20;;;;;;
20/06/2024 13:00:30;;;;;;
20/06/2024 13:00:40;;;;;;
20/06/2024 13:00:50;;;;;;
20/06/2024 13:01:00;;;;;;
20/06/2024 13:01:10;;;;;;
20/06/2024 13:01:20;;;;;;
20/06/2024 13:01:30;;;;;;
20/06/2024 13:01:40;;;;;;
20/06/2024 13:01:50;;;;;;
20/06/2024 13:02:00;;;;;;
20/06/2024 13:02:10;;;;;;
20/06/2024 13:02:20;;;;;;
20/06/2024 13:02:30;;;;;;
20/06/2024 13:02:40;;;;;;
20/06/2024 13:02:50;;;;;;
20/06/2024 13:03:00;;;;;;
20/06/2024 13:03:10;;;;;;
20/06/2024 13:03:20;;;;;;
20/06/2024 13:03:30;;;;;;
20/06/2024 13:03:40;;;;;;
20/06/2024 13:03:50;;;;;;
20/06/2024 13:04:00;;;;;;
20/06/2024 13:04:10;;;;;;
20/06/2024 13:04:20;;;;;;
20/06/2024 13:04:30;;;;;;
20/06/2024 13:04:40;;;;;;
20/06/2024 13:04:50;;;;;;
20/06/2024 13:05:00;;;;;;
20/06/2024 13:05:10;;;;;;
20/06/2024 13:05:20;;;;;;
20/06/2024 13:05:30;;;;;;
20/06/2024 13:05:40;;;;;;
20/06/2024 13:05:50;;;;;;
20/06/2024 13:06:00;;;;;;
20/06/2024 13:06:10;;;;;;
20/06/2024 13:06:20;;;;;;
20/06/2024 13:06:30;;;;;;
20/06/2024 13:06:40;;;;;;
20/06/2024 13:06:50;;;;;;
20/06/2024 13:07:00;;;;;;
20/06/2024 13:07:10;;;;;;
20/06/2024 13:07:20;;;;;;
20/06/2024 13:07:30;;;;;;
20/06/2024 13:07:40;;;;;;
20/06/2024 13:07:50;;;;;;
20/06/2024 13:08:00;;;;;;
20/06/2024 13:08:10;;;;;;
20/06/2024 13:08:20;;;;;;
20/06/2024 13:08:30;;;;;;
20/06/2024 13:08:40;;;;;;
20/06/2024 13:08:50;;;;;;
20/06/2024 13:09:00;;;;;;
20/06/2024 13:09:10;;;;;;
20/06/2024 13:09:20;;;;;;
20/06/2024 13:09:30;;;;;;
20/06/2024 13:09:40;;;;;;
20/06/2024 13:09:50;;;;;;
20/06/2024 13:10:00;;;;;;
20/06/2024 13:10:10;;;;;;
20/06/2024 13:10:20;;;;;;
20/06/2024 13:10:30;;;;;;
20/06/2024 13:10:40;;;;;;
20/06/2024 13:10:50;;;;;;
20/06/2024 13:11:00;;;;;;
20/06/2024 13:11:10;;;;;;
20/06/2024 13:11:20;;;;;;
20/06/2024 13:11:30;;;;;;
20/06/2024 13:11:40;;;;;;
20/06/2024 13:11:50;;;;;;
20/06/2024 13:12:00;;;;;;
20/06/2024 13:12:10;;;;;;
20/06/2024 13:12:20;;;;;;
20/06/2024 13:12:30;;;;;;
20/06/2024 13:12:40;;;;;;
20/06/2024 13:12:50;;;;;;
20/06/2024 13:13:00;;;;;;
20/06/2024 13:13:10;;;;;;
20/06/2024 13:13:20;;;;;;
20/06/2024 13:13:30;;;;;;
20/06/2024 13:13:40;;;;;;
20/06/2024 13:13:50;;;;;;
20/06/2024 13:14:00;;;;;;
20/06/2024 13:14:10;;;;;;
20/06/2024 13:14:20;;;;;;
20/06/2024 13:14:30;;;;;;
20/06/2024 13:14:40;;;;;;
20/06/2024 13:14:50;;;;;;
20/06/2024 13:15:00;;;;;;
20/06/2024 13:15:10;;;;;;
20/06/2024 13:15:20;;;;;;
20/06/2024 13:15:30;;;;;;
20/06/2024 13:15:40;;;;;;
20/06/2024 13:15:50;;;;;;
20/06/2024 13:16:00;;;;;;
20/06/2024 13:16:10;;;;;;
20/06/2024 13:16:20;;;;;;
20/06/2024 13:16:30;;;;;;
20/06/2024 13:16:40;;;;;;
20/06/2024 13:16:50;;;;;;
20/06/2024 13:17:00;;;;;;
20/06/2024 13:17:10;;;;;;
20/06/2024 13:17:20;;;;;;
20/06/2024 13:17:30;;;;;;
20/06/2024 13:17:40;;;;;;
20/06/2024 13:17:50;;;;;;
20/06/2024 13:18:00;;;;;;
20/06/2024 13:18:10;;;;;;
20/06/2024 13:18:20;;;;;;
20/06/2024 13:18:30;;;;;;
20/06/2024 13:18:40;;;;;;
20/06/2024 13:18:50;;;;;;
20/06/2024 13:19:00;;;;;;
20/06/2024 13:19:10;;;;;;
20/06/2024 13:19:20;;;;;;
20/06/2024 13:19:30;;;;;;
20/06/2024 13:19:40;;;;;;
20/06/2024 13:19:50;;;;;;
20/06/2024 13:20:00;;;;;;
20/06/2024 13:20:10;;;;;;
20/06/2024 13:20:20;;;;;;
20/06/2024 13:20:30;;;;;;
20/06/2024 13:20:40;;;;;;
20/06/2024 13:20:50;;;;;;
20/06/2024 13:21:00;;;;;;
20/06/2024 13:21:10;;;;;;
20/06/2024 13:21:20;;;;;;
20/06/2024 13:21:30;;;;;;
20/06/2024 13:21:40;;;;;;
20/06/2024 13:21:50;;;;;;
20/06/2024 13:22:00;;;;;;
20/06/2024 13:22:10;;;;;;
20/06/2024 13:22:20;;;;;;
20/06/2024 13:22:30;;;;;;
20/06/2024 13:22:40;;;;;;
20/06/2024 13:22:50;;;;;;
20/06/2024 13:23:00;;;;;;
20/06/2024 13:23:10;;;;;;
20/06/2024 13:23:20;;;;;;
20/06/2024 13:23:30;;;;;;
20/06/2024 13:23:40;;;;;;
20/06/2024 13:23:50;;;;;;
20/06/2024 13:24:00;;;;;;
20/06/2024 13:24:10;;;;;;
20/06/2024 13:24:20;;;;;;
20/06/2024 13:24:30;;;;;;
20/06/2024 13:24:40;;;;;;
20/06/2024 13:24:50;;;;;;
20/06/2024 13:25:00;;;;;;
20/06/2024 13:25:10;;;;;;
20/06/2024 13:25:20;;;;;;
20/06/2024 13:25:30;;;;;;
20/06/2024 13:25:40;;;;;;
20/06/2024 13:25:50;;;;;;
20/06/2024 13:26:00;;;;;;
20/06/2024 13:26:10;;;;;;
20/06/2024 13:26:20;;;;;;
20/06/2024 13:26:30;;;;;;
20/06/2024 13:26:40;;;;;;
20/06/2024 13:26:50;;;;;;
20/06/2024 13:27:00;;;;;;
20/06/2024 13:27:10;;;;;;
20/06/2024 13:27:20;;;;;;
20/06/2024 13:27:30;;;;;;
20/06/2024 13:27:40;;;;;;
20/06/2024 13:27:50;;;;;;
20/06/2024 13:28:00;;;;;;
20/06/2024 13:28:10;;;;;;
20/06/2024 13:28:20;;;;;;
20/06/2024 13:28:30;;;;;;
20/06/2024 13:28:40;;;;;;
20/06/2024 13:28:50;;;;;;
20/06/2024 13:29:00;;;;;;
20/06/2024 13:29:10;;;;;;
20/06/2024 13:29:20;;;;;;
20/06/2024 13:29:30;;;;;;
20/06/2024 13:29:40;;;;;;
20/06/2024 13:29:50;;;;;;
20/06/2024 13:30:00;;;;;;
20/06/2024 13:30:10;;;;;;
20/06/2024 13:30:20;;;;;;
20/06/2024 13:30:30;;;;;;
20/06/2024 13:30:40;;;;;;
20/06/2024 13:30:50;;;;;;
20/06/2024 13:31:00;;;;;;
20/06/2024 13:31:10;;;;;;
20/06/2024 13:31:20;;;;;;
20/06/2024 13:31:30;;;;;;
20/06/2024 13:31:40;;;;;;
20/06/2024 13:31:50;;;;;;
20/06/2024 13:32:00;;;;;;
20/06/2024 13:32:10;;;;;;
20/06/2024 13:32:20;;;;;;
20/06/2024 13:32:30;;;;;;
20/06/2024 13:32:40;;;;;;
20/06/2024 13:32:50;;;;;;
20/06/2024 13:33:00;;;;;;
20/06/2024 13:33:10;;;;;;
20/06/2024 13:33:20;;;;;;
20/06/2024 13:33:30;;;;;;
20/06/2024 13:33:40;;;;;;
20/06/2024 13:33:50;;;;;;
20/06/2024 13:34:00;;;;;;
20/06/2024 13:34:10;;;;;;
20/06/2024 13:34:20;;;;;;
20/06/2024 13:34:30;;;;;;
20/06/2024 13:34:40;;;;;;
20/06/2024 13:34:50;;;;;;
20/06/2024 13:35:00;;;;;;
20/06/2024 13:35:10;;;;;;
20/06/2024 13:35:20;;;;;;
20/06/2024 13:35:30;;;;;;
20/06/2024 13:35:40;;;;;;
20/06/2024 13:35:50;;;;;;
20/06/2024 13:36:00;;;;;;
20/06/2024 13:36:10;;;;;;
20/06/2024 13:36:20;;;;;;
20/06/2024 13:36:30;;;;;;
20/06/2024 13:36:40;;;;;;
20/06/2024 13:36:50;;;;;;
20/06/2024 13:37:00;;;;;;
20/06/2024 13:37:10;;;;;;
20/06/2024 13:37:20;;;;;;
20/06/2024 13:37:30;;;;;;
20/06/2024 13:37:40;;;;;;
20/06/2024 13:37:50;;;;;;
20/06/2024 13:38:00;;;;;;
20/06/2024 13:38:10;;;;;;
20/06/2024 13:38:20;;;;;;
20/06/2024 13:38:30;;;;;;
20/06/2024 13:38:40;;;;;;
20/06/2024 13:38:50;;;;;;
20/06/2024 13:39:00;;;;;;
20/06/2024 13:39:10;;;;;;
20/06/2024 13:39:20;;;;;;
20/06/2024 13:39:30;;;;;;
20/06/2024 13:39:40;;;;;;
20/06/2024 13:39:50;;;;;;
20/06/2024 13:40:00;;;;;;
20/06/2024 13:40:10;;;;;;
20/06/2024 13:40:20;;;;;;
20/06/2024 13:40:30;;;;;;
20/06/2024 13:40:40;;;;;;
20/06/2024 13:40:50;;;;;;
20/06/2024 13:41:00;;;;;;
20/06/2024 13:41:10;;;;;;
20/06/2024 13:41:20;;;;;;
20/06/2024 13:41:30;;;;;;
20/06/2024 13:41:40;;;;;;
20/06/2024 13:41:50;;;;;;
20/06/2024 13:42:00;;;;;;
20/06/2024 13:42:10;;;;;;
20/06/2024 13:42:20;;;;;;
20/06/2024 13:42:30;;;;;;
20/06/2024 13:42:40;;;;;;
20/06/2024 13:42:50;;;;;;
20/06/2024 13:43:00;;;;;;
20/06/2024 13:43:10;;;;;;
20/06/2024 13:43:20;;;;;;
20/06/2024 13:43:30;;;;;;
20/06/2024 13:43:40;;;;;;
20/06/2024 13:43:50;;;;;;
20/06/2024 13:44:00;;;;;;
20/06/2024 13:44:10;;;;;;
20/06/2024 13:44:20;;;;;;
20/06/2024 13:44:30;;;;;;
20/06/2024 13:44:40;;;;;;
20/06/2024 13:44:50;;;;;;
20/06/2024 13:45:00;;;;;;
20/06/2024 13:45:10;;;;;;
20/06/2024 13:45:20;;;;;;
20/06/2024 13:45:30;;;;;;
20/06/2024 13:45:40;;;;;;
20/06/2024 13:45:50;;;;;;
20/06/2024 13:46:00;;;;;;
20/06/2024 13:46:10;;;;;;
20/06/2024 13:46:20;;;;;;
20/06/2024 13:46:30;;;;;;
20/06/2024 13:46:40;;;;;;
20/06/2024 13:46:50;;;;;;
20/06/2024 13:47:00;;;;;;
20/06/2024 13:47:10;;;;;;
20/06/2024 13:47:20;;;;;;
20/06/2024 13:47:30;;;;;;
20/06/2024 13:47:40;;;;;;
20/06/2024 13:47:50;;;;;;
20/06/2024 13:48:00;;;;;;
20/06/2024 13:48:10;;;;;;
20/06/2024 13:48:20;;;;;;
20/06/2024 13:48:30;;;;;;
20/06/2024 13:48:40;;;;;;
20/06/2024 13:48:50;;;;;;
20/06/2024 13:49:00;;;;;;
20/06/2024 13:49:10;;;;;;
20/06/2024 13:49:20;;;;;;
20/06/2024 13:49:30;;;;;;
20/06/2024 13:49:40;;;;;;
20/06/2024 13:49:50;;;;;;
20/06/2024 13:50:00;;;;;;
20/06/2024 13:50:10;;;;;;
20/06/2024 13:50:20;;;;;;
20/06/2024 13:50:30;;;;;;
20/06/2024 13:50:40;;;;;;
20/06/2024 13:50:50;;;;;;
20/06/2024 13:51:00;;;;;;
20/06/2024 13:51:10;;;;;;
20/06/2024 13:51:20;;;;;;
20/06/2024 13:51:30;;;;;;
20/06/2024 13:51:40;;;;;;
20/06/2024 13:51:50;;;;;;
20/06/2024 13:52:00;;;;;;
20/06/2024 13:52:10;;;;;;
20/06/2024 13:52:20;;;;;;
20/06/2024 13:52:30;;;;;;
20/06/2024 13:52:40;;;;;;
20/06/2024 13:52:50;;;;;;
20/06/2024 13:53:00;;;;;;
20/06/2024 13:53:10;;;;;;
20/06/2024 13:53:20;;;;;;
20/06/2024 13:53:30;;;;;;
20/06/2024 13:53:40;;;;;;
20/06/2024 13:53:50;;;;;;
20/06/2024 13:54:00;;;;;;
20/06/2024 13:54:10;;;;;;
20/06/2024 13:54:20;;;;;;
20/06/2024 13:54:30;;;;;;
20/06/2024 13:54:40;;;;;;
20/06/2024 13:54:50;;;;;;
20/06/2024 13:55:00;;;;;;
20/06/2024 13:55:10;;;;;;
20/06/2024 13:55:20;;;;;;
20/06/2024 13:55:30;;;;;;
20/06/2024 13:55:40;;;;;;
20/06/2024 13:55:50;;;;;;
20/06/2024 13:56:00;;;;;;
20/06/2024 13:56:10;;;;;;
20/06/2024 13:56:20;;;;;;
20/06/2024 13:56:30;;;;;;
20/06/2024 13:56:40;;;;;;
20/06/2024 13:56:50;;;;;;
20/06/2024 13:57:00;;;;;;
20/06/2024 13:57:10;;;;;;
20/06/2024 13:57:20;;;;;;
20/06/2024 13:57:30;;;;;;
20/06/2024 13:57:40;;;;;;
20/06/2024 13:57:50;;;;;;
20/06/2024 13:58:00;;;;;;
20/06/2024 13:58:10;;;;;;
20/06/2024 13:58:20;;;;;;
20/06/2024 13:58:30;;;;;;
20/06/2024 13:58:40;;;;;;
20/06/2024 13:58:50;;;;;;
20/06/2024 13:59:00;;;;;;
20/06/2024 13:59:10;;;;;;
20/06/2024 13:59:20;;;;;;
20/06/2024 13:59:30;;;;;;
20/06/2024 13:59:40;;;;;;
20/06/2024 13:59:50;;;;;;
20/06/2024 14:00:00;;;;;;
20/06/2024 14:00:10;;;;;;
20/06/2024 14:00:20;;;;;;
20/06/2024 14:00:30;;;;;;
20/06/2024 14:00:40;;;;;;
20/06/2024 14:00:50;;;;;;
20/06/2024 14:01:00;;;;;;
20/06/2024 14:01:10;;;;;;
20/06/2024 14:01:20;;;;;;
20/06/2024 14:01:30;;;;;;
20/06/2024 14:01:40;;;;;;
20/06/2024 14:01:50;;;;;;
20/06/2024 14:02:00;;;;;;
20/06/2024 14:02:10;;;;;;
20/06/2024 14:02:20;;;;;;
20/06/2024 14:02:30;;;;;;
20/06/2024 14:02:40;;;;;;
20/06/2024 14:02:50;;;;;;
20/06/2024 14:03:00;;;;;;
20/06/2024 14:03:10;;;;;;
20/06/2024 14:03:20;;;;;;
20/06/2024 14:03:30;;;;;;
20/06/2024 14:03:40;;;;;;
20/06/2024 14:03:50;;;;;;
20/06/2024 14:04:00;;;;;;
20/06/2024 14:04:10;;;;;;
20/06/2024 14:04:20;;;;;;
20/06/2024 14:04:30;;;;;;
20/06/2024 14:04:40;;;;;;
20/06/2024 14:04:50;;;;;;
20/06/2024 14:05:00;;;;;;
20/06/2024 14:05:10;;;;;;
20/06/2024 14:05:20;;;;;;
20/06/2024 14:05:30;;;;;;
20/06/2024 14:05:40;;;;;;
20/06/2024 14:05:50;;;;;;
20/06/2024 14:06:00;;;;;;
20/06/2024 14:06:10;;;;;;
20/06/2024 14:06:20;;;;;;
20/06/2024 14:06:30;;;;;;
20/06/2024 14:06:40;;;;;;
20/06/2024 14:06:50;;;;;;
20/06/2024 14:07:00;;;;;;
20/06/2024 14:07:10;;;;;;
20/06/2024 14:07:20;;;;;;
20/06/2024 14:07:30;;;;;;
20/06/2024 14:07:40;;;;;;
20/06/2024 14:07:50;;;;;;
20/06/2024 14:08:00;;;;;;
20/06/2024 14:08:10;;;;;;
20/06/2024 14:08:20;;;;;;
20/06/2024 14:08:30;;;;;;
20/06/2024 14:08:40;;;;;;
20/06/2024 14:08:50;;;;;;
20/06/2024 14:09:00;;;;;;
20/06/2024 14:09:10;;;;;;
20/06/2024 14:09:20;;;;;;
20/06/2024 14:09:30;;;;;;
20/06/2024 14:09:40;;;;;;
20/06/2024 14:09:50;;;;;;
20/06/2024 14:10:00;;;;;;
20/06/2024 14:10:10;;;;;;
20/06/2024 14:10:20;;;;;;
20/06/2024 14:10:30;;;;;;
20/06/2024 14:10:40;;;;;;
20/06/2024 14:10:50;;;;;;
20/06/2024 14:11:00;;;;;;
20/06/2024 14:11:10;;;;;;
20/06/2024 14:11:20;;;;;;
20/06/2024 14:11:30;;;;;;
20/06/2024 14:11:40;;;;;;
20/06/2024 14:11:50;;;;;;
20/06/2024 14:12:00;;;;;;
20/06/2024 14:12:10;;;;;;
20/06/2024 14:12:20;;;;;;
20/06/2024 14:12:30;;;;;;
20/06/2024 14:12:40;;;;;;
20/06/2024 14:12:50;;;;;;
20/06/2024 14:13:00;;;;;;
20/06/2024 14:13:10;;;;;;
20/06/2024 14:13:20;;;;;;
20/06/2024 14:13:30;;;;;;
20/06/2024 14:13:40;;;;;;
20/06/2024 14:13:50;;;;;;
20/06/2024 14:14:00;;;;;;
20/06/2024 14:14:10;;;;;;
20/06/2024 14:14:20;;;;;;
20/06/2024 14:14:30;;;;;;
20/06/2024 14:14:40;;;;;;
20/06/2024 14:14:50;;;;;;
20/06/2024 14:15:00;;;;;;
20/06/2024 14:15:10;;;;;;
20/06/2024 14:15:20;;;;;;
20/06/2024 14:15:30;;;;;;
20/06/2024 14:15:40;;;;;;
20/06/2024 14:15:50;;;;;;
20/06/2024 14:16:00;;;;;;
20/06/2024 14:16:10;;;;;;
20/06/2024 14:16:20;;;;;;
20/06/2024 14:16:30;;;;;;
20/06/2024 14:16:40;;;;;;
20/06/2024 14:16:50;;;;;;
20/06/2024 14:17:00;;;;;;
20/06/2024 14:17:10;;;;;;
20/06/2024 14:17:20;;;;;;
20/06/2024 14:17:30;;;;;;
20/06/2024 14:17:40;;;;;;
20/06/2024 14:17:50;;;;;;
20/06/2024 14:18:00;;;;;;
20/06/2024 14:18:10;;;;;;
20/06/2024 14:18:20;;;;;;
20/06/2024 14:18:30;;;;;;
20/06/2024 14:18:40;;;;;;
20/06/2024 14:18:50;;;;;;
20/06/2024 14:19:00;;;;;;
20/06/2024 14:19:10;;;;;;
20/06/2024 14:19:20;;;;;;
20/06/2024 14:19:30;;;;;;
20/06/2024 14:19:40;;;;;;
20/06/2024 14:19:50;;;;;;
20/06/2024 14:20:00;;;;;;
20/06/2024 14:20:10;;;;;;
20/06/2024 14:20:20;;;;;;
20/06/2024 14:20:30;;;;;;
20/06/2024 14:20:40;;;;;;
20/06/2024 14:20:50;;;;;;
20/06/2024 14:21:00;;;;;;
20/06/2024 14:21:10;;;;;;
20/06/2024 14:21:20;;;;;;
20/06/2024 14:21:30;;;;;;
20/06/2024 14:21:40;;;;;;
20/06/2024 14:21:50;;;;;;
20/06/2024 14:22:00;;;;;;
20/06/2024 14:22:10;;;;;;
20/06/2024 14:22:20;;;;;;
20/06/2024 14:22:30;;;;;;
20/06/2024 14:22:40;;;;;;
20/06/2024 14:22:50;;;;;;
20/06/2024 14:23:00;;;;;;
20/06/2024 14:23:10;;;;;;
20/06/2024 14:23:20;;;;;;
20/06/2024 14:23:30;;;;;;
20/06/2024 14:23:40;;;;;;
20/06/2024 14:23:50;;;;;;
20/06/2024 14:24:00;;;;;;
20/06/2024 14:24:10;;;;;;
20/06/2024 14:24:20;;;;;;
20/06/2024 14:24:30;;;;;;
20/06/2024 14:24:40;;;;;;
20/06/2024 14:24:50;;;;;;
20/06/2024 14:25:00;;;;;;
20/06/2024 14:25:10;;;;;;
20/06/2024 14:25:20;;;;;;
20/06/2024 14:25:30;;;;;;
20/06/2024 14:25:40;;;;;;
20/06/2024 14:25:50;;;;;;
20/06/2024 14:26:00;;;;;;
20/06/2024 14:26:10;;;;;;
20/06/2024 14:26:20;;;;;;
20/06/2024 14:26:30;;;;;;
20/06/2024 14:26:40;;;;;;
20/06/2024 14:26:50;;;;;;
20/06/2024 14:27:00;;;;;;
20/06/2024 14:27:10;;;;;;
20/06/2024 14:27:20;;;;;;
20/06/2024 14:27:30;;;;;;
20/06/2024 14:27:40;;;;;;
20/06/2024 14:27:50;;;;;;
20/06/2024 14:28:00;;;;;;
20/06/2024 14:28:10;;;;;;
20/06/2024 14:28:20;;;;;;
20/06/2024 14:28:30;;;;;;
20/06/2024 14:28:40;;;;;;
20/06/2024 14:28:50;;;;;;
20/06/2024 14:29:00;;;;;;
20/06/2024 14:29:10;;;;;;
20/06/2024 14:29:20;;;;;;
20/06/2024 14:29:30;;;;;;
20/06/2024 14:29:40;;;;;;
20/06/2024 14:29:50;;;;;;
20/06/2024 14:30:00;;;;;;
20/06/2024 14:30:10;;;;;;
20/06/2024 14:30:20;;;;;;
20/06/2024 14:30:30;;;;;;
20/06/2024 14:30:40;;;;;;
20/06/2024 14:30:50;;;;;;
20/06/2024 14:31:00;;;;;;
20/06/2024 14:31:10;;;;;;
20/06/2024 14:31:20;;;;;;
20/06/2024 14:31:30;;;;;;
20/06/2024 14:31:40;;;;;;
20/06/2024 14:31:50;;;;;;
20/06/2024 14:32:00;;;;;;
20/06/2024 14:32:10;;;;;;
20/06/2024 14:32:20;;;;;;
20/06/2024 14:32:30;;;;;;
20/06/2024 14:32:40;;;;;;
20/06/2024 14:32:50;;;;;;
20/06/2024 14:33:00;;;;;;
20/06/2024 14:33:10;;;;;;
20/06/2024 14:33:20;;;;;;
20/06/2024 14:33:30;;;;;;
20/06/2024 14:33:40;;;;;;
20/06/2024 14:33:50;;;;;;
20/06/2024 14:34:00;;;;;;
20/06/2024 14:34:10;;;;;;
20/06/2024 14:34:20;;;;;;
20/06/2024 14:34:30;;;;;;
20/06/2024 14:34:40;;;;;;
20/06/2024 14:34:50;;;;;;
20/06/2024 14:35:00;;;;;;
20/06/2024 14:35:10;;;;;;
20/06/2024 14:35:20;;;;;;
20/06/2024 14:35:30;;;;;;
20/06/2024 14:35:40;;;;;;
20/06/2024 14:35:50;;;;;;
20/06/2024 14:36:00;;;;;;
20/06/2024 14:36:10;;;;;;
20/06/2024 14:36:20;;;;;;
20/06/2024 14:36:30;;;;;;
20/06/2024 14:36:40;;;;;;
20/06/2024 14:36:50;;;;;;
20/06/2024 14:37:00;;;;;;
20/06/2024 14:37:10;;;;;;
20/06/2024 14:37:20;;;;;;
20/06/2024 14:37:30;;;;;;
20/06/2024 14:37:40;;;;;;
20/06/2024 14:37:50;;;;;;
20/06/2024 14:38:00;;;;;;
20/06/2024 14:38:10;;;;;;
20/06/2024 14:38:20;;;;;;
20/06/2024 14:38:30;;;;;;
20/06/2024 14:38:40;;;;;;
20/06/2024 14:38:50;;;;;;
20/06/2024 14:39:00;;;;;;
20/06/2024 14:39:10;;;;;;
20/06/2024 14:39:20;;;;;;
20/06/2024 14:39:30;;;;;;
20/06/2024 14:39:40;;;;;;
20/06/2024 14:39:50;;;;;;
20/06/2024 14:40:00;;;;;;
20/06/2024 14:40:10;;;;;;
20/06/2024 14:40:20;;;;;;
20/06/2024 14:40:30;;;;;;
20/06/2024 14:40:40;;;;;;
20/06/2024 14:40:50;;;;;;
20/06/2024 14:41:00;;;;;;
20/06/2024 14:41:10;;;;;;
20/06/2024 14:41:20;;;;;;
20/06/2024 14:41:30;;;;;;
20/06/2024 14:41:40;;;;;;
20/06/2024 14:41:50;;;;;;
20/06/2024 14:42:00;;;;;;
20/06/2024 14:42:10;;;;;;
20/06/2024 14:42:20;;;;;;
20/06/2024 14:42:30;;;;;;
20/06/2024 14:42:40;;;;;;
20/06/2024 14:42:50;;;;;;
20/06/2024 14:43:00;;;;;;
20/06/2024 14:43:10;;;;;;
20/06/2024 14:43:20;;;;;;
20/06/2024 14:43:30;;;;;;
20/06/2024 14:43:40;;;;;;
20/06/2024 14:43:50;;;;;;
20/06/2024 14:44:00;;;;;;
20/06/2024 14:44:10;;;;;;
20/06/2024 14:44:20;;;;;;
20/06/2024 14:44:30;;;;;;
20/06/2024 14:44:40;;;;;;
20/06/2024 14:44:50;;;;;;
20/06/2024 14:45:00;;;;;;
20/06/2024 14:45:10;;;;;;
20/06/2024 14:45:20;;;;;;
20/06/2024 14:45:30;;;;;;
20/06/2024 14:45:40;;;;;;
20/06/2024 14:45:50;;;;;;
20/06/2024 14:46:00;;;;;;
20/06/2024 14:46:10;;;;;;
20/06/2024 14:46:20;;;;;;
20/06/2024 14:46:30;;;;;;
20/06/2024 14:46:40;;;;;;
20/06/2024 14:46:50;;;;;;
20/06/2024 14:47:00;;;;;;
20/06/2024 14:47:10;;;;;;
20/06/2024 14:47:20;;;;;;
20/06/2024 14:47:30;;;;;;
20/06/2024 14:47:40;;;;;;
20/06/2024 14:47:50;;;;;;
20/06/2024 14:48:00;;;;;;
20/06/2024 14:48:10;;;;;;
20/06/2024 14:48:20;;;;;;
20/06/2024 14:48:30;;;;;;
20/06/2024 14:48:40;;;;;;
20/06/2024 14:48:50;;;;;;
20/06/2024 14:49:00;;;;;;
20/06/2024 14:49:10;;;;;;
20/06/2024 14:49:20;;;;;;
20/06/2024 14:49:30;;;;;;
20/06/2024 14:49:40;;;;;;
20/06/2024 14:49:50;;;;;;
20/06/2024 14:50:00;;;;;;
20/06/2024 14:50:10;;;;;;
20/06/2024 14:50:20;;;;;;
20/06/2024 14:50:30;;;;;;
20/06/2024 14:50:40;;;;;;
20/06/2024 14:50:50;;;;;;
20/06/2024 14:51:00;;;;;;
20/06/2024 14:51:10;;;;;;
20/06/2024 14:51:20;;;;;;
20/06/2024 14:51:30;;;;;;
20/06/2024 14:51:40;;;;;;
20/06/2024 14:51:50;;;;;;
20/06/2024 14:52:00;;;;;;
20/06/2024 14:52:10;;;;;;
20/06/2024 14:52:20;;;;;;
20/06/2024 14:52:30;;;;;;
20/06/2024 14:52:40;;;;;;
20/06/2024 14:52:50;;;;;;
20/06/2024 14:53:00;;;;;;
20/06/2024 14:53:10;;;;;;
20/06/2024 14:53:20;;;;;;
20/06/2024 14:53:30;;;;;;
20/06/2024 14:53:40;;;;;;
20/06/2024 14:53:50;;;;;;
20/06/2024 14:54:00;;;;;;
20/06/2024 14:54:10;;;;;;
20/06/2024 14:54:20;;;;;;
20/06/2024 14:54:30;;;;;;
20/06/2024 14:54:40;;;;;;
20/06/2024 14:54:50;;;;;;
20/06/2024 14:55:00;;;;;;
20/06/2024 14:55:10;;;;;;
20/06/2024 14:55:20;;;;;;
20/06/2024 14:55:30;;;;;;
20/06/2024 14:55:40;;;;;;
20/06/2024 14:55:50;;;;;;
20/06/2024 14:56:00;;;;;;
20/06/2024 14:56:10;;;;;;
20/06/2024 14:56:20;;;;;;
20/06/2024 14:56:30;;;;;;
20/06/2024 14:56:40;;;;;;
20/06/2024 14:56:50;;;;;;
20/06/2024 14:57:00;;;;;;
20/06/2024 14:57:10;;;;;;
20/06/2024 14:57:20;;;;;;
20/06/2024 14:57:30;;;;;;
20/06/2024 14:57:40;;;;;;
20/06/2024 14:57:50;;;;;;
20/06/2024 14:58:00;;;;;;
20/06/2024 14:58:10;;;;;;
20/06/2024 14:58:20;;;;;;
20/06/2024 14:58:30;;;;;;
20/06/2024 14:58:40;;;;;;
20/06/2024 14:58:50;;;;;;
20/06/2024 14:59:00;;;;;;
20/06/2024 14:59:10;;;;;;
20/06/2024 14:59:20;;;;;;
20/06/2024 14:59:30;;;;;;
20/06/2024 14:59:40;;;;;;
20/06/2024 14:59:50;;;;;;
20/06/2024 15:00:00;;;;;;
20/06/2024 15:00:10;;;;;;
20/06/2024 15:00:20;;;;;;
20/06/2024 15:00:30;;;;;;
20/06/2024 15:00:40;;;;;;
20/06/2024 15:00:50;;;;;;
20/06/2024 15:01:00;;;;;;
20/06/2024 15:01:10;;;;;;
20/06/2024 15:01:20;;;;;;
20/06/2024 15:01:30;;;;;;
20/06/2024 15:01:40;;;;;;
20/06/2024 15:01:50;;;;;;
20/06/2024 15:02:00;0;0;0;0;;0
20/06/2024 15:02:10;;0,0027431888419365;;0,054545301928299;;
20/06/2024 15:02:20;;0,0054863776838729;;0,1090906038566;;
20/06/2024 15:02:30;;0,0082295665258094;;0,1636359057849;;
20/06/2024 15:02:40;;0,010972755367746;;0,2181812077132;;
20/06/2024 15:02:50;;0,013715944209682;;0,27272650964149;;
20/06/2024 15:03:00;;0,016459133051619;;0,32727181156979;;
20/06/2024 15:03:10;;0,019202321893555;;0,38181711349809;;
20/06/2024 15:03:20;;0,021945510735492;;0,43636241542639;;
20/06/2024 15:03:30;;0,024688699577428;;0,49090771735469;;
20/06/2024 15:03:40;;0,027431888419365;;0,54545301928299;;
20/06/2024 15:03:50;;0,030175077261301;;0,59999832121129;;
20/06/2024 15:04:00;;0,032918266103237;;0,65454362313959;;
20/06/2024 15:04:10;;0,035661454945174;;0,70908892506789;;
20/06/2024 15:04:20;;0,03840464378711;;0,76363422699618;;
20/06/2024 15:04:30;;0,041147832629047;;0,81817952892448;;
20/06/2024 15:04:40;;0,043891021470983;;0,87272483085278;;
20/06/2024 15:04:50;;0,04663421031292;;0,92727013278108;;
20/06/2024 15:05:00;;0,049377399154856;;0,98181543470938;;
20/06/2024 15:05:10;;0,052120587996793;;1,0363607366377;;
20/06/2024 15:05:20;;0,054863776838729;;1,090906038566;;
20/06/2024 15:05:30;;0,057606965680666;;1,1454513404943;;
20/06/2024 15:05:40;;0,060350154522602;;1,1999966424226;;
20/06/2024 15:05:50;;0,063093343364539;;1,2545419443509;;
20/06/2024 15:06:00;;0,065836532206475;;1,3090872462792;;
20/06/2024 15:06:10;;0,068579721048411;;1,3636325482075;;
20/06/2024 15:06:20;;0,071322909890348;;1,4181778501358;;
20/06/2024 15:06:30;;0,074066098732284;;1,4727231520641;;
20/06/2024 15:06:40;;0,076809287574221;;1,5272684539924;;
20/06/2024 15:06:50;;0,079552476416157;;1,5818137559207;;
20/06/2024 15:07:00;;0,082295665258094;;1,636359057849;;
20/06/2024 15:07:10;;0,08503885410003;;1,6909043597773;;
20/06/2024 15:07:20;;0,087782042941967;;1,7454496617056;;
20/06/2024 15:07:30;;0,090525231783903;;1,7999949636339;;
20/06/2024 15:07:40;;0,09326842062584;;1,8545402655622;;
20/06/2024 15:07:50;;0,096011609467776;;1,9090855674905;;
20/06/2024 15:08:00;;0,098754798309712;;1,9636308694188;;
20/06/2024 15:08:10;;0,10149798715165;;2,0181761713471;;
20/06/2024 15:08:20;;0,10424117599359;;2,0727214732754;;
20/06/2024 15:08:30;;0,10698436483552;;2,1272667752037;;
20/06/2024 15:08:40;;0,10972755367746;;2,181812077132;;
20/06/2024 15:08:50;;0,11247074251939;;2,2363573790603;;
20/06/2024 15:09:00;;0,11521393136133;;2,2909026809886;;
20/06/2024 15:09:10;;0,11795712020327;;2,3454479829169;;
20/06/2024 15:09:20;;0,1207003090452;;2,3999932848452;;
20/06/2024 15:09:30;;0,12344349788714;;2,4545385867734;;
20/06/2024 15:09:40;;0,12618668672908;;2,5090838887017;;
20/06/2024 15:09:50;;0,12892987557101;;2,56362919063;;
20/06/2024 15:10:00;;0,13167306441295;;2,6181744925583;;
20/06/2024 15:10:10;;0,13441625325489;;2,6727197944866;;
20/06/2024 15:10:20;;0,13715944209682;;2,7272650964149;;
20/06/2024 15:10:30;;0,13990263093876;;2,7818103983432;;
20/06/2024 15:10:40;;0,1426458197807;;2,8363557002715;;
20/06/2024 15:10:50;;0,14538900862263;;2,8909010021998;;
20/06/2024 15:11:00;;0,14813219746457;;2,9454463041281;;
20/06/2024 15:11:10;;0,15087538630651;;2,9999916060564;;
20/06/2024 15:11:20;;0,15361857514844;;3,0545369079847;;
20/06/2024 15:11:30;;0,15636176399038;;3,109082209913;;
20/06/2024 15:11:40;;0,15910495283231;;3,1636275118413;;
20/06/2024 15:11:50;;0,16184814167425;;3,2181728137696;;
20/06/2024 15:12:00;;0,16459133051619;;3,2727181156979;;
20/06/2024 15:12:10;;0,16733451935812;;3,3272634176262;;
20/06/2024 15:12:20;;0,17007770820006;;3,3818087195545;;
20/06/2024 15:12:30;;0,172820897042;;3,4363540214828;;
20/06/2024 15:12:40;;0,17556408588393;;3,4908993234111;;
20/06/2024 15:12:50;;0,17830727472587;;3,5454446253394;;
20/06/2024 15:13:00;;0,18105046356781;;3,5999899272677;;
20/06/2024 15:13:10;;0,18379365240974;;3,654535229196;;
20/06/2024 15:13:20;;0,18653684125168;;3,7090805311243;;
20/06/2024 15:13:30;;0,18928003009362;;3,7636258330526;;
20/06/2024 15:13:40;;0,19202321893555;;3,8181711349809;;
20/06/2024 15:13:50;;0,19476640777749;;3,8727164369092;;
20/06/2024 15:14:00;;0,19750959661942;;3,9272617388375;;
20/06/2024 15:14:10;;0,20025278546136;;3,9818070407658;;
20/06/2024 15:14:20;;0,2029959743033;;4,0363523426941;;
20/06/2024 15:14:30;;0,20573916314523;;4,0908976446224;;
20/06/2024 15:14:40;;0,20848235198717;;4,1454429465507;;
20/06/2024 15:14:50;;0,21122554082911;;4,199988248479;;
20/06/2024 15:15:00;;0,21396872967104;;4,2545335504073;;
20/06/2024 15:15:10;;0,21671191851298;;4,3090788523356;;
20/06/2024 15:15:20;;0,21945510735492;;4,3636241542639;;
20/06/2024 15:15:30;;0,22219829619685;;4,4181694561922;;
20/06/2024 15:15:40;;0,22494148503879;;4,4727147581205;;
20/06/2024 15:15:50;;0,22768467388073;;4,5272600600488;;
20/06/2024 15:16:00;;0,23042786272266;;4,5818053619771;;
20/06/2024 15:16:10;;0,2331710515646;;4,6363506639054;;
20/06/2024 15:16:20;;0,23591424040654;;4,6908959658337;;
20/06/2024 15:16:30;;0,23865742924847;;4,745441267762;;
20/06/2024 15:16:40;;0,24140061809041;;4,7999865696903;;
20/06/2024 15:16:50;;0,24414380693234;;4,8545318716186;;
20/06/2024 15:17:00;;0,24688699577428;;4,9090771735469;;
20/06/2024 15:17:10;;0,24963018461622;;4,9636224754752;;
20/06/2024 15:17:20;;0,25237337345815;;5,0181677774035;;
20/06/2024 15:17:30;;0,25511656230009;;5,0727130793318;;
20/06/2024 15:17:40;;0,25785975114203;;5,1272583812601;;
20/06/2024 15:17:50;;0,26060293998396;;5,1818036831884;;
20/06/2024 15:18:00;;0,2633461288259;;5,2363489851167;;
20/06/2024 15:18:10;;0,26608931766784;;5,290894287045;;
20/06/2024 15:18:20;;0,26883250650977;;5,3454395889733;;
20/06/2024 15:18:30;;0,27157569535171;;5,3999848909016;;
20/06/2024 15:18:40;;0,27431888419365;;5,4545301928299;;
20/06/2024 15:18:50;;0,27706207303558;;5,5090754947582;;
20/06/2024 15:19:00;;0,27980526187752;;5,5636207966865;;
20/06/2024 15:19:10;;0,28254845071946;;5,6181660986148;;
20/06/2024 15:19:20;;0,28529163956139;;5,6727114005431;;
20/06/2024 15:19:30;;0,28803482840333;;5,7272567024714;;
20/06/2024 15:19:40;;0,29077801724526;;5,7818020043997;;
20/06/2024 15:19:50;;0,2935212060872;;5,836347306328;;
20/06/2024 15:20:00;;0,29626439492914;;5,8908926082563;;
20/06/2024 15:20:10;;0,29900758377107;;5,9454379101846;;
20/06/2024 15:20:20;;0,30175077261301;;5,9999832121129;;
20/06/2024 15:20:30;;0,30449396145495;;6,0545285140412;;
20/06/2024 15:20:40;;0,30723715029688;;6,1090738159695;;
20/06/2024 15:20:50;;0,30998033913882;;6,1636191178978;;
20/06/2024 15:21:00;;0,31272352798076;;6,2181644198261;;
20/06/2024 15:21:10;;0,31546671682269;;6,2727097217544;;
20/06/2024 15:21:20;;0,31820990566463;;6,3272550236827;;
20/06/2024 15:21:30;;0,32095309450657;;6,381800325611;;
20/06/2024 15:21:40;;0,3236962833485;;6,4363456275393;;
20/06/2024 15:21:50;;0,32643947219044;;6,4908909294676;;
20/06/2024 15:22:00;;0,32918266103237;;6,5454362313959;;
20/06/2024 15:22:10;;0,33192584987431;;6,5999815333242;;
20/06/2024 15:22:20;;0,33466903871625;;6,6545268352525;;
20/06/2024 15:22:30;;0,33741222755818;;6,7090721371808;;
20/06/2024 15:22:40;;0,34015541640012;;6,7636174391091;;
20/06/2024 15:22:50;;0,34289860524206;;6,8181627410374;;
20/06/2024 15:23:00;;0,34564179408399;;6,8727080429657;;
20/06/2024 15:23:10;;0,34838498292593;;6,927253344894;;
20/06/2024 15:23:20;;0,35112817176787;;6,9817986468223;;
20/06/2024 15:23:30;;0,3538713606098;;7,0363439487506;;
20/06/2024 15:23:40;;0,35661454945174;;7,0908892506789;;
20/06/2024 15:23:50;;0,35935773829368;;7,1454345526072;;
20/06/2024 15:24:00;;0,36210092713561;;7,1999798545355;;
20/06/2024 15:24:10;;0,36484411597755;;7,2545251564638;;
20/06/2024 15:24:20;;0,36758730481949;;7,3090704583921;;
20/06/2024 15:24:30;;0,37033049366142;;7,3636157603204;;
20/06/2024 15:24:40;;0,37307368250336;;7,4181610622486;;
20/06/2024 15:24:50;;0,37581687134529;;7,4727063641769;;
20/06/2024 15:25:00;;0,37856006018723;;7,5272516661052;;
20/06/2024 15:25:10;;0,38130324902917;;7,5817969680335;;
20/06/2024 15:25:20;;0,3840464378711;;7,6363422699618;;
20/06/2024 15:25:30;;0,38678962671304;;7,6908875718901;;
20/06/2024 15:25:40;;0,38953281555498;;7,7454328738184;;
20/06/2024 15:25:50;;0,39227600439691;;7,7999781757467;;
20/06/2024 15:26:00;;0,39501919323885;;7,854523477675;;
20/06/2024 15:26:10;;0,39776238208079;;7,9090687796033;;
20/06/2024 15:26:20;;0,40050557092272;;7,9636140815316;;
20/06/2024 15:26:30;;0,40324875976466;;8,0181593834599;;
20/06/2024 15:26:40;;0,4059919486066;;8,0727046853882;;
20/06/2024 15:26:50;;0,40873513744853;;8,1272499873165;;
20/06/2024 15:27:00;;0,41147832629047;;8,1817952892448;;
20/06/2024 15:27:10;;0,41422151513241;;8,2363405911731;;
20/06/2024 15:27:20;;0,41696470397434;;8,2908858931014;;
20/06/2024 15:27:30;;0,41970789281628;;8,3454311950297;;
20/06/2024 15:27:40;;0,42245108165821;;8,399976496958;;
20/06/2024 15:27:50;;0,42519427050015;;8,4545217988863;;
20/06/2024 15:28:00;;0,42793745934209;;8,5090671008146;;
20/06/2024 15:28:10;;0,43068064818402;;8,5636124027429;;
20/06/2024 15:28:20;;0,43342383702596;;8,6181577046712;;
20/06/2024 15:28:30;;0,4361670258679;;8,6727030065995;;
20/06/2024 15:28:40;;0,43891021470983;;8,7272483085278;;
20/06/2024 15:28:50;;0,44165340355177;;8,7817936104561;;
20/06/2024 15:29:00;;0,44439659239371;;8,8363389123844;;
20/06/2024 15:29:10;;0,44713978123564;;8,8908842143127;;
20/06/2024 15:29:20;;0,44988297007758;;8,945429516241;;
20/06/2024 15:29:30;;0,45262615891952;;8,9999748181693;;
20/06/2024 15:29:40;;0,45536934776145;;9,0545201200976;;
20/06/2024 15:29:50;;0,45811253660339;;9,1090654220259;;
20/06/2024 15:30:00;;0,46085572544532;;9,1636107239542;;
20/06/2024 15:30:10;;0,46359891428726;;9,2181560258825;;
20/06/2024 15:30:20;;0,4663421031292;;9,2727013278108;;
20/06/2024 15:30:30;;0,46908529197113;;9,3272466297391;;
20/06/2024 15:30:40;;0,47182848081307;;9,3817919316674;;
20/06/2024 15:30:50;;0,47457166965501;;9,4363372335957;;
20/06/2024 15:31:00;;0,47731485849694;;9,490882535524;;
20/06/2024 15:31:10;;0,48005804733888;;9,5454278374523;;
20/06/2024 15:31:20;;0,48280123618082;;9,5999731393806;;
20/06/2024 15:31:30;;0,48554442502275;;9,6545184413089;;
20/06/2024 15:31:40;;0,48828761386469;;9,7090637432372;;
20/06/2024 15:31:50;;0,49103080270663;;9,7636090451655;;
20/06/2024 15:32:00;;0,49377399154856;;9,8181543470938;;
20/06/2024 15:32:10;;0,4965171803905;;9,8726996490221;;
20/06/2024 15:32:20;;0,49926036923244;;9,9272449509504;;
20/06/2024 15:32:30;;0,50200355807437;;9,9817902528787;;
20/06/2024 15:32:40;;0,50474674691631;;10,036335554807;;
20/06/2024 15:32:50;;0,50748993575824;;10,090880856735;;
20/06/2024 15:33:00;;0,51023312460018;;10,145426158664;;
20/06/2024 15:33:10;;0,51297631344212;;10,199971460592;;
20/06/2024 15:33:20;;0,51571950228405;;10,25451676252;;
20/06/2024 15:33:30;;0,51846269112599;;10,309062064448;;
20/06/2024 15:33:40;;0,52120587996793;;10,363607366377;;
20/06/2024 15:33:50;;0,52394906880986;;10,418152668305;;
20/06/2024 15:34:00;;0,5266922576518;;10,472697970233;;
20/06/2024 15:34:10;;0,52943544649374;;10,527243272162;;
20/06/2024 15:34:20;;0,53217863533567;;10,58178857409;;
20/06/2024 15:34:30;;0,53492182417761;;10,636333876018;;
20/06/2024 15:34:40;;0,53766501301955;;10,690879177947;;
20/06/2024 15:34:50;;0,54040820186148;;10,745424479875;;
20/06/2024 15:35:00;;0,54315139070342;;10,799969781803;;
20/06/2024 15:35:10;;0,54589457954536;;10,854515083731;;
20/06/2024 15:35:20;;0,54863776838729;;10,90906038566;;
20/06/2024 15:35:30;;0,55138095722923;;10,963605687588;;
20/06/2024 15:35:40;;0,55412414607116;;11,018150989516;;
20/06/2024 15:35:50;;0,5568673349131;;11,072696291445;;
20/06/2024 15:36:00;;0,55961052375504;;11,127241593373;;
20/06/2024 15:36:10;;0,56235371259697;;11,181786895301;;
20/06/2024 15:36:20;;0,56509690143891;;11,23633219723;;
20/06/2024 15:36:30;;0,56784009028085;;11,290877499158;;
20/06/2024 15:36:40;;0,57058327912278;;11,345422801086;;
20/06/2024 15:36:50;;0,57332646796472;;11,399968103014;;
20/06/2024 15:37:00;;0,57606965680666;;11,454513404943;;
20/06/2024 15:37:10;;0,57881284564859;;11,509058706871;;
20/06/2024 15:37:20;;0,58155603449053;;11,563604008799;;
20/06/2024 15:37:30;;0,58429922333247;;11,618149310728;;
20/06/2024 15:37:40;;0,5870424121744;;11,672694612656;;
20/06/2024 15:37:50;;0,58978560101634;;11,727239914584;;
20/06/2024 15:38:00;;0,59252878985827;;11,781785216513;;
20/06/2024 15:38:10;;0,59527197870021;;11,836330518441;;
20/06/2024 15:38:20;;0,59801516754215;;11,890875820369;;
20/06/2024 15:38:30;;0,60075835638408;;11,945421122297;;
20/06/2024 15:38:40;;0,60350154522602;;11,999966424226;;
20/06/2024 15:38:50;;0,60624473406796;;12,054511726154;;
20/06/2024 15:39:00;;0,60898792290989;;12,109057028082;;
20/06/2024 15:39:10;;0,61173111175183;;12,163602330011;;
20/06/2024 15:39:20;;0,61447430059377;;12,218147631939;;
20/06/2024 15:39:30;;0,6172174894357;;12,272692933867;;
20/06/2024 15:39:40;;0,61996067827764;;12,327238235796;;
20/06/2024 15:39:50;;0,62270386711958;;12,381783537724;;
20/06/2024 15:40:00;;0,62544705596151;;12,436328839652;;
20/06/2024 15:40:10;;0,62819024480345;;12,49087414158;;
20/06/2024 15:40:20;;0,63093343364539;;12,545419443509;;
20/06/2024 15:40:30;;0,63367662248732;;12,599964745437;;
20/06/2024 15:40:40;;0,63641981132926;;12,654510047365;;
20/06/2024 15:40:50;;0,63916300017119;;12,709055349294;;
20/06/2024 15:41:00;;0,64190618901313;;12,763600651222;;
20/06/2024 15:41:10;;0,64464937785507;;12,81814595315;;
20/06/2024 15:41:20;;0,647392566697;;12,872691255079;;
20/06/2024 15:41:30;;0,65013575553894;;12,927236557007;;
20/06/2024 15:41:40;;0,65287894438088;;12,981781858935;;
20/06/2024 15:41:50;;0,65562213322281;;13,036327160863;;
20/06/2024 15:42:00;;0,65836532206475;;13,090872462792;;
20/06/2024 15:42:10;;0,66110851090669;;13,14541776472;;
20/06/2024 15:42:20;;0,66385169974862;;13,199963066648;;
20/06/2024 15:42:30;;0,66659488859056;;13,254508368577;;
20/06/2024 15:42:40;;0,6693380774325;;13,309053670505;;
20/06/2024 15:42:50;;0,67208126627443;;13,363598972433;;
20/06/2024 15:43:00;;0,67482445511637;;13,418144274362;;
20/06/2024 15:43:10;;0,6775676439583;;13,47268957629;;
20/06/2024 15:43:20;;0,68031083280024;;13,527234878218;;
20/06/2024 15:43:30;;0,68305402164218;;13,581780180146;;
20/06/2024 15:43:40;;0,68579721048411;;13,636325482075;;
20/06/2024 15:43:50;;0,68854039932605;;13,690870784003;;
20/06/2024 15:44:00;;0,69128358816799;;13,745416085931;;
20/06/2024 15:44:10;;0,69402677700992;;13,79996138786;;
20/06/2024 15:44:20;;0,69676996585186;;13,854506689788;;
20/06/2024 15:44:30;;0,6995131546938;;13,909051991716;;
20/06/2024 15:44:40;;0,70225634353573;;13,963597293645;;
20/06/2024 15:44:50;;0,70499953237767;;14,018142595573;;
20/06/2024 15:45:00;;0,70774272121961;;14,072687897501;;
20/06/2024 15:45:10;;0,71048591006154;;14,127233199429;;
20/06/2024 15:45:20;;0,71322909890348;;14,181778501358;;
20/06/2024 15:45:30;;0,71597228774542;;14,236323803286;;
20/06/2024 15:45:40;;0,71871547658735;;14,290869105214;;
20/06/2024 15:45:50;;0,72145866542929;;14,345414407143;;
20/06/2024 15:46:00;;0,72420185427122;;14,399959709071;;
20/06/2024 15:46:10;;0,72694504311316;;14,454505010999;;
20/06/2024 15:46:20;;0,7296882319551;;14,509050312928;;
20/06/2024 15:46:30;;0,73243142079703;;14,563595614856;;
20/06/2024 15:46:40;;0,73517460963897;;14,618140916784;;
20/06/2024 15:46:50;;0,73791779848091;;14,672686218712;;
20/06/2024 15:47:00;;0,74066098732284;;14,727231520641;;
20/06/2024 15:47:10;;0,74340417616478;;14,781776822569;;
20/06/2024 15:47:20;;0,74614736500672;;14,836322124497;;
20/06/2024 15:47:30;;0,74889055384865;;14,890867426426;;
20/06/2024 15:47:40;;0,75163374269059;;14,945412728354;;
20/06/2024 15:47:50;;0,75437693153253;;14,999958030282;;
20/06/2024 15:48:00;;0,75712012037446;;15,05450333221;;
20/06/2024 15:48:10;;0,7598633092164;;15,109048634139;;
20/06/2024 15:48:20;;0,76260649805834;;15,163593936067;;
20/06/2024 15:48:30;;0,76534968690027;;15,218139237995;;
20/06/2024 15:48:40;;0,76809287574221;;15,272684539924;;
20/06/2024 15:48:50;;0,77083606458414;;15,327229841852;;
20/06/2024 15:49:00;;0,77357925342608;;15,38177514378;;
20/06/2024 15:49:10;;0,77632244226802;;15,436320445709;;
20/06/2024 15:49:20;;0,77906563110995;;15,490865747637;;
20/06/2024 15:49:30;;0,78180881995189;;15,545411049565;;
20/06/2024 15:49:40;;0,78455200879383;;15,599956351493;;
20/06/2024 15:49:50;;0,78729519763576;;15,654501653422;;
20/06/2024 15:50:00;;0,7900383864777;;15,70904695535;;
20/06/2024 15:50:10;;0,79278157531964;;15,763592257278;;
20/06/2024 15:50:20;;0,79552476416157;;15,818137559207;;
20/06/2024 15:50:30;;0,79826795300351;;15,872682861135;;
20/06/2024 15:50:40;;0,80101114184545;;15,927228163063;;
20/06/2024 15:50:50;;0,80375433068738;;15,981773464992;;
20/06/2024 15:51:00;;0,80649751952932;;16,03631876692;;
20/06/2024 15:51:10;;0,80924070837125;;16,090864068848;;
20/06/2024 15:51:20;;0,81198389721319;;16,145409370776;;
20/06/2024 15:51:30;;0,81472708605513;;16,199954672705;;
20/06/2024 15:51:40;;0,81747027489706;;16,254499974633;;
20/06/2024 15:51:50;;0,820213463739;;16,309045276561;;
20/06/2024 15:52:00;;0,82295665258094;;16,36359057849;;
20/06/2024 15:52:10;;0,82569984142287;;16,418135880418;;
20/06/2024 15:52:20;;0,82844303026481;;16,472681182346;;
20/06/2024 15:52:30;;0,83118621910675;;16,527226484275;;
20/06/2024 15:52:40;;0,83392940794868;;16,581771786203;;
20/06/2024 15:52:50;;0,83667259679062;;16,636317088131;;
20/06/2024 15:53:00;;0,83941578563256;;16,690862390059;;
20/06/2024 15:53:10;;0,84215897447449;;16,745407691988;;
20/06/2024 15:53:20;;0,84490216331643;;16,799952993916;;
20/06/2024 15:53:30;;0,84764535215837;;16,854498295844;;
20/06/2024 15:53:40;;0,8503885410003;;16,909043597773;;
20/06/2024 15:53:50;;0,85313172984224;;16,963588899701;;
20/06/2024 15:54:00;;0,85587491868417;;17,018134201629;;
20/06/2024 15:54:10;;0,85861810752611;;17,072679503558;;
20/06/2024 15:54:20;;0,86136129636805;;17,127224805486;;
20/06/2024 15:54:30;;0,86410448520998;;17,181770107414;;
20/06/2024 15:54:40;;0,86684767405192;;17,236315409342;;
20/06/2024 15:54:50;;0,86959086289386;;17,290860711271;;
20/06/2024 15:55:00;;0,87233405173579;;17,345406013199;;
20/06/2024 15:55:10;;0,87507724057773;;17,399951315127;;
20/06/2024 15:55:20;;0,87782042941967;;17,454496617056;;
20/06/2024 15:55:30;;0,8805636182616;;17,509041918984;;
20/06/2024 15:55:40;;0,88330680710354;;17,563587220912;;
20/06/2024 15:55:50;;0,88604999594548;;17,618132522841;;
20/06/2024 15:56:00;;0,88879318478741;;17,672677824769;;
20/06/2024 15:56:10;;0,89153637362935;;17,727223126697;;
20/06/2024 15:56:20;;0,89427956247129;;17,781768428625;;
20/06/2024 15:56:30;;0,89702275131322;;17,836313730554;;
20/06/2024 15:56:40;;0,89976594015516;;17,890859032482;;
20/06/2024 15:56:50;;0,90250912899709;;17,94540433441;;
20/06/2024 15:57:00;;0,90525231783903;;17,999949636339;;
20/06/2024 15:57:10;;0,90799550668097;;18,054494938267;;
20/06/2024 15:57:20;;0,9107386955229;;18,109040240195;;
20/06/2024 15:57:30;;0,91348188436484;;18,163585542124;;
20/06/2024 15:57:40;;0,91622507320678;;18,218130844052;;
20/06/2024 15:57:50;;0,91896826204871;;18,27267614598;;
20/06/2024 15:58:00;;0,92171145089065;;18,327221447908;;
20/06/2024 15:58:10;;0,92445463973259;;18,381766749837;;
20/06/2024 15:58:20;;0,92719782857452;;18,436312051765;;
20/06/2024 15:58:30;;0,92994101741646;;18,490857353693;;
20/06/2024 15:58:40;;0,9326842062584;;18,545402655622;;
20/06/2024 15:58:50;;0,93542739510033;;18,59994795755;;
20/06/2024 15:59:00;;0,93817058394227;;18,654493259478;;
20/06/2024 15:59:10;;0,9409137727842;;18,709038561407;;
20/06/2024 15:59:20;;0,94365696162614;;18,763583863335;;
20/06/2024 15:59:30;;0,94640015046808;;18,818129165263;;
20/06/2024 15:59:40;;0,94914333931001;;18,872674467191;;
20/06/2024 15:59:50;;0,95188652815195;;18,92721976912;;
20/06/2024 16:00:00;;0,95462971699389;;18,981765071048;;
20/06/2024 16:00:10;;0,95737290583582;;19,036310372976;;
20/06/2024 16:00:20;;0,96011609467776;;19,090855674905;;
20/06/2024 16:00:30;;0,9628592835197;;19,145400976833;;
20/06/2024 16:00:40;;0,96560247236163;;19,199946278761;;
20/06/2024 16:00:50;;0,96834566120357;;19,25449158069;;
20/06/2024 16:01:00;;0,97108885004551;;19,309036882618;;
20/06/2024 16:01:10;;0,97383203888744;;19,363582184546;;
20/06/2024 16:01:20;;0,97657522772938;;19,418127486474;;
20/06/2024 16:01:30;;0,97931841657132;;19,472672788403;;
20/06/2024 16:01:40;;0,98206160541325;;19,527218090331;;
20/06/2024 16:01:50;;0,98480479425519;;19,581763392259;;
20/06/2024 16:02:00;;0,98754798309712;;19,636308694188;;
20/06/2024 16:02:10;;0,99029117193906;;19,690853996116;;
20/06/2024 16:02:20;;0,993034360781;;19,745399298044;;
20/06/2024 16:02:30;;0,99577754962293;;19,799944599972;;
20/06/2024 16:02:40;;0,99852073846487;;19,854489901901;;
20/06/2024 16:02:50;;1,0012639273068;;19,909035203829;;
20/06/2024 16:03:00;;1,0040071161487;;19,963580505757;;
20/06/2024 16:03:10;;1,0067503049907;;20,018125807686;;
20/06/2024 16:03:20;;1,0094934938326;;20,072671109614;;
20/06/2024 16:03:30;;1,0122366826746;;20,127216411542;;
20/06/2024 16:03:40;;1,0149798715165;;20,181761713471;;
20/06/2024 16:03:50;;1,0177230603584;;20,236307015399;;
20/06/2024 16:04:00;;1,0204662492004;;20,290852317327;;
20/06/2024 16:04:10;;1,0232094380423;;20,345397619255;;
20/06/2024 16:04:20;;1,0259526268842;;20,399942921184;;
20/06/2024 16:04:30;;1,0286958157262;;20,454488223112;;
20/06/2024 16:04:40;;1,0314390045681;;20,50903352504;;
20/06/2024 16:04:50;;1,03418219341;;20,563578826969;;
20/06/2024 16:05:00;;1,036925382252;;20,618124128897;;
20/06/2024 16:05:10;;1,0396685710939;;20,672669430825;;
20/06/2024 16:05:20;;1,0424117599359;;20,727214732754;;
20/06/2024 16:05:30;;1,0451549487778;;20,781760034682;;
20/06/2024 16:05:40;;1,0478981376197;;20,83630533661;;
20/06/2024 16:05:50;;1,0506413264617;;20,890850638538;;
20/06/2024 16:06:00;;1,0533845153036;;20,945395940467;;
20/06/2024 16:06:10;;1,0561277041455;;20,999941242395;;
20/06/2024 16:06:20;;1,0588708929875;;21,054486544323;;
20/06/2024 16:06:30;;1,0616140818294;;21,109031846252;;
20/06/2024 16:06:40;;1,0643572706713;;21,16357714818;;
20/06/2024 16:06:50;;1,0671004595133;;21,218122450108;;
20/06/2024 16:07:00;;1,0698436483552;;21,272667752037;;
20/06/2024 16:07:10;;1,0725868371972;;21,327213053965;;
20/06/2024 16:07:20;;1,0753300260391;;21,381758355893;;
20/06/2024 16:07:30;;1,078073214881;;21,436303657821;;
20/06/2024 16:07:40;;1,080816403723;;21,49084895975;;
20/06/2024 16:07:50;;1,0835595925649;;21,545394261678;;
20/06/2024 16:08:00;;1,0863027814068;;21,599939563606;;
20/06/2024 16:08:10;;1,0890459702488;;21,654484865535;;
20/06/2024 16:08:20;;1,0917891590907;;21,709030167463;;
20/06/2024 16:08:30;;1,0945323479326;;21,763575469391;;
20/06/2024 16:08:40;;1,0972755367746;;21,81812077132;;
20/06/2024 16:08:50;;1,1000187256165;;21,872666073248;;
20/06/2024 16:09:00;;1,1027619144585;;21,927211375176;;
20/06/2024 16:09:10;;1,1055051033004;;21,981756677104;;
20/06/2024 16:09:20;;1,1082482921423;;22,036301979033;;
20/06/2024 16:09:30;;1,1109914809843;;22,090847280961;;
20/06/2024 16:09:40;;1,1137346698262;;22,145392582889;;
20/06/2024 16:09:50;;1,1164778586681;;22,199937884818;;
20/06/2024 16:10:00;;1,1192210475101;;22,254483186746;;
20/06/2024 16:10:10;;1,121964236352;;22,309028488674;;
20/06/2024 16:10:20;;1,1247074251939;;22,363573790603;;
20/06/2024 16:10:30;;1,1274506140359;;22,418119092531;;
20/06/2024 16:10:40;;1,1301938028778;;22,472664394459;;
20/06/2024 16:10:50;;1,1329369917198;;22,527209696387;;
20/06/2024 16:11:00;;1,1356801805617;;22,581754998316;;
20/06/2024 16:11:10;;1,1384233694036;;22,636300300244;;
20/06/2024 16:11:20;;1,1411665582456;;22,690845602172;;
20/06/2024 16:11:30;;1,1439097470875;;22,745390904101;;
20/06/2024 16:11:40;;1,1466529359294;;22,799936206029;;
20/06/2024 16:11:50;;1,1493961247714;;22,854481507957;;
20/06/2024 16:12:00;;1,1521393136133;;22,909026809886;;
20/06/2024 16:12:10;;1,1548825024552;;22,963572111814;;
20/06/2024 16:12:20;;1,1576256912972;;23,018117413742;;
20/06/2024 16:12:30;;1,1603688801391;;23,07266271567;;
20/06/2024 16:12:40;;1,1631120689811;;23,127208017599;;
20/06/2024 16:12:50;;1,165855257823;;23,181753319527;;
20/06/2024 16:13:00;;1,1685984466649;;23,236298621455;;
20/06/2024 16:13:10;;1,1713416355069;;23,290843923384;;
20/06/2024 16:13:20;;1,1740848243488;;23,345389225312;;
20/06/2024 16:13:30;;1,1768280131907;;23,39993452724;;
20/06/2024 16:13:40;;1,1795712020327;;23,454479829169;;
20/06/2024 16:13:50;;1,1823143908746;;23,509025131097;;
20/06/2024 16:14:00;;1,1850575797165;;23,563570433025;;
20/06/2024 16:14:10;;1,1878007685585;;23,618115734953;;
20/06/2024 16:14:20;;1,1905439574004;;23,672661036882;;
20/06/2024 16:14:30;;1,1932871462424;;23,72720633881;;
20/06/2024 16:14:40;;1,1960303350843;;23,781751640738;;
20/06/2024 16:14:50;;1,1987735239262;;23,836296942667;;
20/06/2024 16:15:00;;1,2015167127682;;23,890842244595;;
20/06/2024 16:15:10;;1,2042599016101;;23,945387546523;;
20/06/2024 16:15:20;;1,207003090452;;23,999932848452;;
20/06/2024 16:15:30;;1,209746279294;;24,05447815038;;
20/06/2024 16:15:40;;1,2124894681359;;24,109023452308;;
20/06/2024 16:15:50;;1,2152326569779;;24,163568754236;;
20/06/2024 16:16:00;;1,2179758458198;;24,218114056165;;
20/06/2024 16:16:10;;1,2207190346617;;24,272659358093;;
20/06/2024 16:16:20;;1,2234622235037;;24,327204660021;;
20/06/2024 16:16:30;;1,2262054123456;;24,38174996195;;
20/06/2024 16:16:40;;1,2289486011875;;24,436295263878;;
20/06/2024 16:16:50;;1,2316917900295;;24,490840565806;;
20/06/2024 16:17:00;;1,2344349788714;;24,545385867734;;
20/06/2024 16:17:10;;1,2371781677133;;24,599931169663;;
20/06/2024 16:17:20;;1,2399213565553;;24,654476471591;;
20/06/2024 16:17:30;;1,2426645453972;;24,709021773519;;
20/06/2024 16:17:40;;1,2454077342392;;24,763567075448;;
20/06/2024 16:17:50;;1,2481509230811;;24,818112377376;;
20/06/2024 16:18:00;;1,250894111923;;24,872657679304;;
20/06/2024 16:18:10;;1,253637300765;;24,927202981233;;
20/06/2024 16:18:20;;1,2563804896069;;24,981748283161;;
20/06/2024 16:18:30;;1,2591236784488;;25,036293585089;;
20/06/2024 16:18:40;;1,2618668672908;;25,090838887017;;
20/06/2024 16:18:50;;1,2646100561327;;25,145384188946;;
20/06/2024 16:19:00;;1,2673532449746;;25,199929490874;;
20/06/2024 16:19:10;;1,2700964338166;;25,254474792802;;
20/06/2024 16:19:20;;1,2728396226585;;25,309020094731;;
20/06/2024 16:19:30;;1,2755828115005;;25,363565396659;;
20/06/2024 16:19:40;;1,2783260003424;;25,418110698587;;
20/06/2024 16:19:50;;1,2810691891843;;25,472656000516;;
20/06/2024 16:20:00;;1,2838123780263;;25,527201302444;;
20/06/2024 16:20:10;;1,2865555668682;;25,581746604372;;
20/06/2024 16:20:20;;1,2892987557101;;25,6362919063;;
20/06/2024 16:20:30;;1,2920419445521;;25,690837208229;;
20/06/2024 16:20:40;;1,294785133394;;25,745382510157;;
20/06/2024 16:20:50;;1,2975283222359;;25,799927812085;;
20/06/2024 16:21:00;;1,3002715110779;;25,854473114014;-2870,7272949219;
20/06/2024 16:21:10;;1,2852584123611;;24,826875686646;-2486,7229003906;
20/06/2024 16:21:20;;1,2613480091095;;23,237432479858;-1874,6241455078;
20/06/2024 16:21:30;;1,2473330312305;;22,979238785638;-1853,7949883355;
20/06/2024 16:21:40;;1,2333180533515;;22,721045091417;-1832,9658311632;
20/06/2024 16:21:50;;1,2193030754725;;22,462851397196;-1812,1366739909;
20/06/2024 16:22:00;;1,2052880975935;;22,204657702976;-1791,3075168186;
20/06/2024 16:22:10;;1,1912731197145;;21,946464008755;-1770,4783596463;
20/06/2024 16:22:20;;1,1772581418355;;21,688270314535;-1749,649202474;
20/06/2024 16:22:30;;1,1632431639565;;21,430076620314;-1728,8200453016;
20/06/2024 16:22:40;;1,1492281860775;;21,171882926093;-1707,9908881293;
20/06/2024 16:22:50;;1,1352132081985;;20,913689231873;-1687,161730957;
20/06/2024 16:23:00;;1,1211982303196;;20,655495537652;-1666,3325737847;
20/06/2024 16:23:10;;1,1071832524406;;20,397301843431;-1645,5034166124;
20/06/2024 16:23:20;;1,0931682745616;;20,139108149211;-1624,6742594401;
20/06/2024 16:23:30;;1,0791532966826;;19,88091445499;-1603,8451022678;
20/06/2024 16:23:40;;1,0651383188036;;19,622720760769;-1583,0159450955;
20/06/2024 16:23:50;;1,0511233409246;;19,364527066549;-1562,1867879232;
20/06/2024 16:24:00;;1,0371083630456;;19,106333372328;-1541,3576307509;
20/06/2024 16:24:10;;1,0230933851666;;18,848139678107;-1520,5284735786;
20/06/2024 16:24:20;;1,0090784072876;;18,589945983887;-1499,6993164063;
20/06/2024 16:24:30;;0,9950634294086;;18,331752289666;-1478,8701592339;
20/06/2024 16:24:40;;0,98104845152961;;18,073558595445;-1458,0410020616;
20/06/2024 16:24:50;;0,96703347365061;;17,815364901225;-1437,2118448893;
20/06/2024 16:25:00;;0,95301849577162;;17,557171207004;-1416,382687717;
20/06/2024 16:25:10;;0,93900351789263;;17,298977512783;-1395,5535305447;
20/06/2024 16:25:20;;0,92498854001363;;17,040783818563;-1374,7243733724;
20/06/2024 16:25:30;;0,91097356213464;;16,782590124342;-1353,8952162001;
20/06/2024 16:25:40;;0,89695858425564;;16,524396430122;-1333,0660590278;
20/06/2024 16:25:50;;0,88294360637665;;16,266202735901;-1312,2369018555;
20/06/2024 16:26:00;;0,86892862849765;;16,00800904168;-1291,4077446832;
20/06/2024 16:26:10;;0,85491365061866;;15,74981534746;-1270,5785875109;
20/06/2024 16:26:20;;0,84089867273966;;15,491621653239;-1249,7494303385;
20/06/2024 16:26:30;;0,82688369486067;;15,233427959018;-1228,9202731662;
20/06/2024 16:26:40;;0,81286871698168;;14,975234264798;-1208,0911159939;
20/06/2024 16:26:50;;0,79885373910268;;14,717040570577;-1187,2619588216;
20/06/2024 16:27:00;;0,78483876122369;;14,458846876356;-1166,4328016493;
20/06/2024 16:27:10;;0,77082378334469;;14,200653182136;-1145,603644477;
20/06/2024 16:27:20;;0,7568088054657;;13,942459487915;-1124,7744873047;
20/06/2024 16:27:30;;0,7427938275867;;13,684265793694;-1103,9453301324;
20/06/2024 16:27:40;;0,72877884970771;;13,426072099474;-1083,1161729601;
20/06/2024 16:27:50;;0,71476387182872;;13,167878405253;-1062,2870157878;
20/06/2024 16:28:00;;0,70074889394972;;12,909684711032;-1041,4578586155;
20/06/2024 16:28:10;;0,68673391607073;;12,651491016812;-1020,6287014431;
20/06/2024 16:28:20;;0,67271893819173;;12,393297322591;-999,79954427083;
20/06/2024 16:28:30;;0,65870396031274;;12,13510362837;-978,97038709852;
20/06/2024 16:28:40;;0,64468898243374;;11,87690993415;-958,14122992622;
20/06/2024 16:28:50;;0,63067400455475;;11,618716239929;-937,31207275391;
20/06/2024 16:29:00;;0,61665902667575;;11,360522545709;-916,4829155816;
20/06/2024 16:29:10;;0,60264404879676;;11,102328851488;-895,65375840929;
20/06/2024 16:29:20;;0,58862907091777;;10,844135157267;-874,82460123698;
20/06/2024 16:29:30;;0,57461409303877;;10,585941463047;-853,99544406467;
20/06/2024 16:29:40;;0,56059911515978;;10,327747768826;-833,16628689236;
20/06/2024 16:29:50;;0,54658413728078;;10,069554074605;-812,33712972005;
20/06/2024 16:30:00;;0,53256915940179;;9,8113603803847;-791,50797254774;
20/06/2024 16:30:10;;0,51855418152279;;9,553166686164;-770,67881537543;
20/06/2024 16:30:20;;0,5045392036438;;9,2949729919434;-749,84965820313;
20/06/2024 16:30:30;;0,4905242257648;;9,0367792977227;-729,02050103082;
20/06/2024 16:30:40;;0,47650924788581;;8,7785856035021;-708,19134385851;
20/06/2024 16:30:50;;0,46249427000682;;8,5203919092814;-687,3621866862;
20/06/2024 16:31:00;;0,44847929212782;;8,2621982150608;-666,53302951389;
20/06/2024 16:31:10;;0,43446431424883;;8,0040045208401;-645,70387234158;
20/06/2024 16:31:20;;0,42044933636983;;7,7458108266195;-624,87471516927;
20/06/2024 16:31:30;;0,40643435849084;;7,4876171323988;-604,04555799696;
20/06/2024 16:31:40;;0,39241938061184;;7,2294234381782;-583,21640082465;
20/06/2024 16:31:50;;0,37840440273285;;6,9712297439575;-562,38724365234;
20/06/2024 16:32:00;;0,36438942485385;;6,7130360497369;-541,55808648003;
20/06/2024 16:32:10;;0,35037444697486;;6,4548423555162;-520,72892930773;
20/06/2024 16:32:20;;0,33635946909587;;6,1966486612956;-499,89977213542;
20/06/2024 16:32:30;;0,32234449121687;;5,9384549670749;-479,07061496311;
20/06/2024 16:32:40;;0,30832951333788;;5,6802612728543;-458,2414577908;
20/06/2024 16:32:50;;0,29431453545888;;5,4220675786336;-437,41230061849;
20/06/2024 16:33:00;;0,28029955757989;;5,163873884413;-416,58314344618;
20/06/2024 16:33:10;;0,26628457970089;;4,9056801901923;-395,75398627387;
20/06/2024 16:33:20;;0,2522696018219;;4,6474864959717;-374,92482910156;
20/06/2024 16:33:30;;0,23825462394291;;4,389292801751;-354,09567192925;
20/06/2024 16:33:40;;0,22423964606391;;4,1310991075304;-333,26651475694;
20/06/2024 16:33:50;;0,21022466818492;;3,8729054133097;-312,43735758464;
20/06/2024 16:34:00;;0,19620969030592;;3,6147117190891;-291,60820041233;
20/06/2024 16:34:10;;0,18219471242693;;3,3565180248684;-270,77904324002;
20/06/2024 16:34:20;;0,16817973454793;;3,0983243306478;-249,94988606771;
20/06/2024 16:34:30;;0,15416475666894;;2,8401306364271;-229,1207288954;
20/06/2024 16:34:40;;0,14014977878994;;2,5819369422065;-208,29157172309;
20/06/2024 16:34:50;;0,12613480091095;;2,3237432479858;-187,46241455078;
20/06/2024 16:35:00;;0,11211982303196;;2,0655495537652;-166,63325737847;
20/06/2024 16:35:10;;0,098104845152961;;1,8073558595445;-145,80410020616;
20/06/2024 16:35:20;;0,084089867273967;;1,5491621653239;-124,97494303385;
20/06/2024 16:35:30;;0,070074889394972;;1,2909684711032;-104,14578586155;
20/06/2024 16:35:40;;0,056059911515978;;1,0327747768826;-83,316628689236;
20/06/2024 16:35:50;;0,042044933636983;;0,77458108266195;-62,487471516927;
20/06/2024 16:36:00;;0,028029955757989;;0,5163873884413;-41,658314344618;
20/06/2024 16:36:10;;0,014014977878994;;0,25819369422065;-20,829157172309;
20/06/2024 16:36:20;;0;;0;0;
20/06/2024 16:36:30;;;;;;
20/06/2024 16:36:40;;;;;;
20/06/2024 16:36:50;;;;;;
20/06/2024 16:37:00;;;;;;
20/06/2024 16:37:10;;;;;;
20/06/2024 16:37:20;;;;;;
20/06/2024 16:37:30;;;;;;
20/06/2024 16:37:40;;;;;;
20/06/2024 16:37:50;;;;;;
20/06/2024 16:38:00;;;;;;
20/06/2024 16:38:10;;;;;;
20/06/2024 16:38:20;;;;;;
20/06/2024 16:38:30;;;;;;
20/06/2024 16:38:40;;;;;;
20/06/2024 16:38:50;;;;;;
20/06/2024 16:39:00;;;;;;
20/06/2024 16:39:10;;;;;;
20/06/2024 16:39:20;;;;;;
20/06/2024 16:39:30;;;;;;
20/06/2024 16:39:40;;;;;;
20/06/2024 16:39:50;;;;;;
20/06/2024 16:40:00;;;;;;
20/06/2024 16:40:10;;;;;;
20/06/2024 16:40:20;;;;;;
20/06/2024 16:40:30;;;;;;
20/06/2024 16:40:40;;;;;;
20/06/2024 16:40:50;;;;;;
20/06/2024 16:41:00;;;;;;
20/06/2024 16:41:10;;;;;;
20/06/2024 16:41:20;;;;;;
20/06/2024 16:41:30;;;;;;
20/06/2024 16:41:40;;;;;;
20/06/2024 16:41:50;;;;;;
20/06/2024 16:42:00;;;;;;
20/06/2024 16:42:10;;;;;;
20/06/2024 16:42:20;;;;;;
20/06/2024 16:42:30;;;;;;
20/06/2024 16:42:40;;;;;;
20/06/2024 16:42:50;;;;;;
20/06/2024 16:43:00;;;;;;
20/06/2024 16:43:10;;;;;;
20/06/2024 16:43:20;;;;;;
20/06/2024 16:43:30;;;;;;
20/06/2024 16:43:40;;;;;;
20/06/2024 16:43:50;;;;;;
20/06/2024 16:44:00;;;;;;
20/06/2024 16:44:10;;;;;;
20/06/2024 16:44:20;;;;;;
20/06/2024 16:44:30;;;;;;
20/06/2024 16:44:40;;;;;;
20/06/2024 16:44:50;;;;;;
20/06/2024 16:45:00;;;;;;
20/06/2024 16:45:10;;;;;;
20/06/2024 16:45:20;;;;;;
20/06/2024 16:45:30;;;;;;
20/06/2024 16:45:40;;;;;;
20/06/2024 16:45:50;;;;;;
20/06/2024 16:46:00;;;;;;
20/06/2024 16:46:10;;;;;;
20/06/2024 16:46:20;;;;;;
20/06/2024 16:46:30;;;;;;
20/06/2024 16:46:40;;;;;;
20/06/2024 16:46:50;;;;;;
20/06/2024 16:47:00;;;;;;
20/06/2024 16:47:10;;;;;;
20/06/2024 16:47:20;;;;;;
20/06/2024 16:47:30;;;;;;
20/06/2024 16:47:40;;;;;;
20/06/2024 16:47:50;;;;;;
20/06/2024 16:48:00;;;;;;
20/06/2024 16:48:10;;;;;;
20/06/2024 16:48:20;;;;;;
20/06/2024 16:48:30;;;;;;
20/06/2024 16:48:40;;;;;;
20/06/2024 16:48:50;;;;;;
20/06/2024 16:49:00;;;;;;
20/06/2024 16:49:10;;;;;;
20/06/2024 16:49:20;;;;;;
20/06/2024 16:49:30;;;;;;
20/06/2024 16:49:40;;;;;;
20/06/2024 16:49:50;;;;;;
20/06/2024 16:50:00;;;;;;
20/06/2024 16:50:10;;;;;;
20/06/2024 16:50:20;;;;;;
20/06/2024 16:50:30;;;;;;
20/06/2024 16:50:40;;;;;;
20/06/2024 16:50:50;;;;;;
20/06/2024 16:51:00;;;;;;
20/06/2024 16:51:10;;;;;;
20/06/2024 16:51:20;;;;;;
20/06/2024 16:51:30;;;;;;
20/06/2024 16:51:40;;;;;;
20/06/2024 16:51:50;;;;;;
20/06/2024 16:52:00;;;;;;
20/06/2024 16:52:10;;;;;;
20/06/2024 16:52:20;;;;;;
20/06/2024 16:52:30;;;;;;
20/06/2024 16:52:40;;;;;;
20/06/2024 16:52:50;;;;;;
20/06/2024 16:53:00;;;;;;
20/06/2024 16:53:10;;;;;;
20/06/2024 16:53:20;;;;;;
20/06/2024 16:53:30;;;;;;
20/06/2024 16:53:40;;;;;;
20/06/2024 16:53:50;;;;;;
20/06/2024 16:54:00;;;;;;
20/06/2024 16:54:10;;;;;;
20/06/2024 16:54:20;;;;;;
20/06/2024 16:54:30;;;;;;
20/06/2024 16:54:40;;;;;;
20/06/2024 16:54:50;;;;;;
20/06/2024 16:55:00;;;;;;
20/06/2024 16:55:10;;;;;;
20/06/2024 16:55:20;;;;;;
20/06/2024 16:55:30;;;;;;
20/06/2024 16:55:40;;;;;;
20/06/2024 16:55:50;;;;;;
20/06/2024 16:56:00;;;;;;
20/06/2024 16:56:10;;;;;;
20/06/2024 16:56:20;;;;;;
20/06/2024 16:56:30;;;;;;
20/06/2024 16:56:40;;;;;;
20/06/2024 16:56:50;;;;;;
20/06/2024 16:57:00;;;;;;
20/06/2024 16:57:10;;;;;;
20/06/2024 16:57:20;;;;;;
20/06/2024 16:57:30;;;;;;
20/06/2024 16:57:40;;;;;;
20/06/2024 16:57:50;;;;;;
20/06/2024 16:58:00;;;;;;
20/06/2024 16:58:10;;;;;;
20/06/2024 16:58:20;;;;;;
20/06/2024 16:58:30;;;;;;
20/06/2024 16:58:40;;;;;;
20/06/2024 16:58:50;;;;;;
20/06/2024 16:59:00;;;;;;
20/06/2024 16:59:10;;;;;;
20/06/2024 16:59:20;;;;;;
20/06/2024 16:59:30;;;;;;
20/06/2024 16:59:40;;;;;;
20/06/2024 16:59:50;;;;;;
20/06/2024 17:00:00;;;;;;
20/06/2024 17:00:10;;;;;;
20/06/2024 17:00:20;;;;;;
20/06/2024 17:00:30;;;;;;
20/06/2024 17:00:40;;;;;;
20/06/2024 17:00:50;;;;;;
20/06/2024 17:01:00;;;;;;
20/06/2024 17:01:10;;;;;;
20/06/2024 17:01:20;;;;;;
20/06/2024 17:01:30;;;;;;
20/06/2024 17:01:40;;;;;;
20/06/2024 17:01:50;;;;;;
20/06/2024 17:02:00;;;;;;
20/06/2024 17:02:10;;;;;;
20/06/2024 17:02:20;;;;;;
20/06/2024 17:02:30;;;;;;
20/06/2024 17:02:40;;;;;;
20/06/2024 17:02:50;;;;;;
20/06/2024 17:03:00;;;;;;
20/06/2024 17:03:10;;;;;;
20/06/2024 17:03:20;;;;;;
20/06/2024 17:03:30;;;;;;
20/06/2024 17:03:40;;;;;;
20/06/2024 17:03:50;;;;;;
20/06/2024 17:04:00;;;;;;
20/06/2024 17:04:10;;;;;;
20/06/2024 17:04:20;;;;;;
20/06/2024 17:04:30;;;;;;
20/06/2024 17:04:40;;;;;;
20/06/2024 17:04:50;;;;;;
20/06/2024 17:05:00;;;;;;
20/06/2024 17:05:10;;;;;;
20/06/2024 17:05:20;;;;;;
20/06/2024 17:05:30;;;;;;
20/06/2024 17:05:40;;;;;;
20/06/2024 17:05:50;;;;;;
20/06/2024 17:06:00;;;;;;
20/06/2024 17:06:10;;;;;;
20/06/2024 17:06:20;;;;;;
20/06/2024 17:06:30;;;;;;
20/06/2024 17:06:40;;;;;;
20/06/2024 17:06:50;;;;;;
20/06/2024 17:07:00;;;;;;
20/06/2024 17:07:10;;;;;;
20/06/2024 17:07:20;;;;;;
20/06/2024 17:07:30;;;;;;
20/06/2024 17:07:40;;;;;;
20/06/2024 17:07:50;;;;;;
20/06/2024 17:08:00;;;;;;
20/06/2024 17:08:10;;;;;;
20/06/2024 17:08:20;;;;;;
20/06/2024 17:08:30;;;;;;
20/06/2024 17:08:40;;;;;;
20/06/2024 17:08:50;;;;;;
20/06/2024 17:09:00;;;;;;
20/06/2024 17:09:10;;;;;;
20/06/2024 17:09:20;;;;;;
20/06/2024 17:09:30;;;;;;
20/06/2024 17:09:40;;;;;;
20/06/2024 17:09:50;;;;;;
20/06/2024 17:10:00;;;;;;
20/06/2024 17:10:10;;;;;;
20/06/2024 17:10:20;;;;;;
20/06/2024 17:10:30;;;;;;
20/06/2024 17:10:40;;;;;;
20/06/2024 17:10:50;;;;;;
20/06/2024 17:11:00;;;;;;
20/06/2024 17:11:10;;;;;;
20/06/2024 17:11:20;;;;;;
20/06/2024 17:11:30;;;;;;
20/06/2024 17:11:40;;;;;;
20/06/2024 17:11:50;;;;;;
20/06/2024 17:12:00;;;;;;
20/06/2024 17:12:10;;;;;;
20/06/2024 17:12:20;;;;;;
20/06/2024 17:12:30;;;;;;
20/06/2024 17:12:40;;;;;;
20/06/2024 17:12:50;;;;;;
20/06/2024 17:13:00;;;;;;
20/06/2024 17:13:10;;;;;;
20/06/2024 17:13:20;;;;;;
20/06/2024 17:13:30;;;;;;
20/06/2024 17:13:40;;;;;;
20/06/2024 17:13:50;;;;;;
20/06/2024 17:14:00;;;;;;
20/06/2024 17:14:10;;;;;;
20/06/2024 17:14:20;;;;;;
20/06/2024 17:14:30;;;;;;
20/06/2024 17:14:40;;;;;;
20/06/2024 17:14:50;;;;;;
20/06/2024 17:15:00;;;;;;
20/06/2024 17:15:10;;;;;;
20/06/2024 17:15:20;;;;;;
20/06/2024 17:15:30;;;;;;
20/06/2024 17:15:40;;;;;;
20/06/2024 17:15:50;;;;;;
20/06/2024 17:16:00;;;;;;
20/06/2024 17:16:10;;;;;;
20/06/2024 17:16:20;;;;;;
20/06/2024 17:16:30;;;;;;
20/06/2024 17:16:40;;;;;;
20/06/2024 17:16:50;;;;;;
20/06/2024 17:17:00;;;;;;
20/06/2024 17:17:10;;;;;;
20/06/2024 17:17:20;;;;;;
20/06/2024 17:17:30;;;;;;
20/06/2024 17:17:40;;;;;;
20/06/2024 17:17:50;;;;;;
20/06/2024 17:18:00;;;;;;
20/06/2024 17:18:10;;;;;;
20/06/2024 17:18:20;;;;;;
20/06/2024 17:18:30;;;;;;
20/06/2024 17:18:40;;;;;;
20/06/2024 17:18:50;;;;;;
20/06/2024 17:19:00;;;;;;
20/06/2024 17:19:10;;;;;;
20/06/2024 17:19:20;;;;;;
20/06/2024 17:19:30;;;;;;
20/06/2024 17:19:40;;;;;;
20/06/2024 17:19:50;;;;;;
20/06/2024 17:20:00;;;;;;
20/06/2024 17:20:10;;;;;;
20/06/2024 17:20:20;;;;;;
20/06/2024 17:20:30;;;;;;
20/06/2024 17:20:40;;;;;;
20/06/2024 17:20:50;;;;;;
20/06/2024 17:21:00;;;;;;
20/06/2024 17:21:10;;;;;;
20/06/2024 17:21:20;;;;;;
20/06/2024 17:21:30;;;;;;
20/06/2024 17:21:40;;;;;;
20/06/2024 17:21:50;;;;;;
20/06/2024 17:22:00;;;;;;
20/06/2024 17:22:10;;;;;;
20/06/2024 17:22:20;;;;;;
20/06/2024 17:22:30;;;;;;
20/06/2024 17:22:40;;;;;;
20/06/2024 17:22:50;;;;;;
20/06/2024 17:23:00;;;;;;
20/06/2024 17:23:10;;;;;;
20/06/2024 17:23:20;;;;;;
20/06/2024 17:23:30;;;;;;
20/06/2024 17:23:40;;;;;;
20/06/2024 17:23:50;;;;;;
20/06/2024 17:24:00;;;;;;
20/06/2024 17:24:10;;;;;;
20/06/2024 17:24:20;;;;;;
20/06/2024 17:24:30;;;;;;
20/06/2024 17:24:40;;;;;;
20/06/2024 17:24:50;;;;;;
20/06/2024 17:25:00;;;;;;
20/06/2024 17:25:10;;;;;;
20/06/2024 17:25:20;;;;;;
20/06/2024 17:25:30;;;;;;
20/06/2024 17:25:40;;;;;;
20/06/2024 17:25:50;;;;;;
20/06/2024 17:26:00;;;;;;
20/06/2024 17:26:10;;;;;;
20/06/2024 17:26:20;;;;;;
20/06/2024 17:26:30;;;;;;
20/06/2024 17:26:40;;;;;;
20/06/2024 17:26:50;;;;;;
20/06/2024 17:27:00;;;;;;
20/06/2024 17:27:10;;;;;;
20/06/2024 17:27:20;;;;;;
20/06/2024 17:27:30;;;;;;
20/06/2024 17:27:40;;;;;;
20/06/2024 17:27:50;;;;;;
20/06/2024 17:28:00;;;;;;
20/06/2024 17:28:10;;;;;;
20/06/2024 17:28:20;;;;;;
20/06/2024 17:28:30;;;;;;
20/06/2024 17:28:40;;;;;;
20/06/2024 17:28:50;;;;;;
20/06/2024 17:29:00;;;;;;
20/06/2024 17:29:10;;;;;;
20/06/2024 17:29:20;;;;;;
20/06/2024 17:29:30;;;;;;
20/06/2024 17:29:40;;;;;;
20/06/2024 17:29:50;;;;;;
20/06/2024 17:30:00;;;;;;
20/06/2024 17:30:10;;;;;;
20/06/2024 17:30:20;;;;;;
20/06/2024 17:30:30;;;;;;
20/06/2024 17:30:40;;;;;;
20/06/2024 17:30:50;;;;;;
20/06/2024 17:31:00;;;;;;
20/06/2024 17:31:10;;;;;;
20/06/2024 17:31:20;;;;;;
20/06/2024 17:31:30;;;;;;
20/06/2024 17:31:40;;;;;;
20/06/2024 17:31:50;;;;;;
20/06/2024 17:32:00;;;;;;
20/06/2024 17:32:10;;;;;;
20/06/2024 17:32:20;;;;;;
20/06/2024 17:32:30;;;;;;
20/06/2024 17:32:40;;;;;;
20/06/2024 17:32:50;;;;;;
20/06/2024 17:33:00;;;;;;
20/06/2024 17:33:10;;;;;;
20/06/2024 17:33:20;;;;;;
20/06/2024 17:33:30;;;;;;
20/06/2024 17:33:40;;;;;;
20/06/2024 17:33:50;;;;;;
20/06/2024 17:34:00;;;;;;
20/06/2024 17:34:10;;;;;;
20/06/2024 17:34:20;;;;;;
20/06/2024 17:34:30;;;;;;
20/06/2024 17:34:40;;;;;;
20/06/2024 17:34:50;;;;;;
20/06/2024 17:35:00;;;;;;
20/06/2024 17:35:10;;;;;;
20/06/2024 17:35:20;;;;;;
20/06/2024 17:35:30;;;;;;
20/06/2024 17:35:40;;;;;;
20/06/2024 17:35:50;;;;;;
20/06/2024 17:36:00;;;;;;
20/06/2024 17:36:10;;;;;;
20/06/2024 17:36:20;;;;;;
20/06/2024 17:36:30;;;;;;
20/06/2024 17:36:40;;;;;;
20/06/2024 17:36:50;;;;;;
20/06/2024 17:37:00;;;;;;
20/06/2024 17:37:10;;;;;;
20/06/2024 17:37:20;;;;;;
20/06/2024 17:37:30;;;;;;
20/06/2024 17:37:40;;;;;;
20/06/2024 17:37:50;;;;;;
20/06/2024 17:38:00;;;;;;
20/06/2024 17:38:10;;;;;;
20/06/2024 17:38:20;;;;;;
20/06/2024 17:38:30;;;;;;
20/06/2024 17:38:40;;;;;;
20/06/2024 17:38:50;;;;;;
20/06/2024 17:39:00;;;;;;
20/06/2024 17:39:10;;;;;;
20/06/2024 17:39:20;;;;;;
20/06/2024 17:39:30;;;;;;
20/06/2024 17:39:40;;;;;;
20/06/2024 17:39:50;;;;;;
20/06/2024 17:40:00;;;;;;
20/06/2024 17:40:10;;;;;;
20/06/2024 17:40:20;;;;;;
20/06/2024 17:40:30;;;;;;
20/06/2024 17:40:40;;;;;;
20/06/2024 17:40:50;;;;;;
20/06/2024 17:41:00;;;;;;
20/06/2024 17:41:10;;;;;;
20/06/2024 17:41:20;;;;;;
20/06/2024 17:41:30;;;;;;
20/06/2024 17:41:40;;;;;;
20/06/2024 17:41:50;;;;;;
20/06/2024 17:42:00;;;;;;
20/06/2024 17:42:10;;;;;;
20/06/2024 17:42:20;;;;;;
20/06/2024 17:42:30;;;;;;
20/06/2024 17:42:40;;;;;;
20/06/2024 17:42:50;;;;;;
20/06/2024 17:43:00;;;;;;
20/06/2024 17:43:10;;;;;;
20/06/2024 17:43:20;;;;;;
20/06/2024 17:43:30;;;;;;
20/06/2024 17:43:40;;;;;;
20/06/2024 17:43:50;;;;;;
20/06/2024 17:44:00;;;;;;
20/06/2024 17:44:10;;;;;;
20/06/2024 17:44:20;;;;;;
20/06/2024 17:44:30;;;;;;
20/06/2024 17:44:40;;;;;;
20/06/2024 17:44:50;;;;;;
20/06/2024 17:45:00;;;;;;
20/06/2024 17:45:10;;;;;;
20/06/2024 17:45:20;;;;;;
20/06/2024 17:45:30;;;;;;
20/06/2024 17:45:40;;;;;;
20/06/2024 17:45:50;;;;;;
20/06/2024 17:46:00;;;;;;
20/06/2024 17:46:10;;;;;;
20/06/2024 17:46:20;;;;;;
20/06/2024 17:46:30;;;;;;
20/06/2024 17:46:40;;;;;;
20/06/2024 17:46:50;;;;;;
20/06/2024 17:47:00;;;;;;
20/06/2024 17:47:10;;;;;;
20/06/2024 17:47:20;;;;;;
20/06/2024 17:47:30;;;;;;
20/06/2024 17:47:40;;;;;;
20/06/2024 17:47:50;;;;;;
20/06/2024 17:48:00;;;;;;
20/06/2024 17:48:10;;;;;;
20/06/2024 17:48:20;;;;;;
20/06/2024 17:48:30;;;;;;
20/06/2024 17:48:40;;;;;;
20/06/2024 17:48:50;;;;;;
20/06/2024 17:49:00;;;;;;
20/06/2024 17:49:10;;;;;;
20/06/2024 17:49:20;;;;;;
20/06/2024 17:49:30;;;;;;
20/06/2024 17:49:40;;;;;;
20/06/2024 17:49:50;;;;;;
20/06/2024 17:50:00;;;;;;
20/06/2024 17:50:10;;;;;;
20/06/2024 17:50:20;;;;;;
20/06/2024 17:50:30;;;;;;
20/06/2024 17:50:40;;;;;;
20/06/2024 17:50:50;;;;;;
20/06/2024 17:51:00;;;;;;
20/06/2024 17:51:10;;;;;;
20/06/2024 17:51:20;;;;;;
20/06/2024 17:51:30;;;;;;
20/06/2024 17:51:40;;;;;;
20/06/2024 17:51:50;;;;;;
20/06/2024 17:52:00;;;;;;
20/06/2024 17:52:10;;;;;;
20/06/2024 17:52:20;;;;;;
20/06/2024 17:52:30;;;;;;
20/06/2024 17:52:40;;;;;;
20/06/2024 17:52:50;;;;;;
20/06/2024 17:53:00;;;;;;
20/06/2024 17:53:10;;;;;;
20/06/2024 17:53:20;;;;;;
20/06/2024 17:53:30;;;;;;
20/06/2024 17:53:40;;;;;;
20/06/2024 17:53:50;;;;;;
20/06/2024 17:54:00;;;;;;
20/06/2024 17:54:10;;;;;;
20/06/2024 17:54:20;;;;;;
20/06/2024 17:54:30;;;;;;
20/06/2024 17:54:40;;;;;;
20/06/2024 17:54:50;;;;;;
20/06/2024 17:55:00;;;;;;
20/06/2024 17:55:10;;;;;;
20/06/2024 17:55:20;;;;;;
20/06/2024 17:55:30;;;;;;
20/06/2024 17:55:40;;;;;;
20/06/2024 17:55:50;;;;;;
20/06/2024 17:56:00;;;;;;
20/06/2024 17:56:10;;;;;;
20/06/2024 17:56:20;;;;;;
20/06/2024 17:56:30;;;;;;
20/06/2024 17:56:40;;;;;;
20/06/2024 17:56:50;;;;;;
20/06/2024 17:57:00;;;;;;
20/06/2024 17:57:10;;;;;;
20/06/2024 17:57:20;;;;;;
20/06/2024 17:57:30;;;;;;
20/06/2024 17:57:40;;;;;;
20/06/2024 17:57:50;;;;;;
20/06/2024 17:58:00;;;;;;
20/06/2024 17:58:10;;;;;;
20/06/2024 17:58:20;;;;;;
20/06/2024 17:58:30;;;;;;
20/06/2024 17:58:40;;;;;;
20/06/2024 17:58:50;;;;;;
20/06/2024 17:59:00;;;;;;
20/06/2024 17:59:10;;;;;;
20/06/2024 17:59:20;;;;;;
20/06/2024 17:59:30;;;;;;
20/06/2024 17:59:40;;;;;;
20/06/2024 17:59:50;;;;;;
20/06/2024 18:00:00;;;;;;
20/06/2024 18:00:10;;;;;;
20/06/2024 18:00:20;;;;;;
20/06/2024 18:00:30;;;;;;
20/06/2024 18:00:40;;;;;;
20/06/2024 18:00:50;;;;;;
