Data;CO2;O2;H2S;CH4PPM
20/06/2024 02:00:00;;;;
20/06/2024 02:00:10;;;;
20/06/2024 02:00:20;;;;
20/06/2024 02:00:30;;;;
20/06/2024 02:00:40;;;;
20/06/2024 02:00:50;;;;
20/06/2024 02:01:00;;;;
20/06/2024 02:01:10;;;;
20/06/2024 02:01:20;;;;
20/06/2024 02:01:30;;;;
20/06/2024 02:01:40;;;;
20/06/2024 02:01:50;;;;
20/06/2024 02:02:00;;;;
20/06/2024 02:02:10;;;;
20/06/2024 02:02:20;;;;
20/06/2024 02:02:30;;;;
20/06/2024 02:02:40;;;;
20/06/2024 02:02:50;;;;
20/06/2024 02:03:00;;;;
20/06/2024 02:03:10;;;;
20/06/2024 02:03:20;;;;
20/06/2024 02:03:30;;;;
20/06/2024 02:03:40;;;;
20/06/2024 02:03:50;;;;
20/06/2024 02:04:00;;;;
20/06/2024 02:04:10;;;;
20/06/2024 02:04:20;;;;
20/06/2024 02:04:30;;;;
20/06/2024 02:04:40;;;;
20/06/2024 02:04:50;;;;
20/06/2024 02:05:00;;;;
20/06/2024 02:05:10;;;;
20/06/2024 02:05:20;;;;
20/06/2024 02:05:30;;;;
20/06/2024 02:05:40;;;;
20/06/2024 02:05:50;;;;
20/06/2024 02:06:00;;;;
20/06/2024 02:06:10;;;;
20/06/2024 02:06:20;;;;
20/06/2024 02:06:30;;;;
20/06/2024 02:06:40;;;;
20/06/2024 02:06:50;;;;
20/06/2024 02:07:00;;;;
20/06/2024 02:07:10;;;;
20/06/2024 02:07:20;;;;
20/06/2024 02:07:30;;;;
20/06/2024 02:07:40;;;;
20/06/2024 02:07:50;;;;
20/06/2024 02:08:00;;;;
20/06/2024 02:08:10;;;;
20/06/2024 02:08:20;;;;
20/06/2024 02:08:30;;;;
20/06/2024 02:08:40;;;;
20/06/2024 02:08:50;;;;
20/06/2024 02:09:00;;;;
20/06/2024 02:09:10;;;;
20/06/2024 02:09:20;;;;
20/06/2024 02:09:30;;;;
20/06/2024 02:09:40;;;;
20/06/2024 02:09:50;;;;
20/06/2024 02:10:00;;;;
20/06/2024 02:10:10;;;;
20/06/2024 02:10:20;;;;
20/06/2024 02:10:30;;;;
20/06/2024 02:10:40;;;;
20/06/2024 02:10:50;;;;
20/06/2024 02:11:00;;;;
20/06/2024 02:11:10;;;;
20/06/2024 02:11:20;;;;
20/06/2024 02:11:30;;;;
20/06/2024 02:11:40;;;;
20/06/2024 02:11:50;;;;
20/06/2024 02:12:00;;;;
20/06/2024 02:12:10;;;;
20/06/2024 02:12:20;;;;
20/06/2024 02:12:30;;;;
20/06/2024 02:12:40;;;;
20/06/2024 02:12:50;;;;
20/06/2024 02:13:00;;;;
20/06/2024 02:13:10;;;;
20/06/2024 02:13:20;;;;
20/06/2024 02:13:30;;;;
20/06/2024 02:13:40;;;;
20/06/2024 02:13:50;;;;
20/06/2024 02:14:00;;;;
20/06/2024 02:14:10;;;;
20/06/2024 02:14:20;;;;
20/06/2024 02:14:30;;;;
20/06/2024 02:14:40;;;;
20/06/2024 02:14:50;;;;
20/06/2024 02:15:00;;;;
20/06/2024 02:15:10;;;;
20/06/2024 02:15:20;;;;
20/06/2024 02:15:30;;;;
20/06/2024 02:15:40;;;;
20/06/2024 02:15:50;;;;
20/06/2024 02:16:00;;;;
20/06/2024 02:16:10;;;;
20/06/2024 02:16:20;;;;
20/06/2024 02:16:30;;;;
20/06/2024 02:16:40;;;;
20/06/2024 02:16:50;;;;
20/06/2024 02:17:00;;;;
20/06/2024 02:17:10;;;;
20/06/2024 02:17:20;;;;
20/06/2024 02:17:30;;;;
20/06/2024 02:17:40;;;;
20/06/2024 02:17:50;;;;
20/06/2024 02:18:00;;;;
20/06/2024 02:18:10;;;;
20/06/2024 02:18:20;;;;
20/06/2024 02:18:30;;;;
20/06/2024 02:18:40;;;;
20/06/2024 02:18:50;;;;
20/06/2024 02:19:00;;;;
20/06/2024 02:19:10;;;;
20/06/2024 02:19:20;;;;
20/06/2024 02:19:30;;;;
20/06/2024 02:19:40;;;;
20/06/2024 02:19:50;;;;
20/06/2024 02:20:00;;;;
20/06/2024 02:20:10;;;;
20/06/2024 02:20:20;;;;
20/06/2024 02:20:30;;;;
20/06/2024 02:20:40;;;;
20/06/2024 02:20:50;;;;
20/06/2024 02:21:00;;;;
20/06/2024 02:21:10;;;;
20/06/2024 02:21:20;;;;
20/06/2024 02:21:30;;;;
20/06/2024 02:21:40;;;;
20/06/2024 02:21:50;;;;
20/06/2024 02:22:00;;;;
20/06/2024 02:22:10;;;;
20/06/2024 02:22:20;;;;
20/06/2024 02:22:30;;;;
20/06/2024 02:22:40;;;;
20/06/2024 02:22:50;;;;
20/06/2024 02:23:00;;;;
20/06/2024 02:23:10;;;;
20/06/2024 02:23:20;;;;
20/06/2024 02:23:30;;;;
20/06/2024 02:23:40;;;;
20/06/2024 02:23:50;;;;
20/06/2024 02:24:00;;;;
20/06/2024 02:24:10;;;;
20/06/2024 02:24:20;;;;
20/06/2024 02:24:30;;;;
20/06/2024 02:24:40;;;;
20/06/2024 02:24:50;;;;
20/06/2024 02:25:00;;;;
20/06/2024 02:25:10;;;;
20/06/2024 02:25:20;;;;
20/06/2024 02:25:30;;;;
20/06/2024 02:25:40;;;;
20/06/2024 02:25:50;;;;
20/06/2024 02:26:00;;;;
20/06/2024 02:26:10;;;;
20/06/2024 02:26:20;;;;
20/06/2024 02:26:30;;;;
20/06/2024 02:26:40;;;;
20/06/2024 02:26:50;;;;
20/06/2024 02:27:00;;;;
20/06/2024 02:27:10;;;;
20/06/2024 02:27:20;;;;
20/06/2024 02:27:30;;;;
20/06/2024 02:27:40;;;;
20/06/2024 02:27:50;;;;
20/06/2024 02:28:00;;;;
20/06/2024 02:28:10;;;;
20/06/2024 02:28:20;;;;
20/06/2024 02:28:30;;;;
20/06/2024 02:28:40;;;;
20/06/2024 02:28:50;;;;
20/06/2024 02:29:00;;;;
20/06/2024 02:29:10;;;;
20/06/2024 02:29:20;;;;
20/06/2024 02:29:30;;;;
20/06/2024 02:29:40;;;;
20/06/2024 02:29:50;;;;
20/06/2024 02:30:00;;;;
20/06/2024 02:30:10;;;;
20/06/2024 02:30:20;;;;
20/06/2024 02:30:30;;;;
20/06/2024 02:30:40;;;;
20/06/2024 02:30:50;;;;
20/06/2024 02:31:00;;;;
20/06/2024 02:31:10;;;;
20/06/2024 02:31:20;;;;
20/06/2024 02:31:30;;;;
20/06/2024 02:31:40;;;;
20/06/2024 02:31:50;;;;
20/06/2024 02:32:00;;;;
20/06/2024 02:32:10;;;;
20/06/2024 02:32:20;;;;
20/06/2024 02:32:30;;;;
20/06/2024 02:32:40;;;;
20/06/2024 02:32:50;;;;
20/06/2024 02:33:00;;;;
20/06/2024 02:33:10;;;;
20/06/2024 02:33:20;;;;
20/06/2024 02:33:30;;;;
20/06/2024 02:33:40;;;;
20/06/2024 02:33:50;;;;
20/06/2024 02:34:00;;;;
20/06/2024 02:34:10;;;;
20/06/2024 02:34:20;;;;
20/06/2024 02:34:30;;;;
20/06/2024 02:34:40;;;;
20/06/2024 02:34:50;;;;
20/06/2024 02:35:00;;;;
20/06/2024 02:35:10;;;;
20/06/2024 02:35:20;;;;
20/06/2024 02:35:30;;;;
20/06/2024 02:35:40;;;;
20/06/2024 02:35:50;;;;
20/06/2024 02:36:00;;;;
20/06/2024 02:36:10;;;;
20/06/2024 02:36:20;;;;
20/06/2024 02:36:30;;;;
20/06/2024 02:36:40;;;;
20/06/2024 02:36:50;;;;
20/06/2024 02:37:00;;;;
20/06/2024 02:37:10;;;;
20/06/2024 02:37:20;;;;
20/06/2024 02:37:30;;;;
20/06/2024 02:37:40;;;;
20/06/2024 02:37:50;;;;
20/06/2024 02:38:00;;;;
20/06/2024 02:38:10;;;;
20/06/2024 02:38:20;;;;
20/06/2024 02:38:30;;;;
20/06/2024 02:38:40;;;;
20/06/2024 02:38:50;;;;
20/06/2024 02:39:00;;;;
20/06/2024 02:39:10;;;;
20/06/2024 02:39:20;;;;
20/06/2024 02:39:30;;;;
20/06/2024 02:39:40;;;;
20/06/2024 02:39:50;;;;
20/06/2024 02:40:00;;;;
20/06/2024 02:40:10;;;;
20/06/2024 02:40:20;;;;
20/06/2024 02:40:30;;;;
20/06/2024 02:40:40;;;;
20/06/2024 02:40:50;;;;
20/06/2024 02:41:00;;;;
20/06/2024 02:41:10;;;;
20/06/2024 02:41:20;;;;
20/06/2024 02:41:30;;;;
20/06/2024 02:41:40;;;;
20/06/2024 02:41:50;;;;
20/06/2024 02:42:00;;;;
20/06/2024 02:42:10;;;;
20/06/2024 02:42:20;;;;
20/06/2024 02:42:30;;;;
20/06/2024 02:42:40;;;;
20/06/2024 02:42:50;;;;
20/06/2024 02:43:00;;;;
20/06/2024 02:43:10;;;;
20/06/2024 02:43:20;;;;
20/06/2024 02:43:30;;;;
20/06/2024 02:43:40;;;;
20/06/2024 02:43:50;;;;
20/06/2024 02:44:00;;;;
20/06/2024 02:44:10;;;;
20/06/2024 02:44:20;;;;
20/06/2024 02:44:30;;;;
20/06/2024 02:44:40;;;;
20/06/2024 02:44:50;;;;
20/06/2024 02:45:00;;;;
20/06/2024 02:45:10;;;;
20/06/2024 02:45:20;;;;
20/06/2024 02:45:30;;;;
20/06/2024 02:45:40;;;;
20/06/2024 02:45:50;;;;
20/06/2024 02:46:00;;;;
20/06/2024 02:46:10;;;;
20/06/2024 02:46:20;;;;
20/06/2024 02:46:30;;;;
20/06/2024 02:46:40;;;;
20/06/2024 02:46:50;;;;
20/06/2024 02:47:00;;;;
20/06/2024 02:47:10;;;;
20/06/2024 02:47:20;;;;
20/06/2024 02:47:30;;;;
20/06/2024 02:47:40;;;;
20/06/2024 02:47:50;;;;
20/06/2024 02:48:00;;;;
20/06/2024 02:48:10;;;;
20/06/2024 02:48:20;;;;
20/06/2024 02:48:30;;;;
20/06/2024 02:48:40;;;;
20/06/2024 02:48:50;;;;
20/06/2024 02:49:00;;;;
20/06/2024 02:49:10;;;;
20/06/2024 02:49:20;;;;
20/06/2024 02:49:30;;;;
20/06/2024 02:49:40;;;;
20/06/2024 02:49:50;;;;
20/06/2024 02:50:00;;;;
20/06/2024 02:50:10;;;;
20/06/2024 02:50:20;;;;
20/06/2024 02:50:30;;;;
20/06/2024 02:50:40;;;;
20/06/2024 02:50:50;;;;
20/06/2024 02:51:00;;;;
20/06/2024 02:51:10;;;;
20/06/2024 02:51:20;;;;
20/06/2024 02:51:30;;;;
20/06/2024 02:51:40;;;;
20/06/2024 02:51:50;;;;
20/06/2024 02:52:00;;;;
20/06/2024 02:52:10;;;;
20/06/2024 02:52:20;;;;
20/06/2024 02:52:30;;;;
20/06/2024 02:52:40;;;;
20/06/2024 02:52:50;;;;
20/06/2024 02:53:00;;;;
20/06/2024 02:53:10;;;;
20/06/2024 02:53:20;;;;
20/06/2024 02:53:30;;;;
20/06/2024 02:53:40;;;;
20/06/2024 02:53:50;;;;
20/06/2024 02:54:00;;;;
20/06/2024 02:54:10;;;;
20/06/2024 02:54:20;;;;
20/06/2024 02:54:30;;;;
20/06/2024 02:54:40;;;;
20/06/2024 02:54:50;;;;
20/06/2024 02:55:00;;;;
20/06/2024 02:55:10;;;;
20/06/2024 02:55:20;;;;
20/06/2024 02:55:30;;;;
20/06/2024 02:55:40;;;;
20/06/2024 02:55:50;;;;
20/06/2024 02:56:00;;;;
20/06/2024 02:56:10;;;;
20/06/2024 02:56:20;;;;
20/06/2024 02:56:30;;;;
20/06/2024 02:56:40;;;;
20/06/2024 02:56:50;;;;
20/06/2024 02:57:00;;;;
20/06/2024 02:57:10;;;;
20/06/2024 02:57:20;;;;
20/06/2024 02:57:30;;;;
20/06/2024 02:57:40;;;;
20/06/2024 02:57:50;;;;
20/06/2024 02:58:00;;;;
20/06/2024 02:58:10;;;;
20/06/2024 02:58:20;;;;
20/06/2024 02:58:30;;;;
20/06/2024 02:58:40;;;;
20/06/2024 02:58:50;;;;
20/06/2024 02:59:00;;;;
20/06/2024 02:59:10;;;;
20/06/2024 02:59:20;;;;
20/06/2024 02:59:30;;;;
20/06/2024 02:59:40;;;;
20/06/2024 02:59:50;;;;
20/06/2024 03:00:00;;;;
20/06/2024 03:00:10;;;;
20/06/2024 03:00:20;;;;
20/06/2024 03:00:30;;;;
20/06/2024 03:00:40;;;;
20/06/2024 03:00:50;;;;
20/06/2024 03:01:00;;;;
20/06/2024 03:01:10;;;;
20/06/2024 03:01:20;;;;
20/06/2024 03:01:30;;;;
20/06/2024 03:01:40;;;;
20/06/2024 03:01:50;;;;
20/06/2024 03:02:00;;;;
20/06/2024 03:02:10;;;;
20/06/2024 03:02:20;;;;
20/06/2024 03:02:30;;;;
20/06/2024 03:02:40;;;;
20/06/2024 03:02:50;;;;
20/06/2024 03:03:00;;;;
20/06/2024 03:03:10;;;;
20/06/2024 03:03:20;;;;
20/06/2024 03:03:30;;;;
20/06/2024 03:03:40;;;;
20/06/2024 03:03:50;;;;
20/06/2024 03:04:00;;;;
20/06/2024 03:04:10;;;;
20/06/2024 03:04:20;;;;
20/06/2024 03:04:30;;;;
20/06/2024 03:04:40;;;;
20/06/2024 03:04:50;;;;
20/06/2024 03:05:00;;;;
20/06/2024 03:05:10;;;;
20/06/2024 03:05:20;;;;
20/06/2024 03:05:30;;;;
20/06/2024 03:05:40;;;;
20/06/2024 03:05:50;;;;
20/06/2024 03:06:00;;;;
20/06/2024 03:06:10;;;;
20/06/2024 03:06:20;;;;
20/06/2024 03:06:30;;;;
20/06/2024 03:06:40;;;;
20/06/2024 03:06:50;;;;
20/06/2024 03:07:00;;;;
20/06/2024 03:07:10;;;;
20/06/2024 03:07:20;;;;
20/06/2024 03:07:30;;;;
20/06/2024 03:07:40;;;;
20/06/2024 03:07:50;;;;
20/06/2024 03:08:00;;;;
20/06/2024 03:08:10;;;;
20/06/2024 03:08:20;;;;
20/06/2024 03:08:30;;;;
20/06/2024 03:08:40;;;;
20/06/2024 03:08:50;;;;
20/06/2024 03:09:00;;;;
20/06/2024 03:09:10;;;;
20/06/2024 03:09:20;;;;
20/06/2024 03:09:30;;;;
20/06/2024 03:09:40;;;;
20/06/2024 03:09:50;;;;
20/06/2024 03:10:00;;;;
20/06/2024 03:10:10;;;;
20/06/2024 03:10:20;;;;
20/06/2024 03:10:30;;;;
20/06/2024 03:10:40;;;;
20/06/2024 03:10:50;;;;
20/06/2024 03:11:00;;;;
20/06/2024 03:11:10;;;;
20/06/2024 03:11:20;;;;
20/06/2024 03:11:30;;;;
20/06/2024 03:11:40;;;;
20/06/2024 03:11:50;;;;
20/06/2024 03:12:00;;;;
20/06/2024 03:12:10;;;;
20/06/2024 03:12:20;;;;
20/06/2024 03:12:30;;;;
20/06/2024 03:12:40;;;;
20/06/2024 03:12:50;;;;
20/06/2024 03:13:00;;;;
20/06/2024 03:13:10;;;;
20/06/2024 03:13:20;;;;
20/06/2024 03:13:30;;;;
20/06/2024 03:13:40;;;;
20/06/2024 03:13:50;;;;
20/06/2024 03:14:00;;;;
20/06/2024 03:14:10;;;;
20/06/2024 03:14:20;;;;
20/06/2024 03:14:30;;;;
20/06/2024 03:14:40;;;;
20/06/2024 03:14:50;;;;
20/06/2024 03:15:00;;;;
20/06/2024 03:15:10;;;;
20/06/2024 03:15:20;;;;
20/06/2024 03:15:30;;;;
20/06/2024 03:15:40;;;;
20/06/2024 03:15:50;;;;
20/06/2024 03:16:00;;;;
20/06/2024 03:16:10;;;;
20/06/2024 03:16:20;;;;
20/06/2024 03:16:30;;;;
20/06/2024 03:16:40;;;;
20/06/2024 03:16:50;;;;
20/06/2024 03:17:00;;;;
20/06/2024 03:17:10;;;;
20/06/2024 03:17:20;;;;
20/06/2024 03:17:30;;;;
20/06/2024 03:17:40;;;;
20/06/2024 03:17:50;;;;
20/06/2024 03:18:00;;;;
20/06/2024 03:18:10;;;;
20/06/2024 03:18:20;;;;
20/06/2024 03:18:30;;;;
20/06/2024 03:18:40;;;;
20/06/2024 03:18:50;;;;
20/06/2024 03:19:00;;;;
20/06/2024 03:19:10;;;;
20/06/2024 03:19:20;;;;
20/06/2024 03:19:30;;;;
20/06/2024 03:19:40;;;;
20/06/2024 03:19:50;;;;
20/06/2024 03:20:00;;;;
20/06/2024 03:20:10;;;;
20/06/2024 03:20:20;;;;
20/06/2024 03:20:30;;;;
20/06/2024 03:20:40;;;;
20/06/2024 03:20:50;;;;
20/06/2024 03:21:00;;;;
20/06/2024 03:21:10;;;;
20/06/2024 03:21:20;;;;
20/06/2024 03:21:30;;;;
20/06/2024 03:21:40;;;;
20/06/2024 03:21:50;;;;
20/06/2024 03:22:00;;;;
20/06/2024 03:22:10;;;;
20/06/2024 03:22:20;;;;
20/06/2024 03:22:30;;;;
20/06/2024 03:22:40;;;;
20/06/2024 03:22:50;;;;
20/06/2024 03:23:00;;;;
20/06/2024 03:23:10;;;;
20/06/2024 03:23:20;;;;
20/06/2024 03:23:30;;;;
20/06/2024 03:23:40;;;;
20/06/2024 03:23:50;;;;
20/06/2024 03:24:00;;;;
20/06/2024 03:24:10;;;;
20/06/2024 03:24:20;;;;
20/06/2024 03:24:30;;;;
20/06/2024 03:24:40;;;;
20/06/2024 03:24:50;;;;
20/06/2024 03:25:00;;;;
20/06/2024 03:25:10;;;;
20/06/2024 03:25:20;;;;
20/06/2024 03:25:30;;;;
20/06/2024 03:25:40;;;;
20/06/2024 03:25:50;;;;
20/06/2024 03:26:00;;;;
20/06/2024 03:26:10;;;;
20/06/2024 03:26:20;;;;
20/06/2024 03:26:30;;;;
20/06/2024 03:26:40;;;;
20/06/2024 03:26:50;;;;
20/06/2024 03:27:00;;;;
20/06/2024 03:27:10;;;;
20/06/2024 03:27:20;;;;
20/06/2024 03:27:30;;;;
20/06/2024 03:27:40;;;;
20/06/2024 03:27:50;;;;
20/06/2024 03:28:00;;;;
20/06/2024 03:28:10;;;;
20/06/2024 03:28:20;;;;
20/06/2024 03:28:30;;;;
20/06/2024 03:28:40;;;;
20/06/2024 03:28:50;;;;
20/06/2024 03:29:00;;;;
20/06/2024 03:29:10;;;;
20/06/2024 03:29:20;;;;
20/06/2024 03:29:30;;;;
20/06/2024 03:29:40;;;;
20/06/2024 03:29:50;;;;
20/06/2024 03:30:00;;;;
20/06/2024 03:30:10;;;;
20/06/2024 03:30:20;;;;
20/06/2024 03:30:30;;;;
20/06/2024 03:30:40;;;;
20/06/2024 03:30:50;;;;
20/06/2024 03:31:00;;;;
20/06/2024 03:31:10;;;;
20/06/2024 03:31:20;;;;
20/06/2024 03:31:30;;;;
20/06/2024 03:31:40;;;;
20/06/2024 03:31:50;;;;
20/06/2024 03:32:00;;;;
20/06/2024 03:32:10;;;;
20/06/2024 03:32:20;;;;
20/06/2024 03:32:30;;;;
20/06/2024 03:32:40;;;;
20/06/2024 03:32:50;;;;
20/06/2024 03:33:00;;;;
20/06/2024 03:33:10;;;;
20/06/2024 03:33:20;;;;
20/06/2024 03:33:30;;;;
20/06/2024 03:33:40;;;;
20/06/2024 03:33:50;;;;
20/06/2024 03:34:00;;;;
20/06/2024 03:34:10;;;;
20/06/2024 03:34:20;;;;
20/06/2024 03:34:30;;;;
20/06/2024 03:34:40;;;;
20/06/2024 03:34:50;;;;
20/06/2024 03:35:00;;;;
20/06/2024 03:35:10;;;;
20/06/2024 03:35:20;;;;
20/06/2024 03:35:30;;;;
20/06/2024 03:35:40;;;;
20/06/2024 03:35:50;;;;
20/06/2024 03:36:00;;;;
20/06/2024 03:36:10;;;;
20/06/2024 03:36:20;;;;
20/06/2024 03:36:30;;;;
20/06/2024 03:36:40;;;;
20/06/2024 03:36:50;;;;
20/06/2024 03:37:00;;;;
20/06/2024 03:37:10;;;;
20/06/2024 03:37:20;;;;
20/06/2024 03:37:30;;;;
20/06/2024 03:37:40;;;;
20/06/2024 03:37:50;;;;
20/06/2024 03:38:00;;;;
20/06/2024 03:38:10;;;;
20/06/2024 03:38:20;;;;
20/06/2024 03:38:30;;;;
20/06/2024 03:38:40;;;;
20/06/2024 03:38:50;;;;
20/06/2024 03:39:00;;;;
20/06/2024 03:39:10;;;;
20/06/2024 03:39:20;;;;
20/06/2024 03:39:30;;;;
20/06/2024 03:39:40;;;;
20/06/2024 03:39:50;;;;
20/06/2024 03:40:00;;;;
20/06/2024 03:40:10;;;;
20/06/2024 03:40:20;;;;
20/06/2024 03:40:30;;;;
20/06/2024 03:40:40;;;;
20/06/2024 03:40:50;;;;
20/06/2024 03:41:00;;;;
20/06/2024 03:41:10;;;;
20/06/2024 03:41:20;;;;
20/06/2024 03:41:30;;;;
20/06/2024 03:41:40;;;;
20/06/2024 03:41:50;;;;
20/06/2024 03:42:00;;;;
20/06/2024 03:42:10;;;;
20/06/2024 03:42:20;;;;
20/06/2024 03:42:30;;;;
20/06/2024 03:42:40;;;;
20/06/2024 03:42:50;;;;
20/06/2024 03:43:00;;;;
20/06/2024 03:43:10;;;;
20/06/2024 03:43:20;;;;
20/06/2024 03:43:30;;;;
20/06/2024 03:43:40;;;;
20/06/2024 03:43:50;;;;
20/06/2024 03:44:00;;;;
20/06/2024 03:44:10;;;;
20/06/2024 03:44:20;;;;
20/06/2024 03:44:30;;;;
20/06/2024 03:44:40;;;;
20/06/2024 03:44:50;;;;
20/06/2024 03:45:00;;;;
20/06/2024 03:45:10;;;;
20/06/2024 03:45:20;;;;
20/06/2024 03:45:30;;;;
20/06/2024 03:45:40;;;;
20/06/2024 03:45:50;;;;
20/06/2024 03:46:00;;;;
20/06/2024 03:46:10;;;;
20/06/2024 03:46:20;;;;
20/06/2024 03:46:30;;;;
20/06/2024 03:46:40;;;;
20/06/2024 03:46:50;;;;
20/06/2024 03:47:00;;;;
20/06/2024 03:47:10;;;;
20/06/2024 03:47:20;;;;
20/06/2024 03:47:30;;;;
20/06/2024 03:47:40;;;;
20/06/2024 03:47:50;;;;
20/06/2024 03:48:00;;;;
20/06/2024 03:48:10;;;;
20/06/2024 03:48:20;;;;
20/06/2024 03:48:30;;;;
20/06/2024 03:48:40;;;;
20/06/2024 03:48:50;;;;
20/06/2024 03:49:00;;;;
20/06/2024 03:49:10;;;;
20/06/2024 03:49:20;;;;
20/06/2024 03:49:30;;;;
20/06/2024 03:49:40;;;;
20/06/2024 03:49:50;;;;
20/06/2024 03:50:00;;;;
20/06/2024 03:50:10;;;;
20/06/2024 03:50:20;;;;
20/06/2024 03:50:30;;;;
20/06/2024 03:50:40;;;;
20/06/2024 03:50:50;;;;
20/06/2024 03:51:00;;;;
20/06/2024 03:51:10;;;;
20/06/2024 03:51:20;;;;
20/06/2024 03:51:30;;;;
20/06/2024 03:51:40;;;;
20/06/2024 03:51:50;;;;
20/06/2024 03:52:00;;;;
20/06/2024 03:52:10;;;;
20/06/2024 03:52:20;;;;
20/06/2024 03:52:30;;;;
20/06/2024 03:52:40;;;;
20/06/2024 03:52:50;;;;
20/06/2024 03:53:00;;;;
20/06/2024 03:53:10;;;;
20/06/2024 03:53:20;;;;
20/06/2024 03:53:30;;;;
20/06/2024 03:53:40;;;;
20/06/2024 03:53:50;;;;
20/06/2024 03:54:00;;;;
20/06/2024 03:54:10;;;;
20/06/2024 03:54:20;;;;
20/06/2024 03:54:30;;;;
20/06/2024 03:54:40;;;;
20/06/2024 03:54:50;;;;
20/06/2024 03:55:00;;;;
20/06/2024 03:55:10;;;;
20/06/2024 03:55:20;;;;
20/06/2024 03:55:30;;;;
20/06/2024 03:55:40;;;;
20/06/2024 03:55:50;;;;
20/06/2024 03:56:00;;;;
20/06/2024 03:56:10;;;;
20/06/2024 03:56:20;;;;
20/06/2024 03:56:30;;;;
20/06/2024 03:56:40;;;;
20/06/2024 03:56:50;;;;
20/06/2024 03:57:00;;;;
20/06/2024 03:57:10;;;;
20/06/2024 03:57:20;;;;
20/06/2024 03:57:30;;;;
20/06/2024 03:57:40;;;;
20/06/2024 03:57:50;;;;
20/06/2024 03:58:00;;;;
20/06/2024 03:58:10;;;;
20/06/2024 03:58:20;;;;
20/06/2024 03:58:30;;;;
20/06/2024 03:58:40;;;;
20/06/2024 03:58:50;;;;
20/06/2024 03:59:00;;;;
20/06/2024 03:59:10;;;;
20/06/2024 03:59:20;;;;
20/06/2024 03:59:30;;;;
20/06/2024 03:59:40;;;;
20/06/2024 03:59:50;;;;
20/06/2024 04:00:00;;;;
20/06/2024 04:00:10;;;;
20/06/2024 04:00:20;;;;
20/06/2024 04:00:30;;;;
20/06/2024 04:00:40;;;;
20/06/2024 04:00:50;;;;
20/06/2024 04:01:00;;;;
20/06/2024 04:01:10;;;;
20/06/2024 04:01:20;;;;
20/06/2024 04:01:30;;;;
20/06/2024 04:01:40;;;;
20/06/2024 04:01:50;;;;
20/06/2024 04:02:00;;;;
20/06/2024 04:02:10;;;;
20/06/2024 04:02:20;;;;
20/06/2024 04:02:30;;;;
20/06/2024 04:02:40;;;;
20/06/2024 04:02:50;;;;
20/06/2024 04:03:00;;;;
20/06/2024 04:03:10;;;;
20/06/2024 04:03:20;;;;
20/06/2024 04:03:30;;;;
20/06/2024 04:03:40;;;;
20/06/2024 04:03:50;;;;
20/06/2024 04:04:00;;;;
20/06/2024 04:04:10;;;;
20/06/2024 04:04:20;;;;
20/06/2024 04:04:30;;;;
20/06/2024 04:04:40;;;;
20/06/2024 04:04:50;;;;
20/06/2024 04:05:00;;;;
20/06/2024 04:05:10;;;;
20/06/2024 04:05:20;;;;
20/06/2024 04:05:30;;;;
20/06/2024 04:05:40;;;;
20/06/2024 04:05:50;;;;
20/06/2024 04:06:00;;;;
20/06/2024 04:06:10;;;;
20/06/2024 04:06:20;;;;
20/06/2024 04:06:30;;;;
20/06/2024 04:06:40;;;;
20/06/2024 04:06:50;;;;
20/06/2024 04:07:00;;;;
20/06/2024 04:07:10;;;;
20/06/2024 04:07:20;;;;
20/06/2024 04:07:30;;;;
20/06/2024 04:07:40;;;;
20/06/2024 04:07:50;;;;
20/06/2024 04:08:00;;;;
20/06/2024 04:08:10;;;;
20/06/2024 04:08:20;;;;
20/06/2024 04:08:30;;;;
20/06/2024 04:08:40;;;;
20/06/2024 04:08:50;;;;
20/06/2024 04:09:00;;;;
20/06/2024 04:09:10;;;;
20/06/2024 04:09:20;;;;
20/06/2024 04:09:30;;;;
20/06/2024 04:09:40;;;;
20/06/2024 04:09:50;;;;
20/06/2024 04:10:00;;;;
20/06/2024 04:10:10;;;;
20/06/2024 04:10:20;;;;
20/06/2024 04:10:30;;;;
20/06/2024 04:10:40;;;;
20/06/2024 04:10:50;;;;
20/06/2024 04:11:00;;;;
20/06/2024 04:11:10;;;;
20/06/2024 04:11:20;;;;
20/06/2024 04:11:30;;;;
20/06/2024 04:11:40;;;;
20/06/2024 04:11:50;;;;
20/06/2024 04:12:00;;;;
20/06/2024 04:12:10;;;;
20/06/2024 04:12:20;;;;
20/06/2024 04:12:30;;;;
20/06/2024 04:12:40;;;;
20/06/2024 04:12:50;;;;
20/06/2024 04:13:00;;;;
20/06/2024 04:13:10;;;;
20/06/2024 04:13:20;;;;
20/06/2024 04:13:30;;;;
20/06/2024 04:13:40;;;;
20/06/2024 04:13:50;;;;
20/06/2024 04:14:00;;;;
20/06/2024 04:14:10;;;;
20/06/2024 04:14:20;;;;
20/06/2024 04:14:30;;;;
20/06/2024 04:14:40;;;;
20/06/2024 04:14:50;;;;
20/06/2024 04:15:00;;;;
20/06/2024 04:15:10;;;;
20/06/2024 04:15:20;;;;
20/06/2024 04:15:30;;;;
20/06/2024 04:15:40;;;;
20/06/2024 04:15:50;;;;
20/06/2024 04:16:00;;;;
20/06/2024 04:16:10;;;;
20/06/2024 04:16:20;;;;
20/06/2024 04:16:30;;;;
20/06/2024 04:16:40;;;;
20/06/2024 04:16:50;;;;
20/06/2024 04:17:00;;;;
20/06/2024 04:17:10;;;;
20/06/2024 04:17:20;;;;
20/06/2024 04:17:30;;;;
20/06/2024 04:17:40;;;;
20/06/2024 04:17:50;;;;
20/06/2024 04:18:00;;;;
20/06/2024 04:18:10;;;;
20/06/2024 04:18:20;;;;
20/06/2024 04:18:30;;;;
20/06/2024 04:18:40;;;;
20/06/2024 04:18:50;;;;
20/06/2024 04:19:00;;;;
20/06/2024 04:19:10;;;;
20/06/2024 04:19:20;;;;
20/06/2024 04:19:30;;;;
20/06/2024 04:19:40;;;;
20/06/2024 04:19:50;;;;
20/06/2024 04:20:00;;;;
20/06/2024 04:20:10;;;;
20/06/2024 04:20:20;;;;
20/06/2024 04:20:30;;;;
20/06/2024 04:20:40;;;;
20/06/2024 04:20:50;;;;
20/06/2024 04:21:00;;;;
20/06/2024 04:21:10;;;;
20/06/2024 04:21:20;;;;
20/06/2024 04:21:30;;;;
20/06/2024 04:21:40;;;;
20/06/2024 04:21:50;;;;
20/06/2024 04:22:00;;;;
20/06/2024 04:22:10;;;;
20/06/2024 04:22:20;;;;
20/06/2024 04:22:30;;;;
20/06/2024 04:22:40;;;;
20/06/2024 04:22:50;;;;
20/06/2024 04:23:00;;;;
20/06/2024 04:23:10;;;;
20/06/2024 04:23:20;;;;
20/06/2024 04:23:30;;;;
20/06/2024 04:23:40;;;;
20/06/2024 04:23:50;;;;
20/06/2024 04:24:00;;;;
20/06/2024 04:24:10;;;;
20/06/2024 04:24:20;;;;
20/06/2024 04:24:30;;;;
20/06/2024 04:24:40;;;;
20/06/2024 04:24:50;;;;
20/06/2024 04:25:00;;;;
20/06/2024 04:25:10;;;;
20/06/2024 04:25:20;;;;
20/06/2024 04:25:30;;;;
20/06/2024 04:25:40;;;;
20/06/2024 04:25:50;;;;
20/06/2024 04:26:00;;;;
20/06/2024 04:26:10;;;;
20/06/2024 04:26:20;;;;
20/06/2024 04:26:30;;;;
20/06/2024 04:26:40;;;;
20/06/2024 04:26:50;;;;
20/06/2024 04:27:00;;;;
20/06/2024 04:27:10;;;;
20/06/2024 04:27:20;;;;
20/06/2024 04:27:30;;;;
20/06/2024 04:27:40;;;;
20/06/2024 04:27:50;;;;
20/06/2024 04:28:00;;;;
20/06/2024 04:28:10;;;;
20/06/2024 04:28:20;;;;
20/06/2024 04:28:30;;;;
20/06/2024 04:28:40;;;;
20/06/2024 04:28:50;;;;
20/06/2024 04:29:00;;;;
20/06/2024 04:29:10;;;;
20/06/2024 04:29:20;;;;
20/06/2024 04:29:30;;;;
20/06/2024 04:29:40;;;;
20/06/2024 04:29:50;;;;
20/06/2024 04:30:00;;;;
20/06/2024 04:30:10;;;;
20/06/2024 04:30:20;;;;
20/06/2024 04:30:30;;;;
20/06/2024 04:30:40;;;;
20/06/2024 04:30:50;;;;
20/06/2024 04:31:00;;;;
20/06/2024 04:31:10;;;;
20/06/2024 04:31:20;;;;
20/06/2024 04:31:30;;;;
20/06/2024 04:31:40;;;;
20/06/2024 04:31:50;;;;
20/06/2024 04:32:00;;;;
20/06/2024 04:32:10;;;;
20/06/2024 04:32:20;;;;
20/06/2024 04:32:30;;;;
20/06/2024 04:32:40;;;;
20/06/2024 04:32:50;;;;
20/06/2024 04:33:00;;;;
20/06/2024 04:33:10;;;;
20/06/2024 04:33:20;;;;
20/06/2024 04:33:30;;;;
20/06/2024 04:33:40;;;;
20/06/2024 04:33:50;;;;
20/06/2024 04:34:00;;;;
20/06/2024 04:34:10;;;;
20/06/2024 04:34:20;;;;
20/06/2024 04:34:30;;;;
20/06/2024 04:34:40;;;;
20/06/2024 04:34:50;;;;
20/06/2024 04:35:00;;;;
20/06/2024 04:35:10;;;;
20/06/2024 04:35:20;;;;
20/06/2024 04:35:30;;;;
20/06/2024 04:35:40;;;;
20/06/2024 04:35:50;;;;
20/06/2024 04:36:00;;;;
20/06/2024 04:36:10;;;;
20/06/2024 04:36:20;;;;
20/06/2024 04:36:30;;;;
20/06/2024 04:36:40;;;;
20/06/2024 04:36:50;;;;
20/06/2024 04:37:00;;;;
20/06/2024 04:37:10;;;;
20/06/2024 04:37:20;;;;
20/06/2024 04:37:30;;;;
20/06/2024 04:37:40;;;;
20/06/2024 04:37:50;;;;
20/06/2024 04:38:00;;;;
20/06/2024 04:38:10;;;;
20/06/2024 04:38:20;;;;
20/06/2024 04:38:30;;;;
20/06/2024 04:38:40;;;;
20/06/2024 04:38:50;;;;
20/06/2024 04:39:00;;;;
20/06/2024 04:39:10;;;;
20/06/2024 04:39:20;;;;
20/06/2024 04:39:30;;;;
20/06/2024 04:39:40;;;;
20/06/2024 04:39:50;;;;
20/06/2024 04:40:00;;;;
20/06/2024 04:40:10;;;;
20/06/2024 04:40:20;;;;
20/06/2024 04:40:30;;;;
20/06/2024 04:40:40;;;;
20/06/2024 04:40:50;;;;
20/06/2024 04:41:00;;;;
20/06/2024 04:41:10;;;;
20/06/2024 04:41:20;;;;
20/06/2024 04:41:30;;;;
20/06/2024 04:41:40;;;;
20/06/2024 04:41:50;;;;
20/06/2024 04:42:00;;;;
20/06/2024 04:42:10;;;;
20/06/2024 04:42:20;;;;
20/06/2024 04:42:30;;;;
20/06/2024 04:42:40;;;;
20/06/2024 04:42:50;;;;
20/06/2024 04:43:00;;;;
20/06/2024 04:43:10;;;;
20/06/2024 04:43:20;;;;
20/06/2024 04:43:30;;;;
20/06/2024 04:43:40;;;;
20/06/2024 04:43:50;;;;
20/06/2024 04:44:00;;;;
20/06/2024 04:44:10;;;;
20/06/2024 04:44:20;;;;
20/06/2024 04:44:30;;;;
20/06/2024 04:44:40;;;;
20/06/2024 04:44:50;;;;
20/06/2024 04:45:00;;;;
20/06/2024 04:45:10;;;;
20/06/2024 04:45:20;;;;
20/06/2024 04:45:30;;;;
20/06/2024 04:45:40;;;;
20/06/2024 04:45:50;;;;
20/06/2024 04:46:00;;;;
20/06/2024 04:46:10;;;;
20/06/2024 04:46:20;;;;
20/06/2024 04:46:30;;;;
20/06/2024 04:46:40;;;;
20/06/2024 04:46:50;;;;
20/06/2024 04:47:00;;;;
20/06/2024 04:47:10;;;;
20/06/2024 04:47:20;;;;
20/06/2024 04:47:30;;;;
20/06/2024 04:47:40;;;;
20/06/2024 04:47:50;;;;
20/06/2024 04:48:00;;;;
20/06/2024 04:48:10;;;;
20/06/2024 04:48:20;;;;
20/06/2024 04:48:30;;;;
20/06/2024 04:48:40;;;;
20/06/2024 04:48:50;;;;
20/06/2024 04:49:00;;;;
20/06/2024 04:49:10;;;;
20/06/2024 04:49:20;;;;
20/06/2024 04:49:30;;;;
20/06/2024 04:49:40;;;;
20/06/2024 04:49:50;;;;
20/06/2024 04:50:00;;;;
20/06/2024 04:50:10;;;;
20/06/2024 04:50:20;;;;
20/06/2024 04:50:30;;;;
20/06/2024 04:50:40;;;;
20/06/2024 04:50:50;;;;
20/06/2024 04:51:00;;;;
20/06/2024 04:51:10;;;;
20/06/2024 04:51:20;;;;
20/06/2024 04:51:30;;;;
20/06/2024 04:51:40;;;;
20/06/2024 04:51:50;;;;
20/06/2024 04:52:00;;;;
20/06/2024 04:52:10;;;;
20/06/2024 04:52:20;;;;
20/06/2024 04:52:30;;;;
20/06/2024 04:52:40;;;;
20/06/2024 04:52:50;;;;
20/06/2024 04:53:00;;;;
20/06/2024 04:53:10;;;;
20/06/2024 04:53:20;;;;
20/06/2024 04:53:30;;;;
20/06/2024 04:53:40;;;;
20/06/2024 04:53:50;;;;
20/06/2024 04:54:00;;;;
20/06/2024 04:54:10;;;;
20/06/2024 04:54:20;;;;
20/06/2024 04:54:30;;;;
20/06/2024 04:54:40;;;;
20/06/2024 04:54:50;;;;
20/06/2024 04:55:00;;;;
20/06/2024 04:55:10;;;;
20/06/2024 04:55:20;;;;
20/06/2024 04:55:30;;;;
20/06/2024 04:55:40;;;;
20/06/2024 04:55:50;;;;
20/06/2024 04:56:00;;;;
20/06/2024 04:56:10;;;;
20/06/2024 04:56:20;;;;
20/06/2024 04:56:30;;;;
20/06/2024 04:56:40;;;;
20/06/2024 04:56:50;;;;
20/06/2024 04:57:00;;;;
20/06/2024 04:57:10;;;;
20/06/2024 04:57:20;;;;
20/06/2024 04:57:30;;;;
20/06/2024 04:57:40;;;;
20/06/2024 04:57:50;;;;
20/06/2024 04:58:00;;;;
20/06/2024 04:58:10;;;;
20/06/2024 04:58:20;;;;
20/06/2024 04:58:30;;;;
20/06/2024 04:58:40;;;;
20/06/2024 04:58:50;;;;
20/06/2024 04:59:00;;;;
20/06/2024 04:59:10;;;;
20/06/2024 04:59:20;;;;
20/06/2024 04:59:30;;;;
20/06/2024 04:59:40;;;;
20/06/2024 04:59:50;;;;
20/06/2024 05:00:00;;;;
20/06/2024 05:00:10;;;;
20/06/2024 05:00:20;;;;
20/06/2024 05:00:30;;;;
20/06/2024 05:00:40;;;;
20/06/2024 05:00:50;;;;
20/06/2024 05:01:00;;;;
20/06/2024 05:01:10;;;;
20/06/2024 05:01:20;;;;
20/06/2024 05:01:30;;;;
20/06/2024 05:01:40;;;;
20/06/2024 05:01:50;;;;
20/06/2024 05:02:00;;;;
20/06/2024 05:02:10;;;;
20/06/2024 05:02:20;;;;
20/06/2024 05:02:30;;;;
20/06/2024 05:02:40;;;;
20/06/2024 05:02:50;;;;
20/06/2024 05:03:00;;;;
20/06/2024 05:03:10;;;;
20/06/2024 05:03:20;;;;
20/06/2024 05:03:30;;;;
20/06/2024 05:03:40;;;;
20/06/2024 05:03:50;;;;
20/06/2024 05:04:00;;;;
20/06/2024 05:04:10;;;;
20/06/2024 05:04:20;;;;
20/06/2024 05:04:30;;;;
20/06/2024 05:04:40;;;;
20/06/2024 05:04:50;;;;
20/06/2024 05:05:00;;;;
20/06/2024 05:05:10;;;;
20/06/2024 05:05:20;;;;
20/06/2024 05:05:30;;;;
20/06/2024 05:05:40;;;;
20/06/2024 05:05:50;;;;
20/06/2024 05:06:00;;;;
20/06/2024 05:06:10;;;;
20/06/2024 05:06:20;;;;
20/06/2024 05:06:30;;;;
20/06/2024 05:06:40;;;;
20/06/2024 05:06:50;;;;
20/06/2024 05:07:00;;;;
20/06/2024 05:07:10;;;;
20/06/2024 05:07:20;;;;
20/06/2024 05:07:30;;;;
20/06/2024 05:07:40;;;;
20/06/2024 05:07:50;;;;
20/06/2024 05:08:00;;;;
20/06/2024 05:08:10;;;;
20/06/2024 05:08:20;;;;
20/06/2024 05:08:30;;;;
20/06/2024 05:08:40;;;;
20/06/2024 05:08:50;;;;
20/06/2024 05:09:00;;;;
20/06/2024 05:09:10;;;;
20/06/2024 05:09:20;;;;
20/06/2024 05:09:30;;;;
20/06/2024 05:09:40;;;;
20/06/2024 05:09:50;;;;
20/06/2024 05:10:00;;;;
20/06/2024 05:10:10;;;;
20/06/2024 05:10:20;;;;
20/06/2024 05:10:30;;;;
20/06/2024 05:10:40;;;;
20/06/2024 05:10:50;;;;
20/06/2024 05:11:00;;;;
20/06/2024 05:11:10;;;;
20/06/2024 05:11:20;;;;
20/06/2024 05:11:30;;;;
20/06/2024 05:11:40;;;;
20/06/2024 05:11:50;;;;
20/06/2024 05:12:00;;;;
20/06/2024 05:12:10;;;;
20/06/2024 05:12:20;;;;
20/06/2024 05:12:30;;;;
20/06/2024 05:12:40;;;;
20/06/2024 05:12:50;;;;
20/06/2024 05:13:00;;;;
20/06/2024 05:13:10;;;;
20/06/2024 05:13:20;;;;
20/06/2024 05:13:30;;;;
20/06/2024 05:13:40;;;;
20/06/2024 05:13:50;;;;
20/06/2024 05:14:00;;;;
20/06/2024 05:14:10;;;;
20/06/2024 05:14:20;;;;
20/06/2024 05:14:30;;;;
20/06/2024 05:14:40;;;;
20/06/2024 05:14:50;;;;
20/06/2024 05:15:00;;;;
20/06/2024 05:15:10;;;;
20/06/2024 05:15:20;;;;
20/06/2024 05:15:30;;;;
20/06/2024 05:15:40;;;;
20/06/2024 05:15:50;;;;
20/06/2024 05:16:00;;;;
20/06/2024 05:16:10;;;;
20/06/2024 05:16:20;;;;
20/06/2024 05:16:30;;;;
20/06/2024 05:16:40;;;;
20/06/2024 05:16:50;;;;
20/06/2024 05:17:00;;;;
20/06/2024 05:17:10;;;;
20/06/2024 05:17:20;;;;
20/06/2024 05:17:30;;;;
20/06/2024 05:17:40;;;;
20/06/2024 05:17:50;;;;
20/06/2024 05:18:00;;;;
20/06/2024 05:18:10;;;;
20/06/2024 05:18:20;;;;
20/06/2024 05:18:30;;;;
20/06/2024 05:18:40;;;;
20/06/2024 05:18:50;;;;
20/06/2024 05:19:00;;;;
20/06/2024 05:19:10;;;;
20/06/2024 05:19:20;;;;
20/06/2024 05:19:30;;;;
20/06/2024 05:19:40;;;;
20/06/2024 05:19:50;;;;
20/06/2024 05:20:00;;;;
20/06/2024 05:20:10;;;;
20/06/2024 05:20:20;;;;
20/06/2024 05:20:30;;;;
20/06/2024 05:20:40;;;;
20/06/2024 05:20:50;;;;
20/06/2024 05:21:00;;;;
20/06/2024 05:21:10;;;;
20/06/2024 05:21:20;;;;
20/06/2024 05:21:30;;;;
20/06/2024 05:21:40;;;;
20/06/2024 05:21:50;;;;
20/06/2024 05:22:00;;;;
20/06/2024 05:22:10;;;;
20/06/2024 05:22:20;;;;
20/06/2024 05:22:30;;;;
20/06/2024 05:22:40;;;;
20/06/2024 05:22:50;;;;
20/06/2024 05:23:00;;;;
20/06/2024 05:23:10;;;;
20/06/2024 05:23:20;;;;
20/06/2024 05:23:30;;;;
20/06/2024 05:23:40;;;;
20/06/2024 05:23:50;;;;
20/06/2024 05:24:00;;;;
20/06/2024 05:24:10;;;;
20/06/2024 05:24:20;;;;
20/06/2024 05:24:30;;;;
20/06/2024 05:24:40;;;;
20/06/2024 05:24:50;;;;
20/06/2024 05:25:00;;;;
20/06/2024 05:25:10;;;;
20/06/2024 05:25:20;;;;
20/06/2024 05:25:30;;;;
20/06/2024 05:25:40;;;;
20/06/2024 05:25:50;;;;
20/06/2024 05:26:00;;;;
20/06/2024 05:26:10;;;;
20/06/2024 05:26:20;;;;
20/06/2024 05:26:30;;;;
20/06/2024 05:26:40;;;;
20/06/2024 05:26:50;;;;
20/06/2024 05:27:00;;;;
20/06/2024 05:27:10;;;;
20/06/2024 05:27:20;;;;
20/06/2024 05:27:30;;;;
20/06/2024 05:27:40;;;;
20/06/2024 05:27:50;;;;
20/06/2024 05:28:00;;;;
20/06/2024 05:28:10;;;;
20/06/2024 05:28:20;;;;
20/06/2024 05:28:30;;;;
20/06/2024 05:28:40;;;;
20/06/2024 05:28:50;;;;
20/06/2024 05:29:00;;;;
20/06/2024 05:29:10;;;;
20/06/2024 05:29:20;;;;
20/06/2024 05:29:30;;;;
20/06/2024 05:29:40;;;;
20/06/2024 05:29:50;;;;
20/06/2024 05:30:00;;;;
20/06/2024 05:30:10;;;;
20/06/2024 05:30:20;;;;
20/06/2024 05:30:30;;;;
20/06/2024 05:30:40;;;;
20/06/2024 05:30:50;;;;
20/06/2024 05:31:00;;;;
20/06/2024 05:31:10;;;;
20/06/2024 05:31:20;;;;
20/06/2024 05:31:30;;;;
20/06/2024 05:31:40;;;;
20/06/2024 05:31:50;;;;
20/06/2024 05:32:00;;;;
20/06/2024 05:32:10;;;;
20/06/2024 05:32:20;;;;
20/06/2024 05:32:30;;;;
20/06/2024 05:32:40;;;;
20/06/2024 05:32:50;;;;
20/06/2024 05:33:00;;;;
20/06/2024 05:33:10;;;;
20/06/2024 05:33:20;;;;
20/06/2024 05:33:30;;;;
20/06/2024 05:33:40;;;;
20/06/2024 05:33:50;;;;
20/06/2024 05:34:00;;;;
20/06/2024 05:34:10;;;;
20/06/2024 05:34:20;;;;
20/06/2024 05:34:30;;;;
20/06/2024 05:34:40;;;;
20/06/2024 05:34:50;;;;
20/06/2024 05:35:00;;;;
20/06/2024 05:35:10;;;;
20/06/2024 05:35:20;;;;
20/06/2024 05:35:30;;;;
20/06/2024 05:35:40;;;;
20/06/2024 05:35:50;;;;
20/06/2024 05:36:00;;;;
20/06/2024 05:36:10;;;;
20/06/2024 05:36:20;;;;
20/06/2024 05:36:30;;;;
20/06/2024 05:36:40;;;;
20/06/2024 05:36:50;;;;
20/06/2024 05:37:00;;;;
20/06/2024 05:37:10;;;;
20/06/2024 05:37:20;;;;
20/06/2024 05:37:30;;;;
20/06/2024 05:37:40;;;;
20/06/2024 05:37:50;;;;
20/06/2024 05:38:00;;;;
20/06/2024 05:38:10;;;;
20/06/2024 05:38:20;;;;
20/06/2024 05:38:30;;;;
20/06/2024 05:38:40;;;;
20/06/2024 05:38:50;;;;
20/06/2024 05:39:00;;;;
20/06/2024 05:39:10;;;;
20/06/2024 05:39:20;;;;
20/06/2024 05:39:30;;;;
20/06/2024 05:39:40;;;;
20/06/2024 05:39:50;;;;
20/06/2024 05:40:00;;;;
20/06/2024 05:40:10;;;;
20/06/2024 05:40:20;;;;
20/06/2024 05:40:30;;;;
20/06/2024 05:40:40;;;;
20/06/2024 05:40:50;;;;
20/06/2024 05:41:00;;;;
20/06/2024 05:41:10;;;;
20/06/2024 05:41:20;;;;
20/06/2024 05:41:30;;;;
20/06/2024 05:41:40;;;;
20/06/2024 05:41:50;;;;
20/06/2024 05:42:00;;;;
20/06/2024 05:42:10;;;;
20/06/2024 05:42:20;;;;
20/06/2024 05:42:30;;;;
20/06/2024 05:42:40;;;;
20/06/2024 05:42:50;;;;
20/06/2024 05:43:00;;;;
20/06/2024 05:43:10;;;;
20/06/2024 05:43:20;;;;
20/06/2024 05:43:30;;;;
20/06/2024 05:43:40;;;;
20/06/2024 05:43:50;;;;
20/06/2024 05:44:00;;;;
20/06/2024 05:44:10;;;;
20/06/2024 05:44:20;;;;
20/06/2024 05:44:30;;;;
20/06/2024 05:44:40;;;;
20/06/2024 05:44:50;;;;
20/06/2024 05:45:00;;;;
20/06/2024 05:45:10;;;;
20/06/2024 05:45:20;;;;
20/06/2024 05:45:30;;;;
20/06/2024 05:45:40;;;;
20/06/2024 05:45:50;;;;
20/06/2024 05:46:00;;;;
20/06/2024 05:46:10;;;;
20/06/2024 05:46:20;;;;
20/06/2024 05:46:30;;;;
20/06/2024 05:46:40;;;;
20/06/2024 05:46:50;;;;
20/06/2024 05:47:00;;;;
20/06/2024 05:47:10;;;;
20/06/2024 05:47:20;;;;
20/06/2024 05:47:30;;;;
20/06/2024 05:47:40;;;;
20/06/2024 05:47:50;;;;
20/06/2024 05:48:00;;;;
20/06/2024 05:48:10;;;;
20/06/2024 05:48:20;;;;
20/06/2024 05:48:30;;;;
20/06/2024 05:48:40;;;;
20/06/2024 05:48:50;;;;
20/06/2024 05:49:00;;;;
20/06/2024 05:49:10;;;;
20/06/2024 05:49:20;;;;
20/06/2024 05:49:30;;;;
20/06/2024 05:49:40;;;;
20/06/2024 05:49:50;;;;
20/06/2024 05:50:00;;;;
20/06/2024 05:50:10;;;;
20/06/2024 05:50:20;;;;
20/06/2024 05:50:30;;;;
20/06/2024 05:50:40;;;;
20/06/2024 05:50:50;;;;
20/06/2024 05:51:00;;;;
20/06/2024 05:51:10;;;;
20/06/2024 05:51:20;;;;
20/06/2024 05:51:30;;;;
20/06/2024 05:51:40;;;;
20/06/2024 05:51:50;;;;
20/06/2024 05:52:00;;;;
20/06/2024 05:52:10;;;;
20/06/2024 05:52:20;;;;
20/06/2024 05:52:30;;;;
20/06/2024 05:52:40;;;;
20/06/2024 05:52:50;;;;
20/06/2024 05:53:00;;;;
20/06/2024 05:53:10;;;;
20/06/2024 05:53:20;;;;
20/06/2024 05:53:30;;;;
20/06/2024 05:53:40;;;;
20/06/2024 05:53:50;;;;
20/06/2024 05:54:00;;;;
20/06/2024 05:54:10;;;;
20/06/2024 05:54:20;;;;
20/06/2024 05:54:30;;;;
20/06/2024 05:54:40;;;;
20/06/2024 05:54:50;;;;
20/06/2024 05:55:00;;;;
20/06/2024 05:55:10;;;;
20/06/2024 05:55:20;;;;
20/06/2024 05:55:30;;;;
20/06/2024 05:55:40;;;;
20/06/2024 05:55:50;;;;
20/06/2024 05:56:00;;;;
20/06/2024 05:56:10;;;;
20/06/2024 05:56:20;;;;
20/06/2024 05:56:30;;;;
20/06/2024 05:56:40;;;;
20/06/2024 05:56:50;;;;
20/06/2024 05:57:00;;;;
20/06/2024 05:57:10;;;;
20/06/2024 05:57:20;;;;
20/06/2024 05:57:30;;;;
20/06/2024 05:57:40;;;;
20/06/2024 05:57:50;;;;
20/06/2024 05:58:00;;;;
20/06/2024 05:58:10;;;;
20/06/2024 05:58:20;;;;
20/06/2024 05:58:30;;;;
20/06/2024 05:58:40;;;;
20/06/2024 05:58:50;;;;
20/06/2024 05:59:00;;;;
20/06/2024 05:59:10;;;;
20/06/2024 05:59:20;;;;
20/06/2024 05:59:30;;;;
20/06/2024 05:59:40;;;;
20/06/2024 05:59:50;;;;
20/06/2024 06:00:00;;;;
20/06/2024 06:00:10;;;;
20/06/2024 06:00:20;;;;
20/06/2024 06:00:30;;;;
20/06/2024 06:00:40;;;;
20/06/2024 06:00:50;;;;
20/06/2024 06:01:00;;;;
20/06/2024 06:01:10;;;;
20/06/2024 06:01:20;;;;
20/06/2024 06:01:30;;;;
20/06/2024 06:01:40;;;;
20/06/2024 06:01:50;;;;
20/06/2024 06:02:00;;;;
20/06/2024 06:02:10;;;;
20/06/2024 06:02:20;;;;
20/06/2024 06:02:30;;;;
20/06/2024 06:02:40;;;;
20/06/2024 06:02:50;;;;
20/06/2024 06:03:00;;;;
20/06/2024 06:03:10;;;;
20/06/2024 06:03:20;;;;
20/06/2024 06:03:30;;;;
20/06/2024 06:03:40;;;;
20/06/2024 06:03:50;;;;
20/06/2024 06:04:00;;;;
20/06/2024 06:04:10;;;;
20/06/2024 06:04:20;;;;
20/06/2024 06:04:30;;;;
20/06/2024 06:04:40;;;;
20/06/2024 06:04:50;;;;
20/06/2024 06:05:00;;;;
20/06/2024 06:05:10;;;;
20/06/2024 06:05:20;;;;
20/06/2024 06:05:30;;;;
20/06/2024 06:05:40;;;;
20/06/2024 06:05:50;;;;
20/06/2024 06:06:00;;;;
20/06/2024 06:06:10;;;;
20/06/2024 06:06:20;;;;
20/06/2024 06:06:30;;;;
20/06/2024 06:06:40;;;;
20/06/2024 06:06:50;;;;
20/06/2024 06:07:00;;;;
20/06/2024 06:07:10;;;;
20/06/2024 06:07:20;;;;
20/06/2024 06:07:30;;;;
20/06/2024 06:07:40;;;;
20/06/2024 06:07:50;;;;
20/06/2024 06:08:00;;;;
20/06/2024 06:08:10;;;;
20/06/2024 06:08:20;;;;
20/06/2024 06:08:30;;;;
20/06/2024 06:08:40;;;;
20/06/2024 06:08:50;;;;
20/06/2024 06:09:00;;;;
20/06/2024 06:09:10;;;;
20/06/2024 06:09:20;;;;
20/06/2024 06:09:30;;;;
20/06/2024 06:09:40;;;;
20/06/2024 06:09:50;;;;
20/06/2024 06:10:00;;;;
20/06/2024 06:10:10;;;;
20/06/2024 06:10:20;;;;
20/06/2024 06:10:30;;;;
20/06/2024 06:10:40;;;;
20/06/2024 06:10:50;;;;
20/06/2024 06:11:00;;;;
20/06/2024 06:11:10;;;;
20/06/2024 06:11:20;;;;
20/06/2024 06:11:30;;;;
20/06/2024 06:11:40;;;;
20/06/2024 06:11:50;;;;
20/06/2024 06:12:00;;;;
20/06/2024 06:12:10;;;;
20/06/2024 06:12:20;;;;
20/06/2024 06:12:30;;;;
20/06/2024 06:12:40;;;;
20/06/2024 06:12:50;;;;
20/06/2024 06:13:00;;;;
20/06/2024 06:13:10;;;;
20/06/2024 06:13:20;;;;
20/06/2024 06:13:30;;;;
20/06/2024 06:13:40;;;;
20/06/2024 06:13:50;;;;
20/06/2024 06:14:00;;;;
20/06/2024 06:14:10;;;;
20/06/2024 06:14:20;;;;
20/06/2024 06:14:30;;;;
20/06/2024 06:14:40;;;;
20/06/2024 06:14:50;;;;
20/06/2024 06:15:00;;;;
20/06/2024 06:15:10;;;;
20/06/2024 06:15:20;;;;
20/06/2024 06:15:30;;;;
20/06/2024 06:15:40;;;;
20/06/2024 06:15:50;;;;
20/06/2024 06:16:00;;;;
20/06/2024 06:16:10;;;;
20/06/2024 06:16:20;;;;
20/06/2024 06:16:30;;;;
20/06/2024 06:16:40;;;;
20/06/2024 06:16:50;;;;
20/06/2024 06:17:00;;;;
20/06/2024 06:17:10;;;;
20/06/2024 06:17:20;;;;
20/06/2024 06:17:30;;;;
20/06/2024 06:17:40;;;;
20/06/2024 06:17:50;;;;
20/06/2024 06:18:00;;;;
20/06/2024 06:18:10;;;;
20/06/2024 06:18:20;;;;
20/06/2024 06:18:30;;;;
20/06/2024 06:18:40;;;;
20/06/2024 06:18:50;;;;
20/06/2024 06:19:00;;;;
20/06/2024 06:19:10;;;;
20/06/2024 06:19:20;;;;
20/06/2024 06:19:30;;;;
20/06/2024 06:19:40;;;;
20/06/2024 06:19:50;;;;
20/06/2024 06:20:00;;;;
20/06/2024 06:20:10;;;;
20/06/2024 06:20:20;;;;
20/06/2024 06:20:30;;;;
20/06/2024 06:20:40;;;;
20/06/2024 06:20:50;;;;
20/06/2024 06:21:00;;;;
20/06/2024 06:21:10;;;;
20/06/2024 06:21:20;;;;
20/06/2024 06:21:30;;;;
20/06/2024 06:21:40;;;;
20/06/2024 06:21:50;;;;
20/06/2024 06:22:00;;;;
20/06/2024 06:22:10;;;;
20/06/2024 06:22:20;;;;
20/06/2024 06:22:30;;;;
20/06/2024 06:22:40;;;;
20/06/2024 06:22:50;;;;
20/06/2024 06:23:00;;;;
20/06/2024 06:23:10;;;;
20/06/2024 06:23:20;;;;
20/06/2024 06:23:30;;;;
20/06/2024 06:23:40;;;;
20/06/2024 06:23:50;;;;
20/06/2024 06:24:00;;;;
20/06/2024 06:24:10;;;;
20/06/2024 06:24:20;;;;
20/06/2024 06:24:30;;;;
20/06/2024 06:24:40;;;;
20/06/2024 06:24:50;;;;
20/06/2024 06:25:00;;;;
20/06/2024 06:25:10;;;;
20/06/2024 06:25:20;;;;
20/06/2024 06:25:30;;;;
20/06/2024 06:25:40;;;;
20/06/2024 06:25:50;;;;
20/06/2024 06:26:00;;;;
20/06/2024 06:26:10;;;;
20/06/2024 06:26:20;;;;
20/06/2024 06:26:30;;;;
20/06/2024 06:26:40;;;;
20/06/2024 06:26:50;;;;
20/06/2024 06:27:00;;;;
20/06/2024 06:27:10;;;;
20/06/2024 06:27:20;;;;
20/06/2024 06:27:30;;;;
20/06/2024 06:27:40;;;;
20/06/2024 06:27:50;;;;
20/06/2024 06:28:00;;;;
20/06/2024 06:28:10;;;;
20/06/2024 06:28:20;;;;
20/06/2024 06:28:30;;;;
20/06/2024 06:28:40;;;;
20/06/2024 06:28:50;;;;
20/06/2024 06:29:00;;;;
20/06/2024 06:29:10;;;;
20/06/2024 06:29:20;;;;
20/06/2024 06:29:30;;;;
20/06/2024 06:29:40;;;;
20/06/2024 06:29:50;;;;
20/06/2024 06:30:00;;;;
20/06/2024 06:30:10;;;;
20/06/2024 06:30:20;;;;
20/06/2024 06:30:30;;;;
20/06/2024 06:30:40;;;;
20/06/2024 06:30:50;;;;
20/06/2024 06:31:00;;;;
20/06/2024 06:31:10;;;;
20/06/2024 06:31:20;;;;
20/06/2024 06:31:30;;;;
20/06/2024 06:31:40;;;;
20/06/2024 06:31:50;;;;
20/06/2024 06:32:00;;;;
20/06/2024 06:32:10;;;;
20/06/2024 06:32:20;;;;
20/06/2024 06:32:30;;;;
20/06/2024 06:32:40;;;;
20/06/2024 06:32:50;;;;
20/06/2024 06:33:00;;;;
20/06/2024 06:33:10;;;;
20/06/2024 06:33:20;;;;
20/06/2024 06:33:30;;;;
20/06/2024 06:33:40;;;;
20/06/2024 06:33:50;;;;
20/06/2024 06:34:00;;;;
20/06/2024 06:34:10;;;;
20/06/2024 06:34:20;;;;
20/06/2024 06:34:30;;;;
20/06/2024 06:34:40;;;;
20/06/2024 06:34:50;;;;
20/06/2024 06:35:00;;;;
20/06/2024 06:35:10;;;;
20/06/2024 06:35:20;;;;
20/06/2024 06:35:30;;;;
20/06/2024 06:35:40;;;;
20/06/2024 06:35:50;;;;
20/06/2024 06:36:00;;;;
20/06/2024 06:36:10;;;;
20/06/2024 06:36:20;;;;
20/06/2024 06:36:30;;;;
20/06/2024 06:36:40;;;;
20/06/2024 06:36:50;;;;
20/06/2024 06:37:00;;;;
20/06/2024 06:37:10;;;;
20/06/2024 06:37:20;;;;
20/06/2024 06:37:30;;;;
20/06/2024 06:37:40;;;;
20/06/2024 06:37:50;;;;
20/06/2024 06:38:00;;;;
20/06/2024 06:38:10;;;;
20/06/2024 06:38:20;;;;
20/06/2024 06:38:30;;;;
20/06/2024 06:38:40;;;;
20/06/2024 06:38:50;;;;
20/06/2024 06:39:00;;;;
20/06/2024 06:39:10;;;;
20/06/2024 06:39:20;;;;
20/06/2024 06:39:30;;;;
20/06/2024 06:39:40;;;;
20/06/2024 06:39:50;;;;
20/06/2024 06:40:00;;;;
20/06/2024 06:40:10;;;;
20/06/2024 06:40:20;;;;
20/06/2024 06:40:30;;;;
20/06/2024 06:40:40;;;;
20/06/2024 06:40:50;;;;
20/06/2024 06:41:00;;;;
20/06/2024 06:41:10;;;;
20/06/2024 06:41:20;;;;
20/06/2024 06:41:30;;;;
20/06/2024 06:41:40;;;;
20/06/2024 06:41:50;;;;
20/06/2024 06:42:00;;;;
20/06/2024 06:42:10;;;;
20/06/2024 06:42:20;;;;
20/06/2024 06:42:30;;;;
20/06/2024 06:42:40;;;;
20/06/2024 06:42:50;;;;
20/06/2024 06:43:00;;;;
20/06/2024 06:43:10;;;;
20/06/2024 06:43:20;;;;
20/06/2024 06:43:30;;;;
20/06/2024 06:43:40;;;;
20/06/2024 06:43:50;;;;
20/06/2024 06:44:00;;;;
20/06/2024 06:44:10;;;;
20/06/2024 06:44:20;;;;
20/06/2024 06:44:30;;;;
20/06/2024 06:44:40;;;;
20/06/2024 06:44:50;;;;
20/06/2024 06:45:00;;;;
20/06/2024 06:45:10;;;;
20/06/2024 06:45:20;;;;
20/06/2024 06:45:30;;;;
20/06/2024 06:45:40;;;;
20/06/2024 06:45:50;;;;
20/06/2024 06:46:00;;;;
20/06/2024 06:46:10;;;;
20/06/2024 06:46:20;;;;
20/06/2024 06:46:30;;;;
20/06/2024 06:46:40;;;;
20/06/2024 06:46:50;;;;
20/06/2024 06:47:00;;;;
20/06/2024 06:47:10;;;;
20/06/2024 06:47:20;;;;
20/06/2024 06:47:30;;;;
20/06/2024 06:47:40;;;;
20/06/2024 06:47:50;;;;
20/06/2024 06:48:00;;;;
20/06/2024 06:48:10;;;;
20/06/2024 06:48:20;;;;
20/06/2024 06:48:30;;;;
20/06/2024 06:48:40;;;;
20/06/2024 06:48:50;;;;
20/06/2024 06:49:00;;;;
20/06/2024 06:49:10;;;;
20/06/2024 06:49:20;;;;
20/06/2024 06:49:30;;;;
20/06/2024 06:49:40;;;;
20/06/2024 06:49:50;;;;
20/06/2024 06:50:00;;;;
20/06/2024 06:50:10;;;;
20/06/2024 06:50:20;;;;
20/06/2024 06:50:30;;;;
20/06/2024 06:50:40;;;;
20/06/2024 06:50:50;;;;
20/06/2024 06:51:00;;;;
20/06/2024 06:51:10;;;;
20/06/2024 06:51:20;;;;
20/06/2024 06:51:30;;;;
20/06/2024 06:51:40;;;;
20/06/2024 06:51:50;;;;
20/06/2024 06:52:00;;;;
20/06/2024 06:52:10;;;;
20/06/2024 06:52:20;;;;
20/06/2024 06:52:30;;;;
20/06/2024 06:52:40;;;;
20/06/2024 06:52:50;;;;
20/06/2024 06:53:00;;;;
20/06/2024 06:53:10;;;;
20/06/2024 06:53:20;;;;
20/06/2024 06:53:30;;;;
20/06/2024 06:53:40;;;;
20/06/2024 06:53:50;;;;
20/06/2024 06:54:00;;;;
20/06/2024 06:54:10;;;;
20/06/2024 06:54:20;;;;
20/06/2024 06:54:30;;;;
20/06/2024 06:54:40;;;;
20/06/2024 06:54:50;;;;
20/06/2024 06:55:00;;;;
20/06/2024 06:55:10;;;;
20/06/2024 06:55:20;;;;
20/06/2024 06:55:30;;;;
20/06/2024 06:55:40;;;;
20/06/2024 06:55:50;;;;
20/06/2024 06:56:00;;;;
20/06/2024 06:56:10;;;;
20/06/2024 06:56:20;;;;
20/06/2024 06:56:30;;;;
20/06/2024 06:56:40;;;;
20/06/2024 06:56:50;;;;
20/06/2024 06:57:00;;;;
20/06/2024 06:57:10;;;;
20/06/2024 06:57:20;;;;
20/06/2024 06:57:30;;;;
20/06/2024 06:57:40;;;;
20/06/2024 06:57:50;;;;
20/06/2024 06:58:00;;;;
20/06/2024 06:58:10;;;;
20/06/2024 06:58:20;;;;
20/06/2024 06:58:30;;;;
20/06/2024 06:58:40;;;;
20/06/2024 06:58:50;;;;
20/06/2024 06:59:00;;;;
20/06/2024 06:59:10;;;;
20/06/2024 06:59:20;;;;
20/06/2024 06:59:30;;;;
20/06/2024 06:59:40;;;;
20/06/2024 06:59:50;;;;
20/06/2024 07:00:00;;;;
20/06/2024 07:00:10;;;;
20/06/2024 07:00:20;;;;
20/06/2024 07:00:30;;;;
20/06/2024 07:00:40;;;;
20/06/2024 07:00:50;;;;
20/06/2024 07:01:00;;;;
20/06/2024 07:01:10;;;;
20/06/2024 07:01:20;;;;
20/06/2024 07:01:30;;;;
20/06/2024 07:01:40;;;;
20/06/2024 07:01:50;;;;
20/06/2024 07:02:00;;;;
20/06/2024 07:02:10;;;;
20/06/2024 07:02:20;;;;
20/06/2024 07:02:30;;;;
20/06/2024 07:02:40;;;;
20/06/2024 07:02:50;;;;
20/06/2024 07:03:00;;;;
20/06/2024 07:03:10;;;;
20/06/2024 07:03:20;;;;
20/06/2024 07:03:30;;;;
20/06/2024 07:03:40;;;;
20/06/2024 07:03:50;;;;
20/06/2024 07:04:00;;;;
20/06/2024 07:04:10;;;;
20/06/2024 07:04:20;;;;
20/06/2024 07:04:30;;;;
20/06/2024 07:04:40;;;;
20/06/2024 07:04:50;;;;
20/06/2024 07:05:00;;;;
20/06/2024 07:05:10;;;;
20/06/2024 07:05:20;;;;
20/06/2024 07:05:30;;;;
20/06/2024 07:05:40;;;;
20/06/2024 07:05:50;;;;
20/06/2024 07:06:00;;;;
20/06/2024 07:06:10;;;;
20/06/2024 07:06:20;;;;
20/06/2024 07:06:30;;;;
20/06/2024 07:06:40;;;;
20/06/2024 07:06:50;;;;
20/06/2024 07:07:00;;;;
20/06/2024 07:07:10;;;;
20/06/2024 07:07:20;;;;
20/06/2024 07:07:30;;;;
20/06/2024 07:07:40;;;;
20/06/2024 07:07:50;;;;
20/06/2024 07:08:00;;;;
20/06/2024 07:08:10;;;;
20/06/2024 07:08:20;;;;
20/06/2024 07:08:30;;;;
20/06/2024 07:08:40;;;;
20/06/2024 07:08:50;;;;
20/06/2024 07:09:00;;;;
20/06/2024 07:09:10;;;;
20/06/2024 07:09:20;;;;
20/06/2024 07:09:30;;;;
20/06/2024 07:09:40;;;;
20/06/2024 07:09:50;;;;
20/06/2024 07:10:00;;;;
20/06/2024 07:10:10;;;;
20/06/2024 07:10:20;;;;
20/06/2024 07:10:30;;;;
20/06/2024 07:10:40;;;;
20/06/2024 07:10:50;;;;
20/06/2024 07:11:00;;;;
20/06/2024 07:11:10;;;;
20/06/2024 07:11:20;;;;
20/06/2024 07:11:30;;;;
20/06/2024 07:11:40;;;;
20/06/2024 07:11:50;;;;
20/06/2024 07:12:00;;;;
20/06/2024 07:12:10;;;;
20/06/2024 07:12:20;;;;
20/06/2024 07:12:30;;;;
20/06/2024 07:12:40;;;;
20/06/2024 07:12:50;;;;
20/06/2024 07:13:00;;;;
20/06/2024 07:13:10;;;;
20/06/2024 07:13:20;;;;
20/06/2024 07:13:30;;;;
20/06/2024 07:13:40;;;;
20/06/2024 07:13:50;;;;
20/06/2024 07:14:00;;;;
20/06/2024 07:14:10;;;;
20/06/2024 07:14:20;;;;
20/06/2024 07:14:30;;;;
20/06/2024 07:14:40;;;;
20/06/2024 07:14:50;;;;
20/06/2024 07:15:00;;;;
20/06/2024 07:15:10;;;;
20/06/2024 07:15:20;;;;
20/06/2024 07:15:30;;;;
20/06/2024 07:15:40;;;;
20/06/2024 07:15:50;;;;
20/06/2024 07:16:00;;;;
20/06/2024 07:16:10;;;;
20/06/2024 07:16:20;;;;
20/06/2024 07:16:30;;;;
20/06/2024 07:16:40;;;;
20/06/2024 07:16:50;;;;
20/06/2024 07:17:00;;;;
20/06/2024 07:17:10;;;;
20/06/2024 07:17:20;;;;
20/06/2024 07:17:30;;;;
20/06/2024 07:17:40;;;;
20/06/2024 07:17:50;;;;
20/06/2024 07:18:00;;;;
20/06/2024 07:18:10;;;;
20/06/2024 07:18:20;;;;
20/06/2024 07:18:30;;;;
20/06/2024 07:18:40;;;;
20/06/2024 07:18:50;;;;
20/06/2024 07:19:00;;;;
20/06/2024 07:19:10;;;;
20/06/2024 07:19:20;;;;
20/06/2024 07:19:30;;;;
20/06/2024 07:19:40;;;;
20/06/2024 07:19:50;;;;
20/06/2024 07:20:00;;;;
20/06/2024 07:20:10;;;;
20/06/2024 07:20:20;;;;
20/06/2024 07:20:30;;;;
20/06/2024 07:20:40;;;;
20/06/2024 07:20:50;;;;
20/06/2024 07:21:00;;;;
20/06/2024 07:21:10;;;;
20/06/2024 07:21:20;;;;
20/06/2024 07:21:30;;;;
20/06/2024 07:21:40;;;;
20/06/2024 07:21:50;;;;
20/06/2024 07:22:00;;;;
20/06/2024 07:22:10;;;;
20/06/2024 07:22:20;;;;
20/06/2024 07:22:30;;;;
20/06/2024 07:22:40;;;;
20/06/2024 07:22:50;;;;
20/06/2024 07:23:00;;;;
20/06/2024 07:23:10;;;;
20/06/2024 07:23:20;;;;
20/06/2024 07:23:30;;;;
20/06/2024 07:23:40;;;;
20/06/2024 07:23:50;;;;
20/06/2024 07:24:00;;;;
20/06/2024 07:24:10;;;;
20/06/2024 07:24:20;;;;
20/06/2024 07:24:30;;;;
20/06/2024 07:24:40;;;;
20/06/2024 07:24:50;;;;
20/06/2024 07:25:00;;;;
20/06/2024 07:25:10;;;;
20/06/2024 07:25:20;;;;
20/06/2024 07:25:30;;;;
20/06/2024 07:25:40;;;;
20/06/2024 07:25:50;;;;
20/06/2024 07:26:00;;;;
20/06/2024 07:26:10;;;;
20/06/2024 07:26:20;;;;
20/06/2024 07:26:30;;;;
20/06/2024 07:26:40;;;;
20/06/2024 07:26:50;;;;
20/06/2024 07:27:00;;;;
20/06/2024 07:27:10;;;;
20/06/2024 07:27:20;;;;
20/06/2024 07:27:30;;;;
20/06/2024 07:27:40;;;;
20/06/2024 07:27:50;;;;
20/06/2024 07:28:00;;;;
20/06/2024 07:28:10;;;;
20/06/2024 07:28:20;;;;
20/06/2024 07:28:30;;;;
20/06/2024 07:28:40;;;;
20/06/2024 07:28:50;;;;
20/06/2024 07:29:00;;;;
20/06/2024 07:29:10;;;;
20/06/2024 07:29:20;;;;
20/06/2024 07:29:30;;;;
20/06/2024 07:29:40;;;;
20/06/2024 07:29:50;;;;
20/06/2024 07:30:00;;;;
20/06/2024 07:30:10;;;;
20/06/2024 07:30:20;;;;
20/06/2024 07:30:30;;;;
20/06/2024 07:30:40;;;;
20/06/2024 07:30:50;;;;
20/06/2024 07:31:00;;;;
20/06/2024 07:31:10;;;;
20/06/2024 07:31:20;;;;
20/06/2024 07:31:30;;;;
20/06/2024 07:31:40;;;;
20/06/2024 07:31:50;;;;
20/06/2024 07:32:00;;;;
20/06/2024 07:32:10;;;;
20/06/2024 07:32:20;;;;
20/06/2024 07:32:30;;;;
20/06/2024 07:32:40;;;;
20/06/2024 07:32:50;;;;
20/06/2024 07:33:00;;;;
20/06/2024 07:33:10;;;;
20/06/2024 07:33:20;;;;
20/06/2024 07:33:30;;;;
20/06/2024 07:33:40;;;;
20/06/2024 07:33:50;;;;
20/06/2024 07:34:00;;;;
20/06/2024 07:34:10;;;;
20/06/2024 07:34:20;;;;
20/06/2024 07:34:30;;;;
20/06/2024 07:34:40;;;;
20/06/2024 07:34:50;;;;
20/06/2024 07:35:00;;;;
20/06/2024 07:35:10;;;;
20/06/2024 07:35:20;;;;
20/06/2024 07:35:30;;;;
20/06/2024 07:35:40;;;;
20/06/2024 07:35:50;;;;
20/06/2024 07:36:00;;;;
20/06/2024 07:36:10;;;;
20/06/2024 07:36:20;;;;
20/06/2024 07:36:30;;;;
20/06/2024 07:36:40;;;;
20/06/2024 07:36:50;;;;
20/06/2024 07:37:00;;;;
20/06/2024 07:37:10;;;;
20/06/2024 07:37:20;;;;
20/06/2024 07:37:30;;;;
20/06/2024 07:37:40;;;;
20/06/2024 07:37:50;;;;
20/06/2024 07:38:00;;;;
20/06/2024 07:38:10;;;;
20/06/2024 07:38:20;;;;
20/06/2024 07:38:30;;;;
20/06/2024 07:38:40;;;;
20/06/2024 07:38:50;;;;
20/06/2024 07:39:00;;;;
20/06/2024 07:39:10;;;;
20/06/2024 07:39:20;;;;
20/06/2024 07:39:30;;;;
20/06/2024 07:39:40;;;;
20/06/2024 07:39:50;;;;
20/06/2024 07:40:00;;;;
20/06/2024 07:40:10;;;;
20/06/2024 07:40:20;;;;
20/06/2024 07:40:30;;;;
20/06/2024 07:40:40;;;;
20/06/2024 07:40:50;;;;
20/06/2024 07:41:00;;;;
20/06/2024 07:41:10;;;;
20/06/2024 07:41:20;;;;
20/06/2024 07:41:30;;;;
20/06/2024 07:41:40;;;;
20/06/2024 07:41:50;;;;
20/06/2024 07:42:00;;;;
20/06/2024 07:42:10;;;;
20/06/2024 07:42:20;;;;
20/06/2024 07:42:30;;;;
20/06/2024 07:42:40;;;;
20/06/2024 07:42:50;;;;
20/06/2024 07:43:00;;;;
20/06/2024 07:43:10;;;;
20/06/2024 07:43:20;;;;
20/06/2024 07:43:30;;;;
20/06/2024 07:43:40;;;;
20/06/2024 07:43:50;;;;
20/06/2024 07:44:00;;;;
20/06/2024 07:44:10;;;;
20/06/2024 07:44:20;;;;
20/06/2024 07:44:30;;;;
20/06/2024 07:44:40;;;;
20/06/2024 07:44:50;;;;
20/06/2024 07:45:00;;;;
20/06/2024 07:45:10;;;;
20/06/2024 07:45:20;;;;
20/06/2024 07:45:30;;;;
20/06/2024 07:45:40;;;;
20/06/2024 07:45:50;;;;
20/06/2024 07:46:00;;;;
20/06/2024 07:46:10;;;;
20/06/2024 07:46:20;;;;
20/06/2024 07:46:30;;;;
20/06/2024 07:46:40;;;;
20/06/2024 07:46:50;;;;
20/06/2024 07:47:00;;;;
20/06/2024 07:47:10;;;;
20/06/2024 07:47:20;;;;
20/06/2024 07:47:30;;;;
20/06/2024 07:47:40;;;;
20/06/2024 07:47:50;;;;
20/06/2024 07:48:00;;;;
20/06/2024 07:48:10;;;;
20/06/2024 07:48:20;;;;
20/06/2024 07:48:30;;;;
20/06/2024 07:48:40;;;;
20/06/2024 07:48:50;;;;
20/06/2024 07:49:00;;;;
20/06/2024 07:49:10;;;;
20/06/2024 07:49:20;;;;
20/06/2024 07:49:30;;;;
20/06/2024 07:49:40;;;;
20/06/2024 07:49:50;;;;
20/06/2024 07:50:00;;;;
20/06/2024 07:50:10;;;;
20/06/2024 07:50:20;;;;
20/06/2024 07:50:30;;;;
20/06/2024 07:50:40;;;;
20/06/2024 07:50:50;;;;
20/06/2024 07:51:00;;;;
20/06/2024 07:51:10;;;;
20/06/2024 07:51:20;;;;
20/06/2024 07:51:30;;;;
20/06/2024 07:51:40;;;;
20/06/2024 07:51:50;;;;
20/06/2024 07:52:00;;;;
20/06/2024 07:52:10;;;;
20/06/2024 07:52:20;;;;
20/06/2024 07:52:30;;;;
20/06/2024 07:52:40;;;;
20/06/2024 07:52:50;;;;
20/06/2024 07:53:00;;;;
20/06/2024 07:53:10;;;;
20/06/2024 07:53:20;;;;
20/06/2024 07:53:30;;;;
20/06/2024 07:53:40;;;;
20/06/2024 07:53:50;;;;
20/06/2024 07:54:00;;;;
20/06/2024 07:54:10;;;;
20/06/2024 07:54:20;;;;
20/06/2024 07:54:30;;;;
20/06/2024 07:54:40;;;;
20/06/2024 07:54:50;;;;
20/06/2024 07:55:00;;;;
20/06/2024 07:55:10;;;;
20/06/2024 07:55:20;;;;
20/06/2024 07:55:30;;;;
20/06/2024 07:55:40;;;;
20/06/2024 07:55:50;;;;
20/06/2024 07:56:00;;;;
20/06/2024 07:56:10;;;;
20/06/2024 07:56:20;;;;
20/06/2024 07:56:30;;;;
20/06/2024 07:56:40;;;;
20/06/2024 07:56:50;;;;
20/06/2024 07:57:00;;;;
20/06/2024 07:57:10;;;;
20/06/2024 07:57:20;;;;
20/06/2024 07:57:30;;;;
20/06/2024 07:57:40;;;;
20/06/2024 07:57:50;;;;
20/06/2024 07:58:00;;;;
20/06/2024 07:58:10;;;;
20/06/2024 07:58:20;;;;
20/06/2024 07:58:30;;;;
20/06/2024 07:58:40;;;;
20/06/2024 07:58:50;;;;
20/06/2024 07:59:00;;;;
20/06/2024 07:59:10;;;;
20/06/2024 07:59:20;;;;
20/06/2024 07:59:30;;;;
20/06/2024 07:59:40;;;;
20/06/2024 07:59:50;;;;
20/06/2024 08:00:00;;;;
20/06/2024 08:00:10;;;;
20/06/2024 08:00:20;;;;
20/06/2024 08:00:30;;;;
20/06/2024 08:00:40;;;;
20/06/2024 08:00:50;;;;
20/06/2024 08:01:00;;;;
20/06/2024 08:01:10;;;;
20/06/2024 08:01:20;;;;
20/06/2024 08:01:30;;;;
20/06/2024 08:01:40;;;;
20/06/2024 08:01:50;;;;
20/06/2024 08:02:00;;;;
20/06/2024 08:02:10;;;;
20/06/2024 08:02:20;;;;
20/06/2024 08:02:30;;;;
20/06/2024 08:02:40;;;;
20/06/2024 08:02:50;;;;
20/06/2024 08:03:00;;;;
20/06/2024 08:03:10;;;;
20/06/2024 08:03:20;;;;
20/06/2024 08:03:30;;;;
20/06/2024 08:03:40;;;;
20/06/2024 08:03:50;;;;
20/06/2024 08:04:00;;;;
20/06/2024 08:04:10;;;;
20/06/2024 08:04:20;;;;
20/06/2024 08:04:30;;;;
20/06/2024 08:04:40;;;;
20/06/2024 08:04:50;;;;
20/06/2024 08:05:00;;;;
20/06/2024 08:05:10;;;;
20/06/2024 08:05:20;;;;
20/06/2024 08:05:30;;;;
20/06/2024 08:05:40;;;;
20/06/2024 08:05:50;;;;
20/06/2024 08:06:00;;;;
20/06/2024 08:06:10;;;;
20/06/2024 08:06:20;;;;
20/06/2024 08:06:30;;;;
20/06/2024 08:06:40;;;;
20/06/2024 08:06:50;;;;
20/06/2024 08:07:00;;;;
20/06/2024 08:07:10;;;;
20/06/2024 08:07:20;;;;
20/06/2024 08:07:30;;;;
20/06/2024 08:07:40;;;;
20/06/2024 08:07:50;;;;
20/06/2024 08:08:00;;;;
20/06/2024 08:08:10;;;;
20/06/2024 08:08:20;;;;
20/06/2024 08:08:30;;;;
20/06/2024 08:08:40;;;;
20/06/2024 08:08:50;;;;
20/06/2024 08:09:00;;;;
20/06/2024 08:09:10;;;;
20/06/2024 08:09:20;;;;
20/06/2024 08:09:30;;;;
20/06/2024 08:09:40;;;;
20/06/2024 08:09:50;;;;
20/06/2024 08:10:00;;;;
20/06/2024 08:10:10;;;;
20/06/2024 08:10:20;;;;
20/06/2024 08:10:30;;;;
20/06/2024 08:10:40;;;;
20/06/2024 08:10:50;;;;
20/06/2024 08:11:00;;;;
20/06/2024 08:11:10;;;;
20/06/2024 08:11:20;;;;
20/06/2024 08:11:30;;;;
20/06/2024 08:11:40;;;;
20/06/2024 08:11:50;;;;
20/06/2024 08:12:00;;;;
20/06/2024 08:12:10;;;;
20/06/2024 08:12:20;;;;
20/06/2024 08:12:30;;;;
20/06/2024 08:12:40;;;;
20/06/2024 08:12:50;;;;
20/06/2024 08:13:00;;;;
20/06/2024 08:13:10;;;;
20/06/2024 08:13:20;;;;
20/06/2024 08:13:30;;;;
20/06/2024 08:13:40;;;;
20/06/2024 08:13:50;;;;
20/06/2024 08:14:00;;;;
20/06/2024 08:14:10;;;;
20/06/2024 08:14:20;;;;
20/06/2024 08:14:30;;;;
20/06/2024 08:14:40;;;;
20/06/2024 08:14:50;;;;
20/06/2024 08:15:00;;;;
20/06/2024 08:15:10;;;;
20/06/2024 08:15:20;;;;
20/06/2024 08:15:30;;;;
20/06/2024 08:15:40;;;;
20/06/2024 08:15:50;;;;
20/06/2024 08:16:00;;;;
20/06/2024 08:16:10;;;;
20/06/2024 08:16:20;;;;
20/06/2024 08:16:30;;;;
20/06/2024 08:16:40;;;;
20/06/2024 08:16:50;;;;
20/06/2024 08:17:00;;;;
20/06/2024 08:17:10;;;;
20/06/2024 08:17:20;;;;
20/06/2024 08:17:30;;;;
20/06/2024 08:17:40;;;;
20/06/2024 08:17:50;;;;
20/06/2024 08:18:00;;;;
20/06/2024 08:18:10;;;;
20/06/2024 08:18:20;;;;
20/06/2024 08:18:30;;;;
20/06/2024 08:18:40;;;;
20/06/2024 08:18:50;;;;
20/06/2024 08:19:00;;;;
20/06/2024 08:19:10;;;;
20/06/2024 08:19:20;;;;
20/06/2024 08:19:30;;;;
20/06/2024 08:19:40;;;;
20/06/2024 08:19:50;;;;
20/06/2024 08:20:00;;;;
20/06/2024 08:20:10;;;;
20/06/2024 08:20:20;;;;
20/06/2024 08:20:30;;;;
20/06/2024 08:20:40;;;;
20/06/2024 08:20:50;;;;
20/06/2024 08:21:00;;;;
20/06/2024 08:21:10;;;;
20/06/2024 08:21:20;;;;
20/06/2024 08:21:30;;;;
20/06/2024 08:21:40;;;;
20/06/2024 08:21:50;;;;
20/06/2024 08:22:00;;;;
20/06/2024 08:22:10;;;;
20/06/2024 08:22:20;;;;
20/06/2024 08:22:30;;;;
20/06/2024 08:22:40;;;;
20/06/2024 08:22:50;;;;
20/06/2024 08:23:00;;;;
20/06/2024 08:23:10;;;;
20/06/2024 08:23:20;;;;
20/06/2024 08:23:30;;;;
20/06/2024 08:23:40;;;;
20/06/2024 08:23:50;;;;
20/06/2024 08:24:00;;;;
20/06/2024 08:24:10;;;;
20/06/2024 08:24:20;;;;
20/06/2024 08:24:30;;;;
20/06/2024 08:24:40;;;;
20/06/2024 08:24:50;;;;
20/06/2024 08:25:00;;;;
20/06/2024 08:25:10;;;;
20/06/2024 08:25:20;;;;
20/06/2024 08:25:30;;;;
20/06/2024 08:25:40;;;;
20/06/2024 08:25:50;;;;
20/06/2024 08:26:00;;;;
20/06/2024 08:26:10;;;;
20/06/2024 08:26:20;;;;
20/06/2024 08:26:30;;;;
20/06/2024 08:26:40;;;;
20/06/2024 08:26:50;;;;
20/06/2024 08:27:00;;;;
20/06/2024 08:27:10;;;;
20/06/2024 08:27:20;;;;
20/06/2024 08:27:30;;;;
20/06/2024 08:27:40;;;;
20/06/2024 08:27:50;;;;
20/06/2024 08:28:00;;;;
20/06/2024 08:28:10;;;;
20/06/2024 08:28:20;;;;
20/06/2024 08:28:30;;;;
20/06/2024 08:28:40;;;;
20/06/2024 08:28:50;;;;
20/06/2024 08:29:00;;;;
20/06/2024 08:29:10;;;;
20/06/2024 08:29:20;;;;
20/06/2024 08:29:30;;;;
20/06/2024 08:29:40;;;;
20/06/2024 08:29:50;;;;
20/06/2024 08:30:00;;;;
20/06/2024 08:30:10;;;;
20/06/2024 08:30:20;;;;
20/06/2024 08:30:30;;;;
20/06/2024 08:30:40;;;;
20/06/2024 08:30:50;;;;
20/06/2024 08:31:00;;;;
20/06/2024 08:31:10;;;;
20/06/2024 08:31:20;;;;
20/06/2024 08:31:30;;;;
20/06/2024 08:31:40;;;;
20/06/2024 08:31:50;;;;
20/06/2024 08:32:00;;;;
20/06/2024 08:32:10;;;;
20/06/2024 08:32:20;;;;
20/06/2024 08:32:30;;;;
20/06/2024 08:32:40;;;;
20/06/2024 08:32:50;;;;
20/06/2024 08:33:00;;;;
20/06/2024 08:33:10;;;;
20/06/2024 08:33:20;;;;
20/06/2024 08:33:30;;;;
20/06/2024 08:33:40;;;;
20/06/2024 08:33:50;;;;
20/06/2024 08:34:00;;;;
20/06/2024 08:34:10;;;;
20/06/2024 08:34:20;;;;
20/06/2024 08:34:30;;;;
20/06/2024 08:34:40;;;;
20/06/2024 08:34:50;;;;
20/06/2024 08:35:00;;;;
20/06/2024 08:35:10;;;;
20/06/2024 08:35:20;;;;
20/06/2024 08:35:30;;;;
20/06/2024 08:35:40;;;;
20/06/2024 08:35:50;;;;
20/06/2024 08:36:00;;;;
20/06/2024 08:36:10;;;;
20/06/2024 08:36:20;;;;
20/06/2024 08:36:30;;;;
20/06/2024 08:36:40;;;;
20/06/2024 08:36:50;;;;
20/06/2024 08:37:00;;;;
20/06/2024 08:37:10;;;;
20/06/2024 08:37:20;;;;
20/06/2024 08:37:30;;;;
20/06/2024 08:37:40;;;;
20/06/2024 08:37:50;;;;
20/06/2024 08:38:00;;;;
20/06/2024 08:38:10;;;;
20/06/2024 08:38:20;;;;
20/06/2024 08:38:30;;;;
20/06/2024 08:38:40;;;;
20/06/2024 08:38:50;;;;
20/06/2024 08:39:00;;;;
20/06/2024 08:39:10;;;;
20/06/2024 08:39:20;;;;
20/06/2024 08:39:30;;;;
20/06/2024 08:39:40;;;;
20/06/2024 08:39:50;;;;
20/06/2024 08:40:00;;;;
20/06/2024 08:40:10;;;;
20/06/2024 08:40:20;;;;
20/06/2024 08:40:30;;;;
20/06/2024 08:40:40;;;;
20/06/2024 08:40:50;;;;
20/06/2024 08:41:00;;;;
20/06/2024 08:41:10;;;;
20/06/2024 08:41:20;;;;
20/06/2024 08:41:30;;;;
20/06/2024 08:41:40;;;;
20/06/2024 08:41:50;;;;
20/06/2024 08:42:00;;;;
20/06/2024 08:42:10;;;;
20/06/2024 08:42:20;;;;
20/06/2024 08:42:30;;;;
20/06/2024 08:42:40;;;;
20/06/2024 08:42:50;;;;
20/06/2024 08:43:00;;;;
20/06/2024 08:43:10;;;;
20/06/2024 08:43:20;;;;
20/06/2024 08:43:30;;;;
20/06/2024 08:43:40;;;;
20/06/2024 08:43:50;;;;
20/06/2024 08:44:00;;;;
20/06/2024 08:44:10;;;;
20/06/2024 08:44:20;;;;
20/06/2024 08:44:30;;;;
20/06/2024 08:44:40;;;;
20/06/2024 08:44:50;;;;
20/06/2024 08:45:00;;;;
20/06/2024 08:45:10;;;;
20/06/2024 08:45:20;;;;
20/06/2024 08:45:30;;;;
20/06/2024 08:45:40;;;;
20/06/2024 08:45:50;;;;
20/06/2024 08:46:00;;;;
20/06/2024 08:46:10;;;;
20/06/2024 08:46:20;;;;
20/06/2024 08:46:30;;;;
20/06/2024 08:46:40;;;;
20/06/2024 08:46:50;;;;
20/06/2024 08:47:00;;;;
20/06/2024 08:47:10;;;;
20/06/2024 08:47:20;;;;
20/06/2024 08:47:30;;;;
20/06/2024 08:47:40;;;;
20/06/2024 08:47:50;;;;
20/06/2024 08:48:00;;;;
20/06/2024 08:48:10;;;;
20/06/2024 08:48:20;;;;
20/06/2024 08:48:30;;;;
20/06/2024 08:48:40;;;;
20/06/2024 08:48:50;;;;
20/06/2024 08:49:00;;;;
20/06/2024 08:49:10;;;;
20/06/2024 08:49:20;;;;
20/06/2024 08:49:30;;;;
20/06/2024 08:49:40;;;;
20/06/2024 08:49:50;;;;
20/06/2024 08:50:00;;;;
20/06/2024 08:50:10;;;;
20/06/2024 08:50:20;;;;
20/06/2024 08:50:30;;;;
20/06/2024 08:50:40;;;;
20/06/2024 08:50:50;;;;
20/06/2024 08:51:00;;;;
20/06/2024 08:51:10;;;;
20/06/2024 08:51:20;;;;
20/06/2024 08:51:30;;;;
20/06/2024 08:51:40;;;;
20/06/2024 08:51:50;;;;
20/06/2024 08:52:00;;;;
20/06/2024 08:52:10;;;;
20/06/2024 08:52:20;;;;
20/06/2024 08:52:30;;;;
20/06/2024 08:52:40;;;;
20/06/2024 08:52:50;;;;
20/06/2024 08:53:00;;;;
20/06/2024 08:53:10;;;;
20/06/2024 08:53:20;;;;
20/06/2024 08:53:30;;;;
20/06/2024 08:53:40;;;;
20/06/2024 08:53:50;;;;
20/06/2024 08:54:00;;;;
20/06/2024 08:54:10;;;;
20/06/2024 08:54:20;;;;
20/06/2024 08:54:30;;;;
20/06/2024 08:54:40;;;;
20/06/2024 08:54:50;;;;
20/06/2024 08:55:00;;;;
20/06/2024 08:55:10;;;;
20/06/2024 08:55:20;;;;
20/06/2024 08:55:30;;;;
20/06/2024 08:55:40;;;;
20/06/2024 08:55:50;;;;
20/06/2024 08:56:00;;;;
20/06/2024 08:56:10;;;;
20/06/2024 08:56:20;;;;
20/06/2024 08:56:30;;;;
20/06/2024 08:56:40;;;;
20/06/2024 08:56:50;;;;
20/06/2024 08:57:00;;;;
20/06/2024 08:57:10;;;;
20/06/2024 08:57:20;;;;
20/06/2024 08:57:30;;;;
20/06/2024 08:57:40;;;;
20/06/2024 08:57:50;;;;
20/06/2024 08:58:00;;;;
20/06/2024 08:58:10;;;;
20/06/2024 08:58:20;;;;
20/06/2024 08:58:30;;;;
20/06/2024 08:58:40;;;;
20/06/2024 08:58:50;;;;
20/06/2024 08:59:00;;;;
20/06/2024 08:59:10;;;;
20/06/2024 08:59:20;;;;
20/06/2024 08:59:30;;;;
20/06/2024 08:59:40;;;;
20/06/2024 08:59:50;;;;
20/06/2024 09:00:00;;;;
20/06/2024 09:00:10;;;;
20/06/2024 09:00:20;;;;
20/06/2024 09:00:30;;;;
20/06/2024 09:00:40;;;;
20/06/2024 09:00:50;;;;
20/06/2024 09:01:00;;;;
20/06/2024 09:01:10;;;;
20/06/2024 09:01:20;;;;
20/06/2024 09:01:30;;;;
20/06/2024 09:01:40;;;;
20/06/2024 09:01:50;;;;
20/06/2024 09:02:00;;;;
20/06/2024 09:02:10;;;;
20/06/2024 09:02:20;;;;
20/06/2024 09:02:30;;;;
20/06/2024 09:02:40;;;;
20/06/2024 09:02:50;;;;
20/06/2024 09:03:00;;;;
20/06/2024 09:03:10;;;;
20/06/2024 09:03:20;;;;
20/06/2024 09:03:30;;;;
20/06/2024 09:03:40;;;;
20/06/2024 09:03:50;;;;
20/06/2024 09:04:00;;;;
20/06/2024 09:04:10;;;;
20/06/2024 09:04:20;;;;
20/06/2024 09:04:30;;;;
20/06/2024 09:04:40;;;;
20/06/2024 09:04:50;;;;
20/06/2024 09:05:00;;;;
20/06/2024 09:05:10;;;;
20/06/2024 09:05:20;;;;
20/06/2024 09:05:30;;;;
20/06/2024 09:05:40;;;;
20/06/2024 09:05:50;;;;
20/06/2024 09:06:00;;;;
20/06/2024 09:06:10;;;;
20/06/2024 09:06:20;;;;
20/06/2024 09:06:30;;;;
20/06/2024 09:06:40;;;;
20/06/2024 09:06:50;;;;
20/06/2024 09:07:00;;;;
20/06/2024 09:07:10;;;;
20/06/2024 09:07:20;;;;
20/06/2024 09:07:30;;;;
20/06/2024 09:07:40;;;;
20/06/2024 09:07:50;;;;
20/06/2024 09:08:00;;;;
20/06/2024 09:08:10;;;;
20/06/2024 09:08:20;;;;
20/06/2024 09:08:30;;;;
20/06/2024 09:08:40;;;;
20/06/2024 09:08:50;;;;
20/06/2024 09:09:00;;;;
20/06/2024 09:09:10;;;;
20/06/2024 09:09:20;;;;
20/06/2024 09:09:30;;;;
20/06/2024 09:09:40;;;;
20/06/2024 09:09:50;;;;
20/06/2024 09:10:00;;;;
20/06/2024 09:10:10;;;;
20/06/2024 09:10:20;;;;
20/06/2024 09:10:30;;;;
20/06/2024 09:10:40;;;;
20/06/2024 09:10:50;;;;
20/06/2024 09:11:00;;;;
20/06/2024 09:11:10;;;;
20/06/2024 09:11:20;;;;
20/06/2024 09:11:30;;;;
20/06/2024 09:11:40;;;;
20/06/2024 09:11:50;;;;
20/06/2024 09:12:00;;;;
20/06/2024 09:12:10;;;;
20/06/2024 09:12:20;;;;
20/06/2024 09:12:30;;;;
20/06/2024 09:12:40;;;;
20/06/2024 09:12:50;;;;
20/06/2024 09:13:00;;;;
20/06/2024 09:13:10;;;;
20/06/2024 09:13:20;;;;
20/06/2024 09:13:30;;;;
20/06/2024 09:13:40;;;;
20/06/2024 09:13:50;;;;
20/06/2024 09:14:00;;;;
20/06/2024 09:14:10;;;;
20/06/2024 09:14:20;;;;
20/06/2024 09:14:30;;;;
20/06/2024 09:14:40;;;;
20/06/2024 09:14:50;;;;
20/06/2024 09:15:00;;;;
20/06/2024 09:15:10;;;;
20/06/2024 09:15:20;;;;
20/06/2024 09:15:30;;;;
20/06/2024 09:15:40;;;;
20/06/2024 09:15:50;;;;
20/06/2024 09:16:00;;;;
20/06/2024 09:16:10;;;;
20/06/2024 09:16:20;;;;
20/06/2024 09:16:30;;;;
20/06/2024 09:16:40;;;;
20/06/2024 09:16:50;;;;
20/06/2024 09:17:00;;;;
20/06/2024 09:17:10;;;;
20/06/2024 09:17:20;;;;
20/06/2024 09:17:30;;;;
20/06/2024 09:17:40;;;;
20/06/2024 09:17:50;;;;
20/06/2024 09:18:00;;;;
20/06/2024 09:18:10;;;;
20/06/2024 09:18:20;;;;
20/06/2024 09:18:30;;;;
20/06/2024 09:18:40;;;;
20/06/2024 09:18:50;;;;
20/06/2024 09:19:00;;;;
20/06/2024 09:19:10;;;;
20/06/2024 09:19:20;;;;
20/06/2024 09:19:30;;;;
20/06/2024 09:19:40;;;;
20/06/2024 09:19:50;;;;
20/06/2024 09:20:00;;;;
20/06/2024 09:20:10;;;;
20/06/2024 09:20:20;;;;
20/06/2024 09:20:30;;;;
20/06/2024 09:20:40;;;;
20/06/2024 09:20:50;;;;
20/06/2024 09:21:00;;;;
20/06/2024 09:21:10;;;;
20/06/2024 09:21:20;;;;
20/06/2024 09:21:30;;;;
20/06/2024 09:21:40;;;;
20/06/2024 09:21:50;;;;
20/06/2024 09:22:00;;;;
20/06/2024 09:22:10;;;;
20/06/2024 09:22:20;;;;
20/06/2024 09:22:30;;;;
20/06/2024 09:22:40;;;;
20/06/2024 09:22:50;;;;
20/06/2024 09:23:00;;;;
20/06/2024 09:23:10;;;;
20/06/2024 09:23:20;;;;
20/06/2024 09:23:30;;;;
20/06/2024 09:23:40;;;;
20/06/2024 09:23:50;;;;
20/06/2024 09:24:00;;;;
20/06/2024 09:24:10;;;;
20/06/2024 09:24:20;;;;
20/06/2024 09:24:30;;;;
20/06/2024 09:24:40;;;;
20/06/2024 09:24:50;;;;
20/06/2024 09:25:00;;;;
20/06/2024 09:25:10;;;;
20/06/2024 09:25:20;;;;
20/06/2024 09:25:30;;;;
20/06/2024 09:25:40;;;;
20/06/2024 09:25:50;;;;
20/06/2024 09:26:00;;;;
20/06/2024 09:26:10;;;;
20/06/2024 09:26:20;;;;
20/06/2024 09:26:30;;;;
20/06/2024 09:26:40;;;;
20/06/2024 09:26:50;;;;
20/06/2024 09:27:00;;;;
20/06/2024 09:27:10;;;;
20/06/2024 09:27:20;;;;
20/06/2024 09:27:30;;;;
20/06/2024 09:27:40;;;;
20/06/2024 09:27:50;;;;
20/06/2024 09:28:00;;;;
20/06/2024 09:28:10;;;;
20/06/2024 09:28:20;;;;
20/06/2024 09:28:30;;;;
20/06/2024 09:28:40;;;;
20/06/2024 09:28:50;;;;
20/06/2024 09:29:00;;;;
20/06/2024 09:29:10;;;;
20/06/2024 09:29:20;;;;
20/06/2024 09:29:30;;;;
20/06/2024 09:29:40;;;;
20/06/2024 09:29:50;;;;
20/06/2024 09:30:00;;;;
20/06/2024 09:30:10;;;;
20/06/2024 09:30:20;;;;
20/06/2024 09:30:30;;;;
20/06/2024 09:30:40;;;;
20/06/2024 09:30:50;;;;
20/06/2024 09:31:00;;;;
20/06/2024 09:31:10;;;;
20/06/2024 09:31:20;;;;
20/06/2024 09:31:30;;;;
20/06/2024 09:31:40;;;;
20/06/2024 09:31:50;;;;
20/06/2024 09:32:00;;;;
20/06/2024 09:32:10;;;;
20/06/2024 09:32:20;;;;
20/06/2024 09:32:30;;;;
20/06/2024 09:32:40;;;;
20/06/2024 09:32:50;;;;
20/06/2024 09:33:00;;;;
20/06/2024 09:33:10;;;;
20/06/2024 09:33:20;;;;
20/06/2024 09:33:30;;;;
20/06/2024 09:33:40;;;;
20/06/2024 09:33:50;;;;
20/06/2024 09:34:00;;;;
20/06/2024 09:34:10;;;;
20/06/2024 09:34:20;;;;
20/06/2024 09:34:30;;;;
20/06/2024 09:34:40;;;;
20/06/2024 09:34:50;;;;
20/06/2024 09:35:00;;;;
20/06/2024 09:35:10;;;;
20/06/2024 09:35:20;;;;
20/06/2024 09:35:30;;;;
20/06/2024 09:35:40;;;;
20/06/2024 09:35:50;;;;
20/06/2024 09:36:00;;;;
20/06/2024 09:36:10;;;;
20/06/2024 09:36:20;;;;
20/06/2024 09:36:30;;;;
20/06/2024 09:36:40;;;;
20/06/2024 09:36:50;;;;
20/06/2024 09:37:00;;;;
20/06/2024 09:37:10;;;;
20/06/2024 09:37:20;;;;
20/06/2024 09:37:30;;;;
20/06/2024 09:37:40;;;;
20/06/2024 09:37:50;;;;
20/06/2024 09:38:00;;;;
20/06/2024 09:38:10;;;;
20/06/2024 09:38:20;;;;
20/06/2024 09:38:30;;;;
20/06/2024 09:38:40;;;;
20/06/2024 09:38:50;;;;
20/06/2024 09:39:00;;;;
20/06/2024 09:39:10;;;;
20/06/2024 09:39:20;;;;
20/06/2024 09:39:30;;;;
20/06/2024 09:39:40;;;;
20/06/2024 09:39:50;;;;
20/06/2024 09:40:00;;;;
20/06/2024 09:40:10;;;;
20/06/2024 09:40:20;;;;
20/06/2024 09:40:30;;;;
20/06/2024 09:40:40;;;;
20/06/2024 09:40:50;;;;
20/06/2024 09:41:00;;;;
20/06/2024 09:41:10;;;;
20/06/2024 09:41:20;;;;
20/06/2024 09:41:30;;;;
20/06/2024 09:41:40;;;;
20/06/2024 09:41:50;;;;
20/06/2024 09:42:00;;;;
20/06/2024 09:42:10;;;;
20/06/2024 09:42:20;;;;
20/06/2024 09:42:30;;;;
20/06/2024 09:42:40;;;;
20/06/2024 09:42:50;;;;
20/06/2024 09:43:00;;;;
20/06/2024 09:43:10;;;;
20/06/2024 09:43:20;;;;
20/06/2024 09:43:30;;;;
20/06/2024 09:43:40;;;;
20/06/2024 09:43:50;;;;
20/06/2024 09:44:00;;;;
20/06/2024 09:44:10;;;;
20/06/2024 09:44:20;;;;
20/06/2024 09:44:30;;;;
20/06/2024 09:44:40;;;;
20/06/2024 09:44:50;;;;
20/06/2024 09:45:00;;;;
20/06/2024 09:45:10;;;;
20/06/2024 09:45:20;;;;
20/06/2024 09:45:30;;;;
20/06/2024 09:45:40;;;;
20/06/2024 09:45:50;;;;
20/06/2024 09:46:00;;;;
20/06/2024 09:46:10;;;;
20/06/2024 09:46:20;;;;
20/06/2024 09:46:30;;;;
20/06/2024 09:46:40;;;;
20/06/2024 09:46:50;;;;
20/06/2024 09:47:00;;;;
20/06/2024 09:47:10;;;;
20/06/2024 09:47:20;;;;
20/06/2024 09:47:30;;;;
20/06/2024 09:47:40;;;;
20/06/2024 09:47:50;;;;
20/06/2024 09:48:00;;;;
20/06/2024 09:48:10;;;;
20/06/2024 09:48:20;;;;
20/06/2024 09:48:30;;;;
20/06/2024 09:48:40;;;;
20/06/2024 09:48:50;;;;
20/06/2024 09:49:00;;;;
20/06/2024 09:49:10;;;;
20/06/2024 09:49:20;;;;
20/06/2024 09:49:30;;;;
20/06/2024 09:49:40;;;;
20/06/2024 09:49:50;;;;
20/06/2024 09:50:00;;;;
20/06/2024 09:50:10;;;;
20/06/2024 09:50:20;;;;
20/06/2024 09:50:30;;;;
20/06/2024 09:50:40;;;;
20/06/2024 09:50:50;;;;
20/06/2024 09:51:00;;;;
20/06/2024 09:51:10;;;;
20/06/2024 09:51:20;;;;
20/06/2024 09:51:30;;;;
20/06/2024 09:51:40;;;;
20/06/2024 09:51:50;;;;
20/06/2024 09:52:00;;;;
20/06/2024 09:52:10;;;;
20/06/2024 09:52:20;;;;
20/06/2024 09:52:30;;;;
20/06/2024 09:52:40;;;;
20/06/2024 09:52:50;;;;
20/06/2024 09:53:00;;;;
20/06/2024 09:53:10;;;;
20/06/2024 09:53:20;;;;
20/06/2024 09:53:30;;;;
20/06/2024 09:53:40;;;;
20/06/2024 09:53:50;;;;
20/06/2024 09:54:00;;;;
20/06/2024 09:54:10;;;;
20/06/2024 09:54:20;;;;
20/06/2024 09:54:30;;;;
20/06/2024 09:54:40;;;;
20/06/2024 09:54:50;;;;
20/06/2024 09:55:00;;;;
20/06/2024 09:55:10;;;;
20/06/2024 09:55:20;;;;
20/06/2024 09:55:30;;;;
20/06/2024 09:55:40;;;;
20/06/2024 09:55:50;;;;
20/06/2024 09:56:00;;;;
20/06/2024 09:56:10;;;;
20/06/2024 09:56:20;;;;
20/06/2024 09:56:30;;;;
20/06/2024 09:56:40;;;;
20/06/2024 09:56:50;;;;
20/06/2024 09:57:00;;;;
20/06/2024 09:57:10;;;;
20/06/2024 09:57:20;;;;
20/06/2024 09:57:30;;;;
20/06/2024 09:57:40;;;;
20/06/2024 09:57:50;;;;
20/06/2024 09:58:00;;;;
20/06/2024 09:58:10;;;;
20/06/2024 09:58:20;;;;
20/06/2024 09:58:30;;;;
20/06/2024 09:58:40;;;;
20/06/2024 09:58:50;;;;
20/06/2024 09:59:00;;;;
20/06/2024 09:59:10;;;;
20/06/2024 09:59:20;;;;
20/06/2024 09:59:30;;;;
20/06/2024 09:59:40;;;;
20/06/2024 09:59:50;;;;
20/06/2024 10:00:00;;;;
20/06/2024 10:00:10;;;;
20/06/2024 10:00:20;;;;
20/06/2024 10:00:30;;;;
20/06/2024 10:00:40;;;;
20/06/2024 10:00:50;;;;
20/06/2024 10:01:00;;;;
20/06/2024 10:01:10;;;;
20/06/2024 10:01:20;;;;
20/06/2024 10:01:30;;;;
20/06/2024 10:01:40;;;;
20/06/2024 10:01:50;;;;
20/06/2024 10:02:00;;;;
20/06/2024 10:02:10;;;;
20/06/2024 10:02:20;;;;
20/06/2024 10:02:30;;;;
20/06/2024 10:02:40;;;;
20/06/2024 10:02:50;;;;
20/06/2024 10:03:00;;;;
20/06/2024 10:03:10;;;;
20/06/2024 10:03:20;;;;
20/06/2024 10:03:30;;;;
20/06/2024 10:03:40;;;;
20/06/2024 10:03:50;;;;
20/06/2024 10:04:00;;;;
20/06/2024 10:04:10;;;;
20/06/2024 10:04:20;;;;
20/06/2024 10:04:30;;;;
20/06/2024 10:04:40;;;;
20/06/2024 10:04:50;;;;
20/06/2024 10:05:00;;;;
20/06/2024 10:05:10;;;;
20/06/2024 10:05:20;;;;
20/06/2024 10:05:30;;;;
20/06/2024 10:05:40;;;;
20/06/2024 10:05:50;;;;
20/06/2024 10:06:00;;;;
20/06/2024 10:06:10;;;;
20/06/2024 10:06:20;;;;
20/06/2024 10:06:30;;;;
20/06/2024 10:06:40;;;;
20/06/2024 10:06:50;;;;
20/06/2024 10:07:00;;;;
20/06/2024 10:07:10;;;;
20/06/2024 10:07:20;;;;
20/06/2024 10:07:30;;;;
20/06/2024 10:07:40;;;;
20/06/2024 10:07:50;;;;
20/06/2024 10:08:00;;;;
20/06/2024 10:08:10;;;;
20/06/2024 10:08:20;;;;
20/06/2024 10:08:30;;;;
20/06/2024 10:08:40;;;;
20/06/2024 10:08:50;;;;
20/06/2024 10:09:00;;;;
20/06/2024 10:09:10;;;;
20/06/2024 10:09:20;;;;
20/06/2024 10:09:30;;;;
20/06/2024 10:09:40;;;;
20/06/2024 10:09:50;;;;
20/06/2024 10:10:00;;;;
20/06/2024 10:10:10;;;;
20/06/2024 10:10:20;;;;
20/06/2024 10:10:30;;;;
20/06/2024 10:10:40;;;;
20/06/2024 10:10:50;;;;
20/06/2024 10:11:00;;;;
20/06/2024 10:11:10;;;;
20/06/2024 10:11:20;;;;
20/06/2024 10:11:30;;;;
20/06/2024 10:11:40;;;;
20/06/2024 10:11:50;;;;
20/06/2024 10:12:00;;;;
20/06/2024 10:12:10;;;;
20/06/2024 10:12:20;;;;
20/06/2024 10:12:30;;;;
20/06/2024 10:12:40;;;;
20/06/2024 10:12:50;;;;
20/06/2024 10:13:00;;;;
20/06/2024 10:13:10;;;;
20/06/2024 10:13:20;;;;
20/06/2024 10:13:30;;;;
20/06/2024 10:13:40;;;;
20/06/2024 10:13:50;;;;
20/06/2024 10:14:00;;;;
20/06/2024 10:14:10;;;;
20/06/2024 10:14:20;;;;
20/06/2024 10:14:30;;;;
20/06/2024 10:14:40;;;;
20/06/2024 10:14:50;;;;
20/06/2024 10:15:00;;;;
20/06/2024 10:15:10;;;;
20/06/2024 10:15:20;;;;
20/06/2024 10:15:30;;;;
20/06/2024 10:15:40;;;;
20/06/2024 10:15:50;;;;
20/06/2024 10:16:00;;;;
20/06/2024 10:16:10;;;;
20/06/2024 10:16:20;;;;
20/06/2024 10:16:30;;;;
20/06/2024 10:16:40;;;;
20/06/2024 10:16:50;;;;
20/06/2024 10:17:00;;;;
20/06/2024 10:17:10;;;;
20/06/2024 10:17:20;;;;
20/06/2024 10:17:30;;;;
20/06/2024 10:17:40;;;;
20/06/2024 10:17:50;;;;
20/06/2024 10:18:00;;;;
20/06/2024 10:18:10;;;;
20/06/2024 10:18:20;;;;
20/06/2024 10:18:30;;;;
20/06/2024 10:18:40;;;;
20/06/2024 10:18:50;;;;
20/06/2024 10:19:00;;;;
20/06/2024 10:19:10;;;;
20/06/2024 10:19:20;;;;
20/06/2024 10:19:30;;;;
20/06/2024 10:19:40;;;;
20/06/2024 10:19:50;;;;
20/06/2024 10:20:00;;;;
20/06/2024 10:20:10;;;;
20/06/2024 10:20:20;;;;
20/06/2024 10:20:30;;;;
20/06/2024 10:20:40;;;;
20/06/2024 10:20:50;;;;
20/06/2024 10:21:00;;;;
20/06/2024 10:21:10;;;;
20/06/2024 10:21:20;;;;
20/06/2024 10:21:30;;;;
20/06/2024 10:21:40;;;;
20/06/2024 10:21:50;;;;
20/06/2024 10:22:00;;;;
20/06/2024 10:22:10;;;;
20/06/2024 10:22:20;;;;
20/06/2024 10:22:30;;;;
20/06/2024 10:22:40;;;;
20/06/2024 10:22:50;;;;
20/06/2024 10:23:00;;;;
20/06/2024 10:23:10;;;;
20/06/2024 10:23:20;;;;
20/06/2024 10:23:30;;;;
20/06/2024 10:23:40;;;;
20/06/2024 10:23:50;;;;
20/06/2024 10:24:00;;;;
20/06/2024 10:24:10;;;;
20/06/2024 10:24:20;;;;
20/06/2024 10:24:30;;;;
20/06/2024 10:24:40;;;;
20/06/2024 10:24:50;;;;
20/06/2024 10:25:00;;;;
20/06/2024 10:25:10;;;;
20/06/2024 10:25:20;;;;
20/06/2024 10:25:30;;;;
20/06/2024 10:25:40;;;;
20/06/2024 10:25:50;;;;
20/06/2024 10:26:00;;;;
20/06/2024 10:26:10;;;;
20/06/2024 10:26:20;;;;
20/06/2024 10:26:30;;;;
20/06/2024 10:26:40;;;;
20/06/2024 10:26:50;;;;
20/06/2024 10:27:00;;;;
20/06/2024 10:27:10;;;;
20/06/2024 10:27:20;;;;
20/06/2024 10:27:30;;;;
20/06/2024 10:27:40;;;;
20/06/2024 10:27:50;;;;
20/06/2024 10:28:00;;;;
20/06/2024 10:28:10;;;;
20/06/2024 10:28:20;;;;
20/06/2024 10:28:30;;;;
20/06/2024 10:28:40;;;;
20/06/2024 10:28:50;;;;
20/06/2024 10:29:00;;;;
20/06/2024 10:29:10;;;;
20/06/2024 10:29:20;;;;
20/06/2024 10:29:30;;;;
20/06/2024 10:29:40;;;;
20/06/2024 10:29:50;;;;
20/06/2024 10:30:00;;;;
20/06/2024 10:30:10;;;;
20/06/2024 10:30:20;;;;
20/06/2024 10:30:30;;;;
20/06/2024 10:30:40;;;;
20/06/2024 10:30:50;;;;
20/06/2024 10:31:00;;;;
20/06/2024 10:31:10;;;;
20/06/2024 10:31:20;;;;
20/06/2024 10:31:30;;;;
20/06/2024 10:31:40;;;;
20/06/2024 10:31:50;;;;
20/06/2024 10:32:00;;;;
20/06/2024 10:32:10;;;;
20/06/2024 10:32:20;;;;
20/06/2024 10:32:30;;;;
20/06/2024 10:32:40;;;;
20/06/2024 10:32:50;;;;
20/06/2024 10:33:00;;;;
20/06/2024 10:33:10;;;;
20/06/2024 10:33:20;;;;
20/06/2024 10:33:30;;;;
20/06/2024 10:33:40;;;;
20/06/2024 10:33:50;;;;
20/06/2024 10:34:00;;;;
20/06/2024 10:34:10;;;;
20/06/2024 10:34:20;;;;
20/06/2024 10:34:30;;;;
20/06/2024 10:34:40;;;;
20/06/2024 10:34:50;;;;
20/06/2024 10:35:00;;;;
20/06/2024 10:35:10;;;;
20/06/2024 10:35:20;;;;
20/06/2024 10:35:30;;;;
20/06/2024 10:35:40;;;;
20/06/2024 10:35:50;;;;
20/06/2024 10:36:00;;;;
20/06/2024 10:36:10;;;;
20/06/2024 10:36:20;;;;
20/06/2024 10:36:30;;;;
20/06/2024 10:36:40;;;;
20/06/2024 10:36:50;;;;
20/06/2024 10:37:00;;;;
20/06/2024 10:37:10;;;;
20/06/2024 10:37:20;;;;
20/06/2024 10:37:30;;;;
20/06/2024 10:37:40;;;;
20/06/2024 10:37:50;;;;
20/06/2024 10:38:00;;;;
20/06/2024 10:38:10;;;;
20/06/2024 10:38:20;;;;
20/06/2024 10:38:30;;;;
20/06/2024 10:38:40;;;;
20/06/2024 10:38:50;;;;
20/06/2024 10:39:00;;;;
20/06/2024 10:39:10;;;;
20/06/2024 10:39:20;;;;
20/06/2024 10:39:30;;;;
20/06/2024 10:39:40;;;;
20/06/2024 10:39:50;;;;
20/06/2024 10:40:00;;;;
20/06/2024 10:40:10;;;;
20/06/2024 10:40:20;;;;
20/06/2024 10:40:30;;;;
20/06/2024 10:40:40;;;;
20/06/2024 10:40:50;;;;
20/06/2024 10:41:00;;;;
20/06/2024 10:41:10;;;;
20/06/2024 10:41:20;;;;
20/06/2024 10:41:30;;;;
20/06/2024 10:41:40;;;;
20/06/2024 10:41:50;;;;
20/06/2024 10:42:00;;;;
20/06/2024 10:42:10;;;;
20/06/2024 10:42:20;;;;
20/06/2024 10:42:30;;;;
20/06/2024 10:42:40;;;;
20/06/2024 10:42:50;;;;
20/06/2024 10:43:00;;;;
20/06/2024 10:43:10;;;;
20/06/2024 10:43:20;;;;
20/06/2024 10:43:30;;;;
20/06/2024 10:43:40;;;;
20/06/2024 10:43:50;;;;
20/06/2024 10:44:00;;;;
20/06/2024 10:44:10;;;;
20/06/2024 10:44:20;;;;
20/06/2024 10:44:30;;;;
20/06/2024 10:44:40;;;;
20/06/2024 10:44:50;;;;
20/06/2024 10:45:00;;;;
20/06/2024 10:45:10;;;;
20/06/2024 10:45:20;;;;
20/06/2024 10:45:30;;;;
20/06/2024 10:45:40;;;;
20/06/2024 10:45:50;;;;
20/06/2024 10:46:00;;;;
20/06/2024 10:46:10;;;;
20/06/2024 10:46:20;;;;
20/06/2024 10:46:30;;;;
20/06/2024 10:46:40;;;;
20/06/2024 10:46:50;;;;
20/06/2024 10:47:00;;;;
20/06/2024 10:47:10;;;;
20/06/2024 10:47:20;;;;
20/06/2024 10:47:30;;;;
20/06/2024 10:47:40;;;;
20/06/2024 10:47:50;;;;
20/06/2024 10:48:00;;;;
20/06/2024 10:48:10;;;;
20/06/2024 10:48:20;;;;
20/06/2024 10:48:30;;;;
20/06/2024 10:48:40;;;;
20/06/2024 10:48:50;;;;
20/06/2024 10:49:00;;;;
20/06/2024 10:49:10;;;;
20/06/2024 10:49:20;;;;
20/06/2024 10:49:30;;;;
20/06/2024 10:49:40;;;;
20/06/2024 10:49:50;;;;
20/06/2024 10:50:00;;;;
20/06/2024 10:50:10;;;;
20/06/2024 10:50:20;;;;
20/06/2024 10:50:30;;;;
20/06/2024 10:50:40;;;;
20/06/2024 10:50:50;;;;
20/06/2024 10:51:00;;;;
20/06/2024 10:51:10;;;;
20/06/2024 10:51:20;;;;
20/06/2024 10:51:30;;;;
20/06/2024 10:51:40;;;;
20/06/2024 10:51:50;;;;
20/06/2024 10:52:00;;;;
20/06/2024 10:52:10;;;;
20/06/2024 10:52:20;;;;
20/06/2024 10:52:30;;;;
20/06/2024 10:52:40;;;;
20/06/2024 10:52:50;;;;
20/06/2024 10:53:00;;;;
20/06/2024 10:53:10;;;;
20/06/2024 10:53:20;;;;
20/06/2024 10:53:30;;;;
20/06/2024 10:53:40;;;;
20/06/2024 10:53:50;;;;
20/06/2024 10:54:00;;;;
20/06/2024 10:54:10;;;;
20/06/2024 10:54:20;;;;
20/06/2024 10:54:30;;;;
20/06/2024 10:54:40;;;;
20/06/2024 10:54:50;;;;
20/06/2024 10:55:00;;;;
20/06/2024 10:55:10;;;;
20/06/2024 10:55:20;;;;
20/06/2024 10:55:30;;;;
20/06/2024 10:55:40;;;;
20/06/2024 10:55:50;;;;
20/06/2024 10:56:00;;;;
20/06/2024 10:56:10;;;;
20/06/2024 10:56:20;;;;
20/06/2024 10:56:30;;;;
20/06/2024 10:56:40;;;;
20/06/2024 10:56:50;;;;
20/06/2024 10:57:00;;;;
20/06/2024 10:57:10;;;;
20/06/2024 10:57:20;;;;
20/06/2024 10:57:30;;;;
20/06/2024 10:57:40;;;;
20/06/2024 10:57:50;;;;
20/06/2024 10:58:00;;;;
20/06/2024 10:58:10;;;;
20/06/2024 10:58:20;;;;
20/06/2024 10:58:30;;;;
20/06/2024 10:58:40;;;;
20/06/2024 10:58:50;;;;
20/06/2024 10:59:00;;;;
20/06/2024 10:59:10;;;;
20/06/2024 10:59:20;;;;
20/06/2024 10:59:30;;;;
20/06/2024 10:59:40;;;;
20/06/2024 10:59:50;;;;
20/06/2024 11:00:00;;;;
20/06/2024 11:00:10;;;;
20/06/2024 11:00:20;;;;
20/06/2024 11:00:30;;;;
20/06/2024 11:00:40;;;;
20/06/2024 11:00:50;;;;
20/06/2024 11:01:00;;;;
20/06/2024 11:01:10;;;;
20/06/2024 11:01:20;;;;
20/06/2024 11:01:30;;;;
20/06/2024 11:01:40;;;;
20/06/2024 11:01:50;;;;
20/06/2024 11:02:00;;;;
20/06/2024 11:02:10;;;;
20/06/2024 11:02:20;;;;
20/06/2024 11:02:30;;;;
20/06/2024 11:02:40;;;;
20/06/2024 11:02:50;;;;
20/06/2024 11:03:00;;;;
20/06/2024 11:03:10;;;;
20/06/2024 11:03:20;;;;
20/06/2024 11:03:30;;;;
20/06/2024 11:03:40;;;;
20/06/2024 11:03:50;;;;
20/06/2024 11:04:00;;;;
20/06/2024 11:04:10;;;;
20/06/2024 11:04:20;;;;
20/06/2024 11:04:30;;;;
20/06/2024 11:04:40;;;;
20/06/2024 11:04:50;;;;
20/06/2024 11:05:00;;;;
20/06/2024 11:05:10;;;;
20/06/2024 11:05:20;;;;
20/06/2024 11:05:30;;;;
20/06/2024 11:05:40;;;;
20/06/2024 11:05:50;;;;
20/06/2024 11:06:00;;;;
20/06/2024 11:06:10;;;;
20/06/2024 11:06:20;;;;
20/06/2024 11:06:30;;;;
20/06/2024 11:06:40;;;;
20/06/2024 11:06:50;;;;
20/06/2024 11:07:00;;;;
20/06/2024 11:07:10;;;;
20/06/2024 11:07:20;;;;
20/06/2024 11:07:30;;;;
20/06/2024 11:07:40;;;;
20/06/2024 11:07:50;;;;
20/06/2024 11:08:00;;;;
20/06/2024 11:08:10;;;;
20/06/2024 11:08:20;;;;
20/06/2024 11:08:30;;;;
20/06/2024 11:08:40;;;;
20/06/2024 11:08:50;;;;
20/06/2024 11:09:00;;;;
20/06/2024 11:09:10;;;;
20/06/2024 11:09:20;;;;
20/06/2024 11:09:30;;;;
20/06/2024 11:09:40;;;;
20/06/2024 11:09:50;;;;
20/06/2024 11:10:00;;;;
20/06/2024 11:10:10;;;;
20/06/2024 11:10:20;;;;
20/06/2024 11:10:30;;;;
20/06/2024 11:10:40;;;;
20/06/2024 11:10:50;;;;
20/06/2024 11:11:00;;;;
20/06/2024 11:11:10;;;;
20/06/2024 11:11:20;;;;
20/06/2024 11:11:30;;;;
20/06/2024 11:11:40;;;;
20/06/2024 11:11:50;;;;
20/06/2024 11:12:00;;;;
20/06/2024 11:12:10;;;;
20/06/2024 11:12:20;;;;
20/06/2024 11:12:30;;;;
20/06/2024 11:12:40;;;;
20/06/2024 11:12:50;;;;
20/06/2024 11:13:00;;;;
20/06/2024 11:13:10;;;;
20/06/2024 11:13:20;;;;
20/06/2024 11:13:30;;;;
20/06/2024 11:13:40;;;;
20/06/2024 11:13:50;;;;
20/06/2024 11:14:00;;;;
20/06/2024 11:14:10;;;;
20/06/2024 11:14:20;;;;
20/06/2024 11:14:30;;;;
20/06/2024 11:14:40;;;;
20/06/2024 11:14:50;;;;
20/06/2024 11:15:00;;;;
20/06/2024 11:15:10;;;;
20/06/2024 11:15:20;;;;
20/06/2024 11:15:30;;;;
20/06/2024 11:15:40;;;;
20/06/2024 11:15:50;;;;
20/06/2024 11:16:00;;;;
20/06/2024 11:16:10;;;;
20/06/2024 11:16:20;;;;
20/06/2024 11:16:30;;;;
20/06/2024 11:16:40;;;;
20/06/2024 11:16:50;;;;
20/06/2024 11:17:00;;;;
20/06/2024 11:17:10;;;;
20/06/2024 11:17:20;;;;
20/06/2024 11:17:30;;;;
20/06/2024 11:17:40;;;;
20/06/2024 11:17:50;;;;
20/06/2024 11:18:00;;;;
20/06/2024 11:18:10;;;;
20/06/2024 11:18:20;;;;
20/06/2024 11:18:30;;;;
20/06/2024 11:18:40;;;;
20/06/2024 11:18:50;;;;
20/06/2024 11:19:00;;;;
20/06/2024 11:19:10;;;;
20/06/2024 11:19:20;;;;
20/06/2024 11:19:30;;;;
20/06/2024 11:19:40;;;;
20/06/2024 11:19:50;;;;
20/06/2024 11:20:00;;;;
20/06/2024 11:20:10;;;;
20/06/2024 11:20:20;;;;
20/06/2024 11:20:30;;;;
20/06/2024 11:20:40;;;;
20/06/2024 11:20:50;;;;
20/06/2024 11:21:00;;;;
20/06/2024 11:21:10;;;;
20/06/2024 11:21:20;;;;
20/06/2024 11:21:30;;;;
20/06/2024 11:21:40;;;;
20/06/2024 11:21:50;;;;
20/06/2024 11:22:00;;;;
20/06/2024 11:22:10;;;;
20/06/2024 11:22:20;;;;
20/06/2024 11:22:30;;;;
20/06/2024 11:22:40;;;;
20/06/2024 11:22:50;;;;
20/06/2024 11:23:00;;;;
20/06/2024 11:23:10;;;;
20/06/2024 11:23:20;;;;
20/06/2024 11:23:30;;;;
20/06/2024 11:23:40;;;;
20/06/2024 11:23:50;;;;
20/06/2024 11:24:00;;;;
20/06/2024 11:24:10;;;;
20/06/2024 11:24:20;;;;
20/06/2024 11:24:30;;;;
20/06/2024 11:24:40;;;;
20/06/2024 11:24:50;;;;
20/06/2024 11:25:00;;;;
20/06/2024 11:25:10;;;;
20/06/2024 11:25:20;;;;
20/06/2024 11:25:30;;;;
20/06/2024 11:25:40;;;;
20/06/2024 11:25:50;;;;
20/06/2024 11:26:00;;;;
20/06/2024 11:26:10;;;;
20/06/2024 11:26:20;;;;
20/06/2024 11:26:30;;;;
20/06/2024 11:26:40;;;;
20/06/2024 11:26:50;;;;
20/06/2024 11:27:00;;;;
20/06/2024 11:27:10;;;;
20/06/2024 11:27:20;;;;
20/06/2024 11:27:30;;;;
20/06/2024 11:27:40;;;;
20/06/2024 11:27:50;;;;
20/06/2024 11:28:00;;;;
20/06/2024 11:28:10;;;;
20/06/2024 11:28:20;;;;
20/06/2024 11:28:30;;;;
20/06/2024 11:28:40;;;;
20/06/2024 11:28:50;;;;
20/06/2024 11:29:00;;;;
20/06/2024 11:29:10;;;;
20/06/2024 11:29:20;;;;
20/06/2024 11:29:30;;;;
20/06/2024 11:29:40;;;;
20/06/2024 11:29:50;;;;
20/06/2024 11:30:00;;;;
20/06/2024 11:30:10;;;;
20/06/2024 11:30:20;;;;
20/06/2024 11:30:30;;;;
20/06/2024 11:30:40;;;;
20/06/2024 11:30:50;;;;
20/06/2024 11:31:00;;;;
20/06/2024 11:31:10;;;;
20/06/2024 11:31:20;;;;
20/06/2024 11:31:30;;;;
20/06/2024 11:31:40;;;;
20/06/2024 11:31:50;;;;
20/06/2024 11:32:00;;;;
20/06/2024 11:32:10;;;;
20/06/2024 11:32:20;;;;
20/06/2024 11:32:30;;;;
20/06/2024 11:32:40;;;;
20/06/2024 11:32:50;;;;
20/06/2024 11:33:00;;;;
20/06/2024 11:33:10;;;;
20/06/2024 11:33:20;;;;
20/06/2024 11:33:30;;;;
20/06/2024 11:33:40;;;;
20/06/2024 11:33:50;;;;
20/06/2024 11:34:00;;;;
20/06/2024 11:34:10;;;;
20/06/2024 11:34:20;;;;
20/06/2024 11:34:30;;;;
20/06/2024 11:34:40;;;;
20/06/2024 11:34:50;;;;
20/06/2024 11:35:00;;;;
20/06/2024 11:35:10;;;;
20/06/2024 11:35:20;;;;
20/06/2024 11:35:30;;;;
20/06/2024 11:35:40;;;;
20/06/2024 11:35:50;;;;
20/06/2024 11:36:00;;;;
20/06/2024 11:36:10;;;;
20/06/2024 11:36:20;;;;
20/06/2024 11:36:30;;;;
20/06/2024 11:36:40;;;;
20/06/2024 11:36:50;;;;
20/06/2024 11:37:00;;;;
20/06/2024 11:37:10;;;;
20/06/2024 11:37:20;;;;
20/06/2024 11:37:30;;;;
20/06/2024 11:37:40;;;;
20/06/2024 11:37:50;;;;
20/06/2024 11:38:00;;;;
20/06/2024 11:38:10;;;;
20/06/2024 11:38:20;;;;
20/06/2024 11:38:30;;;;
20/06/2024 11:38:40;;;;
20/06/2024 11:38:50;;;;
20/06/2024 11:39:00;;;;
20/06/2024 11:39:10;;;;
20/06/2024 11:39:20;;;;
20/06/2024 11:39:30;;;;
20/06/2024 11:39:40;;;;
20/06/2024 11:39:50;;;;
20/06/2024 11:40:00;;;;
20/06/2024 11:40:10;;;;
20/06/2024 11:40:20;;;;
20/06/2024 11:40:30;;;;
20/06/2024 11:40:40;;;;
20/06/2024 11:40:50;;;;
20/06/2024 11:41:00;;;;
20/06/2024 11:41:10;;;;
20/06/2024 11:41:20;;;;
20/06/2024 11:41:30;;;;
20/06/2024 11:41:40;;;;
20/06/2024 11:41:50;;;;
20/06/2024 11:42:00;;;;
20/06/2024 11:42:10;;;;
20/06/2024 11:42:20;;;;
20/06/2024 11:42:30;;;;
20/06/2024 11:42:40;;;;
20/06/2024 11:42:50;;;;
20/06/2024 11:43:00;;;;
20/06/2024 11:43:10;;;;
20/06/2024 11:43:20;;;;
20/06/2024 11:43:30;;;;
20/06/2024 11:43:40;;;;
20/06/2024 11:43:50;;;;
20/06/2024 11:44:00;;;;
20/06/2024 11:44:10;;;;
20/06/2024 11:44:20;;;;
20/06/2024 11:44:30;;;;
20/06/2024 11:44:40;;;;
20/06/2024 11:44:50;;;;
20/06/2024 11:45:00;;;;
20/06/2024 11:45:10;;;;
20/06/2024 11:45:20;;;;
20/06/2024 11:45:30;;;;
20/06/2024 11:45:40;;;;
20/06/2024 11:45:50;;;;
20/06/2024 11:46:00;;;;
20/06/2024 11:46:10;;;;
20/06/2024 11:46:20;;;;
20/06/2024 11:46:30;;;;
20/06/2024 11:46:40;;;;
20/06/2024 11:46:50;;;;
20/06/2024 11:47:00;;;;
20/06/2024 11:47:10;;;;
20/06/2024 11:47:20;;;;
20/06/2024 11:47:30;;;;
20/06/2024 11:47:40;;;;
20/06/2024 11:47:50;;;;
20/06/2024 11:48:00;;;;
20/06/2024 11:48:10;;;;
20/06/2024 11:48:20;;;;
20/06/2024 11:48:30;;;;
20/06/2024 11:48:40;;;;
20/06/2024 11:48:50;;;;
20/06/2024 11:49:00;;;;
20/06/2024 11:49:10;;;;
20/06/2024 11:49:20;;;;
20/06/2024 11:49:30;;;;
20/06/2024 11:49:40;;;;
20/06/2024 11:49:50;;;;
20/06/2024 11:50:00;;;;
20/06/2024 11:50:10;;;;
20/06/2024 11:50:20;;;;
20/06/2024 11:50:30;;;;
20/06/2024 11:50:40;;;;
20/06/2024 11:50:50;;;;
20/06/2024 11:51:00;;;;
20/06/2024 11:51:10;;;;
20/06/2024 11:51:20;;;;
20/06/2024 11:51:30;;;;
20/06/2024 11:51:40;;;;
20/06/2024 11:51:50;;;;
20/06/2024 11:52:00;;;;
20/06/2024 11:52:10;;;;
20/06/2024 11:52:20;;;;
20/06/2024 11:52:30;;;;
20/06/2024 11:52:40;;;;
20/06/2024 11:52:50;;;;
20/06/2024 11:53:00;;;;
20/06/2024 11:53:10;;;;
20/06/2024 11:53:20;;;;
20/06/2024 11:53:30;;;;
20/06/2024 11:53:40;;;;
20/06/2024 11:53:50;;;;
20/06/2024 11:54:00;;;;
20/06/2024 11:54:10;;;;
20/06/2024 11:54:20;;;;
20/06/2024 11:54:30;;;;
20/06/2024 11:54:40;;;;
20/06/2024 11:54:50;;;;
20/06/2024 11:55:00;;;;
20/06/2024 11:55:10;;;;
20/06/2024 11:55:20;;;;
20/06/2024 11:55:30;;;;
20/06/2024 11:55:40;;;;
20/06/2024 11:55:50;;;;
20/06/2024 11:56:00;;;;
20/06/2024 11:56:10;;;;
20/06/2024 11:56:20;;;;
20/06/2024 11:56:30;;;;
20/06/2024 11:56:40;;;;
20/06/2024 11:56:50;;;;
20/06/2024 11:57:00;;;;
20/06/2024 11:57:10;;;;
20/06/2024 11:57:20;;;;
20/06/2024 11:57:30;;;;
20/06/2024 11:57:40;;;;
20/06/2024 11:57:50;;;;
20/06/2024 11:58:00;;;;
20/06/2024 11:58:10;;;;
20/06/2024 11:58:20;;;;
20/06/2024 11:58:30;;;;
20/06/2024 11:58:40;;;;
20/06/2024 11:58:50;;;;
20/06/2024 11:59:00;;;;
20/06/2024 11:59:10;;;;
20/06/2024 11:59:20;;;;
20/06/2024 11:59:30;;;;
20/06/2024 11:59:40;;;;
20/06/2024 11:59:50;;;;
20/06/2024 12:00:00;;;;
20/06/2024 12:00:10;;;;
20/06/2024 12:00:20;;;;
20/06/2024 12:00:30;;;;
20/06/2024 12:00:40;;;;
20/06/2024 12:00:50;;;;
20/06/2024 12:01:00;;;;
20/06/2024 12:01:10;;;;
20/06/2024 12:01:20;;;;
20/06/2024 12:01:30;;;;
20/06/2024 12:01:40;;;;
20/06/2024 12:01:50;;;;
20/06/2024 12:02:00;;;;
20/06/2024 12:02:10;;;;
20/06/2024 12:02:20;;;;
20/06/2024 12:02:30;;;;
20/06/2024 12:02:40;;;;
20/06/2024 12:02:50;;;;
20/06/2024 12:03:00;;;;
20/06/2024 12:03:10;;;;
20/06/2024 12:03:20;;;;
20/06/2024 12:03:30;;;;
20/06/2024 12:03:40;;;;
20/06/2024 12:03:50;;;;
20/06/2024 12:04:00;;;;
20/06/2024 12:04:10;;;;
20/06/2024 12:04:20;;;;
20/06/2024 12:04:30;;;;
20/06/2024 12:04:40;;;;
20/06/2024 12:04:50;;;;
20/06/2024 12:05:00;;;;
20/06/2024 12:05:10;;;;
20/06/2024 12:05:20;;;;
20/06/2024 12:05:30;;;;
20/06/2024 12:05:40;;;;
20/06/2024 12:05:50;;;;
20/06/2024 12:06:00;;;;
20/06/2024 12:06:10;;;;
20/06/2024 12:06:20;;;;
20/06/2024 12:06:30;;;;
20/06/2024 12:06:40;;;;
20/06/2024 12:06:50;;;;
20/06/2024 12:07:00;;;;
20/06/2024 12:07:10;;;;
20/06/2024 12:07:20;;;;
20/06/2024 12:07:30;;;;
20/06/2024 12:07:40;;;;
20/06/2024 12:07:50;;;;
20/06/2024 12:08:00;;;;
20/06/2024 12:08:10;;;;
20/06/2024 12:08:20;;;;
20/06/2024 12:08:30;;;;
20/06/2024 12:08:40;;;;
20/06/2024 12:08:50;;;;
20/06/2024 12:09:00;;;;
20/06/2024 12:09:10;;;;
20/06/2024 12:09:20;;;;
20/06/2024 12:09:30;;;;
20/06/2024 12:09:40;;;;
20/06/2024 12:09:50;;;;
20/06/2024 12:10:00;;;;
20/06/2024 12:10:10;;;;
20/06/2024 12:10:20;;;;
20/06/2024 12:10:30;;;;
20/06/2024 12:10:40;;;;
20/06/2024 12:10:50;;;;
20/06/2024 12:11:00;;;;
20/06/2024 12:11:10;;;;
20/06/2024 12:11:20;;;;
20/06/2024 12:11:30;;;;
20/06/2024 12:11:40;;;;
20/06/2024 12:11:50;;;;
20/06/2024 12:12:00;;;;
20/06/2024 12:12:10;;;;
20/06/2024 12:12:20;;;;
20/06/2024 12:12:30;;;;
20/06/2024 12:12:40;;;;
20/06/2024 12:12:50;;;;
20/06/2024 12:13:00;;;;
20/06/2024 12:13:10;;;;
20/06/2024 12:13:20;;;;
20/06/2024 12:13:30;;;;
20/06/2024 12:13:40;;;;
20/06/2024 12:13:50;;;;
20/06/2024 12:14:00;;;;
20/06/2024 12:14:10;;;;
20/06/2024 12:14:20;;;;
20/06/2024 12:14:30;;;;
20/06/2024 12:14:40;;;;
20/06/2024 12:14:50;;;;
20/06/2024 12:15:00;;;;
20/06/2024 12:15:10;;;;
20/06/2024 12:15:20;;;;
20/06/2024 12:15:30;;;;
20/06/2024 12:15:40;;;;
20/06/2024 12:15:50;;;;
20/06/2024 12:16:00;;;;
20/06/2024 12:16:10;;;;
20/06/2024 12:16:20;;;;
20/06/2024 12:16:30;;;;
20/06/2024 12:16:40;;;;
20/06/2024 12:16:50;;;;
20/06/2024 12:17:00;;;;
20/06/2024 12:17:10;;;;
20/06/2024 12:17:20;;;;
20/06/2024 12:17:30;;;;
20/06/2024 12:17:40;;;;
20/06/2024 12:17:50;;;;
20/06/2024 12:18:00;;;;
20/06/2024 12:18:10;;;;
20/06/2024 12:18:20;;;;
20/06/2024 12:18:30;;;;
20/06/2024 12:18:40;;;;
20/06/2024 12:18:50;;;;
20/06/2024 12:19:00;;;;
20/06/2024 12:19:10;;;;
20/06/2024 12:19:20;;;;
20/06/2024 12:19:30;;;;
20/06/2024 12:19:40;;;;
20/06/2024 12:19:50;;;;
20/06/2024 12:20:00;;;;
20/06/2024 12:20:10;;;;
20/06/2024 12:20:20;;;;
20/06/2024 12:20:30;;;;
20/06/2024 12:20:40;;;;
20/06/2024 12:20:50;;;;
20/06/2024 12:21:00;;;;
20/06/2024 12:21:10;;;;
20/06/2024 12:21:20;;;;
20/06/2024 12:21:30;;;;
20/06/2024 12:21:40;;;;
20/06/2024 12:21:50;;;;
20/06/2024 12:22:00;;;;
20/06/2024 12:22:10;;;;
20/06/2024 12:22:20;;;;
20/06/2024 12:22:30;;;;
20/06/2024 12:22:40;;;;
20/06/2024 12:22:50;;;;
20/06/2024 12:23:00;;;;
20/06/2024 12:23:10;;;;
20/06/2024 12:23:20;;;;
20/06/2024 12:23:30;;;;
20/06/2024 12:23:40;;;;
20/06/2024 12:23:50;;;;
20/06/2024 12:24:00;;;;
20/06/2024 12:24:10;;;;
20/06/2024 12:24:20;;;;
20/06/2024 12:24:30;;;;
20/06/2024 12:24:40;;;;
20/06/2024 12:24:50;;;;
20/06/2024 12:25:00;;;;
20/06/2024 12:25:10;;;;
20/06/2024 12:25:20;;;;
20/06/2024 12:25:30;;;;
20/06/2024 12:25:40;;;;
20/06/2024 12:25:50;;;;
20/06/2024 12:26:00;;;;
20/06/2024 12:26:10;;;;
20/06/2024 12:26:20;;;;
20/06/2024 12:26:30;;;;
20/06/2024 12:26:40;;;;
20/06/2024 12:26:50;;;;
20/06/2024 12:27:00;;;;
20/06/2024 12:27:10;;;;
20/06/2024 12:27:20;;;;
20/06/2024 12:27:30;;;;
20/06/2024 12:27:40;;;;
20/06/2024 12:27:50;;;;
20/06/2024 12:28:00;;;;
20/06/2024 12:28:10;;;;
20/06/2024 12:28:20;;;;
20/06/2024 12:28:30;;;;
20/06/2024 12:28:40;;;;
20/06/2024 12:28:50;;;;
20/06/2024 12:29:00;;;;
20/06/2024 12:29:10;;;;
20/06/2024 12:29:20;;;;
20/06/2024 12:29:30;;;;
20/06/2024 12:29:40;;;;
20/06/2024 12:29:50;;;;
20/06/2024 12:30:00;;;;
20/06/2024 12:30:10;;;;
20/06/2024 12:30:20;;;;
20/06/2024 12:30:30;;;;
20/06/2024 12:30:40;;;;
20/06/2024 12:30:50;;;;
20/06/2024 12:31:00;;;;
20/06/2024 12:31:10;;;;
20/06/2024 12:31:20;;;;
20/06/2024 12:31:30;;;;
20/06/2024 12:31:40;;;;
20/06/2024 12:31:50;;;;
20/06/2024 12:32:00;;;;
20/06/2024 12:32:10;;;;
20/06/2024 12:32:20;;;;
20/06/2024 12:32:30;;;;
20/06/2024 12:32:40;;;;
20/06/2024 12:32:50;;;;
20/06/2024 12:33:00;;;;
20/06/2024 12:33:10;;;;
20/06/2024 12:33:20;;;;
20/06/2024 12:33:30;;;;
20/06/2024 12:33:40;;;;
20/06/2024 12:33:50;;;;
20/06/2024 12:34:00;;;;
20/06/2024 12:34:10;;;;
20/06/2024 12:34:20;;;;
20/06/2024 12:34:30;;;;
20/06/2024 12:34:40;;;;
20/06/2024 12:34:50;;;;
20/06/2024 12:35:00;;;;
20/06/2024 12:35:10;;;;
20/06/2024 12:35:20;;;;
20/06/2024 12:35:30;;;;
20/06/2024 12:35:40;;;;
20/06/2024 12:35:50;;;;
20/06/2024 12:36:00;;;;
20/06/2024 12:36:10;;;;
20/06/2024 12:36:20;;;;
20/06/2024 12:36:30;;;;
20/06/2024 12:36:40;;;;
20/06/2024 12:36:50;;;;
20/06/2024 12:37:00;;;;
20/06/2024 12:37:10;;;;
20/06/2024 12:37:20;;;;
20/06/2024 12:37:30;;;;
20/06/2024 12:37:40;;;;
20/06/2024 12:37:50;;;;
20/06/2024 12:38:00;;;;
20/06/2024 12:38:10;;;;
20/06/2024 12:38:20;;;;
20/06/2024 12:38:30;;;;
20/06/2024 12:38:40;;;;
20/06/2024 12:38:50;;;;
20/06/2024 12:39:00;;;;
20/06/2024 12:39:10;;;;
20/06/2024 12:39:20;;;;
20/06/2024 12:39:30;;;;
20/06/2024 12:39:40;;;;
20/06/2024 12:39:50;;;;
20/06/2024 12:40:00;;;;
20/06/2024 12:40:10;;;;
20/06/2024 12:40:20;;;;
20/06/2024 12:40:30;;;;
20/06/2024 12:40:40;;;;
20/06/2024 12:40:50;;;;
20/06/2024 12:41:00;;;;
20/06/2024 12:41:10;;;;
20/06/2024 12:41:20;;;;
20/06/2024 12:41:30;;;;
20/06/2024 12:41:40;;;;
20/06/2024 12:41:50;;;;
20/06/2024 12:42:00;;;;
20/06/2024 12:42:10;;;;
20/06/2024 12:42:20;;;;
20/06/2024 12:42:30;;;;
20/06/2024 12:42:40;;;;
20/06/2024 12:42:50;;;;
20/06/2024 12:43:00;;;;
20/06/2024 12:43:10;;;;
20/06/2024 12:43:20;;;;
20/06/2024 12:43:30;;;;
20/06/2024 12:43:40;;;;
20/06/2024 12:43:50;;;;
20/06/2024 12:44:00;;;;
20/06/2024 12:44:10;;;;
20/06/2024 12:44:20;;;;
20/06/2024 12:44:30;;;;
20/06/2024 12:44:40;;;;
20/06/2024 12:44:50;;;;
20/06/2024 12:45:00;;;;
20/06/2024 12:45:10;;;;
20/06/2024 12:45:20;;;;
20/06/2024 12:45:30;;;;
20/06/2024 12:45:40;;;;
20/06/2024 12:45:50;;;;
20/06/2024 12:46:00;;;;
20/06/2024 12:46:10;;;;
20/06/2024 12:46:20;;;;
20/06/2024 12:46:30;;;;
20/06/2024 12:46:40;;;;
20/06/2024 12:46:50;;;;
20/06/2024 12:47:00;;;;
20/06/2024 12:47:10;;;;
20/06/2024 12:47:20;;;;
20/06/2024 12:47:30;;;;
20/06/2024 12:47:40;;;;
20/06/2024 12:47:50;;;;
20/06/2024 12:48:00;;;;
20/06/2024 12:48:10;;;;
20/06/2024 12:48:20;;;;
20/06/2024 12:48:30;;;;
20/06/2024 12:48:40;;;;
20/06/2024 12:48:50;;;;
20/06/2024 12:49:00;;;;
20/06/2024 12:49:10;;;;
20/06/2024 12:49:20;;;;
20/06/2024 12:49:30;;;;
20/06/2024 12:49:40;;;;
20/06/2024 12:49:50;;;;
20/06/2024 12:50:00;;;;
20/06/2024 12:50:10;;;;
20/06/2024 12:50:20;;;;
20/06/2024 12:50:30;;;;
20/06/2024 12:50:40;;;;
20/06/2024 12:50:50;;;;
20/06/2024 12:51:00;;;;
20/06/2024 12:51:10;;;;
20/06/2024 12:51:20;;;;
20/06/2024 12:51:30;;;;
20/06/2024 12:51:40;;;;
20/06/2024 12:51:50;;;;
20/06/2024 12:52:00;;;;
20/06/2024 12:52:10;;;;
20/06/2024 12:52:20;;;;
20/06/2024 12:52:30;;;;
20/06/2024 12:52:40;;;;
20/06/2024 12:52:50;;;;
20/06/2024 12:53:00;;;;
20/06/2024 12:53:10;;;;
20/06/2024 12:53:20;;;;
20/06/2024 12:53:30;;;;
20/06/2024 12:53:40;;;;
20/06/2024 12:53:50;;;;
20/06/2024 12:54:00;;;;
20/06/2024 12:54:10;;;;
20/06/2024 12:54:20;;;;
20/06/2024 12:54:30;;;;
20/06/2024 12:54:40;;;;
20/06/2024 12:54:50;;;;
20/06/2024 12:55:00;;;;
20/06/2024 12:55:10;;;;
20/06/2024 12:55:20;;;;
20/06/2024 12:55:30;;;;
20/06/2024 12:55:40;;;;
20/06/2024 12:55:50;;;;
20/06/2024 12:56:00;;;;
20/06/2024 12:56:10;;;;
20/06/2024 12:56:20;;;;
20/06/2024 12:56:30;;;;
20/06/2024 12:56:40;;;;
20/06/2024 12:56:50;;;;
20/06/2024 12:57:00;;;;
20/06/2024 12:57:10;;;;
20/06/2024 12:57:20;;;;
20/06/2024 12:57:30;;;;
20/06/2024 12:57:40;;;;
20/06/2024 12:57:50;;;;
20/06/2024 12:58:00;;;;
20/06/2024 12:58:10;;;;
20/06/2024 12:58:20;;;;
20/06/2024 12:58:30;;;;
20/06/2024 12:58:40;;;;
20/06/2024 12:58:50;;;;
20/06/2024 12:59:00;;;;
20/06/2024 12:59:10;;;;
20/06/2024 12:59:20;;;;
20/06/2024 12:59:30;;;;
20/06/2024 12:59:40;;;;
20/06/2024 12:59:50;;;;
20/06/2024 13:00:00;;;;
20/06/2024 13:00:10;;;;
20/06/2024 13:00:20;;;;
20/06/2024 13:00:30;;;;
20/06/2024 13:00:40;;;;
20/06/2024 13:00:50;;;;
20/06/2024 13:01:00;;;;
20/06/2024 13:01:10;;;;
20/06/2024 13:01:20;;;;
20/06/2024 13:01:30;;;;
20/06/2024 13:01:40;;;;
20/06/2024 13:01:50;;;;
20/06/2024 13:02:00;;;;
20/06/2024 13:02:10;;;;
20/06/2024 13:02:20;;;;
20/06/2024 13:02:30;;;;
20/06/2024 13:02:40;;;;
20/06/2024 13:02:50;;;;
20/06/2024 13:03:00;;;;
20/06/2024 13:03:10;;;;
20/06/2024 13:03:20;;;;
20/06/2024 13:03:30;;;;
20/06/2024 13:03:40;;;;
20/06/2024 13:03:50;;;;
20/06/2024 13:04:00;;;;
20/06/2024 13:04:10;;;;
20/06/2024 13:04:20;;;;
20/06/2024 13:04:30;;;;
20/06/2024 13:04:40;;;;
20/06/2024 13:04:50;;;;
20/06/2024 13:05:00;;;;
20/06/2024 13:05:10;;;;
20/06/2024 13:05:20;;;;
20/06/2024 13:05:30;;;;
20/06/2024 13:05:40;;;;
20/06/2024 13:05:50;;;;
20/06/2024 13:06:00;;;;
20/06/2024 13:06:10;;;;
20/06/2024 13:06:20;;;;
20/06/2024 13:06:30;;;;
20/06/2024 13:06:40;;;;
20/06/2024 13:06:50;;;;
20/06/2024 13:07:00;;;;
20/06/2024 13:07:10;;;;
20/06/2024 13:07:20;;;;
20/06/2024 13:07:30;;;;
20/06/2024 13:07:40;;;;
20/06/2024 13:07:50;;;;
20/06/2024 13:08:00;;;;
20/06/2024 13:08:10;;;;
20/06/2024 13:08:20;;;;
20/06/2024 13:08:30;;;;
20/06/2024 13:08:40;;;;
20/06/2024 13:08:50;;;;
20/06/2024 13:09:00;;;;
20/06/2024 13:09:10;;;;
20/06/2024 13:09:20;;;;
20/06/2024 13:09:30;;;;
20/06/2024 13:09:40;;;;
20/06/2024 13:09:50;;;;
20/06/2024 13:10:00;;;;
20/06/2024 13:10:10;;;;
20/06/2024 13:10:20;;;;
20/06/2024 13:10:30;;;;
20/06/2024 13:10:40;;;;
20/06/2024 13:10:50;;;;
20/06/2024 13:11:00;;;;
20/06/2024 13:11:10;;;;
20/06/2024 13:11:20;;;;
20/06/2024 13:11:30;;;;
20/06/2024 13:11:40;;;;
20/06/2024 13:11:50;;;;
20/06/2024 13:12:00;;;;
20/06/2024 13:12:10;;;;
20/06/2024 13:12:20;;;;
20/06/2024 13:12:30;;;;
20/06/2024 13:12:40;;;;
20/06/2024 13:12:50;;;;
20/06/2024 13:13:00;;;;
20/06/2024 13:13:10;;;;
20/06/2024 13:13:20;;;;
20/06/2024 13:13:30;;;;
20/06/2024 13:13:40;;;;
20/06/2024 13:13:50;;;;
20/06/2024 13:14:00;;;;
20/06/2024 13:14:10;;;;
20/06/2024 13:14:20;;;;
20/06/2024 13:14:30;;;;
20/06/2024 13:14:40;;;;
20/06/2024 13:14:50;;;;
20/06/2024 13:15:00;;;;
20/06/2024 13:15:10;;;;
20/06/2024 13:15:20;;;;
20/06/2024 13:15:30;;;;
20/06/2024 13:15:40;;;;
20/06/2024 13:15:50;;;;
20/06/2024 13:16:00;;;;
20/06/2024 13:16:10;;;;
20/06/2024 13:16:20;;;;
20/06/2024 13:16:30;;;;
20/06/2024 13:16:40;;;;
20/06/2024 13:16:50;;;;
20/06/2024 13:17:00;;;;
20/06/2024 13:17:10;;;;
20/06/2024 13:17:20;;;;
20/06/2024 13:17:30;;;;
20/06/2024 13:17:40;;;;
20/06/2024 13:17:50;;;;
20/06/2024 13:18:00;;;;
20/06/2024 13:18:10;;;;
20/06/2024 13:18:20;;;;
20/06/2024 13:18:30;;;;
20/06/2024 13:18:40;;;;
20/06/2024 13:18:50;;;;
20/06/2024 13:19:00;;;;
20/06/2024 13:19:10;;;;
20/06/2024 13:19:20;;;;
20/06/2024 13:19:30;;;;
20/06/2024 13:19:40;;;;
20/06/2024 13:19:50;;;;
20/06/2024 13:20:00;;;;
20/06/2024 13:20:10;;;;
20/06/2024 13:20:20;;;;
20/06/2024 13:20:30;;;;
20/06/2024 13:20:40;;;;
20/06/2024 13:20:50;;;;
20/06/2024 13:21:00;;;;
20/06/2024 13:21:10;;;;
20/06/2024 13:21:20;;;;
20/06/2024 13:21:30;;;;
20/06/2024 13:21:40;;;;
20/06/2024 13:21:50;;;;
20/06/2024 13:22:00;;;;
20/06/2024 13:22:10;;;;
20/06/2024 13:22:20;;;;
20/06/2024 13:22:30;;;;
20/06/2024 13:22:40;;;;
20/06/2024 13:22:50;;;;
20/06/2024 13:23:00;;;;
20/06/2024 13:23:10;;;;
20/06/2024 13:23:20;;;;
20/06/2024 13:23:30;;;;
20/06/2024 13:23:40;;;;
20/06/2024 13:23:50;;;;
20/06/2024 13:24:00;;;;
20/06/2024 13:24:10;;;;
20/06/2024 13:24:20;;;;
20/06/2024 13:24:30;;;;
20/06/2024 13:24:40;;;;
20/06/2024 13:24:50;;;;
20/06/2024 13:25:00;;;;
20/06/2024 13:25:10;;;;
20/06/2024 13:25:20;;;;
20/06/2024 13:25:30;;;;
20/06/2024 13:25:40;;;;
20/06/2024 13:25:50;;;;
20/06/2024 13:26:00;;;;
20/06/2024 13:26:10;;;;
20/06/2024 13:26:20;;;;
20/06/2024 13:26:30;;;;
20/06/2024 13:26:40;;;;
20/06/2024 13:26:50;;;;
20/06/2024 13:27:00;;;;
20/06/2024 13:27:10;;;;
20/06/2024 13:27:20;;;;
20/06/2024 13:27:30;;;;
20/06/2024 13:27:40;;;;
20/06/2024 13:27:50;;;;
20/06/2024 13:28:00;;;;
20/06/2024 13:28:10;;;;
20/06/2024 13:28:20;;;;
20/06/2024 13:28:30;;;;
20/06/2024 13:28:40;;;;
20/06/2024 13:28:50;;;;
20/06/2024 13:29:00;;;;
20/06/2024 13:29:10;;;;
20/06/2024 13:29:20;;;;
20/06/2024 13:29:30;;;;
20/06/2024 13:29:40;;;;
20/06/2024 13:29:50;;;;
20/06/2024 13:30:00;;;;
20/06/2024 13:30:10;;;;
20/06/2024 13:30:20;;;;
20/06/2024 13:30:30;;;;
20/06/2024 13:30:40;;;;
20/06/2024 13:30:50;;;;
20/06/2024 13:31:00;;;;
20/06/2024 13:31:10;;;;
20/06/2024 13:31:20;;;;
20/06/2024 13:31:30;;;;
20/06/2024 13:31:40;;;;
20/06/2024 13:31:50;;;;
20/06/2024 13:32:00;;;;
20/06/2024 13:32:10;;;;
20/06/2024 13:32:20;;;;
20/06/2024 13:32:30;;;;
20/06/2024 13:32:40;;;;
20/06/2024 13:32:50;;;;
20/06/2024 13:33:00;;;;
20/06/2024 13:33:10;;;;
20/06/2024 13:33:20;;;;
20/06/2024 13:33:30;;;;
20/06/2024 13:33:40;;;;
20/06/2024 13:33:50;;;;
20/06/2024 13:34:00;;;;
20/06/2024 13:34:10;;;;
20/06/2024 13:34:20;;;;
20/06/2024 13:34:30;;;;
20/06/2024 13:34:40;;;;
20/06/2024 13:34:50;;;;
20/06/2024 13:35:00;;;;
20/06/2024 13:35:10;;;;
20/06/2024 13:35:20;;;;
20/06/2024 13:35:30;;;;
20/06/2024 13:35:40;;;;
20/06/2024 13:35:50;;;;
20/06/2024 13:36:00;;;;
20/06/2024 13:36:10;;;;
20/06/2024 13:36:20;;;;
20/06/2024 13:36:30;;;;
20/06/2024 13:36:40;;;;
20/06/2024 13:36:50;;;;
20/06/2024 13:37:00;;;;
20/06/2024 13:37:10;;;;
20/06/2024 13:37:20;;;;
20/06/2024 13:37:30;;;;
20/06/2024 13:37:40;;;;
20/06/2024 13:37:50;;;;
20/06/2024 13:38:00;;;;
20/06/2024 13:38:10;;;;
20/06/2024 13:38:20;;;;
20/06/2024 13:38:30;;;;
20/06/2024 13:38:40;;;;
20/06/2024 13:38:50;;;;
20/06/2024 13:39:00;;;;
20/06/2024 13:39:10;;;;
20/06/2024 13:39:20;;;;
20/06/2024 13:39:30;;;;
20/06/2024 13:39:40;;;;
20/06/2024 13:39:50;;;;
20/06/2024 13:40:00;;;;
20/06/2024 13:40:10;;;;
20/06/2024 13:40:20;;;;
20/06/2024 13:40:30;;;;
20/06/2024 13:40:40;;;;
20/06/2024 13:40:50;;;;
20/06/2024 13:41:00;;;;
20/06/2024 13:41:10;;;;
20/06/2024 13:41:20;;;;
20/06/2024 13:41:30;;;;
20/06/2024 13:41:40;;;;
20/06/2024 13:41:50;;;;
20/06/2024 13:42:00;;;;
20/06/2024 13:42:10;;;;
20/06/2024 13:42:20;;;;
20/06/2024 13:42:30;;;;
20/06/2024 13:42:40;;;;
20/06/2024 13:42:50;;;;
20/06/2024 13:43:00;;;;
20/06/2024 13:43:10;;;;
20/06/2024 13:43:20;;;;
20/06/2024 13:43:30;;;;
20/06/2024 13:43:40;;;;
20/06/2024 13:43:50;;;;
20/06/2024 13:44:00;;;;
20/06/2024 13:44:10;;;;
20/06/2024 13:44:20;;;;
20/06/2024 13:44:30;;;;
20/06/2024 13:44:40;;;;
20/06/2024 13:44:50;;;;
20/06/2024 13:45:00;;;;
20/06/2024 13:45:10;;;;
20/06/2024 13:45:20;;;;
20/06/2024 13:45:30;;;;
20/06/2024 13:45:40;;;;
20/06/2024 13:45:50;;;;
20/06/2024 13:46:00;;;;
20/06/2024 13:46:10;;;;
20/06/2024 13:46:20;;;;
20/06/2024 13:46:30;;;;
20/06/2024 13:46:40;;;;
20/06/2024 13:46:50;;;;
20/06/2024 13:47:00;;;;
20/06/2024 13:47:10;;;;
20/06/2024 13:47:20;;;;
20/06/2024 13:47:30;;;;
20/06/2024 13:47:40;;;;
20/06/2024 13:47:50;;;;
20/06/2024 13:48:00;;;;
20/06/2024 13:48:10;;;;
20/06/2024 13:48:20;;;;
20/06/2024 13:48:30;;;;
20/06/2024 13:48:40;;;;
20/06/2024 13:48:50;;;;
20/06/2024 13:49:00;;;;
20/06/2024 13:49:10;;;;
20/06/2024 13:49:20;;;;
20/06/2024 13:49:30;;;;
20/06/2024 13:49:40;;;;
20/06/2024 13:49:50;;;;
20/06/2024 13:50:00;;;;
20/06/2024 13:50:10;;;;
20/06/2024 13:50:20;;;;
20/06/2024 13:50:30;;;;
20/06/2024 13:50:40;;;;
20/06/2024 13:50:50;;;;
20/06/2024 13:51:00;;;;
20/06/2024 13:51:10;;;;
20/06/2024 13:51:20;;;;
20/06/2024 13:51:30;;;;
20/06/2024 13:51:40;;;;
20/06/2024 13:51:50;;;;
20/06/2024 13:52:00;;;;
20/06/2024 13:52:10;;;;
20/06/2024 13:52:20;;;;
20/06/2024 13:52:30;;;;
20/06/2024 13:52:40;;;;
20/06/2024 13:52:50;;;;
20/06/2024 13:53:00;;;;
20/06/2024 13:53:10;;;;
20/06/2024 13:53:20;;;;
20/06/2024 13:53:30;;;;
20/06/2024 13:53:40;;;;
20/06/2024 13:53:50;;;;
20/06/2024 13:54:00;;;;
20/06/2024 13:54:10;;;;
20/06/2024 13:54:20;;;;
20/06/2024 13:54:30;;;;
20/06/2024 13:54:40;;;;
20/06/2024 13:54:50;;;;
20/06/2024 13:55:00;;;;
20/06/2024 13:55:10;;;;
20/06/2024 13:55:20;;;;
20/06/2024 13:55:30;;;;
20/06/2024 13:55:40;;;;
20/06/2024 13:55:50;;;;
20/06/2024 13:56:00;;;;
20/06/2024 13:56:10;;;;
20/06/2024 13:56:20;;;;
20/06/2024 13:56:30;;;;
20/06/2024 13:56:40;;;;
20/06/2024 13:56:50;;;;
20/06/2024 13:57:00;;;;
20/06/2024 13:57:10;;;;
20/06/2024 13:57:20;;;;
20/06/2024 13:57:30;;;;
20/06/2024 13:57:40;;;;
20/06/2024 13:57:50;;;;
20/06/2024 13:58:00;;;;
20/06/2024 13:58:10;;;;
20/06/2024 13:58:20;;;;
20/06/2024 13:58:30;;;;
20/06/2024 13:58:40;;;;
20/06/2024 13:58:50;;;;
20/06/2024 13:59:00;;;;
20/06/2024 13:59:10;;;;
20/06/2024 13:59:20;;;;
20/06/2024 13:59:30;;;;
20/06/2024 13:59:40;;;;
20/06/2024 13:59:50;;;;
20/06/2024 14:00:00;;;;
20/06/2024 14:00:10;;;;
20/06/2024 14:00:20;;;;
20/06/2024 14:00:30;;;;
20/06/2024 14:00:40;;;;
20/06/2024 14:00:50;;;;
20/06/2024 14:01:00;;;;
20/06/2024 14:01:10;;;;
20/06/2024 14:01:20;;;;
20/06/2024 14:01:30;;;;
20/06/2024 14:01:40;;;;
20/06/2024 14:01:50;;;;
20/06/2024 14:02:00;;;;
20/06/2024 14:02:10;;;;
20/06/2024 14:02:20;;;;
20/06/2024 14:02:30;;;;
20/06/2024 14:02:40;;;;
20/06/2024 14:02:50;;;;
20/06/2024 14:03:00;;;;
20/06/2024 14:03:10;;;;
20/06/2024 14:03:20;;;;
20/06/2024 14:03:30;;;;
20/06/2024 14:03:40;;;;
20/06/2024 14:03:50;;;;
20/06/2024 14:04:00;;;;
20/06/2024 14:04:10;;;;
20/06/2024 14:04:20;;;;
20/06/2024 14:04:30;;;;
20/06/2024 14:04:40;;;;
20/06/2024 14:04:50;;;;
20/06/2024 14:05:00;;;;
20/06/2024 14:05:10;;;;
20/06/2024 14:05:20;;;;
20/06/2024 14:05:30;;;;
20/06/2024 14:05:40;;;;
20/06/2024 14:05:50;;;;
20/06/2024 14:06:00;;;;
20/06/2024 14:06:10;;;;
20/06/2024 14:06:20;;;;
20/06/2024 14:06:30;;;;
20/06/2024 14:06:40;;;;
20/06/2024 14:06:50;;;;
20/06/2024 14:07:00;;;;
20/06/2024 14:07:10;;;;
20/06/2024 14:07:20;;;;
20/06/2024 14:07:30;;;;
20/06/2024 14:07:40;;;;
20/06/2024 14:07:50;;;;
20/06/2024 14:08:00;;;;
20/06/2024 14:08:10;;;;
20/06/2024 14:08:20;;;;
20/06/2024 14:08:30;;;;
20/06/2024 14:08:40;;;;
20/06/2024 14:08:50;;;;
20/06/2024 14:09:00;;;;
20/06/2024 14:09:10;;;;
20/06/2024 14:09:20;;;;
20/06/2024 14:09:30;;;;
20/06/2024 14:09:40;;;;
20/06/2024 14:09:50;;;;
20/06/2024 14:10:00;;;;
20/06/2024 14:10:10;;;;
20/06/2024 14:10:20;;;;
20/06/2024 14:10:30;;;;
20/06/2024 14:10:40;;;;
20/06/2024 14:10:50;;;;
20/06/2024 14:11:00;;;;
20/06/2024 14:11:10;;;;
20/06/2024 14:11:20;;;;
20/06/2024 14:11:30;;;;
20/06/2024 14:11:40;;;;
20/06/2024 14:11:50;;;;
20/06/2024 14:12:00;;;;
20/06/2024 14:12:10;;;;
20/06/2024 14:12:20;;;;
20/06/2024 14:12:30;;;;
20/06/2024 14:12:40;;;;
20/06/2024 14:12:50;;;;
20/06/2024 14:13:00;;;;
20/06/2024 14:13:10;;;;
20/06/2024 14:13:20;;;;
20/06/2024 14:13:30;;;;
20/06/2024 14:13:40;;;;
20/06/2024 14:13:50;;;;
20/06/2024 14:14:00;;;;
20/06/2024 14:14:10;;;;
20/06/2024 14:14:20;;;;
20/06/2024 14:14:30;;;;
20/06/2024 14:14:40;;;;
20/06/2024 14:14:50;;;;
20/06/2024 14:15:00;;;;
20/06/2024 14:15:10;;;;
20/06/2024 14:15:20;;;;
20/06/2024 14:15:30;;;;
20/06/2024 14:15:40;;;;
20/06/2024 14:15:50;;;;
20/06/2024 14:16:00;;;;
20/06/2024 14:16:10;;;;
20/06/2024 14:16:20;;;;
20/06/2024 14:16:30;;;;
20/06/2024 14:16:40;;;;
20/06/2024 14:16:50;;;;
20/06/2024 14:17:00;;;;
20/06/2024 14:17:10;;;;
20/06/2024 14:17:20;;;;
20/06/2024 14:17:30;;;;
20/06/2024 14:17:40;;;;
20/06/2024 14:17:50;;;;
20/06/2024 14:18:00;;;;
20/06/2024 14:18:10;;;;
20/06/2024 14:18:20;;;;
20/06/2024 14:18:30;;;;
20/06/2024 14:18:40;;;;
20/06/2024 14:18:50;;;;
20/06/2024 14:19:00;;;;
20/06/2024 14:19:10;;;;
20/06/2024 14:19:20;;;;
20/06/2024 14:19:30;;;;
20/06/2024 14:19:40;;;;
20/06/2024 14:19:50;;;;
20/06/2024 14:20:00;;;;
20/06/2024 14:20:10;;;;
20/06/2024 14:20:20;;;;
20/06/2024 14:20:30;;;;
20/06/2024 14:20:40;;;;
20/06/2024 14:20:50;;;;
20/06/2024 14:21:00;;;;
20/06/2024 14:21:10;;;;
20/06/2024 14:21:20;;;;
20/06/2024 14:21:30;;;;
20/06/2024 14:21:40;;;;
20/06/2024 14:21:50;;;;
20/06/2024 14:22:00;;;;
20/06/2024 14:22:10;;;;
20/06/2024 14:22:20;;;;
20/06/2024 14:22:30;;;;
20/06/2024 14:22:40;;;;
20/06/2024 14:22:50;;;;
20/06/2024 14:23:00;;;;
20/06/2024 14:23:10;;;;
20/06/2024 14:23:20;;;;
20/06/2024 14:23:30;;;;
20/06/2024 14:23:40;;;;
20/06/2024 14:23:50;;;;
20/06/2024 14:24:00;;;;
20/06/2024 14:24:10;;;;
20/06/2024 14:24:20;;;;
20/06/2024 14:24:30;;;;
20/06/2024 14:24:40;;;;
20/06/2024 14:24:50;;;;
20/06/2024 14:25:00;;;;
20/06/2024 14:25:10;;;;
20/06/2024 14:25:20;;;;
20/06/2024 14:25:30;;;;
20/06/2024 14:25:40;;;;
20/06/2024 14:25:50;;;;
20/06/2024 14:26:00;;;;
20/06/2024 14:26:10;;;;
20/06/2024 14:26:20;;;;
20/06/2024 14:26:30;;;;
20/06/2024 14:26:40;;;;
20/06/2024 14:26:50;;;;
20/06/2024 14:27:00;;;;
20/06/2024 14:27:10;;;;
20/06/2024 14:27:20;;;;
20/06/2024 14:27:30;;;;
20/06/2024 14:27:40;;;;
20/06/2024 14:27:50;;;;
20/06/2024 14:28:00;;;;
20/06/2024 14:28:10;;;;
20/06/2024 14:28:20;;;;
20/06/2024 14:28:30;;;;
20/06/2024 14:28:40;;;;
20/06/2024 14:28:50;;;;
20/06/2024 14:29:00;;;;
20/06/2024 14:29:10;;;;
20/06/2024 14:29:20;;;;
20/06/2024 14:29:30;;;;
20/06/2024 14:29:40;;;;
20/06/2024 14:29:50;;;;
20/06/2024 14:30:00;;;;
20/06/2024 14:30:10;;;;
20/06/2024 14:30:20;;;;
20/06/2024 14:30:30;;;;
20/06/2024 14:30:40;;;;
20/06/2024 14:30:50;;;;
20/06/2024 14:31:00;;;;
20/06/2024 14:31:10;;;;
20/06/2024 14:31:20;;;;
20/06/2024 14:31:30;;;;
20/06/2024 14:31:40;;;;
20/06/2024 14:31:50;;;;
20/06/2024 14:32:00;;;;
20/06/2024 14:32:10;;;;
20/06/2024 14:32:20;;;;
20/06/2024 14:32:30;;;;
20/06/2024 14:32:40;;;;
20/06/2024 14:32:50;;;;
20/06/2024 14:33:00;;;;
20/06/2024 14:33:10;;;;
20/06/2024 14:33:20;;;;
20/06/2024 14:33:30;;;;
20/06/2024 14:33:40;;;;
20/06/2024 14:33:50;;;;
20/06/2024 14:34:00;;;;
20/06/2024 14:34:10;;;;
20/06/2024 14:34:20;;;;
20/06/2024 14:34:30;;;;
20/06/2024 14:34:40;;;;
20/06/2024 14:34:50;;;;
20/06/2024 14:35:00;;;;
20/06/2024 14:35:10;;;;
20/06/2024 14:35:20;;;;
20/06/2024 14:35:30;;;;
20/06/2024 14:35:40;;;;
20/06/2024 14:35:50;;;;
20/06/2024 14:36:00;;;;
20/06/2024 14:36:10;;;;
20/06/2024 14:36:20;;;;
20/06/2024 14:36:30;;;;
20/06/2024 14:36:40;;;;
20/06/2024 14:36:50;;;;
20/06/2024 14:37:00;;;;
20/06/2024 14:37:10;;;;
20/06/2024 14:37:20;;;;
20/06/2024 14:37:30;;;;
20/06/2024 14:37:40;;;;
20/06/2024 14:37:50;;;;
20/06/2024 14:38:00;;;;
20/06/2024 14:38:10;;;;
20/06/2024 14:38:20;;;;
20/06/2024 14:38:30;;;;
20/06/2024 14:38:40;;;;
20/06/2024 14:38:50;;;;
20/06/2024 14:39:00;;;;
20/06/2024 14:39:10;;;;
20/06/2024 14:39:20;;;;
20/06/2024 14:39:30;;;;
20/06/2024 14:39:40;;;;
20/06/2024 14:39:50;;;;
20/06/2024 14:40:00;;;;
20/06/2024 14:40:10;;;;
20/06/2024 14:40:20;;;;
20/06/2024 14:40:30;;;;
20/06/2024 14:40:40;;;;
20/06/2024 14:40:50;;;;
20/06/2024 14:41:00;;;;
20/06/2024 14:41:10;;;;
20/06/2024 14:41:20;;;;
20/06/2024 14:41:30;;;;
20/06/2024 14:41:40;;;;
20/06/2024 14:41:50;;;;
20/06/2024 14:42:00;;;;
20/06/2024 14:42:10;;;;
20/06/2024 14:42:20;;;;
20/06/2024 14:42:30;;;;
20/06/2024 14:42:40;;;;
20/06/2024 14:42:50;;;;
20/06/2024 14:43:00;;;;
20/06/2024 14:43:10;;;;
20/06/2024 14:43:20;;;;
20/06/2024 14:43:30;;;;
20/06/2024 14:43:40;;;;
20/06/2024 14:43:50;;;;
20/06/2024 14:44:00;;;;
20/06/2024 14:44:10;;;;
20/06/2024 14:44:20;;;;
20/06/2024 14:44:30;;;;
20/06/2024 14:44:40;;;;
20/06/2024 14:44:50;;;;
20/06/2024 14:45:00;;;;
20/06/2024 14:45:10;;;;
20/06/2024 14:45:20;;;;
20/06/2024 14:45:30;;;;
20/06/2024 14:45:40;;;;
20/06/2024 14:45:50;;;;
20/06/2024 14:46:00;;;;
20/06/2024 14:46:10;;;;
20/06/2024 14:46:20;;;;
20/06/2024 14:46:30;;;;
20/06/2024 14:46:40;;;;
20/06/2024 14:46:50;;;;
20/06/2024 14:47:00;;;;
20/06/2024 14:47:10;;;;
20/06/2024 14:47:20;;;;
20/06/2024 14:47:30;;;;
20/06/2024 14:47:40;;;;
20/06/2024 14:47:50;;;;
20/06/2024 14:48:00;;;;
20/06/2024 14:48:10;;;;
20/06/2024 14:48:20;;;;
20/06/2024 14:48:30;;;;
20/06/2024 14:48:40;;;;
20/06/2024 14:48:50;;;;
20/06/2024 14:49:00;;;;
20/06/2024 14:49:10;;;;
20/06/2024 14:49:20;;;;
20/06/2024 14:49:30;;;;
20/06/2024 14:49:40;;;;
20/06/2024 14:49:50;;;;
20/06/2024 14:50:00;;;;
20/06/2024 14:50:10;;;;
20/06/2024 14:50:20;;;;
20/06/2024 14:50:30;;;;
20/06/2024 14:50:40;;;;
20/06/2024 14:50:50;;;;
20/06/2024 14:51:00;;;;
20/06/2024 14:51:10;;;;
20/06/2024 14:51:20;;;;
20/06/2024 14:51:30;;;;
20/06/2024 14:51:40;;;;
20/06/2024 14:51:50;;;;
20/06/2024 14:52:00;;;;
20/06/2024 14:52:10;;;;
20/06/2024 14:52:20;;;;
20/06/2024 14:52:30;;;;
20/06/2024 14:52:40;;;;
20/06/2024 14:52:50;;;;
20/06/2024 14:53:00;;;;
20/06/2024 14:53:10;;;;
20/06/2024 14:53:20;;;;
20/06/2024 14:53:30;;;;
20/06/2024 14:53:40;;;;
20/06/2024 14:53:50;;;;
20/06/2024 14:54:00;;;;
20/06/2024 14:54:10;;;;
20/06/2024 14:54:20;;;;
20/06/2024 14:54:30;;;;
20/06/2024 14:54:40;;;;
20/06/2024 14:54:50;;;;
20/06/2024 14:55:00;;;;
20/06/2024 14:55:10;;;;
20/06/2024 14:55:20;;;;
20/06/2024 14:55:30;;;;
20/06/2024 14:55:40;;;;
20/06/2024 14:55:50;;;;
20/06/2024 14:56:00;;;;
20/06/2024 14:56:10;;;;
20/06/2024 14:56:20;;;;
20/06/2024 14:56:30;;;;
20/06/2024 14:56:40;;;;
20/06/2024 14:56:50;;;;
20/06/2024 14:57:00;;;;
20/06/2024 14:57:10;;;;
20/06/2024 14:57:20;;;;
20/06/2024 14:57:30;;;;
20/06/2024 14:57:40;;;;
20/06/2024 14:57:50;;;;
20/06/2024 14:58:00;;;;
20/06/2024 14:58:10;;;;
20/06/2024 14:58:20;;;;
20/06/2024 14:58:30;;;;
20/06/2024 14:58:40;;;;
20/06/2024 14:58:50;;;;
20/06/2024 14:59:00;;;;
20/06/2024 14:59:10;;;;
20/06/2024 14:59:20;;;;
20/06/2024 14:59:30;;;;
20/06/2024 14:59:40;;;;
20/06/2024 14:59:50;;;;
20/06/2024 15:00:00;;;;
20/06/2024 15:00:10;;;;
20/06/2024 15:00:20;;;;
20/06/2024 15:00:30;;;;
20/06/2024 15:00:40;;;;
20/06/2024 15:00:50;;;;
20/06/2024 15:01:00;;;;
20/06/2024 15:01:10;;;;
20/06/2024 15:01:20;;;;
20/06/2024 15:01:30;;;;
20/06/2024 15:01:40;;;;
20/06/2024 15:01:50;;;;
20/06/2024 15:02:00;0;0;0;0
20/06/2024 15:02:10;0,89812892567028;0,0038738104430112;0,73160025856712;116,5640625
20/06/2024 15:02:20;1,7962578513406;0,0077476208860224;1,4632005171342;233,128125
20/06/2024 15:02:30;2,6943867770108;0,011621431329034;2,1948007757013;349,6921875
20/06/2024 15:02:40;3,5925157026811;0,015495241772045;2,9264010342685;466,25625
20/06/2024 15:02:50;4,4906446283514;0,019369052215056;3,6580012928356;582,8203125
20/06/2024 15:03:00;5,3887735540217;0,023242862658067;4,3896015514027;699,384375
20/06/2024 15:03:10;6,2869024796919;0,027116673101078;5,1212018099698;815,9484375
20/06/2024 15:03:20;7,1850314053622;0,03099048354409;5,8528020685369;932,5125
20/06/2024 15:03:30;8,0831603310325;0,034864293987101;6,584402327104;1049,0765625
20/06/2024 15:03:40;8,9812892567028;0,038738104430112;7,3160025856712;1165,640625
20/06/2024 15:03:50;9,879418182373;0,042611914873123;8,0476028442383;1282,2046875
20/06/2024 15:04:00;10,777547108043;0,046485725316134;8,7792031028054;1398,76875
20/06/2024 15:04:10;11,675676033714;0,050359535759146;9,5108033613725;1515,3328125
20/06/2024 15:04:20;12,573804959384;0,054233346202157;10,24240361994;1631,896875
20/06/2024 15:04:30;13,471933885054;0,058107156645168;10,974003878507;1748,4609375
20/06/2024 15:04:40;14,370062810724;0,061980967088179;11,705604137074;1865,025
20/06/2024 15:04:50;15,268191736395;0,06585477753119;12,437204395641;1981,5890625
20/06/2024 15:05:00;16,166320662065;0,069728587974202;13,168804654208;2098,153125
20/06/2024 15:05:10;17,064449587735;0,073602398417213;13,900404912775;2214,7171875
20/06/2024 15:05:20;17,962578513406;0,077476208860224;14,632005171342;2331,28125
20/06/2024 15:05:30;18,860707439076;0,081350019303235;15,363605429909;2447,8453125
20/06/2024 15:05:40;19,758836364746;0,085223829746246;16,095205688477;2564,409375
20/06/2024 15:05:50;20,656965290416;0,089097640189258;16,826805947044;2680,9734375
20/06/2024 15:06:00;21,555094216087;0,092971450632269;17,558406205611;2797,5375
20/06/2024 15:06:10;22,453223141757;0,09684526107528;18,290006464178;2914,1015625
20/06/2024 15:06:20;23,351352067427;0,10071907151829;19,021606722745;3030,665625
20/06/2024 15:06:30;24,249480993097;0,1045928819613;19,753206981312;3147,2296875
20/06/2024 15:06:40;25,147609918768;0,10846669240431;20,484807239879;3263,79375
20/06/2024 15:06:50;26,045738844438;0,11234050284732;21,216407498446;3380,3578125
20/06/2024 15:07:00;26,943867770108;0,11621431329034;21,948007757013;3496,921875
20/06/2024 15:07:10;27,841996695779;0,12008812373335;22,679608015581;3613,4859375
20/06/2024 15:07:20;28,740125621449;0,12396193417636;23,411208274148;3730,05
20/06/2024 15:07:30;29,638254547119;0,12783574461937;24,142808532715;3846,6140625
20/06/2024 15:07:40;30,536383472789;0,13170955506238;24,874408791282;3963,178125
20/06/2024 15:07:50;31,43451239846;0,13558336550539;25,606009049849;4079,7421875
20/06/2024 15:08:00;32,33264132413;0,1394571759484;26,337609308416;4196,30625
20/06/2024 15:08:10;33,2307702498;0,14333098639141;27,069209566983;4312,8703125
20/06/2024 15:08:20;34,128899175471;0,14720479683443;27,80080982555;4429,434375
20/06/2024 15:08:30;35,027028101141;0,15107860727744;28,532410084118;4545,9984375
20/06/2024 15:08:40;35,925157026811;0,15495241772045;29,264010342685;4662,5625
20/06/2024 15:08:50;36,823285952481;0,15882622816346;29,995610601252;4779,1265625
20/06/2024 15:09:00;37,721414878152;0,16270003860647;30,727210859819;4895,690625
20/06/2024 15:09:10;38,619543803822;0,16657384904948;31,458811118386;5012,2546875
20/06/2024 15:09:20;39,517672729492;0,17044765949249;32,190411376953;5128,81875
20/06/2024 15:09:30;40,415801655162;0,1743214699355;32,92201163552;5245,3828125
20/06/2024 15:09:40;41,313930580833;0,17819528037852;33,653611894087;5361,946875
20/06/2024 15:09:50;42,212059506503;0,18206909082153;34,385212152654;5478,5109375
20/06/2024 15:10:00;43,110188432173;0,18594290126454;35,116812411222;5595,075
20/06/2024 15:10:10;44,008317357844;0,18981671170755;35,848412669789;5711,6390625
20/06/2024 15:10:20;44,906446283514;0,19369052215056;36,580012928356;5828,203125
20/06/2024 15:10:30;45,804575209184;0,19756433259357;37,311613186923;5944,7671875
20/06/2024 15:10:40;46,702704134854;0,20143814303658;38,04321344549;6061,33125
20/06/2024 15:10:50;47,600833060525;0,20531195347959;38,774813704057;6177,8953125
20/06/2024 15:11:00;48,498961986195;0,2091857639226;39,506413962624;6294,459375
20/06/2024 15:11:10;49,397090911865;0,21305957436562;40,238014221191;6411,0234375
20/06/2024 15:11:20;50,295219837536;0,21693338480863;40,969614479759;6527,5875
20/06/2024 15:11:30;51,193348763206;0,22080719525164;41,701214738326;6644,1515625
20/06/2024 15:11:40;52,091477688876;0,22468100569465;42,432814996893;6760,715625
20/06/2024 15:11:50;52,989606614546;0,22855481613766;43,16441525546;6877,2796875
20/06/2024 15:12:00;53,887735540217;0,23242862658067;43,896015514027;6993,84375
20/06/2024 15:12:10;54,785864465887;0,23630243702368;44,627615772594;7110,4078125
20/06/2024 15:12:20;55,683993391557;0,24017624746669;45,359216031161;7226,971875
20/06/2024 15:12:30;56,582122317227;0,24405005790971;46,090816289728;7343,5359375
20/06/2024 15:12:40;57,480251242898;0,24792386835272;46,822416548295;7460,1
20/06/2024 15:12:50;58,378380168568;0,25179767879573;47,554016806863;7576,6640625
20/06/2024 15:13:00;59,276509094238;0,25567148923874;48,28561706543;7693,228125
20/06/2024 15:13:10;60,174638019909;0,25954529968175;49,017217323997;7809,7921875
20/06/2024 15:13:20;61,072766945579;0,26341911012476;49,748817582564;7926,35625
20/06/2024 15:13:30;61,970895871249;0,26729292056777;50,480417841131;8042,9203125
20/06/2024 15:13:40;62,869024796919;0,27116673101078;51,212018099698;8159,484375
20/06/2024 15:13:50;63,76715372259;0,2750405414538;51,943618358265;8276,0484375
20/06/2024 15:14:00;64,66528264826;0,27891435189681;52,675218616832;8392,6125
20/06/2024 15:14:10;65,56341157393;0,28278816233982;53,4068188754;8509,1765625
20/06/2024 15:14:20;66,461540499601;0,28666197278283;54,138419133967;8625,740625
20/06/2024 15:14:30;67,359669425271;0,29053578322584;54,870019392534;8742,3046875
20/06/2024 15:14:40;68,257798350941;0,29440959366885;55,601619651101;8858,86875
20/06/2024 15:14:50;69,155927276611;0,29828340411186;56,333219909668;8975,4328125
20/06/2024 15:15:00;70,054056202282;0,30215721455487;57,064820168235;9091,996875
20/06/2024 15:15:10;70,952185127952;0,30603102499788;57,796420426802;9208,5609375
20/06/2024 15:15:20;71,850314053622;0,3099048354409;58,528020685369;9325,125
20/06/2024 15:15:30;72,748442979292;0,31377864588391;59,259620943936;9441,6890625
20/06/2024 15:15:40;73,646571904963;0,31765245632692;59,991221202504;9558,253125
20/06/2024 15:15:50;74,544700830633;0,32152626676993;60,722821461071;9674,8171875
20/06/2024 15:16:00;75,442829756303;0,32540007721294;61,454421719638;9791,38125
20/06/2024 15:16:10;76,340958681974;0,32927388765595;62,186021978205;9907,9453125
20/06/2024 15:16:20;77,239087607644;0,33314769809896;62,917622236772;10024,509375
20/06/2024 15:16:30;78,137216533314;0,33702150854197;63,649222495339;10141,0734375
20/06/2024 15:16:40;79,035345458984;0,34089531898499;64,380822753906;10257,6375
20/06/2024 15:16:50;79,933474384655;0,344769129428;65,112423012473;10374,2015625
20/06/2024 15:17:00;80,831603310325;0,34864293987101;65,84402327104;10490,765625
20/06/2024 15:17:10;81,729732235995;0,35251675031402;66,575623529608;10607,3296875
20/06/2024 15:17:20;82,627861161665;0,35639056075703;67,307223788175;10723,89375
20/06/2024 15:17:30;83,525990087336;0,36026437120004;68,038824046742;10840,4578125
20/06/2024 15:17:40;84,424119013006;0,36413818164305;68,770424305309;10957,021875
20/06/2024 15:17:50;85,322247938676;0,36801199208606;69,502024563876;11073,5859375
20/06/2024 15:18:00;86,220376864347;0,37188580252907;70,233624822443;11190,15
20/06/2024 15:18:10;87,118505790017;0,37575961297209;70,96522508101;11306,7140625
20/06/2024 15:18:20;88,016634715687;0,3796334234151;71,696825339577;11423,278125
20/06/2024 15:18:30;88,914763641357;0,38350723385811;72,428425598145;11539,8421875
20/06/2024 15:18:40;89,812892567028;0,38738104430112;73,160025856712;11656,40625
20/06/2024 15:18:50;90,711021492698;0,39125485474413;73,891626115279;11772,9703125
20/06/2024 15:19:00;91,609150418368;0,39512866518714;74,623226373846;11889,534375
20/06/2024 15:19:10;92,507279344039;0,39900247563015;75,354826632413;12006,0984375
20/06/2024 15:19:20;93,405408269709;0,40287628607316;76,08642689098;12122,6625
20/06/2024 15:19:30;94,303537195379;0,40675009651618;76,818027149547;12239,2265625
20/06/2024 15:19:40;95,201666121049;0,41062390695919;77,549627408114;12355,790625
20/06/2024 15:19:50;96,09979504672;0,4144977174022;78,281227666681;12472,3546875
20/06/2024 15:20:00;96,99792397239;0,41837152784521;79,012827925249;12588,91875
20/06/2024 15:20:10;97,89605289806;0,42224533828822;79,744428183816;12705,4828125
20/06/2024 15:20:20;98,79418182373;0,42611914873123;80,476028442383;12822,046875
20/06/2024 15:20:30;98,797378540039;0,42571884393692;80,387510454332;12794,68359375
20/06/2024 15:20:40;98,801704406738;0,42516097426414;80,298992466282;12758,19921875
20/06/2024 15:20:50;98,793473243713;0,42524504785736;80,210474478232;12724,374633789
20/06/2024 15:21:00;98,785242080688;0,42532912145058;80,121956490182;12690,550048828
20/06/2024 15:21:10;98,777010917664;0,4254131950438;80,033438502131;12656,725463867
20/06/2024 15:21:20;98,768779754639;0,42549726863702;79,944920514081;12622,900878906
20/06/2024 15:21:30;98,760548591614;0,42558134223024;79,856402526031;12589,076293945
20/06/2024 15:21:40;98,752317428589;0,42566541582346;79,76788453798;12555,251708984
20/06/2024 15:21:50;98,744086265564;0,42574948941668;79,67936654993;12521,427124023
20/06/2024 15:22:00;98,735855102539;0,4258335630099;79,59084856188;12487,602539063
20/06/2024 15:22:10;98,727623939514;0,42591763660312;79,502330573829;12453,777954102
20/06/2024 15:22:20;98,719392776489;0,42600171019634;79,413812585779;12419,953369141
20/06/2024 15:22:30;98,711161613464;0,42608578378956;79,325294597729;12386,12878418
20/06/2024 15:22:40;98,702930450439;0,42616985738277;79,236776609679;12352,304199219
20/06/2024 15:22:50;98,694699287415;0,42625393097599;79,148258621628;12318,479614258
20/06/2024 15:23:00;98,68646812439;0,42633800456921;79,059740633578;12284,655029297
20/06/2024 15:23:10;98,678236961365;0,42642207816243;78,971222645528;12250,830444336
20/06/2024 15:23:20;98,67000579834;0,42650615175565;78,882704657477;12217,005859375
20/06/2024 15:23:30;98,661774635315;0,42659022534887;78,794186669427;12183,181274414
20/06/2024 15:23:40;98,65354347229;0,42667429894209;78,705668681377;12149,356689453
20/06/2024 15:23:50;98,645312309265;0,42675837253531;78,617150693326;12115,532104492
20/06/2024 15:24:00;98,63708114624;0,42684244612853;78,528632705276;12081,707519531
20/06/2024 15:24:10;98,628849983215;0,42692651972175;78,440114717226;12047,88293457
20/06/2024 15:24:20;98,62061882019;0,42701059331497;78,351596729175;12014,058349609
20/06/2024 15:24:30;98,612387657166;0,42709466690818;78,263078741125;11980,233764648
20/06/2024 15:24:40;98,604156494141;0,4271787405014;78,174560753075;11946,409179688
20/06/2024 15:24:50;98,595925331116;0,42726281409462;78,086042765025;11912,584594727
20/06/2024 15:25:00;98,587694168091;0,42734688768784;77,997524776974;11878,760009766
20/06/2024 15:25:10;98,579463005066;0,42743096128106;77,909006788924;11844,935424805
20/06/2024 15:25:20;98,571231842041;0,42751503487428;77,820488800874;11811,110839844
20/06/2024 15:25:30;98,563000679016;0,4275991084675;77,731970812823;11777,286254883
20/06/2024 15:25:40;98,554769515991;0,42768318206072;77,643452824773;11743,461669922
20/06/2024 15:25:50;98,546538352966;0,42776725565394;77,554934836723;11709,637084961
20/06/2024 15:26:00;98,538307189941;0,42785132924716;77,466416848672;11675,8125
20/06/2024 15:26:10;98,530076026917;0,42793540284038;77,377898860622;11641,987915039
20/06/2024 15:26:20;98,521844863892;0,4280194764336;77,289380872572;11608,163330078
20/06/2024 15:26:30;98,513613700867;0,42810355002681;77,200862884521;11574,338745117
20/06/2024 15:26:40;98,505382537842;0,42818762362003;77,112344896471;11540,514160156
20/06/2024 15:26:50;98,497151374817;0,42827169721325;77,023826908421;11506,689575195
20/06/2024 15:27:00;98,488920211792;0,42835577080647;76,935308920371;11472,864990234
20/06/2024 15:27:10;98,480689048767;0,42843984439969;76,84679093232;11439,040405273
20/06/2024 15:27:20;98,472457885742;0,42852391799291;76,75827294427;11405,215820313
20/06/2024 15:27:30;98,464226722717;0,42860799158613;76,66975495622;11371,391235352
20/06/2024 15:27:40;98,455995559692;0,42869206517935;76,581236968169;11337,566650391
20/06/2024 15:27:50;98,447764396667;0,42877613877257;76,492718980119;11303,74206543
20/06/2024 15:28:00;98,439533233643;0,42886021236579;76,404200992069;11269,917480469
20/06/2024 15:28:10;98,431302070618;0,42894428595901;76,315683004018;11236,092895508
20/06/2024 15:28:20;98,423070907593;0,42902835955222;76,227165015968;11202,268310547
20/06/2024 15:28:30;98,414839744568;0,42911243314544;76,138647027918;11168,443725586
20/06/2024 15:28:40;98,406608581543;0,42919650673866;76,050129039867;11134,619140625
20/06/2024 15:28:50;98,398377418518;0,42928058033188;75,961611051817;11100,794555664
20/06/2024 15:29:00;98,390146255493;0,4293646539251;75,873093063767;11066,969970703
20/06/2024 15:29:10;98,381915092468;0,42944872751832;75,784575075717;11033,145385742
20/06/2024 15:29:20;98,373683929443;0,42953280111154;75,696057087666;10999,320800781
20/06/2024 15:29:30;98,365452766418;0,42961687470476;75,607539099616;10965,49621582
20/06/2024 15:29:40;98,357221603394;0,42970094829798;75,519021111566;10931,671630859
20/06/2024 15:29:50;98,348990440369;0,4297850218912;75,430503123515;10897,847045898
20/06/2024 15:30:00;98,340759277344;0,42986909548442;75,341985135465;10864,022460938
20/06/2024 15:30:10;98,332528114319;0,42995316907763;75,253467147415;10830,197875977
20/06/2024 15:30:20;98,324296951294;0,43003724267085;75,164949159364;10796,373291016
20/06/2024 15:30:30;98,316065788269;0,43012131626407;75,076431171314;10762,548706055
20/06/2024 15:30:40;98,307834625244;0,43020538985729;74,987913183264;10728,724121094
20/06/2024 15:30:50;98,299603462219;0,43028946345051;74,899395195214;10694,899536133
20/06/2024 15:31:00;98,291372299194;0,43037353704373;74,810877207163;10661,074951172
20/06/2024 15:31:10;98,283141136169;0,43045761063695;74,722359219113;10627,250366211
20/06/2024 15:31:20;98,274909973145;0,43054168423017;74,633841231063;10593,42578125
20/06/2024 15:31:30;98,26667881012;0,43062575782339;74,545323243012;10559,601196289
20/06/2024 15:31:40;98,258447647095;0,43070983141661;74,456805254962;10525,776611328
20/06/2024 15:31:50;98,25021648407;0,43079390500983;74,368287266912;10491,952026367
20/06/2024 15:32:00;98,241985321045;0,43087797860305;74,279769278861;10458,127441406
20/06/2024 15:32:10;98,23375415802;0,43096205219626;74,191251290811;10424,302856445
20/06/2024 15:32:20;98,225522994995;0,43104612578948;74,102733302761;10390,478271484
20/06/2024 15:32:30;98,21729183197;0,4311301993827;74,01421531471;10356,653686523
20/06/2024 15:32:40;98,209060668945;0,43121427297592;73,92569732666;10322,829101563
20/06/2024 15:32:50;98,224609375;0,42767789959908;73,732174558789;10202,919921875
20/06/2024 15:33:00;98,234848022461;0,42782393097878;73,538651790918;10100,353515625
20/06/2024 15:33:10;97,976335264507;0,42669807852883;73,345129023048;10073,773637952
20/06/2024 15:33:20;97,717822506553;0,42557222607889;73,151606255177;10047,19376028
20/06/2024 15:33:30;97,459309748599;0,42444637362894;72,958083487306;10020,613882607
20/06/2024 15:33:40;97,200796990646;0,423320521179;72,764560719435;9994,0340049342
20/06/2024 15:33:50;96,942284232692;0,42219466872905;72,571037951564;9967,4541272615
20/06/2024 15:34:00;96,683771474738;0,42106881627911;72,377515183693;9940,8742495888
20/06/2024 15:34:10;96,425258716784;0,41994296382917;72,183992415823;9914,2943719161
20/06/2024 15:34:20;96,16674595883;0,41881711137922;71,990469647952;9887,7144942434
20/06/2024 15:34:30;95,908233200876;0,41769125892928;71,796946880081;9861,1346165707
20/06/2024 15:34:40;95,649720442922;0,41656540647933;71,60342411221;9834,554738898
20/06/2024 15:34:50;95,391207684969;0,41543955402939;71,409901344339;9807,9748612253
20/06/2024 15:35:00;95,132694927015;0,41431370157945;71,216378576468;9781,3949835526
20/06/2024 15:35:10;94,874182169061;0,4131878491295;71,022855808598;9754,8151058799
20/06/2024 15:35:20;94,615669411107;0,41206199667956;70,829333040727;9728,2352282072
20/06/2024 15:35:30;94,357156653153;0,41093614422961;70,635810272856;9701,6553505345
20/06/2024 15:35:40;94,098643895199;0,40981029177967;70,442287504985;9675,0754728618
20/06/2024 15:35:50;93,840131137246;0,40868443932972;70,248764737114;9648,4955951891
20/06/2024 15:36:00;93,581618379292;0,40755858687978;70,055241969243;9621,9157175164
20/06/2024 15:36:10;93,323105621338;0,40643273442984;69,861719201373;9595,3358398438
20/06/2024 15:36:20;93,064592863384;0,40530688197989;69,668196433502;9568,7559621711
20/06/2024 15:36:30;92,80608010543;0,40418102952995;69,474673665631;9542,1760844984
20/06/2024 15:36:40;92,547567347476;0,40305517708;69,28115089776;9515,5962068257
20/06/2024 15:36:50;92,289054589523;0,40192932463006;69,087628129889;9489,016329153
20/06/2024 15:37:00;92,030541831569;0,40080347218012;68,894105362018;9462,4364514803
20/06/2024 15:37:10;91,772029073615;0,39967761973017;68,700582594148;9435,8565738076
20/06/2024 15:37:20;91,513516315661;0,39855176728023;68,507059826277;9409,2766961349
20/06/2024 15:37:30;91,255003557707;0,39742591483028;68,313537058406;9382,6968184622
20/06/2024 15:37:40;90,996490799753;0,39630006238034;68,120014290535;9356,1169407895
20/06/2024 15:37:50;90,737978041799;0,39517420993039;67,926491522664;9329,5370631168
20/06/2024 15:38:00;90,479465283846;0,39404835748045;67,732968754793;9302,9571854441
20/06/2024 15:38:10;90,220952525892;0,39292250503051;67,539445986923;9276,3773077714
20/06/2024 15:38:20;89,962439767938;0,39179665258056;67,345923219052;9249,7974300987
20/06/2024 15:38:30;89,703927009984;0,39067080013062;67,152400451181;9223,217552426
20/06/2024 15:38:40;89,44541425203;0,38954494768067;66,95887768331;9196,6376747533
20/06/2024 15:38:50;89,186901494076;0,38841909523073;66,765354915439;9170,0577970806
20/06/2024 15:39:00;88,928388736123;0,38729324278079;66,571832147568;9143,4779194079
20/06/2024 15:39:10;88,669875978169;0,38616739033084;66,378309379697;9116,8980417352
20/06/2024 15:39:20;88,411363220215;0,3850415378809;66,184786611827;9090,3181640625
20/06/2024 15:39:30;88,152850462261;0,38391568543095;65,991263843956;9063,7382863898
20/06/2024 15:39:40;87,894337704307;0,38278983298101;65,797741076085;9037,1584087171
20/06/2024 15:39:50;87,635824946353;0,38166398053107;65,604218308214;9010,5785310444
20/06/2024 15:40:00;87,377312188399;0,38053812808112;65,410695540343;8983,9986533717
20/06/2024 15:40:10;87,118799430446;0,37941227563118;65,217172772472;8957,418775699
20/06/2024 15:40:20;86,860286672492;0,37828642318123;65,023650004602;8930,8388980263
20/06/2024 15:40:30;86,601773914538;0,37716057073129;64,830127236731;8904,2590203536
20/06/2024 15:40:40;86,343261156584;0,37603471828134;64,63660446886;8877,6791426809
20/06/2024 15:40:50;86,08474839863;0,3749088658314;64,443081700989;8851,0992650082
20/06/2024 15:41:00;85,826235640676;0,37378301338146;64,249558933118;8824,5193873355
20/06/2024 15:41:10;85,567722882723;0,37265716093151;64,056036165247;8797,9395096628
20/06/2024 15:41:20;85,309210124769;0,37153130848157;63,862513397377;8771,3596319901
20/06/2024 15:41:30;85,050697366815;0,37040545603162;63,668990629506;8744,7797543174
20/06/2024 15:41:40;84,792184608861;0,36927960358168;63,475467861635;8718,1998766447
20/06/2024 15:41:50;84,533671850907;0,36815375113174;63,281945093764;8691,619998972
20/06/2024 15:42:00;84,275159092953;0,36702789868179;63,088422325893;8665,0401212993
20/06/2024 15:42:10;84,016646334999;0,36590204623185;62,894899558022;8638,4602436266
20/06/2024 15:42:20;83,758133577046;0,3647761937819;62,701376790152;8611,8803659539
20/06/2024 15:42:30;83,499620819092;0,36365034133196;62,507854022281;8585,3004882812
20/06/2024 15:42:40;83,241108061138;0,36252448888201;62,31433125441;8558,7206106086
20/06/2024 15:42:50;82,982595303184;0,36139863643207;62,120808486539;8532,1407329359
20/06/2024 15:43:00;82,72408254523;0,36027278398213;61,927285718668;8505,5608552632
20/06/2024 15:43:10;82,465569787276;0,35914693153218;61,733762950797;8478,9809775905
20/06/2024 15:43:20;82,207057029323;0,35802107908224;61,540240182927;8452,4010999178
20/06/2024 15:43:30;81,948544271369;0,35689522663229;61,346717415056;8425,8212222451
20/06/2024 15:43:40;81,690031513415;0,35576937418235;61,153194647185;8399,2413445724
20/06/2024 15:43:50;81,431518755461;0,35464352173241;60,959671879314;8372,6614668997
20/06/2024 15:44:00;81,173005997507;0,35351766928246;60,766149111443;8346,081589227
20/06/2024 15:44:10;80,914493239553;0,35239181683252;60,572626343572;8319,5017115543
20/06/2024 15:44:20;80,655980481599;0,35126596438257;60,379103575701;8292,9218338816
20/06/2024 15:44:30;80,397467723646;0,35014011193263;60,185580807831;8266,3419562089
20/06/2024 15:44:40;80,138954965692;0,34901425948268;59,99205803996;8239,7620785362
20/06/2024 15:44:50;79,880442207738;0,34788840703274;59,798535272089;8213,1822008635
20/06/2024 15:45:00;79,621929449784;0,3467625545828;59,605012504218;8186,6023231908
20/06/2024 15:45:10;79,36341669183;0,34563670213285;59,411489736347;8160,0224455181
20/06/2024 15:45:20;79,104903933876;0,34451084968291;59,217966968476;8133,4425678454
20/06/2024 15:45:30;78,846391175923;0,34338499723296;59,024444200606;8106,8626901727
20/06/2024 15:45:40;78,587878417969;0,34225914478302;58,830921432735;8080,2828125
20/06/2024 15:45:50;78,329365660015;0,34113329233308;58,637398664864;8053,7029348273
20/06/2024 15:46:00;78,070852902061;0,34000743988313;58,443875896993;8027,1230571546
20/06/2024 15:46:10;77,812340144107;0,33888158743319;58,250353129122;8000,5431794819
20/06/2024 15:46:20;77,553827386153;0,33775573498324;58,056830361251;7973,9633018092
20/06/2024 15:46:30;77,2953146282;0,3366298825333;57,863307593381;7947,3834241365
20/06/2024 15:46:40;77,036801870246;0,33550403008336;57,66978482551;7920,8035464638
20/06/2024 15:46:50;76,778289112292;0,33437817763341;57,476262057639;7894,2236687911
20/06/2024 15:47:00;76,519776354338;0,33325232518347;57,282739289768;7867,6437911184
20/06/2024 15:47:10;76,261263596384;0,33212647273352;57,089216521897;7841,0639134457
20/06/2024 15:47:20;76,00275083843;0,33100062028358;56,895693754026;7814,484035773
20/06/2024 15:47:30;75,744238080476;0,32987476783363;56,702170986156;7787,9041581003
20/06/2024 15:47:40;75,485725322523;0,32874891538369;56,508648218285;7761,3242804276
20/06/2024 15:47:50;75,227212564569;0,32762306293375;56,315125450414;7734,7444027549
20/06/2024 15:48:00;74,968699806615;0,3264972104838;56,121602682543;7708,1645250822
20/06/2024 15:48:10;74,710187048661;0,32537135803386;55,928079914672;7681,5846474095
20/06/2024 15:48:20;74,451674290707;0,32424550558391;55,734557146801;7655,0047697368
20/06/2024 15:48:30;74,193161532753;0,32311965313397;55,541034378931;7628,4248920641
20/06/2024 15:48:40;73,9346487748;0,32199380068403;55,34751161106;7601,8450143914
20/06/2024 15:48:50;73,676136016846;0,32086794823408;55,153988843189;7575,2651367188
20/06/2024 15:49:00;73,417623258892;0,31974209578414;54,960466075318;7548,6852590461
20/06/2024 15:49:10;73,159110500938;0,31861624333419;54,766943307447;7522,1053813734
20/06/2024 15:49:20;72,900597742984;0,31749039088425;54,573420539576;7495,5255037007
20/06/2024 15:49:30;72,64208498503;0,3163645384343;54,379897771706;7468,945626028
20/06/2024 15:49:40;72,383572227076;0,31523868598436;54,186375003835;7442,3657483553
20/06/2024 15:49:50;72,125059469123;0,31411283353442;53,992852235964;7415,7858706826
20/06/2024 15:50:00;71,866546711169;0,31298698108447;53,799329468093;7389,2059930099
20/06/2024 15:50:10;71,608033953215;0,31186112863453;53,605806700222;7362,6261153372
20/06/2024 15:50:20;71,349521195261;0,31073527618458;53,412283932351;7336,0462376645
20/06/2024 15:50:30;71,091008437307;0,30960942373464;53,21876116448;7309,4663599918
20/06/2024 15:50:40;70,832495679353;0,3084835712847;53,02523839661;7282,8864823191
20/06/2024 15:50:50;70,5739829214;0,30735771883475;52,831715628739;7256,3066046464
20/06/2024 15:51:00;70,315470163446;0,30623186638481;52,638192860868;7229,7267269737
20/06/2024 15:51:10;70,056957405492;0,30510601393486;52,444670092997;7203,146849301
20/06/2024 15:51:20;69,798444647538;0,30398016148492;52,251147325126;7176,5669716283
20/06/2024 15:51:30;69,539931889584;0,30285430903497;52,057624557255;7149,9870939556
20/06/2024 15:51:40;69,28141913163;0,30172845658503;51,864101789385;7123,4072162829
20/06/2024 15:51:50;69,022906373677;0,30060260413509;51,670579021514;7096,8273386102
20/06/2024 15:52:00;68,764393615723;0,29947675168514;51,477056253643;7070,2474609375
20/06/2024 15:52:10;68,505880857769;0,2983508992352;51,283533485772;7043,6675832648
20/06/2024 15:52:20;68,247368099815;0,29722504678525;51,090010717901;7017,0877055921
20/06/2024 15:52:30;67,988855341861;0,29609919433531;50,89648795003;6990,5078279194
20/06/2024 15:52:40;67,730342583907;0,29497334188537;50,70296518216;6963,9279502467
20/06/2024 15:52:50;67,471829825953;0,29384748943542;50,509442414289;6937,348072574
20/06/2024 15:53:00;67,213317068;0,29272163698548;50,315919646418;6910,7681949013
20/06/2024 15:53:10;66,954804310046;0,29159578453553;50,122396878547;6884,1883172286
20/06/2024 15:53:20;66,696291552092;0,29046993208559;49,928874110676;6857,6084395559
20/06/2024 15:53:30;66,437778794138;0,28934407963565;49,735351342805;6831,0285618832
20/06/2024 15:53:40;66,179266036184;0,2882182271857;49,541828574935;6804,4486842105
20/06/2024 15:53:50;65,92075327823;0,28709237473576;49,348305807064;6777,8688065378
20/06/2024 15:54:00;65,662240520277;0,28596652228581;49,154783039193;6751,2889288651
20/06/2024 15:54:10;65,403727762323;0,28484066983587;48,961260271322;6724,7090511924
20/06/2024 15:54:20;65,145215004369;0,28371481738592;48,767737503451;6698,1291735197
20/06/2024 15:54:30;64,886702246415;0,28258896493598;48,57421473558;6671,549295847
20/06/2024 15:54:40;64,628189488461;0,28146311248604;48,38069196771;6644,9694181743
20/06/2024 15:54:50;64,369676730507;0,28033726003609;48,187169199839;6618,3895405016
20/06/2024 15:55:00;64,111163972553;0,27921140758615;47,993646431968;6591,8096628289
20/06/2024 15:55:10;63,8526512146;0,2780855551362;47,800123664097;6565,2297851563
20/06/2024 15:55:20;63,594138456646;0,27695970268626;47,606600896226;6538,6499074836
20/06/2024 15:55:30;63,335625698692;0,27583385023632;47,413078128355;6512,0700298109
20/06/2024 15:55:40;63,077112940738;0,27470799778637;47,219555360484;6485,4901521382
20/06/2024 15:55:50;62,818600182784;0,27358214533643;47,026032592614;6458,9102744655
20/06/2024 15:56:00;62,56008742483;0,27245629288648;46,832509824743;6432,3303967928
20/06/2024 15:56:10;62,301574666877;0,27133044043654;46,638987056872;6405,7505191201
20/06/2024 15:56:20;62,043061908923;0,27020458798659;46,445464289001;6379,1706414474
20/06/2024 15:56:30;61,784549150969;0,26907873553665;46,25194152113;6352,5907637747
20/06/2024 15:56:40;61,526036393015;0,26795288308671;46,058418753259;6326,010886102
20/06/2024 15:56:50;61,267523635061;0,26682703063676;45,864895985389;6299,4310084293
20/06/2024 15:57:00;61,009010877107;0,26570117818682;45,671373217518;6272,8511307566
20/06/2024 15:57:10;60,750498119153;0,26457532573687;45,477850449647;6246,2712530839
20/06/2024 15:57:20;60,4919853612;0,26344947328693;45,284327681776;6219,6913754112
20/06/2024 15:57:30;60,233472603246;0,26232362083699;45,090804913905;6193,1114977385
20/06/2024 15:57:40;59,974959845292;0,26119776838704;44,897282146034;6166,5316200658
20/06/2024 15:57:50;59,716447087338;0,2600719159371;44,703759378164;6139,9517423931
20/06/2024 15:58:00;59,457934329384;0,25894606348715;44,510236610293;6113,3718647204
20/06/2024 15:58:10;59,19942157143;0,25782021103721;44,316713842422;6086,7919870477
20/06/2024 15:58:20;58,940908813477;0,25669435858727;44,123191074551;6060,212109375
20/06/2024 15:58:30;58,682396055523;0,25556850613732;43,92966830668;6033,6322317023
20/06/2024 15:58:40;58,423883297569;0,25444265368738;43,736145538809;6007,0523540296
20/06/2024 15:58:50;58,165370539615;0,25331680123743;43,542622770939;5980,4724763569
20/06/2024 15:59:00;57,906857781661;0,25219094878749;43,349100003068;5953,8925986842
20/06/2024 15:59:10;57,648345023707;0,25106509633754;43,155577235197;5927,3127210115
20/06/2024 15:59:20;57,389832265753;0,2499392438876;42,962054467326;5900,7328433388
20/06/2024 15:59:30;57,1313195078;0,24881339143766;42,768531699455;5874,1529656661
20/06/2024 15:59:40;56,872806749846;0,24768753898771;42,575008931584;5847,5730879934
20/06/2024 15:59:50;56,614293991892;0,24656168653777;42,381486163714;5820,9932103207
20/06/2024 16:00:00;56,355781233938;0,24543583408782;42,187963395843;5794,413332648
20/06/2024 16:00:10;56,097268475984;0,24430998163788;41,994440627972;5767,8334549753
20/06/2024 16:00:20;55,83875571803;0,24318412918794;41,800917860101;5741,2535773026
20/06/2024 16:00:30;55,580242960077;0,24205827673799;41,60739509223;5714,6736996299
20/06/2024 16:00:40;55,321730202123;0,24093242428805;41,413872324359;5688,0938219572
20/06/2024 16:00:50;55,063217444169;0,2398065718381;41,220349556489;5661,5139442845
20/06/2024 16:01:00;54,804704686215;0,23868071938816;41,026826788618;5634,9340666118
20/06/2024 16:01:10;54,546191928261;0,23755486693821;40,833304020747;5608,3541889391
20/06/2024 16:01:20;54,287679170307;0,23642901448827;40,639781252876;5581,7743112664
20/06/2024 16:01:30;54,029166412354;0,23530316203833;40,446258485005;5555,1944335938
20/06/2024 16:01:40;53,7706536544;0,23417730958838;40,252735717134;5528,6145559211
20/06/2024 16:01:50;53,512140896446;0,23305145713844;40,059212949263;5502,0346782484
20/06/2024 16:02:00;53,253628138492;0,23192560468849;39,865690181393;5475,4548005757
20/06/2024 16:02:10;52,995115380538;0,23079975223855;39,672167413522;5448,874922903
20/06/2024 16:02:20;52,736602622584;0,22967389978861;39,478644645651;5422,2950452303
20/06/2024 16:02:30;52,47808986463;0,22854804733866;39,28512187778;5395,7151675576
20/06/2024 16:02:40;52,219577106677;0,22742219488872;39,091599109909;5369,1352898849
20/06/2024 16:02:50;51,961064348723;0,22629634243877;38,898076342038;5342,5554122122
20/06/2024 16:03:00;51,702551590769;0,22517048998883;38,704553574168;5315,9755345395
20/06/2024 16:03:10;51,444038832815;0,22404463753888;38,511030806297;5289,3956568668
20/06/2024 16:03:20;51,185526074861;0,22291878508894;38,317508038426;5262,8157791941
20/06/2024 16:03:30;50,927013316907;0,221792932639;38,123985270555;5236,2359015214
20/06/2024 16:03:40;50,668500558954;0,22066708018905;37,930462502684;5209,6560238487
20/06/2024 16:03:50;50,409987801;0,21954122773911;37,736939734813;5183,076146176
20/06/2024 16:04:00;50,151475043046;0,21841537528916;37,543416966943;5156,4962685033
20/06/2024 16:04:10;49,892962285092;0,21728952283922;37,349894199072;5129,9163908306
20/06/2024 16:04:20;49,634449527138;0,21616367038928;37,156371431201;5103,3365131579
20/06/2024 16:04:30;49,375936769184;0,21503781793933;36,96284866333;5076,7566354852
20/06/2024 16:04:40;49,11742401123;0,21391196548939;36,769325895459;5050,1767578125
20/06/2024 16:04:50;48,858911253277;0,21278611303944;36,575803127588;5023,5968801398
20/06/2024 16:05:00;48,600398495323;0,2116602605895;36,382280359718;4997,0170024671
20/06/2024 16:05:10;48,341885737369;0,21053440813956;36,188757591847;4970,4371247944
20/06/2024 16:05:20;48,083372979415;0,20940855568961;35,995234823976;4943,8572471217
20/06/2024 16:05:30;47,824860221461;0,20828270323967;35,801712056105;4917,277369449
20/06/2024 16:05:40;47,566347463507;0,20715685078972;35,608189288234;4890,6974917763
20/06/2024 16:05:50;47,307834705554;0,20603099833978;35,414666520363;4864,1176141036
20/06/2024 16:06:00;47,0493219476;0,20490514588983;35,221143752493;4837,5377364309
20/06/2024 16:06:10;46,790809189646;0,20377929343989;35,027620984622;4810,9578587582
20/06/2024 16:06:20;46,532296431692;0,20265344098995;34,834098216751;4784,3779810855
20/06/2024 16:06:30;46,273783673738;0,20152758854;34,64057544888;4757,7981034128
20/06/2024 16:06:40;46,015270915784;0,20040173609006;34,447052681009;4731,2182257401
20/06/2024 16:06:50;45,75675815783;0,19927588364011;34,253529913138;4704,6383480674
20/06/2024 16:07:00;45,498245399877;0,19815003119017;34,060007145268;4678,0584703947
20/06/2024 16:07:10;45,239732641923;0,19702417874023;33,866484377397;4651,478592722
20/06/2024 16:07:20;44,981219883969;0,19589832629028;33,672961609526;4624,8987150493
20/06/2024 16:07:30;44,722707126015;0,19477247384034;33,479438841655;4598,3188373766
20/06/2024 16:07:40;44,464194368061;0,19364662139039;33,285916073784;4571,7389597039
20/06/2024 16:07:50;44,205681610107;0,19252076894045;33,092393305913;4545,1590820313
20/06/2024 16:08:00;43,947168852154;0,1913949164905;32,898870538042;4518,5792043586
20/06/2024 16:08:10;43,6886560942;0,19026906404056;32,705347770172;4491,9993266859
20/06/2024 16:08:20;43,430143336246;0,18914321159062;32,511825002301;4465,4194490132
20/06/2024 16:08:30;43,171630578292;0,18801735914067;32,31830223443;4438,8395713405
20/06/2024 16:08:40;42,913117820338;0,18689150669073;32,124779466559;4412,2596936678
20/06/2024 16:08:50;42,654605062384;0,18576565424078;31,931256698688;4385,6798159951
20/06/2024 16:09:00;42,396092304431;0,18463980179084;31,737733930817;4359,0999383224
20/06/2024 16:09:10;42,137579546477;0,1835139493409;31,544211162947;4332,5200606497
20/06/2024 16:09:20;41,879066788523;0,18238809689095;31,350688395076;4305,940182977
20/06/2024 16:09:30;41,620554030569;0,18126224444101;31,157165627205;4279,3603053043
20/06/2024 16:09:40;41,362041272615;0,18013639199106;30,963642859334;4252,7804276316
20/06/2024 16:09:50;41,103528514661;0,17901053954112;30,770120091463;4226,2005499589
20/06/2024 16:10:00;40,845015756707;0,17788468709117;30,576597323592;4199,6206722862
20/06/2024 16:10:10;40,586502998754;0,17675883464123;30,383074555722;4173,0407946135
20/06/2024 16:10:20;40,3279902408;0,17563298219129;30,189551787851;4146,4609169408
20/06/2024 16:10:30;40,069477482846;0,17450712974134;29,99602901998;4119,8810392681
20/06/2024 16:10:40;39,810964724892;0,1733812772914;29,802506252109;4093,3011615954
20/06/2024 16:10:50;39,552451966938;0,17225542484145;29,608983484238;4066,7212839227
20/06/2024 16:11:00;39,293939208984;0,17112957239151;29,415460716367;4040,14140625
20/06/2024 16:11:10;39,035426451031;0,17000371994157;29,221937948497;4013,5615285773
20/06/2024 16:11:20;38,776913693077;0,16887786749162;29,028415180626;3986,9816509046
20/06/2024 16:11:30;38,518400935123;0,16775201504168;28,834892412755;3960,4017732319
20/06/2024 16:11:40;38,259888177169;0,16662616259173;28,641369644884;3933,8218955592
20/06/2024 16:11:50;38,001375419215;0,16550031014179;28,447846877013;3907,2420178865
20/06/2024 16:12:00;37,742862661261;0,16437445769185;28,254324109142;3880,6621402138
20/06/2024 16:12:10;37,484349903307;0,1632486052419;28,060801341272;3854,0822625411
20/06/2024 16:12:20;37,225837145354;0,16212275279196;27,867278573401;3827,5023848684
20/06/2024 16:12:30;36,9673243874;0,16099690034201;27,67375580553;3800,9225071957
20/06/2024 16:12:40;36,708811629446;0,15987104789207;27,480233037659;3774,342629523
20/06/2024 16:12:50;36,450298871492;0,15874519544212;27,286710269788;3747,7627518503
20/06/2024 16:13:00;36,191786113538;0,15761934299218;27,093187501917;3721,1828741776
20/06/2024 16:13:10;35,933273355584;0,15649349054224;26,899664734046;3694,6029965049
20/06/2024 16:13:20;35,674760597631;0,15536763809229;26,706141966176;3668,0231188322
20/06/2024 16:13:30;35,416247839677;0,15424178564235;26,512619198305;3641,4432411595
20/06/2024 16:13:40;35,157735081723;0,1531159331924;26,319096430434;3614,8633634868
20/06/2024 16:13:50;34,899222323769;0,15199008074246;26,125573662563;3588,2834858141
20/06/2024 16:14:00;34,640709565815;0,15086422829252;25,932050894692;3561,7036081414
20/06/2024 16:14:10;34,382196807861;0,14973837584257;25,738528126821;3535,1237304688
20/06/2024 16:14:20;34,123684049907;0,14861252339263;25,545005358951;3508,5438527961
20/06/2024 16:14:30;33,865171291954;0,14748667094268;25,35148259108;3481,9639751234
20/06/2024 16:14:40;33,606658534;0,14636081849274;25,157959823209;3455,3840974507
20/06/2024 16:14:50;33,348145776046;0,14523496604279;24,964437055338;3428,804219778
20/06/2024 16:15:00;33,089633018092;0,14410911359285;24,770914287467;3402,2243421053
20/06/2024 16:15:10;32,831120260138;0,14298326114291;24,577391519596;3375,6444644326
20/06/2024 16:15:20;32,572607502184;0,14185740869296;24,383868751726;3349,0645867599
20/06/2024 16:15:30;32,314094744231;0,14073155624302;24,190345983855;3322,4847090872
20/06/2024 16:15:40;32,055581986277;0,13960570379307;23,996823215984;3295,9048314145
20/06/2024 16:15:50;31,797069228323;0,13847985134313;23,803300448113;3269,3249537418
20/06/2024 16:16:00;31,538556470369;0,13735399889319;23,609777680242;3242,7450760691
20/06/2024 16:16:10;31,280043712415;0,13622814644324;23,416254912371;3216,1651983964
20/06/2024 16:16:20;31,021530954461;0,1351022939933;23,222732144501;3189,5853207237
20/06/2024 16:16:30;30,763018196508;0,13397644154335;23,02920937663;3163,005443051
20/06/2024 16:16:40;30,504505438554;0,13285058909341;22,835686608759;3136,4255653783
20/06/2024 16:16:50;30,2459926806;0,13172473664346;22,642163840888;3109,8456877056
20/06/2024 16:17:00;29,987479922646;0,13059888419352;22,448641073017;3083,2658100329
20/06/2024 16:17:10;29,728967164692;0,12947303174358;22,255118305146;3056,6859323602
20/06/2024 16:17:20;29,470454406738;0,12834717929363;22,061595537276;3030,1060546875
20/06/2024 16:17:30;29,211941648784;0,12722132684369;21,868072769405;3003,5261770148
20/06/2024 16:17:40;28,953428890831;0,12609547439374;21,674550001534;2976,9462993421
20/06/2024 16:17:50;28,694916132877;0,1249696219438;21,481027233663;2950,3664216694
20/06/2024 16:18:00;28,436403374923;0,12384376949386;21,287504465792;2923,7865439967
20/06/2024 16:18:10;28,177890616969;0,12271791704391;21,093981697921;2897,206666324
20/06/2024 16:18:20;27,919377859015;0,12159206459397;20,900458930051;2870,6267886513
20/06/2024 16:18:30;27,660865101061;0,12046621214402;20,70693616218;2844,0469109786
20/06/2024 16:18:40;27,402352343108;0,11934035969408;20,513413394309;2817,4670333059
20/06/2024 16:18:50;27,143839585154;0,11821450724414;20,319890626438;2790,8871556332
20/06/2024 16:19:00;26,8853268272;0,11708865479419;20,126367858567;2764,3072779605
20/06/2024 16:19:10;26,626814069246;0,11596280234425;19,932845090696;2737,7274002878
20/06/2024 16:19:20;26,368301311292;0,1148369498943;19,739322322825;2711,1475226151
20/06/2024 16:19:30;26,109788553338;0,11371109744436;19,545799554955;2684,5676449424
20/06/2024 16:19:40;25,851275795384;0,11258524499441;19,352276787084;2657,9877672697
20/06/2024 16:19:50;25,592763037431;0,11145939254447;19,158754019213;2631,407889597
20/06/2024 16:20:00;25,334250279477;0,11033354009453;18,965231251342;2604,8280119243
20/06/2024 16:20:10;25,075737521523;0,10920768764458;18,771708483471;2578,2481342516
20/06/2024 16:20:20;24,817224763569;0,10808183519464;18,5781857156;2551,6682565789
20/06/2024 16:20:30;24,558712005615;0,10695598274469;18,38466294773;2525,0883789063
20/06/2024 16:20:40;24,300199247661;0,10583013029475;18,191140179859;2498,5085012336
20/06/2024 16:20:50;24,041686489708;0,10470427784481;17,997617411988;2471,9286235609
20/06/2024 16:21:00;23,783173731754;0,10357842539486;17,804094644117;2445,3487458882
20/06/2024 16:21:10;23,5246609738;0,10245257294492;17,610571876246;2418,7688682155
20/06/2024 16:21:20;23,266148215846;0,10132672049497;17,417049108375;2392,1889905428
20/06/2024 16:21:30;23,007635457892;0,10020086804503;17,223526340505;2365,6091128701
20/06/2024 16:21:40;22,749122699938;0,099075015595085;17,030003572634;2339,0292351974
20/06/2024 16:21:50;22,490609941984;0,097949163145141;16,836480804763;2312,4493575247
20/06/2024 16:22:00;22,232097184031;0,096823310695196;16,642958036892;2285,869479852
20/06/2024 16:22:10;21,973584426077;0,095697458245252;16,449435269021;2259,2896021793
20/06/2024 16:22:20;21,715071668123;0,094571605795308;16,25591250115;2232,7097245066
20/06/2024 16:22:30;21,456558910169;0,093445753345364;16,06238973328;2206,1298468339
20/06/2024 16:22:40;21,198046152215;0,09231990089542;15,868866965409;2179,5499691612
20/06/2024 16:22:50;20,939533394261;0,091194048445476;15,675344197538;2152,9700914885
20/06/2024 16:23:00;20,681020636308;0,090068195995532;15,481821429667;2126,3902138158
20/06/2024 16:23:10;20,422507878354;0,088942343545587;15,288298661796;2099,8103361431
20/06/2024 16:23:20;20,1639951204;0,087816491095643;15,094775893925;2073,2304584704
20/06/2024 16:23:30;19,905482362446;0,086690638645699;14,901253126055;2046,6505807977
20/06/2024 16:23:40;19,646969604492;0,085564786195755;14,707730358184;2020,070703125
20/06/2024 16:23:50;19,388456846538;0,084438933745811;14,514207590313;1993,4908254523
20/06/2024 16:24:00;19,129944088584;0,083313081295867;14,320684822442;1966,9109477796
20/06/2024 16:24:10;18,871431330631;0,082187228845923;14,127162054571;1940,3310701069
20/06/2024 16:24:20;18,612918572677;0,081061376395978;13,9336392867;1913,7511924342
20/06/2024 16:24:30;18,354405814723;0,079935523946034;13,74011651883;1887,1713147615
20/06/2024 16:24:40;18,095893056769;0,07880967149609;13,546593750959;1860,5914370888
20/06/2024 16:24:50;17,837380298815;0,077683819046146;13,353070983088;1834,0115594161
20/06/2024 16:25:00;17,578867540861;0,076557966596202;13,159548215217;1807,4316817434
20/06/2024 16:25:10;17,320354782908;0,075432114146258;12,966025447346;1780,8518040707
20/06/2024 16:25:20;17,061842024954;0,074306261696314;12,772502679475;1754,271926398
20/06/2024 16:25:30;16,803329267;0,073180409246369;12,578979911604;1727,6920487253
20/06/2024 16:25:40;16,544816509046;0,072054556796425;12,385457143734;1701,1121710526
20/06/2024 16:25:50;16,286303751092;0,070928704346481;12,191934375863;1674,5322933799
20/06/2024 16:26:00;16,027790993138;0,069802851896537;11,998411607992;1647,9524157072
20/06/2024 16:26:10;15,769278235185;0,068676999446593;11,804888840121;1621,3725380345
20/06/2024 16:26:20;15,510765477231;0,067551146996649;11,61136607225;1594,7926603618
20/06/2024 16:26:30;15,252252719277;0,066425294546705;11,417843304379;1568,2127826891
20/06/2024 16:26:40;14,993739961323;0,06529944209676;11,224320536509;1541,6329050164
20/06/2024 16:26:50;14,735227203369;0,064173589646816;11,030797768638;1515,0530273438
20/06/2024 16:27:00;14,476714445415;0,063047737196872;10,837275000767;1488,4731496711
20/06/2024 16:27:10;14,218201687461;0,061921884746928;10,643752232896;1461,8932719984
20/06/2024 16:27:20;13,959688929508;0,060796032296984;10,450229465025;1435,3133943257
20/06/2024 16:27:30;13,701176171554;0,05967017984704;10,256706697154;1408,733516653
20/06/2024 16:27:40;13,4426634136;0,058544327397096;10,063183929284;1382,1536389803
20/06/2024 16:27:50;13,184150655646;0,057418474947151;9,8696611614127;1355,5737613076
20/06/2024 16:28:00;12,925637897692;0,056292622497207;9,6761383935419;1328,9938836349
20/06/2024 16:28:10;12,667125139738;0,055166770047263;9,4826156256711;1302,4140059622
20/06/2024 16:28:20;12,408612381785;0,054040917597319;9,2890928578002;1275,8341282895
20/06/2024 16:28:30;12,150099623831;0,052915065147375;9,0955700899294;1249,2542506168
20/06/2024 16:28:40;11,891586865877;0,051789212697431;8,9020473220586;1222,6743729441
20/06/2024 16:28:50;11,633074107923;0,050663360247487;8,7085245541877;1196,0944952714
20/06/2024 16:29:00;11,374561349969;0,049537507797542;8,5150017863169;1169,5146175987
20/06/2024 16:29:10;11,116048592015;0,048411655347598;8,321479018446;1142,934739926
20/06/2024 16:29:20;10,857535834061;0,047285802897654;8,1279562505752;1116,3548622533
20/06/2024 16:29:30;10,599023076108;0,04615995044771;7,9344334827044;1089,7749845806
20/06/2024 16:29:40;10,340510318154;0,045034097997766;7,7409107148335;1063,1951069079
20/06/2024 16:29:50;10,0819975602;0,043908245547822;7,5473879469627;1036,6152292352
20/06/2024 16:30:00;9,8234848022461;0,042782393097878;7,3538651790918;1010,0353515625
20/06/2024 16:30:10;9,5649720442922;0,041656540647933;7,160342411221;983,4554738898
20/06/2024 16:30:20;9,3064592863384;0,040530688197989;6,9668196433502;956,87559621711
20/06/2024 16:30:30;9,0479465283846;0,039404835748045;6,7732968754793;930,29571854441
20/06/2024 16:30:40;8,7894337704307;0,038278983298101;6,5797741076085;903,71584087171
20/06/2024 16:30:50;8,5309210124769;0,037153130848157;6,3862513397377;877,13596319901
20/06/2024 16:31:00;8,272408254523;0,036027278398213;6,1927285718668;850,55608552632
20/06/2024 16:31:10;8,0138954965692;0,034901425948269;5,999205803996;823,97620785362
20/06/2024 16:31:20;7,7553827386153;0,033775573498324;5,8056830361251;797,39633018092
20/06/2024 16:31:30;7,4968699806615;0,03264972104838;5,6121602682543;770,81645250822
20/06/2024 16:31:40;7,2383572227076;0,031523868598436;5,4186375003835;744,23657483553
20/06/2024 16:31:50;6,9798444647538;0,030398016148492;5,2251147325126;717,65669716283
20/06/2024 16:32:00;6,7213317067999;0,029272163698548;5,0315919646418;691,07681949013
20/06/2024 16:32:10;6,4628189488461;0,028146311248604;4,8380691967709;664,49694181744
20/06/2024 16:32:20;6,2043061908923;0,027020458798659;4,6445464289001;637,91706414474
20/06/2024 16:32:30;5,9457934329384;0,025894606348715;4,4510236610293;611,33718647204
20/06/2024 16:32:40;5,6872806749846;0,024768753898771;4,2575008931584;584,75730879934
20/06/2024 16:32:50;5,4287679170307;0,023642901448827;4,0639781252876;558,17743112665
20/06/2024 16:33:00;5,1702551590769;0,022517048998883;3,8704553574168;531,59755345395
20/06/2024 16:33:10;4,911742401123;0,021391196548939;3,6769325895459;505,01767578125
20/06/2024 16:33:20;4,6532296431692;0,020265344098995;3,4834098216751;478,43779810855
20/06/2024 16:33:30;4,3947168852153;0,01913949164905;3,2898870538043;451,85792043586
20/06/2024 16:33:40;4,1362041272615;0,018013639199106;3,0963642859334;425,27804276316
20/06/2024 16:33:50;3,8776913693077;0,016887786749162;2,9028415180626;398,69816509046
20/06/2024 16:34:00;3,6191786113538;0,015761934299218;2,7093187501917;372,11828741776
20/06/2024 16:34:10;3,3606658534;0,014636081849274;2,5157959823209;345,53840974507
20/06/2024 16:34:20;3,1021530954461;0,01351022939933;2,32227321445;318,95853207237
20/06/2024 16:34:30;2,8436403374923;0,012384376949386;2,1287504465792;292,37865439967
20/06/2024 16:34:40;2,5851275795384;0,011258524499441;1,9352276787084;265,79877672697
20/06/2024 16:34:50;2,3266148215846;0,010132672049497;1,7417049108375;239,21889905428
20/06/2024 16:35:00;2,0681020636307;0,0090068195995532;1,5481821429667;212,63902138158
20/06/2024 16:35:10;1,8095893056769;0,007880967149609;1,3546593750959;186,05914370888
20/06/2024 16:35:20;1,5510765477231;0,0067551146996649;1,161136607225;159,47926603618
20/06/2024 16:35:30;1,2925637897692;0,0056292622497207;0,96761383935419;132,89938836349
20/06/2024 16:35:40;1,0340510318154;0,0045034097997766;0,77409107148335;106,31951069079
20/06/2024 16:35:50;0,77553827386153;0,0033775573498325;0,58056830361251;79,739633018093
20/06/2024 16:36:00;0,51702551590768;0,0022517048998883;0,38704553574168;53,159755345396
20/06/2024 16:36:10;0,25851275795384;0,0011258524499442;0,19352276787083;26,579877672697
20/06/2024 16:36:20;0;0;0;0
20/06/2024 16:36:30;;;;
20/06/2024 16:36:40;;;;
20/06/2024 16:36:50;;;;
20/06/2024 16:37:00;;;;
20/06/2024 16:37:10;;;;
20/06/2024 16:37:20;;;;
20/06/2024 16:37:30;;;;
20/06/2024 16:37:40;;;;
20/06/2024 16:37:50;;;;
20/06/2024 16:38:00;;;;
20/06/2024 16:38:10;;;;
20/06/2024 16:38:20;;;;
20/06/2024 16:38:30;;;;
20/06/2024 16:38:40;;;;
20/06/2024 16:38:50;;;;
20/06/2024 16:39:00;;;;
20/06/2024 16:39:10;;;;
20/06/2024 16:39:20;;;;
20/06/2024 16:39:30;;;;
20/06/2024 16:39:40;;;;
20/06/2024 16:39:50;;;;
20/06/2024 16:40:00;;;;
20/06/2024 16:40:10;;;;
20/06/2024 16:40:20;;;;
20/06/2024 16:40:30;;;;
20/06/2024 16:40:40;;;;
20/06/2024 16:40:50;;;;
20/06/2024 16:41:00;;;;
20/06/2024 16:41:10;;;;
20/06/2024 16:41:20;;;;
20/06/2024 16:41:30;;;;
20/06/2024 16:41:40;;;;
20/06/2024 16:41:50;;;;
20/06/2024 16:42:00;;;;
20/06/2024 16:42:10;;;;
20/06/2024 16:42:20;;;;
20/06/2024 16:42:30;;;;
20/06/2024 16:42:40;;;;
20/06/2024 16:42:50;;;;
20/06/2024 16:43:00;;;;
20/06/2024 16:43:10;;;;
20/06/2024 16:43:20;;;;
20/06/2024 16:43:30;;;;
20/06/2024 16:43:40;;;;
20/06/2024 16:43:50;;;;
20/06/2024 16:44:00;;;;
20/06/2024 16:44:10;;;;
20/06/2024 16:44:20;;;;
20/06/2024 16:44:30;;;;
20/06/2024 16:44:40;;;;
20/06/2024 16:44:50;;;;
20/06/2024 16:45:00;;;;
20/06/2024 16:45:10;;;;
20/06/2024 16:45:20;;;;
20/06/2024 16:45:30;;;;
20/06/2024 16:45:40;;;;
20/06/2024 16:45:50;;;;
20/06/2024 16:46:00;;;;
20/06/2024 16:46:10;;;;
20/06/2024 16:46:20;;;;
20/06/2024 16:46:30;;;;
20/06/2024 16:46:40;;;;
20/06/2024 16:46:50;;;;
20/06/2024 16:47:00;;;;
20/06/2024 16:47:10;;;;
20/06/2024 16:47:20;;;;
20/06/2024 16:47:30;;;;
20/06/2024 16:47:40;;;;
20/06/2024 16:47:50;;;;
20/06/2024 16:48:00;;;;
20/06/2024 16:48:10;;;;
20/06/2024 16:48:20;;;;
20/06/2024 16:48:30;;;;
20/06/2024 16:48:40;;;;
20/06/2024 16:48:50;;;;
20/06/2024 16:49:00;;;;
20/06/2024 16:49:10;;;;
20/06/2024 16:49:20;;;;
20/06/2024 16:49:30;;;;
20/06/2024 16:49:40;;;;
20/06/2024 16:49:50;;;;
20/06/2024 16:50:00;;;;
20/06/2024 16:50:10;;;;
20/06/2024 16:50:20;;;;
20/06/2024 16:50:30;;;;
20/06/2024 16:50:40;;;;
20/06/2024 16:50:50;;;;
20/06/2024 16:51:00;;;;
20/06/2024 16:51:10;;;;
20/06/2024 16:51:20;;;;
20/06/2024 16:51:30;;;;
20/06/2024 16:51:40;;;;
20/06/2024 16:51:50;;;;
20/06/2024 16:52:00;;;;
20/06/2024 16:52:10;;;;
20/06/2024 16:52:20;;;;
20/06/2024 16:52:30;;;;
20/06/2024 16:52:40;;;;
20/06/2024 16:52:50;;;;
20/06/2024 16:53:00;;;;
20/06/2024 16:53:10;;;;
20/06/2024 16:53:20;;;;
20/06/2024 16:53:30;;;;
20/06/2024 16:53:40;;;;
20/06/2024 16:53:50;;;;
20/06/2024 16:54:00;;;;
20/06/2024 16:54:10;;;;
20/06/2024 16:54:20;;;;
20/06/2024 16:54:30;;;;
20/06/2024 16:54:40;;;;
20/06/2024 16:54:50;;;;
20/06/2024 16:55:00;;;;
20/06/2024 16:55:10;;;;
20/06/2024 16:55:20;;;;
20/06/2024 16:55:30;;;;
20/06/2024 16:55:40;;;;
20/06/2024 16:55:50;;;;
20/06/2024 16:56:00;;;;
20/06/2024 16:56:10;;;;
20/06/2024 16:56:20;;;;
20/06/2024 16:56:30;;;;
20/06/2024 16:56:40;;;;
20/06/2024 16:56:50;;;;
20/06/2024 16:57:00;;;;
20/06/2024 16:57:10;;;;
20/06/2024 16:57:20;;;;
20/06/2024 16:57:30;;;;
20/06/2024 16:57:40;;;;
20/06/2024 16:57:50;;;;
20/06/2024 16:58:00;;;;
20/06/2024 16:58:10;;;;
20/06/2024 16:58:20;;;;
20/06/2024 16:58:30;;;;
20/06/2024 16:58:40;;;;
20/06/2024 16:58:50;;;;
20/06/2024 16:59:00;;;;
20/06/2024 16:59:10;;;;
20/06/2024 16:59:20;;;;
20/06/2024 16:59:30;;;;
20/06/2024 16:59:40;;;;
20/06/2024 16:59:50;;;;
20/06/2024 17:00:00;;;;
20/06/2024 17:00:10;;;;
20/06/2024 17:00:20;;;;
20/06/2024 17:00:30;;;;
20/06/2024 17:00:40;;;;
20/06/2024 17:00:50;;;;
20/06/2024 17:01:00;;;;
20/06/2024 17:01:10;;;;
20/06/2024 17:01:20;;;;
20/06/2024 17:01:30;;;;
20/06/2024 17:01:40;;;;
20/06/2024 17:01:50;;;;
20/06/2024 17:02:00;;;;
20/06/2024 17:02:10;;;;
20/06/2024 17:02:20;;;;
20/06/2024 17:02:30;;;;
20/06/2024 17:02:40;;;;
20/06/2024 17:02:50;;;;
20/06/2024 17:03:00;;;;
20/06/2024 17:03:10;;;;
20/06/2024 17:03:20;;;;
20/06/2024 17:03:30;;;;
20/06/2024 17:03:40;;;;
20/06/2024 17:03:50;;;;
20/06/2024 17:04:00;;;;
20/06/2024 17:04:10;;;;
20/06/2024 17:04:20;;;;
20/06/2024 17:04:30;;;;
20/06/2024 17:04:40;;;;
20/06/2024 17:04:50;;;;
20/06/2024 17:05:00;;;;
20/06/2024 17:05:10;;;;
20/06/2024 17:05:20;;;;
20/06/2024 17:05:30;;;;
20/06/2024 17:05:40;;;;
20/06/2024 17:05:50;;;;
20/06/2024 17:06:00;;;;
20/06/2024 17:06:10;;;;
20/06/2024 17:06:20;;;;
20/06/2024 17:06:30;;;;
20/06/2024 17:06:40;;;;
20/06/2024 17:06:50;;;;
20/06/2024 17:07:00;;;;
20/06/2024 17:07:10;;;;
20/06/2024 17:07:20;;;;
20/06/2024 17:07:30;;;;
20/06/2024 17:07:40;;;;
20/06/2024 17:07:50;;;;
20/06/2024 17:08:00;;;;
20/06/2024 17:08:10;;;;
20/06/2024 17:08:20;;;;
20/06/2024 17:08:30;;;;
20/06/2024 17:08:40;;;;
20/06/2024 17:08:50;;;;
20/06/2024 17:09:00;;;;
20/06/2024 17:09:10;;;;
20/06/2024 17:09:20;;;;
20/06/2024 17:09:30;;;;
20/06/2024 17:09:40;;;;
20/06/2024 17:09:50;;;;
20/06/2024 17:10:00;;;;
20/06/2024 17:10:10;;;;
20/06/2024 17:10:20;;;;
20/06/2024 17:10:30;;;;
20/06/2024 17:10:40;;;;
20/06/2024 17:10:50;;;;
20/06/2024 17:11:00;;;;
20/06/2024 17:11:10;;;;
20/06/2024 17:11:20;;;;
20/06/2024 17:11:30;;;;
20/06/2024 17:11:40;;;;
20/06/2024 17:11:50;;;;
20/06/2024 17:12:00;;;;
20/06/2024 17:12:10;;;;
20/06/2024 17:12:20;;;;
20/06/2024 17:12:30;;;;
20/06/2024 17:12:40;;;;
20/06/2024 17:12:50;;;;
20/06/2024 17:13:00;;;;
20/06/2024 17:13:10;;;;
20/06/2024 17:13:20;;;;
20/06/2024 17:13:30;;;;
20/06/2024 17:13:40;;;;
20/06/2024 17:13:50;;;;
20/06/2024 17:14:00;;;;
20/06/2024 17:14:10;;;;
20/06/2024 17:14:20;;;;
20/06/2024 17:14:30;;;;
20/06/2024 17:14:40;;;;
20/06/2024 17:14:50;;;;
20/06/2024 17:15:00;;;;
20/06/2024 17:15:10;;;;
20/06/2024 17:15:20;;;;
20/06/2024 17:15:30;;;;
20/06/2024 17:15:40;;;;
20/06/2024 17:15:50;;;;
20/06/2024 17:16:00;;;;
20/06/2024 17:16:10;;;;
20/06/2024 17:16:20;;;;
20/06/2024 17:16:30;;;;
20/06/2024 17:16:40;;;;
20/06/2024 17:16:50;;;;
20/06/2024 17:17:00;;;;
20/06/2024 17:17:10;;;;
20/06/2024 17:17:20;;;;
20/06/2024 17:17:30;;;;
20/06/2024 17:17:40;;;;
20/06/2024 17:17:50;;;;
20/06/2024 17:18:00;;;;
20/06/2024 17:18:10;;;;
20/06/2024 17:18:20;;;;
20/06/2024 17:18:30;;;;
20/06/2024 17:18:40;;;;
20/06/2024 17:18:50;;;;
20/06/2024 17:19:00;;;;
20/06/2024 17:19:10;;;;
20/06/2024 17:19:20;;;;
20/06/2024 17:19:30;;;;
20/06/2024 17:19:40;;;;
20/06/2024 17:19:50;;;;
20/06/2024 17:20:00;;;;
20/06/2024 17:20:10;;;;
20/06/2024 17:20:20;;;;
20/06/2024 17:20:30;;;;
20/06/2024 17:20:40;;;;
20/06/2024 17:20:50;;;;
20/06/2024 17:21:00;;;;
20/06/2024 17:21:10;;;;
20/06/2024 17:21:20;;;;
20/06/2024 17:21:30;;;;
20/06/2024 17:21:40;;;;
20/06/2024 17:21:50;;;;
20/06/2024 17:22:00;;;;
20/06/2024 17:22:10;;;;
20/06/2024 17:22:20;;;;
20/06/2024 17:22:30;;;;
20/06/2024 17:22:40;;;;
20/06/2024 17:22:50;;;;
20/06/2024 17:23:00;;;;
20/06/2024 17:23:10;;;;
20/06/2024 17:23:20;;;;
20/06/2024 17:23:30;;;;
20/06/2024 17:23:40;;;;
20/06/2024 17:23:50;;;;
20/06/2024 17:24:00;;;;
20/06/2024 17:24:10;;;;
20/06/2024 17:24:20;;;;
20/06/2024 17:24:30;;;;
20/06/2024 17:24:40;;;;
20/06/2024 17:24:50;;;;
20/06/2024 17:25:00;;;;
20/06/2024 17:25:10;;;;
20/06/2024 17:25:20;;;;
20/06/2024 17:25:30;;;;
20/06/2024 17:25:40;;;;
20/06/2024 17:25:50;;;;
20/06/2024 17:26:00;;;;
20/06/2024 17:26:10;;;;
20/06/2024 17:26:20;;;;
20/06/2024 17:26:30;;;;
20/06/2024 17:26:40;;;;
20/06/2024 17:26:50;;;;
20/06/2024 17:27:00;;;;
20/06/2024 17:27:10;;;;
20/06/2024 17:27:20;;;;
20/06/2024 17:27:30;;;;
20/06/2024 17:27:40;;;;
20/06/2024 17:27:50;;;;
20/06/2024 17:28:00;;;;
20/06/2024 17:28:10;;;;
20/06/2024 17:28:20;;;;
20/06/2024 17:28:30;;;;
20/06/2024 17:28:40;;;;
20/06/2024 17:28:50;;;;
20/06/2024 17:29:00;;;;
20/06/2024 17:29:10;;;;
20/06/2024 17:29:20;;;;
20/06/2024 17:29:30;;;;
20/06/2024 17:29:40;;;;
20/06/2024 17:29:50;;;;
20/06/2024 17:30:00;;;;
20/06/2024 17:30:10;;;;
20/06/2024 17:30:20;;;;
20/06/2024 17:30:30;;;;
20/06/2024 17:30:40;;;;
20/06/2024 17:30:50;;;;
20/06/2024 17:31:00;;;;
20/06/2024 17:31:10;;;;
20/06/2024 17:31:20;;;;
20/06/2024 17:31:30;;;;
20/06/2024 17:31:40;;;;
20/06/2024 17:31:50;;;;
20/06/2024 17:32:00;;;;
20/06/2024 17:32:10;;;;
20/06/2024 17:32:20;;;;
20/06/2024 17:32:30;;;;
20/06/2024 17:32:40;;;;
20/06/2024 17:32:50;;;;
20/06/2024 17:33:00;;;;
20/06/2024 17:33:10;;;;
20/06/2024 17:33:20;;;;
20/06/2024 17:33:30;;;;
20/06/2024 17:33:40;;;;
20/06/2024 17:33:50;;;;
20/06/2024 17:34:00;;;;
20/06/2024 17:34:10;;;;
20/06/2024 17:34:20;;;;
20/06/2024 17:34:30;;;;
20/06/2024 17:34:40;;;;
20/06/2024 17:34:50;;;;
20/06/2024 17:35:00;;;;
20/06/2024 17:35:10;;;;
20/06/2024 17:35:20;;;;
20/06/2024 17:35:30;;;;
20/06/2024 17:35:40;;;;
20/06/2024 17:35:50;;;;
20/06/2024 17:36:00;;;;
20/06/2024 17:36:10;;;;
20/06/2024 17:36:20;;;;
20/06/2024 17:36:30;;;;
20/06/2024 17:36:40;;;;
20/06/2024 17:36:50;;;;
20/06/2024 17:37:00;;;;
20/06/2024 17:37:10;;;;
20/06/2024 17:37:20;;;;
20/06/2024 17:37:30;;;;
20/06/2024 17:37:40;;;;
20/06/2024 17:37:50;;;;
20/06/2024 17:38:00;;;;
20/06/2024 17:38:10;;;;
20/06/2024 17:38:20;;;;
20/06/2024 17:38:30;;;;
20/06/2024 17:38:40;;;;
20/06/2024 17:38:50;;;;
20/06/2024 17:39:00;;;;
20/06/2024 17:39:10;;;;
20/06/2024 17:39:20;;;;
20/06/2024 17:39:30;;;;
20/06/2024 17:39:40;;;;
20/06/2024 17:39:50;;;;
20/06/2024 17:40:00;;;;
20/06/2024 17:40:10;;;;
20/06/2024 17:40:20;;;;
20/06/2024 17:40:30;;;;
20/06/2024 17:40:40;;;;
20/06/2024 17:40:50;;;;
20/06/2024 17:41:00;;;;
20/06/2024 17:41:10;;;;
20/06/2024 17:41:20;;;;
20/06/2024 17:41:30;;;;
20/06/2024 17:41:40;;;;
20/06/2024 17:41:50;;;;
20/06/2024 17:42:00;;;;
20/06/2024 17:42:10;;;;
20/06/2024 17:42:20;;;;
20/06/2024 17:42:30;;;;
20/06/2024 17:42:40;;;;
20/06/2024 17:42:50;;;;
20/06/2024 17:43:00;;;;
20/06/2024 17:43:10;;;;
20/06/2024 17:43:20;;;;
20/06/2024 17:43:30;;;;
20/06/2024 17:43:40;;;;
20/06/2024 17:43:50;;;;
20/06/2024 17:44:00;;;;
20/06/2024 17:44:10;;;;
20/06/2024 17:44:20;;;;
20/06/2024 17:44:30;;;;
20/06/2024 17:44:40;;;;
20/06/2024 17:44:50;;;;
20/06/2024 17:45:00;;;;
20/06/2024 17:45:10;;;;
20/06/2024 17:45:20;;;;
20/06/2024 17:45:30;;;;
20/06/2024 17:45:40;;;;
20/06/2024 17:45:50;;;;
20/06/2024 17:46:00;;;;
20/06/2024 17:46:10;;;;
20/06/2024 17:46:20;;;;
20/06/2024 17:46:30;;;;
20/06/2024 17:46:40;;;;
20/06/2024 17:46:50;;;;
20/06/2024 17:47:00;;;;
20/06/2024 17:47:10;;;;
20/06/2024 17:47:20;;;;
20/06/2024 17:47:30;;;;
20/06/2024 17:47:40;;;;
20/06/2024 17:47:50;;;;
20/06/2024 17:48:00;;;;
20/06/2024 17:48:10;;;;
20/06/2024 17:48:20;;;;
20/06/2024 17:48:30;;;;
20/06/2024 17:48:40;;;;
20/06/2024 17:48:50;;;;
20/06/2024 17:49:00;;;;
20/06/2024 17:49:10;;;;
20/06/2024 17:49:20;;;;
20/06/2024 17:49:30;;;;
20/06/2024 17:49:40;;;;
20/06/2024 17:49:50;;;;
20/06/2024 17:50:00;;;;
20/06/2024 17:50:10;;;;
20/06/2024 17:50:20;;;;
20/06/2024 17:50:30;;;;
20/06/2024 17:50:40;;;;
20/06/2024 17:50:50;;;;
20/06/2024 17:51:00;;;;
20/06/2024 17:51:10;;;;
20/06/2024 17:51:20;;;;
20/06/2024 17:51:30;;;;
20/06/2024 17:51:40;;;;
20/06/2024 17:51:50;;;;
20/06/2024 17:52:00;;;;
20/06/2024 17:52:10;;;;
20/06/2024 17:52:20;;;;
20/06/2024 17:52:30;;;;
20/06/2024 17:52:40;;;;
20/06/2024 17:52:50;;;;
20/06/2024 17:53:00;;;;
20/06/2024 17:53:10;;;;
20/06/2024 17:53:20;;;;
20/06/2024 17:53:30;;;;
20/06/2024 17:53:40;;;;
20/06/2024 17:53:50;;;;
20/06/2024 17:54:00;;;;
20/06/2024 17:54:10;;;;
20/06/2024 17:54:20;;;;
20/06/2024 17:54:30;;;;
20/06/2024 17:54:40;;;;
20/06/2024 17:54:50;;;;
20/06/2024 17:55:00;;;;
20/06/2024 17:55:10;;;;
20/06/2024 17:55:20;;;;
20/06/2024 17:55:30;;;;
20/06/2024 17:55:40;;;;
20/06/2024 17:55:50;;;;
20/06/2024 17:56:00;;;;
20/06/2024 17:56:10;;;;
20/06/2024 17:56:20;;;;
20/06/2024 17:56:30;;;;
20/06/2024 17:56:40;;;;
20/06/2024 17:56:50;;;;
20/06/2024 17:57:00;;;;
20/06/2024 17:57:10;;;;
20/06/2024 17:57:20;;;;
20/06/2024 17:57:30;;;;
20/06/2024 17:57:40;;;;
20/06/2024 17:57:50;;;;
20/06/2024 17:58:00;;;;
20/06/2024 17:58:10;;;;
20/06/2024 17:58:20;;;;
20/06/2024 17:58:30;;;;
20/06/2024 17:58:40;;;;
20/06/2024 17:58:50;;;;
20/06/2024 17:59:00;;;;
20/06/2024 17:59:10;;;;
20/06/2024 17:59:20;;;;
20/06/2024 17:59:30;;;;
20/06/2024 17:59:40;;;;
20/06/2024 17:59:50;;;;
20/06/2024 18:00:00;;;;
20/06/2024 18:00:10;;;;
20/06/2024 18:00:20;;;;
20/06/2024 18:00:30;;;;
20/06/2024 18:00:40;;;;
