Data;CH4;CO2;O2;H2S;CH4PPM;N2
20/06/2024 02:00:00;;;;;;
20/06/2024 02:00:10;;;;;;
20/06/2024 02:00:20;;;;;;
20/06/2024 02:00:30;;;;;;
20/06/2024 02:00:40;;;;;;
20/06/2024 02:00:50;;;;;;
20/06/2024 02:01:00;;;;;;
20/06/2024 02:01:10;;;;;;
20/06/2024 02:01:20;;;;;;
20/06/2024 02:01:30;;;;;;
20/06/2024 02:01:40;;;;;;
20/06/2024 02:01:50;;;;;;
20/06/2024 02:02:00;;;;;;
20/06/2024 02:02:10;;;;;;
20/06/2024 02:02:20;;;;;;
20/06/2024 02:02:30;;;;;;
20/06/2024 02:02:40;;;;;;
20/06/2024 02:02:50;;;;;;
20/06/2024 02:03:00;;;;;;
20/06/2024 02:03:10;;;;;;
20/06/2024 02:03:20;;;;;;
20/06/2024 02:03:30;;;;;;
20/06/2024 02:03:40;;;;;;
20/06/2024 02:03:50;;;;;;
20/06/2024 02:04:00;;;;;;
20/06/2024 02:04:10;;;;;;
20/06/2024 02:04:20;;;;;;
20/06/2024 02:04:30;;;;;;
20/06/2024 02:04:40;;;;;;
20/06/2024 02:04:50;;;;;;
20/06/2024 02:05:00;;;;;;
20/06/2024 02:05:10;;;;;;
20/06/2024 02:05:20;;;;;;
20/06/2024 02:05:30;;;;;;
20/06/2024 02:05:40;;;;;;
20/06/2024 02:05:50;;;;;;
20/06/2024 02:06:00;;;;;;
20/06/2024 02:06:10;;;;;;
20/06/2024 02:06:20;;;;;;
20/06/2024 02:06:30;;;;;;
20/06/2024 02:06:40;;;;;;
20/06/2024 02:06:50;;;;;;
20/06/2024 02:07:00;;;;;;
20/06/2024 02:07:10;;;;;;
20/06/2024 02:07:20;;;;;;
20/06/2024 02:07:30;;;;;;
20/06/2024 02:07:40;;;;;;
20/06/2024 02:07:50;;;;;;
20/06/2024 02:08:00;;;;;;
20/06/2024 02:08:10;;;;;;
20/06/2024 02:08:20;;;;;;
20/06/2024 02:08:30;;;;;;
20/06/2024 02:08:40;;;;;;
20/06/2024 02:08:50;;;;;;
20/06/2024 02:09:00;;;;;;
20/06/2024 02:09:10;;;;;;
20/06/2024 02:09:20;;;;;;
20/06/2024 02:09:30;;;;;;
20/06/2024 02:09:40;;;;;;
20/06/2024 02:09:50;;;;;;
20/06/2024 02:10:00;;;;;;
20/06/2024 02:10:10;;;;;;
20/06/2024 02:10:20;;;;;;
20/06/2024 02:10:30;;;;;;
20/06/2024 02:10:40;;;;;;
20/06/2024 02:10:50;;;;;;
20/06/2024 02:11:00;;;;;;
20/06/2024 02:11:10;;;;;;
20/06/2024 02:11:20;;;;;;
20/06/2024 02:11:30;;;;;;
20/06/2024 02:11:40;;;;;;
20/06/2024 02:11:50;;;;;;
20/06/2024 02:12:00;;;;;;
20/06/2024 02:12:10;;;;;;
20/06/2024 02:12:20;;;;;;
20/06/2024 02:12:30;;;;;;
20/06/2024 02:12:40;;;;;;
20/06/2024 02:12:50;;;;;;
20/06/2024 02:13:00;;;;;;
20/06/2024 02:13:10;;;;;;
20/06/2024 02:13:20;;;;;;
20/06/2024 02:13:30;;;;;;
20/06/2024 02:13:40;;;;;;
20/06/2024 02:13:50;;;;;;
20/06/2024 02:14:00;;;;;;
20/06/2024 02:14:10;;;;;;
20/06/2024 02:14:20;;;;;;
20/06/2024 02:14:30;;;;;;
20/06/2024 02:14:40;;;;;;
20/06/2024 02:14:50;;;;;;
20/06/2024 02:15:00;;;;;;
20/06/2024 02:15:10;;;;;;
20/06/2024 02:15:20;;;;;;
20/06/2024 02:15:30;;;;;;
20/06/2024 02:15:40;;;;;;
20/06/2024 02:15:50;;;;;;
20/06/2024 02:16:00;;;;;;
20/06/2024 02:16:10;;;;;;
20/06/2024 02:16:20;;;;;;
20/06/2024 02:16:30;;;;;;
20/06/2024 02:16:40;;;;;;
20/06/2024 02:16:50;;;;;;
20/06/2024 02:17:00;;;;;;
20/06/2024 02:17:10;;;;;;
20/06/2024 02:17:20;;;;;;
20/06/2024 02:17:30;;;;;;
20/06/2024 02:17:40;;;;;;
20/06/2024 02:17:50;;;;;;
20/06/2024 02:18:00;;;;;;
20/06/2024 02:18:10;;;;;;
20/06/2024 02:18:20;;;;;;
20/06/2024 02:18:30;;;;;;
20/06/2024 02:18:40;;;;;;
20/06/2024 02:18:50;;;;;;
20/06/2024 02:19:00;;;;;;
20/06/2024 02:19:10;;;;;;
20/06/2024 02:19:20;;;;;;
20/06/2024 02:19:30;;;;;;
20/06/2024 02:19:40;;;;;;
20/06/2024 02:19:50;;;;;;
20/06/2024 02:20:00;;;;;;
20/06/2024 02:20:10;;;;;;
20/06/2024 02:20:20;;;;;;
20/06/2024 02:20:30;;;;;;
20/06/2024 02:20:40;;;;;;
20/06/2024 02:20:50;;;;;;
20/06/2024 02:21:00;;;;;;
20/06/2024 02:21:10;;;;;;
20/06/2024 02:21:20;;;;;;
20/06/2024 02:21:30;;;;;;
20/06/2024 02:21:40;;;;;;
20/06/2024 02:21:50;;;;;;
20/06/2024 02:22:00;;;;;;
20/06/2024 02:22:10;;;;;;
20/06/2024 02:22:20;;;;;;
20/06/2024 02:22:30;;;;;;
20/06/2024 02:22:40;;;;;;
20/06/2024 02:22:50;;;;;;
20/06/2024 02:23:00;;;;;;
20/06/2024 02:23:10;;;;;;
20/06/2024 02:23:20;;;;;;
20/06/2024 02:23:30;;;;;;
20/06/2024 02:23:40;;;;;;
20/06/2024 02:23:50;;;;;;
20/06/2024 02:24:00;;;;;;
20/06/2024 02:24:10;;;;;;
20/06/2024 02:24:20;;;;;;
20/06/2024 02:24:30;;;;;;
20/06/2024 02:24:40;;;;;;
20/06/2024 02:24:50;;;;;;
20/06/2024 02:25:00;;;;;;
20/06/2024 02:25:10;;;;;;
20/06/2024 02:25:20;;;;;;
20/06/2024 02:25:30;;;;;;
20/06/2024 02:25:40;;;;;;
20/06/2024 02:25:50;;;;;;
20/06/2024 02:26:00;;;;;;
20/06/2024 02:26:10;;;;;;
20/06/2024 02:26:20;;;;;;
20/06/2024 02:26:30;;;;;;
20/06/2024 02:26:40;;;;;;
20/06/2024 02:26:50;;;;;;
20/06/2024 02:27:00;;;;;;
20/06/2024 02:27:10;;;;;;
20/06/2024 02:27:20;;;;;;
20/06/2024 02:27:30;;;;;;
20/06/2024 02:27:40;;;;;;
20/06/2024 02:27:50;;;;;;
20/06/2024 02:28:00;;;;;;
20/06/2024 02:28:10;;;;;;
20/06/2024 02:28:20;;;;;;
20/06/2024 02:28:30;;;;;;
20/06/2024 02:28:40;;;;;;
20/06/2024 02:28:50;;;;;;
20/06/2024 02:29:00;;;;;;
20/06/2024 02:29:10;;;;;;
20/06/2024 02:29:20;;;;;;
20/06/2024 02:29:30;;;;;;
20/06/2024 02:29:40;;;;;;
20/06/2024 02:29:50;;;;;;
20/06/2024 02:30:00;;;;;;
20/06/2024 02:30:10;;;;;;
20/06/2024 02:30:20;;;;;;
20/06/2024 02:30:30;;;;;;
20/06/2024 02:30:40;;;;;;
20/06/2024 02:30:50;;;;;;
20/06/2024 02:31:00;;;;;;
20/06/2024 02:31:10;;;;;;
20/06/2024 02:31:20;;;;;;
20/06/2024 02:31:30;;;;;;
20/06/2024 02:31:40;;;;;;
20/06/2024 02:31:50;;;;;;
20/06/2024 02:32:00;;;;;;
20/06/2024 02:32:10;;;;;;
20/06/2024 02:32:20;;;;;;
20/06/2024 02:32:30;;;;;;
20/06/2024 02:32:40;;;;;;
20/06/2024 02:32:50;;;;;;
20/06/2024 02:33:00;;;;;;
20/06/2024 02:33:10;;;;;;
20/06/2024 02:33:20;;;;;;
20/06/2024 02:33:30;;;;;;
20/06/2024 02:33:40;;;;;;
20/06/2024 02:33:50;;;;;;
20/06/2024 02:34:00;;;;;;
20/06/2024 02:34:10;;;;;;
20/06/2024 02:34:20;;;;;;
20/06/2024 02:34:30;;;;;;
20/06/2024 02:34:40;;;;;;
20/06/2024 02:34:50;;;;;;
20/06/2024 02:35:00;;;;;;
20/06/2024 02:35:10;;;;;;
20/06/2024 02:35:20;;;;;;
20/06/2024 02:35:30;;;;;;
20/06/2024 02:35:40;;;;;;
20/06/2024 02:35:50;;;;;;
20/06/2024 02:36:00;;;;;;
20/06/2024 02:36:10;;;;;;
20/06/2024 02:36:20;;;;;;
20/06/2024 02:36:30;;;;;;
20/06/2024 02:36:40;;;;;;
20/06/2024 02:36:50;;;;;;
20/06/2024 02:37:00;;;;;;
20/06/2024 02:37:10;;;;;;
20/06/2024 02:37:20;;;;;;
20/06/2024 02:37:30;;;;;;
20/06/2024 02:37:40;;;;;;
20/06/2024 02:37:50;;;;;;
20/06/2024 02:38:00;;;;;;
20/06/2024 02:38:10;;;;;;
20/06/2024 02:38:20;;;;;;
20/06/2024 02:38:30;;;;;;
20/06/2024 02:38:40;;;;;;
20/06/2024 02:38:50;;;;;;
20/06/2024 02:39:00;;;;;;
20/06/2024 02:39:10;;;;;;
20/06/2024 02:39:20;;;;;;
20/06/2024 02:39:30;;;;;;
20/06/2024 02:39:40;;;;;;
20/06/2024 02:39:50;;;;;;
20/06/2024 02:40:00;;;;;;
20/06/2024 02:40:10;;;;;;
20/06/2024 02:40:20;;;;;;
20/06/2024 02:40:30;;;;;;
20/06/2024 02:40:40;;;;;;
20/06/2024 02:40:50;;;;;;
20/06/2024 02:41:00;;;;;;
20/06/2024 02:41:10;;;;;;
20/06/2024 02:41:20;;;;;;
20/06/2024 02:41:30;;;;;;
20/06/2024 02:41:40;;;;;;
20/06/2024 02:41:50;;;;;;
20/06/2024 02:42:00;;;;;;
20/06/2024 02:42:10;;;;;;
20/06/2024 02:42:20;;;;;;
20/06/2024 02:42:30;;;;;;
20/06/2024 02:42:40;;;;;;
20/06/2024 02:42:50;;;;;;
20/06/2024 02:43:00;;;;;;
20/06/2024 02:43:10;;;;;;
20/06/2024 02:43:20;;;;;;
20/06/2024 02:43:30;;;;;;
20/06/2024 02:43:40;;;;;;
20/06/2024 02:43:50;;;;;;
20/06/2024 02:44:00;;;;;;
20/06/2024 02:44:10;;;;;;
20/06/2024 02:44:20;;;;;;
20/06/2024 02:44:30;;;;;;
20/06/2024 02:44:40;;;;;;
20/06/2024 02:44:50;;;;;;
20/06/2024 02:45:00;;;;;;
20/06/2024 02:45:10;;;;;;
20/06/2024 02:45:20;;;;;;
20/06/2024 02:45:30;;;;;;
20/06/2024 02:45:40;;;;;;
20/06/2024 02:45:50;;;;;;
20/06/2024 02:46:00;;;;;;
20/06/2024 02:46:10;;;;;;
20/06/2024 02:46:20;;;;;;
20/06/2024 02:46:30;;;;;;
20/06/2024 02:46:40;;;;;;
20/06/2024 02:46:50;;;;;;
20/06/2024 02:47:00;;;;;;
20/06/2024 02:47:10;;;;;;
20/06/2024 02:47:20;;;;;;
20/06/2024 02:47:30;;;;;;
20/06/2024 02:47:40;;;;;;
20/06/2024 02:47:50;;;;;;
20/06/2024 02:48:00;;;;;;
20/06/2024 02:48:10;;;;;;
20/06/2024 02:48:20;;;;;;
20/06/2024 02:48:30;;;;;;
20/06/2024 02:48:40;;;;;;
20/06/2024 02:48:50;;;;;;
20/06/2024 02:49:00;;;;;;
20/06/2024 02:49:10;;;;;;
20/06/2024 02:49:20;;;;;;
20/06/2024 02:49:30;;;;;;
20/06/2024 02:49:40;;;;;;
20/06/2024 02:49:50;;;;;;
20/06/2024 02:50:00;;;;;;
20/06/2024 02:50:10;;;;;;
20/06/2024 02:50:20;;;;;;
20/06/2024 02:50:30;;;;;;
20/06/2024 02:50:40;;;;;;
20/06/2024 02:50:50;;;;;;
20/06/2024 02:51:00;;;;;;
20/06/2024 02:51:10;;;;;;
20/06/2024 02:51:20;;;;;;
20/06/2024 02:51:30;;;;;;
20/06/2024 02:51:40;;;;;;
20/06/2024 02:51:50;;;;;;
20/06/2024 02:52:00;;;;;;
20/06/2024 02:52:10;;;;;;
20/06/2024 02:52:20;;;;;;
20/06/2024 02:52:30;;;;;;
20/06/2024 02:52:40;;;;;;
20/06/2024 02:52:50;;;;;;
20/06/2024 02:53:00;;;;;;
20/06/2024 02:53:10;;;;;;
20/06/2024 02:53:20;;;;;;
20/06/2024 02:53:30;;;;;;
20/06/2024 02:53:40;;;;;;
20/06/2024 02:53:50;;;;;;
20/06/2024 02:54:00;;;;;;
20/06/2024 02:54:10;;;;;;
20/06/2024 02:54:20;;;;;;
20/06/2024 02:54:30;;;;;;
20/06/2024 02:54:40;;;;;;
20/06/2024 02:54:50;;;;;;
20/06/2024 02:55:00;;;;;;
20/06/2024 02:55:10;;;;;;
20/06/2024 02:55:20;;;;;;
20/06/2024 02:55:30;;;;;;
20/06/2024 02:55:40;;;;;;
20/06/2024 02:55:50;;;;;;
20/06/2024 02:56:00;;;;;;
20/06/2024 02:56:10;;;;;;
20/06/2024 02:56:20;;;;;;
20/06/2024 02:56:30;;;;;;
20/06/2024 02:56:40;;;;;;
20/06/2024 02:56:50;;;;;;
20/06/2024 02:57:00;;;;;;
20/06/2024 02:57:10;;;;;;
20/06/2024 02:57:20;;;;;;
20/06/2024 02:57:30;;;;;;
20/06/2024 02:57:40;;;;;;
20/06/2024 02:57:50;;;;;;
20/06/2024 02:58:00;;;;;;
20/06/2024 02:58:10;;;;;;
20/06/2024 02:58:20;;;;;;
20/06/2024 02:58:30;;;;;;
20/06/2024 02:58:40;;;;;;
20/06/2024 02:58:50;;;;;;
20/06/2024 02:59:00;;;;;;
20/06/2024 02:59:10;;;;;;
20/06/2024 02:59:20;;;;;;
20/06/2024 02:59:30;;;;;;
20/06/2024 02:59:40;;;;;;
20/06/2024 02:59:50;;;;;;
20/06/2024 03:00:00;;;;;;
20/06/2024 03:00:10;;;;;;
20/06/2024 03:00:20;;;;;;
20/06/2024 03:00:30;;;;;;
20/06/2024 03:00:40;;;;;;
20/06/2024 03:00:50;;;;;;
20/06/2024 03:01:00;;;;;;
20/06/2024 03:01:10;;;;;;
20/06/2024 03:01:20;;;;;;
20/06/2024 03:01:30;;;;;;
20/06/2024 03:01:40;;;;;;
20/06/2024 03:01:50;;;;;;
20/06/2024 03:02:00;;;;;;
20/06/2024 03:02:10;;;;;;
20/06/2024 03:02:20;;;;;;
20/06/2024 03:02:30;;;;;;
20/06/2024 03:02:40;;;;;;
20/06/2024 03:02:50;;;;;;
20/06/2024 03:03:00;;;;;;
20/06/2024 03:03:10;;;;;;
20/06/2024 03:03:20;;;;;;
20/06/2024 03:03:30;;;;;;
20/06/2024 03:03:40;;;;;;
20/06/2024 03:03:50;;;;;;
20/06/2024 03:04:00;;;;;;
20/06/2024 03:04:10;;;;;;
20/06/2024 03:04:20;;;;;;
20/06/2024 03:04:30;;;;;;
20/06/2024 03:04:40;;;;;;
20/06/2024 03:04:50;;;;;;
20/06/2024 03:05:00;;;;;;
20/06/2024 03:05:10;;;;;;
20/06/2024 03:05:20;;;;;;
20/06/2024 03:05:30;;;;;;
20/06/2024 03:05:40;;;;;;
20/06/2024 03:05:50;;;;;;
20/06/2024 03:06:00;;;;;;
20/06/2024 03:06:10;;;;;;
20/06/2024 03:06:20;;;;;;
20/06/2024 03:06:30;;;;;;
20/06/2024 03:06:40;;;;;;
20/06/2024 03:06:50;;;;;;
20/06/2024 03:07:00;;;;;;
20/06/2024 03:07:10;;;;;;
20/06/2024 03:07:20;;;;;;
20/06/2024 03:07:30;;;;;;
20/06/2024 03:07:40;;;;;;
20/06/2024 03:07:50;;;;;;
20/06/2024 03:08:00;;;;;;
20/06/2024 03:08:10;;;;;;
20/06/2024 03:08:20;;;;;;
20/06/2024 03:08:30;;;;;;
20/06/2024 03:08:40;;;;;;
20/06/2024 03:08:50;;;;;;
20/06/2024 03:09:00;;;;;;
20/06/2024 03:09:10;;;;;;
20/06/2024 03:09:20;;;;;;
20/06/2024 03:09:30;;;;;;
20/06/2024 03:09:40;;;;;;
20/06/2024 03:09:50;;;;;;
20/06/2024 03:10:00;;;;;;
20/06/2024 03:10:10;;;;;;
20/06/2024 03:10:20;;;;;;
20/06/2024 03:10:30;;;;;;
20/06/2024 03:10:40;;;;;;
20/06/2024 03:10:50;;;;;;
20/06/2024 03:11:00;;;;;;
20/06/2024 03:11:10;;;;;;
20/06/2024 03:11:20;;;;;;
20/06/2024 03:11:30;;;;;;
20/06/2024 03:11:40;;;;;;
20/06/2024 03:11:50;;;;;;
20/06/2024 03:12:00;;;;;;
20/06/2024 03:12:10;;;;;;
20/06/2024 03:12:20;;;;;;
20/06/2024 03:12:30;;;;;;
20/06/2024 03:12:40;;;;;;
20/06/2024 03:12:50;;;;;;
20/06/2024 03:13:00;;;;;;
20/06/2024 03:13:10;;;;;;
20/06/2024 03:13:20;;;;;;
20/06/2024 03:13:30;;;;;;
20/06/2024 03:13:40;;;;;;
20/06/2024 03:13:50;;;;;;
20/06/2024 03:14:00;;;;;;
20/06/2024 03:14:10;;;;;;
20/06/2024 03:14:20;;;;;;
20/06/2024 03:14:30;;;;;;
20/06/2024 03:14:40;;;;;;
20/06/2024 03:14:50;;;;;;
20/06/2024 03:15:00;;;;;;
20/06/2024 03:15:10;;;;;;
20/06/2024 03:15:20;;;;;;
20/06/2024 03:15:30;;;;;;
20/06/2024 03:15:40;;;;;;
20/06/2024 03:15:50;;;;;;
20/06/2024 03:16:00;;;;;;
20/06/2024 03:16:10;;;;;;
20/06/2024 03:16:20;;;;;;
20/06/2024 03:16:30;;;;;;
20/06/2024 03:16:40;;;;;;
20/06/2024 03:16:50;;;;;;
20/06/2024 03:17:00;;;;;;
20/06/2024 03:17:10;;;;;;
20/06/2024 03:17:20;;;;;;
20/06/2024 03:17:30;;;;;;
20/06/2024 03:17:40;;;;;;
20/06/2024 03:17:50;;;;;;
20/06/2024 03:18:00;;;;;;
20/06/2024 03:18:10;;;;;;
20/06/2024 03:18:20;;;;;;
20/06/2024 03:18:30;;;;;;
20/06/2024 03:18:40;;;;;;
20/06/2024 03:18:50;;;;;;
20/06/2024 03:19:00;;;;;;
20/06/2024 03:19:10;;;;;;
20/06/2024 03:19:20;;;;;;
20/06/2024 03:19:30;;;;;;
20/06/2024 03:19:40;;;;;;
20/06/2024 03:19:50;;;;;;
20/06/2024 03:20:00;;;;;;
20/06/2024 03:20:10;;;;;;
20/06/2024 03:20:20;;;;;;
20/06/2024 03:20:30;;;;;;
20/06/2024 03:20:40;;;;;;
20/06/2024 03:20:50;;;;;;
20/06/2024 03:21:00;;;;;;
20/06/2024 03:21:10;;;;;;
20/06/2024 03:21:20;;;;;;
20/06/2024 03:21:30;;;;;;
20/06/2024 03:21:40;;;;;;
20/06/2024 03:21:50;;;;;;
20/06/2024 03:22:00;;;;;;
20/06/2024 03:22:10;;;;;;
20/06/2024 03:22:20;;;;;;
20/06/2024 03:22:30;;;;;;
20/06/2024 03:22:40;;;;;;
20/06/2024 03:22:50;;;;;;
20/06/2024 03:23:00;;;;;;
20/06/2024 03:23:10;;;;;;
20/06/2024 03:23:20;;;;;;
20/06/2024 03:23:30;;;;;;
20/06/2024 03:23:40;;;;;;
20/06/2024 03:23:50;;;;;;
20/06/2024 03:24:00;;;;;;
20/06/2024 03:24:10;;;;;;
20/06/2024 03:24:20;;;;;;
20/06/2024 03:24:30;;;;;;
20/06/2024 03:24:40;;;;;;
20/06/2024 03:24:50;;;;;;
20/06/2024 03:25:00;;;;;;
20/06/2024 03:25:10;;;;;;
20/06/2024 03:25:20;;;;;;
20/06/2024 03:25:30;;;;;;
20/06/2024 03:25:40;;;;;;
20/06/2024 03:25:50;;;;;;
20/06/2024 03:26:00;;;;;;
20/06/2024 03:26:10;;;;;;
20/06/2024 03:26:20;;;;;;
20/06/2024 03:26:30;;;;;;
20/06/2024 03:26:40;;;;;;
20/06/2024 03:26:50;;;;;;
20/06/2024 03:27:00;;;;;;
20/06/2024 03:27:10;;;;;;
20/06/2024 03:27:20;;;;;;
20/06/2024 03:27:30;;;;;;
20/06/2024 03:27:40;;;;;;
20/06/2024 03:27:50;;;;;;
20/06/2024 03:28:00;;;;;;
20/06/2024 03:28:10;;;;;;
20/06/2024 03:28:20;;;;;;
20/06/2024 03:28:30;;;;;;
20/06/2024 03:28:40;;;;;;
20/06/2024 03:28:50;;;;;;
20/06/2024 03:29:00;;;;;;
20/06/2024 03:29:10;;;;;;
20/06/2024 03:29:20;;;;;;
20/06/2024 03:29:30;;;;;;
20/06/2024 03:29:40;;;;;;
20/06/2024 03:29:50;;;;;;
20/06/2024 03:30:00;;;;;;
20/06/2024 03:30:10;;;;;;
20/06/2024 03:30:20;;;;;;
20/06/2024 03:30:30;;;;;;
20/06/2024 03:30:40;;;;;;
20/06/2024 03:30:50;;;;;;
20/06/2024 03:31:00;;;;;;
20/06/2024 03:31:10;;;;;;
20/06/2024 03:31:20;;;;;;
20/06/2024 03:31:30;;;;;;
20/06/2024 03:31:40;;;;;;
20/06/2024 03:31:50;;;;;;
20/06/2024 03:32:00;;;;;;
20/06/2024 03:32:10;;;;;;
20/06/2024 03:32:20;;;;;;
20/06/2024 03:32:30;;;;;;
20/06/2024 03:32:40;;;;;;
20/06/2024 03:32:50;;;;;;
20/06/2024 03:33:00;;;;;;
20/06/2024 03:33:10;;;;;;
20/06/2024 03:33:20;;;;;;
20/06/2024 03:33:30;;;;;;
20/06/2024 03:33:40;;;;;;
20/06/2024 03:33:50;;;;;;
20/06/2024 03:34:00;;;;;;
20/06/2024 03:34:10;;;;;;
20/06/2024 03:34:20;;;;;;
20/06/2024 03:34:30;;;;;;
20/06/2024 03:34:40;;;;;;
20/06/2024 03:34:50;;;;;;
20/06/2024 03:35:00;;;;;;
20/06/2024 03:35:10;;;;;;
20/06/2024 03:35:20;;;;;;
20/06/2024 03:35:30;;;;;;
20/06/2024 03:35:40;;;;;;
20/06/2024 03:35:50;;;;;;
20/06/2024 03:36:00;;;;;;
20/06/2024 03:36:10;;;;;;
20/06/2024 03:36:20;;;;;;
20/06/2024 03:36:30;;;;;;
20/06/2024 03:36:40;;;;;;
20/06/2024 03:36:50;;;;;;
20/06/2024 03:37:00;;;;;;
20/06/2024 03:37:10;;;;;;
20/06/2024 03:37:20;;;;;;
20/06/2024 03:37:30;;;;;;
20/06/2024 03:37:40;;;;;;
20/06/2024 03:37:50;;;;;;
20/06/2024 03:38:00;;;;;;
20/06/2024 03:38:10;;;;;;
20/06/2024 03:38:20;;;;;;
20/06/2024 03:38:30;;;;;;
20/06/2024 03:38:40;;;;;;
20/06/2024 03:38:50;;;;;;
20/06/2024 03:39:00;;;;;;
20/06/2024 03:39:10;;;;;;
20/06/2024 03:39:20;;;;;;
20/06/2024 03:39:30;;;;;;
20/06/2024 03:39:40;;;;;;
20/06/2024 03:39:50;;;;;;
20/06/2024 03:40:00;;;;;;
20/06/2024 03:40:10;;;;;;
20/06/2024 03:40:20;;;;;;
20/06/2024 03:40:30;;;;;;
20/06/2024 03:40:40;;;;;;
20/06/2024 03:40:50;;;;;;
20/06/2024 03:41:00;;;;;;
20/06/2024 03:41:10;;;;;;
20/06/2024 03:41:20;;;;;;
20/06/2024 03:41:30;;;;;;
20/06/2024 03:41:40;;;;;;
20/06/2024 03:41:50;;;;;;
20/06/2024 03:42:00;;;;;;
20/06/2024 03:42:10;;;;;;
20/06/2024 03:42:20;;;;;;
20/06/2024 03:42:30;;;;;;
20/06/2024 03:42:40;;;;;;
20/06/2024 03:42:50;;;;;;
20/06/2024 03:43:00;;;;;;
20/06/2024 03:43:10;;;;;;
20/06/2024 03:43:20;;;;;;
20/06/2024 03:43:30;;;;;;
20/06/2024 03:43:40;;;;;;
20/06/2024 03:43:50;;;;;;
20/06/2024 03:44:00;;;;;;
20/06/2024 03:44:10;;;;;;
20/06/2024 03:44:20;;;;;;
20/06/2024 03:44:30;;;;;;
20/06/2024 03:44:40;;;;;;
20/06/2024 03:44:50;;;;;;
20/06/2024 03:45:00;;;;;;
20/06/2024 03:45:10;;;;;;
20/06/2024 03:45:20;;;;;;
20/06/2024 03:45:30;;;;;;
20/06/2024 03:45:40;;;;;;
20/06/2024 03:45:50;;;;;;
20/06/2024 03:46:00;;;;;;
20/06/2024 03:46:10;;;;;;
20/06/2024 03:46:20;;;;;;
20/06/2024 03:46:30;;;;;;
20/06/2024 03:46:40;;;;;;
20/06/2024 03:46:50;;;;;;
20/06/2024 03:47:00;;;;;;
20/06/2024 03:47:10;;;;;;
20/06/2024 03:47:20;;;;;;
20/06/2024 03:47:30;;;;;;
20/06/2024 03:47:40;;;;;;
20/06/2024 03:47:50;;;;;;
20/06/2024 03:48:00;;;;;;
20/06/2024 03:48:10;;;;;;
20/06/2024 03:48:20;;;;;;
20/06/2024 03:48:30;;;;;;
20/06/2024 03:48:40;;;;;;
20/06/2024 03:48:50;;;;;;
20/06/2024 03:49:00;;;;;;
20/06/2024 03:49:10;;;;;;
20/06/2024 03:49:20;;;;;;
20/06/2024 03:49:30;;;;;;
20/06/2024 03:49:40;;;;;;
20/06/2024 03:49:50;;;;;;
20/06/2024 03:50:00;;;;;;
20/06/2024 03:50:10;;;;;;
20/06/2024 03:50:20;;;;;;
20/06/2024 03:50:30;;;;;;
20/06/2024 03:50:40;;;;;;
20/06/2024 03:50:50;;;;;;
20/06/2024 03:51:00;;;;;;
20/06/2024 03:51:10;;;;;;
20/06/2024 03:51:20;;;;;;
20/06/2024 03:51:30;;;;;;
20/06/2024 03:51:40;;;;;;
20/06/2024 03:51:50;;;;;;
20/06/2024 03:52:00;;;;;;
20/06/2024 03:52:10;;;;;;
20/06/2024 03:52:20;;;;;;
20/06/2024 03:52:30;;;;;;
20/06/2024 03:52:40;;;;;;
20/06/2024 03:52:50;;;;;;
20/06/2024 03:53:00;;;;;;
20/06/2024 03:53:10;;;;;;
20/06/2024 03:53:20;;;;;;
20/06/2024 03:53:30;;;;;;
20/06/2024 03:53:40;;;;;;
20/06/2024 03:53:50;;;;;;
20/06/2024 03:54:00;;;;;;
20/06/2024 03:54:10;;;;;;
20/06/2024 03:54:20;;;;;;
20/06/2024 03:54:30;;;;;;
20/06/2024 03:54:40;;;;;;
20/06/2024 03:54:50;;;;;;
20/06/2024 03:55:00;;;;;;
20/06/2024 03:55:10;;;;;;
20/06/2024 03:55:20;;;;;;
20/06/2024 03:55:30;;;;;;
20/06/2024 03:55:40;;;;;;
20/06/2024 03:55:50;;;;;;
20/06/2024 03:56:00;;;;;;
20/06/2024 03:56:10;;;;;;
20/06/2024 03:56:20;;;;;;
20/06/2024 03:56:30;;;;;;
20/06/2024 03:56:40;;;;;;
20/06/2024 03:56:50;;;;;;
20/06/2024 03:57:00;;;;;;
20/06/2024 03:57:10;;;;;;
20/06/2024 03:57:20;;;;;;
20/06/2024 03:57:30;;;;;;
20/06/2024 03:57:40;;;;;;
20/06/2024 03:57:50;;;;;;
20/06/2024 03:58:00;;;;;;
20/06/2024 03:58:10;;;;;;
20/06/2024 03:58:20;;;;;;
20/06/2024 03:58:30;;;;;;
20/06/2024 03:58:40;;;;;;
20/06/2024 03:58:50;;;;;;
20/06/2024 03:59:00;;;;;;
20/06/2024 03:59:10;;;;;;
20/06/2024 03:59:20;;;;;;
20/06/2024 03:59:30;;;;;;
20/06/2024 03:59:40;;;;;;
20/06/2024 03:59:50;;;;;;
20/06/2024 04:00:00;;;;;;
20/06/2024 04:00:10;;;;;;
20/06/2024 04:00:20;;;;;;
20/06/2024 04:00:30;;;;;;
20/06/2024 04:00:40;;;;;;
20/06/2024 04:00:50;;;;;;
20/06/2024 04:01:00;;;;;;
20/06/2024 04:01:10;;;;;;
20/06/2024 04:01:20;;;;;;
20/06/2024 04:01:30;;;;;;
20/06/2024 04:01:40;;;;;;
20/06/2024 04:01:50;;;;;;
20/06/2024 04:02:00;;;;;;
20/06/2024 04:02:10;;;;;;
20/06/2024 04:02:20;;;;;;
20/06/2024 04:02:30;;;;;;
20/06/2024 04:02:40;;;;;;
20/06/2024 04:02:50;;;;;;
20/06/2024 04:03:00;;;;;;
20/06/2024 04:03:10;;;;;;
20/06/2024 04:03:20;;;;;;
20/06/2024 04:03:30;;;;;;
20/06/2024 04:03:40;;;;;;
20/06/2024 04:03:50;;;;;;
20/06/2024 04:04:00;;;;;;
20/06/2024 04:04:10;;;;;;
20/06/2024 04:04:20;;;;;;
20/06/2024 04:04:30;;;;;;
20/06/2024 04:04:40;;;;;;
20/06/2024 04:04:50;;;;;;
20/06/2024 04:05:00;;;;;;
20/06/2024 04:05:10;;;;;;
20/06/2024 04:05:20;;;;;;
20/06/2024 04:05:30;;;;;;
20/06/2024 04:05:40;;;;;;
20/06/2024 04:05:50;;;;;;
20/06/2024 04:06:00;;;;;;
20/06/2024 04:06:10;;;;;;
20/06/2024 04:06:20;;;;;;
20/06/2024 04:06:30;;;;;;
20/06/2024 04:06:40;;;;;;
20/06/2024 04:06:50;;;;;;
20/06/2024 04:07:00;;;;;;
20/06/2024 04:07:10;;;;;;
20/06/2024 04:07:20;;;;;;
20/06/2024 04:07:30;;;;;;
20/06/2024 04:07:40;;;;;;
20/06/2024 04:07:50;;;;;;
20/06/2024 04:08:00;;;;;;
20/06/2024 04:08:10;;;;;;
20/06/2024 04:08:20;;;;;;
20/06/2024 04:08:30;;;;;;
20/06/2024 04:08:40;;;;;;
20/06/2024 04:08:50;;;;;;
20/06/2024 04:09:00;;;;;;
20/06/2024 04:09:10;;;;;;
20/06/2024 04:09:20;;;;;;
20/06/2024 04:09:30;;;;;;
20/06/2024 04:09:40;;;;;;
20/06/2024 04:09:50;;;;;;
20/06/2024 04:10:00;;;;;;
20/06/2024 04:10:10;;;;;;
20/06/2024 04:10:20;;;;;;
20/06/2024 04:10:30;;;;;;
20/06/2024 04:10:40;;;;;;
20/06/2024 04:10:50;;;;;;
20/06/2024 04:11:00;;;;;;
20/06/2024 04:11:10;;;;;;
20/06/2024 04:11:20;;;;;;
20/06/2024 04:11:30;;;;;;
20/06/2024 04:11:40;;;;;;
20/06/2024 04:11:50;;;;;;
20/06/2024 04:12:00;;;;;;
20/06/2024 04:12:10;;;;;;
20/06/2024 04:12:20;;;;;;
20/06/2024 04:12:30;;;;;;
20/06/2024 04:12:40;;;;;;
20/06/2024 04:12:50;;;;;;
20/06/2024 04:13:00;;;;;;
20/06/2024 04:13:10;;;;;;
20/06/2024 04:13:20;;;;;;
20/06/2024 04:13:30;;;;;;
20/06/2024 04:13:40;;;;;;
20/06/2024 04:13:50;;;;;;
20/06/2024 04:14:00;;;;;;
20/06/2024 04:14:10;;;;;;
20/06/2024 04:14:20;;;;;;
20/06/2024 04:14:30;;;;;;
20/06/2024 04:14:40;;;;;;
20/06/2024 04:14:50;;;;;;
20/06/2024 04:15:00;;;;;;
20/06/2024 04:15:10;;;;;;
20/06/2024 04:15:20;;;;;;
20/06/2024 04:15:30;;;;;;
20/06/2024 04:15:40;;;;;;
20/06/2024 04:15:50;;;;;;
20/06/2024 04:16:00;;;;;;
20/06/2024 04:16:10;;;;;;
20/06/2024 04:16:20;;;;;;
20/06/2024 04:16:30;;;;;;
20/06/2024 04:16:40;;;;;;
20/06/2024 04:16:50;;;;;;
20/06/2024 04:17:00;;;;;;
20/06/2024 04:17:10;;;;;;
20/06/2024 04:17:20;;;;;;
20/06/2024 04:17:30;;;;;;
20/06/2024 04:17:40;;;;;;
20/06/2024 04:17:50;;;;;;
20/06/2024 04:18:00;;;;;;
20/06/2024 04:18:10;;;;;;
20/06/2024 04:18:20;;;;;;
20/06/2024 04:18:30;;;;;;
20/06/2024 04:18:40;;;;;;
20/06/2024 04:18:50;;;;;;
20/06/2024 04:19:00;;;;;;
20/06/2024 04:19:10;;;;;;
20/06/2024 04:19:20;;;;;;
20/06/2024 04:19:30;;;;;;
20/06/2024 04:19:40;;;;;;
20/06/2024 04:19:50;;;;;;
20/06/2024 04:20:00;;;;;;
20/06/2024 04:20:10;;;;;;
20/06/2024 04:20:20;;;;;;
20/06/2024 04:20:30;;;;;;
20/06/2024 04:20:40;;;;;;
20/06/2024 04:20:50;;;;;;
20/06/2024 04:21:00;;;;;;
20/06/2024 04:21:10;;;;;;
20/06/2024 04:21:20;;;;;;
20/06/2024 04:21:30;;;;;;
20/06/2024 04:21:40;;;;;;
20/06/2024 04:21:50;;;;;;
20/06/2024 04:22:00;;;;;;
20/06/2024 04:22:10;;;;;;
20/06/2024 04:22:20;;;;;;
20/06/2024 04:22:30;;;;;;
20/06/2024 04:22:40;;;;;;
20/06/2024 04:22:50;;;;;;
20/06/2024 04:23:00;;;;;;
20/06/2024 04:23:10;;;;;;
20/06/2024 04:23:20;;;;;;
20/06/2024 04:23:30;;;;;;
20/06/2024 04:23:40;;;;;;
20/06/2024 04:23:50;;;;;;
20/06/2024 04:24:00;;;;;;
20/06/2024 04:24:10;;;;;;
20/06/2024 04:24:20;;;;;;
20/06/2024 04:24:30;;;;;;
20/06/2024 04:24:40;;;;;;
20/06/2024 04:24:50;;;;;;
20/06/2024 04:25:00;;;;;;
20/06/2024 04:25:10;;;;;;
20/06/2024 04:25:20;;;;;;
20/06/2024 04:25:30;;;;;;
20/06/2024 04:25:40;;;;;;
20/06/2024 04:25:50;;;;;;
20/06/2024 04:26:00;;;;;;
20/06/2024 04:26:10;;;;;;
20/06/2024 04:26:20;;;;;;
20/06/2024 04:26:30;;;;;;
20/06/2024 04:26:40;;;;;;
20/06/2024 04:26:50;;;;;;
20/06/2024 04:27:00;;;;;;
20/06/2024 04:27:10;;;;;;
20/06/2024 04:27:20;;;;;;
20/06/2024 04:27:30;;;;;;
20/06/2024 04:27:40;;;;;;
20/06/2024 04:27:50;;;;;;
20/06/2024 04:28:00;;;;;;
20/06/2024 04:28:10;;;;;;
20/06/2024 04:28:20;;;;;;
20/06/2024 04:28:30;;;;;;
20/06/2024 04:28:40;;;;;;
20/06/2024 04:28:50;;;;;;
20/06/2024 04:29:00;;;;;;
20/06/2024 04:29:10;;;;;;
20/06/2024 04:29:20;;;;;;
20/06/2024 04:29:30;;;;;;
20/06/2024 04:29:40;;;;;;
20/06/2024 04:29:50;;;;;;
20/06/2024 04:30:00;;;;;;
20/06/2024 04:30:10;;;;;;
20/06/2024 04:30:20;;;;;;
20/06/2024 04:30:30;;;;;;
20/06/2024 04:30:40;;;;;;
20/06/2024 04:30:50;;;;;;
20/06/2024 04:31:00;;;;;;
20/06/2024 04:31:10;;;;;;
20/06/2024 04:31:20;;;;;;
20/06/2024 04:31:30;;;;;;
20/06/2024 04:31:40;;;;;;
20/06/2024 04:31:50;;;;;;
20/06/2024 04:32:00;;;;;;
20/06/2024 04:32:10;;;;;;
20/06/2024 04:32:20;;;;;;
20/06/2024 04:32:30;;;;;;
20/06/2024 04:32:40;;;;;;
20/06/2024 04:32:50;;;;;;
20/06/2024 04:33:00;;;;;;
20/06/2024 04:33:10;;;;;;
20/06/2024 04:33:20;;;;;;
20/06/2024 04:33:30;;;;;;
20/06/2024 04:33:40;;;;;;
20/06/2024 04:33:50;;;;;;
20/06/2024 04:34:00;;;;;;
20/06/2024 04:34:10;;;;;;
20/06/2024 04:34:20;;;;;;
20/06/2024 04:34:30;;;;;;
20/06/2024 04:34:40;;;;;;
20/06/2024 04:34:50;;;;;;
20/06/2024 04:35:00;;;;;;
20/06/2024 04:35:10;;;;;;
20/06/2024 04:35:20;;;;;;
20/06/2024 04:35:30;;;;;;
20/06/2024 04:35:40;;;;;;
20/06/2024 04:35:50;;;;;;
20/06/2024 04:36:00;;;;;;
20/06/2024 04:36:10;;;;;;
20/06/2024 04:36:20;;;;;;
20/06/2024 04:36:30;;;;;;
20/06/2024 04:36:40;;;;;;
20/06/2024 04:36:50;;;;;;
20/06/2024 04:37:00;;;;;;
20/06/2024 04:37:10;;;;;;
20/06/2024 04:37:20;;;;;;
20/06/2024 04:37:30;;;;;;
20/06/2024 04:37:40;;;;;;
20/06/2024 04:37:50;;;;;;
20/06/2024 04:38:00;;;;;;
20/06/2024 04:38:10;;;;;;
20/06/2024 04:38:20;;;;;;
20/06/2024 04:38:30;;;;;;
20/06/2024 04:38:40;;;;;;
20/06/2024 04:38:50;;;;;;
20/06/2024 04:39:00;;;;;;
20/06/2024 04:39:10;;;;;;
20/06/2024 04:39:20;;;;;;
20/06/2024 04:39:30;;;;;;
20/06/2024 04:39:40;;;;;;
20/06/2024 04:39:50;;;;;;
20/06/2024 04:40:00;;;;;;
20/06/2024 04:40:10;;;;;;
20/06/2024 04:40:20;;;;;;
20/06/2024 04:40:30;;;;;;
20/06/2024 04:40:40;;;;;;
20/06/2024 04:40:50;;;;;;
20/06/2024 04:41:00;;;;;;
20/06/2024 04:41:10;;;;;;
20/06/2024 04:41:20;;;;;;
20/06/2024 04:41:30;;;;;;
20/06/2024 04:41:40;;;;;;
20/06/2024 04:41:50;;;;;;
20/06/2024 04:42:00;;;;;;
20/06/2024 04:42:10;;;;;;
20/06/2024 04:42:20;;;;;;
20/06/2024 04:42:30;;;;;;
20/06/2024 04:42:40;;;;;;
20/06/2024 04:42:50;;;;;;
20/06/2024 04:43:00;;;;;;
20/06/2024 04:43:10;;;;;;
20/06/2024 04:43:20;;;;;;
20/06/2024 04:43:30;;;;;;
20/06/2024 04:43:40;;;;;;
20/06/2024 04:43:50;;;;;;
20/06/2024 04:44:00;;;;;;
20/06/2024 04:44:10;;;;;;
20/06/2024 04:44:20;;;;;;
20/06/2024 04:44:30;;;;;;
20/06/2024 04:44:40;;;;;;
20/06/2024 04:44:50;;;;;;
20/06/2024 04:45:00;;;;;;
20/06/2024 04:45:10;;;;;;
20/06/2024 04:45:20;;;;;;
20/06/2024 04:45:30;;;;;;
20/06/2024 04:45:40;;;;;;
20/06/2024 04:45:50;;;;;;
20/06/2024 04:46:00;;;;;;
20/06/2024 04:46:10;;;;;;
20/06/2024 04:46:20;;;;;;
20/06/2024 04:46:30;;;;;;
20/06/2024 04:46:40;;;;;;
20/06/2024 04:46:50;;;;;;
20/06/2024 04:47:00;;;;;;
20/06/2024 04:47:10;;;;;;
20/06/2024 04:47:20;;;;;;
20/06/2024 04:47:30;;;;;;
20/06/2024 04:47:40;;;;;;
20/06/2024 04:47:50;;;;;;
20/06/2024 04:48:00;;;;;;
20/06/2024 04:48:10;;;;;;
20/06/2024 04:48:20;;;;;;
20/06/2024 04:48:30;;;;;;
20/06/2024 04:48:40;;;;;;
20/06/2024 04:48:50;;;;;;
20/06/2024 04:49:00;;;;;;
20/06/2024 04:49:10;;;;;;
20/06/2024 04:49:20;;;;;;
20/06/2024 04:49:30;;;;;;
20/06/2024 04:49:40;;;;;;
20/06/2024 04:49:50;;;;;;
20/06/2024 04:50:00;;;;;;
20/06/2024 04:50:10;;;;;;
20/06/2024 04:50:20;;;;;;
20/06/2024 04:50:30;;;;;;
20/06/2024 04:50:40;;;;;;
20/06/2024 04:50:50;;;;;;
20/06/2024 04:51:00;;;;;;
20/06/2024 04:51:10;;;;;;
20/06/2024 04:51:20;;;;;;
20/06/2024 04:51:30;;;;;;
20/06/2024 04:51:40;;;;;;
20/06/2024 04:51:50;;;;;;
20/06/2024 04:52:00;;;;;;
20/06/2024 04:52:10;;;;;;
20/06/2024 04:52:20;;;;;;
20/06/2024 04:52:30;;;;;;
20/06/2024 04:52:40;;;;;;
20/06/2024 04:52:50;;;;;;
20/06/2024 04:53:00;;;;;;
20/06/2024 04:53:10;;;;;;
20/06/2024 04:53:20;;;;;;
20/06/2024 04:53:30;;;;;;
20/06/2024 04:53:40;;;;;;
20/06/2024 04:53:50;;;;;;
20/06/2024 04:54:00;;;;;;
20/06/2024 04:54:10;;;;;;
20/06/2024 04:54:20;;;;;;
20/06/2024 04:54:30;;;;;;
20/06/2024 04:54:40;;;;;;
20/06/2024 04:54:50;;;;;;
20/06/2024 04:55:00;;;;;;
20/06/2024 04:55:10;;;;;;
20/06/2024 04:55:20;;;;;;
20/06/2024 04:55:30;;;;;;
20/06/2024 04:55:40;;;;;;
20/06/2024 04:55:50;;;;;;
20/06/2024 04:56:00;;;;;;
20/06/2024 04:56:10;;;;;;
20/06/2024 04:56:20;;;;;;
20/06/2024 04:56:30;;;;;;
20/06/2024 04:56:40;;;;;;
20/06/2024 04:56:50;;;;;;
20/06/2024 04:57:00;;;;;;
20/06/2024 04:57:10;;;;;;
20/06/2024 04:57:20;;;;;;
20/06/2024 04:57:30;;;;;;
20/06/2024 04:57:40;;;;;;
20/06/2024 04:57:50;;;;;;
20/06/2024 04:58:00;;;;;;
20/06/2024 04:58:10;;;;;;
20/06/2024 04:58:20;;;;;;
20/06/2024 04:58:30;;;;;;
20/06/2024 04:58:40;;;;;;
20/06/2024 04:58:50;;;;;;
20/06/2024 04:59:00;;;;;;
20/06/2024 04:59:10;;;;;;
20/06/2024 04:59:20;;;;;;
20/06/2024 04:59:30;;;;;;
20/06/2024 04:59:40;;;;;;
20/06/2024 04:59:50;;;;;;
20/06/2024 05:00:00;;;;;;
20/06/2024 05:00:10;;;;;;
20/06/2024 05:00:20;;;;;;
20/06/2024 05:00:30;;;;;;
20/06/2024 05:00:40;;;;;;
20/06/2024 05:00:50;;;;;;
20/06/2024 05:01:00;;;;;;
20/06/2024 05:01:10;;;;;;
20/06/2024 05:01:20;;;;;;
20/06/2024 05:01:30;;;;;;
20/06/2024 05:01:40;;;;;;
20/06/2024 05:01:50;;;;;;
20/06/2024 05:02:00;;;;;;
20/06/2024 05:02:10;;;;;;
20/06/2024 05:02:20;;;;;;
20/06/2024 05:02:30;;;;;;
20/06/2024 05:02:40;;;;;;
20/06/2024 05:02:50;;;;;;
20/06/2024 05:03:00;;;;;;
20/06/2024 05:03:10;;;;;;
20/06/2024 05:03:20;;;;;;
20/06/2024 05:03:30;;;;;;
20/06/2024 05:03:40;;;;;;
20/06/2024 05:03:50;;;;;;
20/06/2024 05:04:00;;;;;;
20/06/2024 05:04:10;;;;;;
20/06/2024 05:04:20;;;;;;
20/06/2024 05:04:30;;;;;;
20/06/2024 05:04:40;;;;;;
20/06/2024 05:04:50;;;;;;
20/06/2024 05:05:00;;;;;;
20/06/2024 05:05:10;;;;;;
20/06/2024 05:05:20;;;;;;
20/06/2024 05:05:30;;;;;;
20/06/2024 05:05:40;;;;;;
20/06/2024 05:05:50;;;;;;
20/06/2024 05:06:00;;;;;;
20/06/2024 05:06:10;;;;;;
20/06/2024 05:06:20;;;;;;
20/06/2024 05:06:30;;;;;;
20/06/2024 05:06:40;;;;;;
20/06/2024 05:06:50;;;;;;
20/06/2024 05:07:00;;;;;;
20/06/2024 05:07:10;;;;;;
20/06/2024 05:07:20;;;;;;
20/06/2024 05:07:30;;;;;;
20/06/2024 05:07:40;;;;;;
20/06/2024 05:07:50;;;;;;
20/06/2024 05:08:00;;;;;;
20/06/2024 05:08:10;;;;;;
20/06/2024 05:08:20;;;;;;
20/06/2024 05:08:30;;;;;;
20/06/2024 05:08:40;;;;;;
20/06/2024 05:08:50;;;;;;
20/06/2024 05:09:00;;;;;;
20/06/2024 05:09:10;;;;;;
20/06/2024 05:09:20;;;;;;
20/06/2024 05:09:30;;;;;;
20/06/2024 05:09:40;;;;;;
20/06/2024 05:09:50;;;;;;
20/06/2024 05:10:00;;;;;;
20/06/2024 05:10:10;;;;;;
20/06/2024 05:10:20;;;;;;
20/06/2024 05:10:30;;;;;;
20/06/2024 05:10:40;;;;;;
20/06/2024 05:10:50;;;;;;
20/06/2024 05:11:00;;;;;;
20/06/2024 05:11:10;;;;;;
20/06/2024 05:11:20;;;;;;
20/06/2024 05:11:30;;;;;;
20/06/2024 05:11:40;;;;;;
20/06/2024 05:11:50;;;;;;
20/06/2024 05:12:00;;;;;;
20/06/2024 05:12:10;;;;;;
20/06/2024 05:12:20;;;;;;
20/06/2024 05:12:30;;;;;;
20/06/2024 05:12:40;;;;;;
20/06/2024 05:12:50;;;;;;
20/06/2024 05:13:00;;;;;;
20/06/2024 05:13:10;;;;;;
20/06/2024 05:13:20;;;;;;
20/06/2024 05:13:30;;;;;;
20/06/2024 05:13:40;;;;;;
20/06/2024 05:13:50;;;;;;
20/06/2024 05:14:00;;;;;;
20/06/2024 05:14:10;;;;;;
20/06/2024 05:14:20;;;;;;
20/06/2024 05:14:30;;;;;;
20/06/2024 05:14:40;;;;;;
20/06/2024 05:14:50;;;;;;
20/06/2024 05:15:00;;;;;;
20/06/2024 05:15:10;;;;;;
20/06/2024 05:15:20;;;;;;
20/06/2024 05:15:30;;;;;;
20/06/2024 05:15:40;;;;;;
20/06/2024 05:15:50;;;;;;
20/06/2024 05:16:00;;;;;;
20/06/2024 05:16:10;;;;;;
20/06/2024 05:16:20;;;;;;
20/06/2024 05:16:30;;;;;;
20/06/2024 05:16:40;;;;;;
20/06/2024 05:16:50;;;;;;
20/06/2024 05:17:00;;;;;;
20/06/2024 05:17:10;;;;;;
20/06/2024 05:17:20;;;;;;
20/06/2024 05:17:30;;;;;;
20/06/2024 05:17:40;;;;;;
20/06/2024 05:17:50;;;;;;
20/06/2024 05:18:00;;;;;;
20/06/2024 05:18:10;;;;;;
20/06/2024 05:18:20;;;;;;
20/06/2024 05:18:30;;;;;;
20/06/2024 05:18:40;;;;;;
20/06/2024 05:18:50;;;;;;
20/06/2024 05:19:00;;;;;;
20/06/2024 05:19:10;;;;;;
20/06/2024 05:19:20;;;;;;
20/06/2024 05:19:30;;;;;;
20/06/2024 05:19:40;;;;;;
20/06/2024 05:19:50;;;;;;
20/06/2024 05:20:00;;;;;;
20/06/2024 05:20:10;;;;;;
20/06/2024 05:20:20;;;;;;
20/06/2024 05:20:30;;;;;;
20/06/2024 05:20:40;;;;;;
20/06/2024 05:20:50;;;;;;
20/06/2024 05:21:00;;;;;;
20/06/2024 05:21:10;;;;;;
20/06/2024 05:21:20;;;;;;
20/06/2024 05:21:30;;;;;;
20/06/2024 05:21:40;;;;;;
20/06/2024 05:21:50;;;;;;
20/06/2024 05:22:00;;;;;;
20/06/2024 05:22:10;;;;;;
20/06/2024 05:22:20;;;;;;
20/06/2024 05:22:30;;;;;;
20/06/2024 05:22:40;;;;;;
20/06/2024 05:22:50;;;;;;
20/06/2024 05:23:00;;;;;;
20/06/2024 05:23:10;;;;;;
20/06/2024 05:23:20;;;;;;
20/06/2024 05:23:30;;;;;;
20/06/2024 05:23:40;;;;;;
20/06/2024 05:23:50;;;;;;
20/06/2024 05:24:00;;;;;;
20/06/2024 05:24:10;;;;;;
20/06/2024 05:24:20;;;;;;
20/06/2024 05:24:30;;;;;;
20/06/2024 05:24:40;;;;;;
20/06/2024 05:24:50;;;;;;
20/06/2024 05:25:00;;;;;;
20/06/2024 05:25:10;;;;;;
20/06/2024 05:25:20;;;;;;
20/06/2024 05:25:30;;;;;;
20/06/2024 05:25:40;;;;;;
20/06/2024 05:25:50;;;;;;
20/06/2024 05:26:00;;;;;;
20/06/2024 05:26:10;;;;;;
20/06/2024 05:26:20;;;;;;
20/06/2024 05:26:30;;;;;;
20/06/2024 05:26:40;;;;;;
20/06/2024 05:26:50;;;;;;
20/06/2024 05:27:00;;;;;;
20/06/2024 05:27:10;;;;;;
20/06/2024 05:27:20;;;;;;
20/06/2024 05:27:30;;;;;;
20/06/2024 05:27:40;;;;;;
20/06/2024 05:27:50;;;;;;
20/06/2024 05:28:00;;;;;;
20/06/2024 05:28:10;;;;;;
20/06/2024 05:28:20;;;;;;
20/06/2024 05:28:30;;;;;;
20/06/2024 05:28:40;;;;;;
20/06/2024 05:28:50;;;;;;
20/06/2024 05:29:00;;;;;;
20/06/2024 05:29:10;;;;;;
20/06/2024 05:29:20;;;;;;
20/06/2024 05:29:30;;;;;;
20/06/2024 05:29:40;;;;;;
20/06/2024 05:29:50;;;;;;
20/06/2024 05:30:00;;;;;;
20/06/2024 05:30:10;;;;;;
20/06/2024 05:30:20;;;;;;
20/06/2024 05:30:30;;;;;;
20/06/2024 05:30:40;;;;;;
20/06/2024 05:30:50;;;;;;
20/06/2024 05:31:00;;;;;;
20/06/2024 05:31:10;;;;;;
20/06/2024 05:31:20;;;;;;
20/06/2024 05:31:30;;;;;;
20/06/2024 05:31:40;;;;;;
20/06/2024 05:31:50;;;;;;
20/06/2024 05:32:00;;;;;;
20/06/2024 05:32:10;;;;;;
20/06/2024 05:32:20;;;;;;
20/06/2024 05:32:30;;;;;;
20/06/2024 05:32:40;;;;;;
20/06/2024 05:32:50;;;;;;
20/06/2024 05:33:00;;;;;;
20/06/2024 05:33:10;;;;;;
20/06/2024 05:33:20;;;;;;
20/06/2024 05:33:30;;;;;;
20/06/2024 05:33:40;;;;;;
20/06/2024 05:33:50;;;;;;
20/06/2024 05:34:00;;;;;;
20/06/2024 05:34:10;;;;;;
20/06/2024 05:34:20;;;;;;
20/06/2024 05:34:30;;;;;;
20/06/2024 05:34:40;;;;;;
20/06/2024 05:34:50;;;;;;
20/06/2024 05:35:00;;;;;;
20/06/2024 05:35:10;;;;;;
20/06/2024 05:35:20;;;;;;
20/06/2024 05:35:30;;;;;;
20/06/2024 05:35:40;;;;;;
20/06/2024 05:35:50;;;;;;
20/06/2024 05:36:00;;;;;;
20/06/2024 05:36:10;;;;;;
20/06/2024 05:36:20;;;;;;
20/06/2024 05:36:30;;;;;;
20/06/2024 05:36:40;;;;;;
20/06/2024 05:36:50;;;;;;
20/06/2024 05:37:00;;;;;;
20/06/2024 05:37:10;;;;;;
20/06/2024 05:37:20;;;;;;
20/06/2024 05:37:30;;;;;;
20/06/2024 05:37:40;;;;;;
20/06/2024 05:37:50;;;;;;
20/06/2024 05:38:00;;;;;;
20/06/2024 05:38:10;;;;;;
20/06/2024 05:38:20;;;;;;
20/06/2024 05:38:30;;;;;;
20/06/2024 05:38:40;;;;;;
20/06/2024 05:38:50;;;;;;
20/06/2024 05:39:00;;;;;;
20/06/2024 05:39:10;;;;;;
20/06/2024 05:39:20;;;;;;
20/06/2024 05:39:30;;;;;;
20/06/2024 05:39:40;;;;;;
20/06/2024 05:39:50;;;;;;
20/06/2024 05:40:00;;;;;;
20/06/2024 05:40:10;;;;;;
20/06/2024 05:40:20;;;;;;
20/06/2024 05:40:30;;;;;;
20/06/2024 05:40:40;;;;;;
20/06/2024 05:40:50;;;;;;
20/06/2024 05:41:00;;;;;;
20/06/2024 05:41:10;;;;;;
20/06/2024 05:41:20;;;;;;
20/06/2024 05:41:30;;;;;;
20/06/2024 05:41:40;;;;;;
20/06/2024 05:41:50;;;;;;
20/06/2024 05:42:00;;;;;;
20/06/2024 05:42:10;;;;;;
20/06/2024 05:42:20;;;;;;
20/06/2024 05:42:30;;;;;;
20/06/2024 05:42:40;;;;;;
20/06/2024 05:42:50;;;;;;
20/06/2024 05:43:00;;;;;;
20/06/2024 05:43:10;;;;;;
20/06/2024 05:43:20;;;;;;
20/06/2024 05:43:30;;;;;;
20/06/2024 05:43:40;;;;;;
20/06/2024 05:43:50;;;;;;
20/06/2024 05:44:00;;;;;;
20/06/2024 05:44:10;;;;;;
20/06/2024 05:44:20;;;;;;
20/06/2024 05:44:30;;;;;;
20/06/2024 05:44:40;;;;;;
20/06/2024 05:44:50;;;;;;
20/06/2024 05:45:00;;;;;;
20/06/2024 05:45:10;;;;;;
20/06/2024 05:45:20;;;;;;
20/06/2024 05:45:30;;;;;;
20/06/2024 05:45:40;;;;;;
20/06/2024 05:45:50;;;;;;
20/06/2024 05:46:00;;;;;;
20/06/2024 05:46:10;;;;;;
20/06/2024 05:46:20;;;;;;
20/06/2024 05:46:30;;;;;;
20/06/2024 05:46:40;;;;;;
20/06/2024 05:46:50;;;;;;
20/06/2024 05:47:00;;;;;;
20/06/2024 05:47:10;;;;;;
20/06/2024 05:47:20;;;;;;
20/06/2024 05:47:30;;;;;;
20/06/2024 05:47:40;;;;;;
20/06/2024 05:47:50;;;;;;
20/06/2024 05:48:00;;;;;;
20/06/2024 05:48:10;;;;;;
20/06/2024 05:48:20;;;;;;
20/06/2024 05:48:30;;;;;;
20/06/2024 05:48:40;;;;;;
20/06/2024 05:48:50;;;;;;
20/06/2024 05:49:00;;;;;;
20/06/2024 05:49:10;;;;;;
20/06/2024 05:49:20;;;;;;
20/06/2024 05:49:30;;;;;;
20/06/2024 05:49:40;;;;;;
20/06/2024 05:49:50;;;;;;
20/06/2024 05:50:00;;;;;;
20/06/2024 05:50:10;;;;;;
20/06/2024 05:50:20;;;;;;
20/06/2024 05:50:30;;;;;;
20/06/2024 05:50:40;;;;;;
20/06/2024 05:50:50;;;;;;
20/06/2024 05:51:00;;;;;;
20/06/2024 05:51:10;;;;;;
20/06/2024 05:51:20;;;;;;
20/06/2024 05:51:30;;;;;;
20/06/2024 05:51:40;;;;;;
20/06/2024 05:51:50;;;;;;
20/06/2024 05:52:00;;;;;;
20/06/2024 05:52:10;;;;;;
20/06/2024 05:52:20;;;;;;
20/06/2024 05:52:30;;;;;;
20/06/2024 05:52:40;;;;;;
20/06/2024 05:52:50;;;;;;
20/06/2024 05:53:00;;;;;;
20/06/2024 05:53:10;;;;;;
20/06/2024 05:53:20;;;;;;
20/06/2024 05:53:30;;;;;;
20/06/2024 05:53:40;;;;;;
20/06/2024 05:53:50;;;;;;
20/06/2024 05:54:00;;;;;;
20/06/2024 05:54:10;;;;;;
20/06/2024 05:54:20;;;;;;
20/06/2024 05:54:30;;;;;;
20/06/2024 05:54:40;;;;;;
20/06/2024 05:54:50;;;;;;
20/06/2024 05:55:00;;;;;;
20/06/2024 05:55:10;;;;;;
20/06/2024 05:55:20;;;;;;
20/06/2024 05:55:30;;;;;;
20/06/2024 05:55:40;;;;;;
20/06/2024 05:55:50;;;;;;
20/06/2024 05:56:00;;;;;;
20/06/2024 05:56:10;;;;;;
20/06/2024 05:56:20;;;;;;
20/06/2024 05:56:30;;;;;;
20/06/2024 05:56:40;;;;;;
20/06/2024 05:56:50;;;;;;
20/06/2024 05:57:00;;;;;;
20/06/2024 05:57:10;;;;;;
20/06/2024 05:57:20;;;;;;
20/06/2024 05:57:30;;;;;;
20/06/2024 05:57:40;;;;;;
20/06/2024 05:57:50;;;;;;
20/06/2024 05:58:00;;;;;;
20/06/2024 05:58:10;;;;;;
20/06/2024 05:58:20;;;;;;
20/06/2024 05:58:30;;;;;;
20/06/2024 05:58:40;;;;;;
20/06/2024 05:58:50;;;;;;
20/06/2024 05:59:00;;;;;;
20/06/2024 05:59:10;;;;;;
20/06/2024 05:59:20;;;;;;
20/06/2024 05:59:30;;;;;;
20/06/2024 05:59:40;;;;;;
20/06/2024 05:59:50;;;;;;
20/06/2024 06:00:00;;;;;;
20/06/2024 06:00:10;;;;;;
20/06/2024 06:00:20;;;;;;
20/06/2024 06:00:30;;;;;;
20/06/2024 06:00:40;;;;;;
20/06/2024 06:00:50;;;;;;
20/06/2024 06:01:00;;;;;;
20/06/2024 06:01:10;;;;;;
20/06/2024 06:01:20;;;;;;
20/06/2024 06:01:30;;;;;;
20/06/2024 06:01:40;;;;;;
20/06/2024 06:01:50;;;;;;
20/06/2024 06:02:00;;;;;;
20/06/2024 06:02:10;;;;;;
20/06/2024 06:02:20;;;;;;
20/06/2024 06:02:30;;;;;;
20/06/2024 06:02:40;;;;;;
20/06/2024 06:02:50;;;;;;
20/06/2024 06:03:00;;;;;;
20/06/2024 06:03:10;;;;;;
20/06/2024 06:03:20;;;;;;
20/06/2024 06:03:30;;;;;;
20/06/2024 06:03:40;;;;;;
20/06/2024 06:03:50;;;;;;
20/06/2024 06:04:00;;;;;;
20/06/2024 06:04:10;;;;;;
20/06/2024 06:04:20;;;;;;
20/06/2024 06:04:30;;;;;;
20/06/2024 06:04:40;;;;;;
20/06/2024 06:04:50;;;;;;
20/06/2024 06:05:00;;;;;;
20/06/2024 06:05:10;;;;;;
20/06/2024 06:05:20;;;;;;
20/06/2024 06:05:30;;;;;;
20/06/2024 06:05:40;;;;;;
20/06/2024 06:05:50;;;;;;
20/06/2024 06:06:00;;;;;;
20/06/2024 06:06:10;;;;;;
20/06/2024 06:06:20;;;;;;
20/06/2024 06:06:30;;;;;;
20/06/2024 06:06:40;;;;;;
20/06/2024 06:06:50;;;;;;
20/06/2024 06:07:00;;;;;;
20/06/2024 06:07:10;;;;;;
20/06/2024 06:07:20;;;;;;
20/06/2024 06:07:30;;;;;;
20/06/2024 06:07:40;;;;;;
20/06/2024 06:07:50;;;;;;
20/06/2024 06:08:00;;;;;;
20/06/2024 06:08:10;;;;;;
20/06/2024 06:08:20;;;;;;
20/06/2024 06:08:30;;;;;;
20/06/2024 06:08:40;;;;;;
20/06/2024 06:08:50;;;;;;
20/06/2024 06:09:00;;;;;;
20/06/2024 06:09:10;;;;;;
20/06/2024 06:09:20;;;;;;
20/06/2024 06:09:30;;;;;;
20/06/2024 06:09:40;;;;;;
20/06/2024 06:09:50;;;;;;
20/06/2024 06:10:00;;;;;;
20/06/2024 06:10:10;;;;;;
20/06/2024 06:10:20;;;;;;
20/06/2024 06:10:30;;;;;;
20/06/2024 06:10:40;;;;;;
20/06/2024 06:10:50;;;;;;
20/06/2024 06:11:00;;;;;;
20/06/2024 06:11:10;;;;;;
20/06/2024 06:11:20;;;;;;
20/06/2024 06:11:30;;;;;;
20/06/2024 06:11:40;;;;;;
20/06/2024 06:11:50;;;;;;
20/06/2024 06:12:00;;;;;;
20/06/2024 06:12:10;;;;;;
20/06/2024 06:12:20;;;;;;
20/06/2024 06:12:30;;;;;;
20/06/2024 06:12:40;;;;;;
20/06/2024 06:12:50;;;;;;
20/06/2024 06:13:00;;;;;;
20/06/2024 06:13:10;;;;;;
20/06/2024 06:13:20;;;;;;
20/06/2024 06:13:30;;;;;;
20/06/2024 06:13:40;;;;;;
20/06/2024 06:13:50;;;;;;
20/06/2024 06:14:00;;;;;;
20/06/2024 06:14:10;;;;;;
20/06/2024 06:14:20;;;;;;
20/06/2024 06:14:30;;;;;;
20/06/2024 06:14:40;;;;;;
20/06/2024 06:14:50;;;;;;
20/06/2024 06:15:00;;;;;;
20/06/2024 06:15:10;;;;;;
20/06/2024 06:15:20;;;;;;
20/06/2024 06:15:30;;;;;;
20/06/2024 06:15:40;;;;;;
20/06/2024 06:15:50;;;;;;
20/06/2024 06:16:00;;;;;;
20/06/2024 06:16:10;;;;;;
20/06/2024 06:16:20;;;;;;
20/06/2024 06:16:30;;;;;;
20/06/2024 06:16:40;;;;;;
20/06/2024 06:16:50;;;;;;
20/06/2024 06:17:00;;;;;;
20/06/2024 06:17:10;;;;;;
20/06/2024 06:17:20;;;;;;
20/06/2024 06:17:30;;;;;;
20/06/2024 06:17:40;;;;;;
20/06/2024 06:17:50;;;;;;
20/06/2024 06:18:00;;;;;;
20/06/2024 06:18:10;;;;;;
20/06/2024 06:18:20;;;;;;
20/06/2024 06:18:30;;;;;;
20/06/2024 06:18:40;;;;;;
20/06/2024 06:18:50;;;;;;
20/06/2024 06:19:00;;;;;;
20/06/2024 06:19:10;;;;;;
20/06/2024 06:19:20;;;;;;
20/06/2024 06:19:30;;;;;;
20/06/2024 06:19:40;;;;;;
20/06/2024 06:19:50;;;;;;
20/06/2024 06:20:00;;;;;;
20/06/2024 06:20:10;;;;;;
20/06/2024 06:20:20;;;;;;
20/06/2024 06:20:30;;;;;;
20/06/2024 06:20:40;;;;;;
20/06/2024 06:20:50;;;;;;
20/06/2024 06:21:00;;;;;;
20/06/2024 06:21:10;;;;;;
20/06/2024 06:21:20;;;;;;
20/06/2024 06:21:30;;;;;;
20/06/2024 06:21:40;;;;;;
20/06/2024 06:21:50;;;;;;
20/06/2024 06:22:00;;;;;;
20/06/2024 06:22:10;;;;;;
20/06/2024 06:22:20;;;;;;
20/06/2024 06:22:30;;;;;;
20/06/2024 06:22:40;;;;;;
20/06/2024 06:22:50;;;;;;
20/06/2024 06:23:00;;;;;;
20/06/2024 06:23:10;;;;;;
20/06/2024 06:23:20;;;;;;
20/06/2024 06:23:30;;;;;;
20/06/2024 06:23:40;;;;;;
20/06/2024 06:23:50;;;;;;
20/06/2024 06:24:00;;;;;;
20/06/2024 06:24:10;;;;;;
20/06/2024 06:24:20;;;;;;
20/06/2024 06:24:30;;;;;;
20/06/2024 06:24:40;;;;;;
20/06/2024 06:24:50;;;;;;
20/06/2024 06:25:00;;;;;;
20/06/2024 06:25:10;;;;;;
20/06/2024 06:25:20;;;;;;
20/06/2024 06:25:30;;;;;;
20/06/2024 06:25:40;;;;;;
20/06/2024 06:25:50;;;;;;
20/06/2024 06:26:00;;;;;;
20/06/2024 06:26:10;;;;;;
20/06/2024 06:26:20;;;;;;
20/06/2024 06:26:30;;;;;;
20/06/2024 06:26:40;;;;;;
20/06/2024 06:26:50;;;;;;
20/06/2024 06:27:00;;;;;;
20/06/2024 06:27:10;;;;;;
20/06/2024 06:27:20;;;;;;
20/06/2024 06:27:30;;;;;;
20/06/2024 06:27:40;;;;;;
20/06/2024 06:27:50;;;;;;
20/06/2024 06:28:00;;;;;;
20/06/2024 06:28:10;;;;;;
20/06/2024 06:28:20;;;;;;
20/06/2024 06:28:30;;;;;;
20/06/2024 06:28:40;;;;;;
20/06/2024 06:28:50;;;;;;
20/06/2024 06:29:00;;;;;;
20/06/2024 06:29:10;;;;;;
20/06/2024 06:29:20;;;;;;
20/06/2024 06:29:30;;;;;;
20/06/2024 06:29:40;;;;;;
20/06/2024 06:29:50;;;;;;
20/06/2024 06:30:00;;;;;;
20/06/2024 06:30:10;;;;;;
20/06/2024 06:30:20;;;;;;
20/06/2024 06:30:30;;;;;;
20/06/2024 06:30:40;;;;;;
20/06/2024 06:30:50;;;;;;
20/06/2024 06:31:00;;;;;;
20/06/2024 06:31:10;;;;;;
20/06/2024 06:31:20;;;;;;
20/06/2024 06:31:30;;;;;;
20/06/2024 06:31:40;;;;;;
20/06/2024 06:31:50;;;;;;
20/06/2024 06:32:00;;;;;;
20/06/2024 06:32:10;;;;;;
20/06/2024 06:32:20;;;;;;
20/06/2024 06:32:30;;;;;;
20/06/2024 06:32:40;;;;;;
20/06/2024 06:32:50;;;;;;
20/06/2024 06:33:00;;;;;;
20/06/2024 06:33:10;;;;;;
20/06/2024 06:33:20;;;;;;
20/06/2024 06:33:30;;;;;;
20/06/2024 06:33:40;;;;;;
20/06/2024 06:33:50;;;;;;
20/06/2024 06:34:00;;;;;;
20/06/2024 06:34:10;;;;;;
20/06/2024 06:34:20;;;;;;
20/06/2024 06:34:30;;;;;;
20/06/2024 06:34:40;;;;;;
20/06/2024 06:34:50;;;;;;
20/06/2024 06:35:00;;;;;;
20/06/2024 06:35:10;;;;;;
20/06/2024 06:35:20;;;;;;
20/06/2024 06:35:30;;;;;;
20/06/2024 06:35:40;;;;;;
20/06/2024 06:35:50;;;;;;
20/06/2024 06:36:00;;;;;;
20/06/2024 06:36:10;;;;;;
20/06/2024 06:36:20;;;;;;
20/06/2024 06:36:30;;;;;;
20/06/2024 06:36:40;;;;;;
20/06/2024 06:36:50;;;;;;
20/06/2024 06:37:00;;;;;;
20/06/2024 06:37:10;;;;;;
20/06/2024 06:37:20;;;;;;
20/06/2024 06:37:30;;;;;;
20/06/2024 06:37:40;;;;;;
20/06/2024 06:37:50;;;;;;
20/06/2024 06:38:00;;;;;;
20/06/2024 06:38:10;;;;;;
20/06/2024 06:38:20;;;;;;
20/06/2024 06:38:30;;;;;;
20/06/2024 06:38:40;;;;;;
20/06/2024 06:38:50;;;;;;
20/06/2024 06:39:00;;;;;;
20/06/2024 06:39:10;;;;;;
20/06/2024 06:39:20;;;;;;
20/06/2024 06:39:30;;;;;;
20/06/2024 06:39:40;;;;;;
20/06/2024 06:39:50;;;;;;
20/06/2024 06:40:00;;;;;;
20/06/2024 06:40:10;;;;;;
20/06/2024 06:40:20;;;;;;
20/06/2024 06:40:30;;;;;;
20/06/2024 06:40:40;;;;;;
20/06/2024 06:40:50;;;;;;
20/06/2024 06:41:00;;;;;;
20/06/2024 06:41:10;;;;;;
20/06/2024 06:41:20;;;;;;
20/06/2024 06:41:30;;;;;;
20/06/2024 06:41:40;;;;;;
20/06/2024 06:41:50;;;;;;
20/06/2024 06:42:00;;;;;;
20/06/2024 06:42:10;;;;;;
20/06/2024 06:42:20;;;;;;
20/06/2024 06:42:30;;;;;;
20/06/2024 06:42:40;;;;;;
20/06/2024 06:42:50;;;;;;
20/06/2024 06:43:00;;;;;;
20/06/2024 06:43:10;;;;;;
20/06/2024 06:43:20;;;;;;
20/06/2024 06:43:30;;;;;;
20/06/2024 06:43:40;;;;;;
20/06/2024 06:43:50;;;;;;
20/06/2024 06:44:00;;;;;;
20/06/2024 06:44:10;;;;;;
20/06/2024 06:44:20;;;;;;
20/06/2024 06:44:30;;;;;;
20/06/2024 06:44:40;;;;;;
20/06/2024 06:44:50;;;;;;
20/06/2024 06:45:00;;;;;;
20/06/2024 06:45:10;;;;;;
20/06/2024 06:45:20;;;;;;
20/06/2024 06:45:30;;;;;;
20/06/2024 06:45:40;;;;;;
20/06/2024 06:45:50;;;;;;
20/06/2024 06:46:00;;;;;;
20/06/2024 06:46:10;;;;;;
20/06/2024 06:46:20;;;;;;
20/06/2024 06:46:30;;;;;;
20/06/2024 06:46:40;;;;;;
20/06/2024 06:46:50;;;;;;
20/06/2024 06:47:00;;;;;;
20/06/2024 06:47:10;;;;;;
20/06/2024 06:47:20;;;;;;
20/06/2024 06:47:30;;;;;;
20/06/2024 06:47:40;;;;;;
20/06/2024 06:47:50;;;;;;
20/06/2024 06:48:00;;;;;;
20/06/2024 06:48:10;;;;;;
20/06/2024 06:48:20;;;;;;
20/06/2024 06:48:30;;;;;;
20/06/2024 06:48:40;;;;;;
20/06/2024 06:48:50;;;;;;
20/06/2024 06:49:00;;;;;;
20/06/2024 06:49:10;;;;;;
20/06/2024 06:49:20;;;;;;
20/06/2024 06:49:30;;;;;;
20/06/2024 06:49:40;;;;;;
20/06/2024 06:49:50;;;;;;
20/06/2024 06:50:00;;;;;;
20/06/2024 06:50:10;;;;;;
20/06/2024 06:50:20;;;;;;
20/06/2024 06:50:30;;;;;;
20/06/2024 06:50:40;;;;;;
20/06/2024 06:50:50;;;;;;
20/06/2024 06:51:00;;;;;;
20/06/2024 06:51:10;;;;;;
20/06/2024 06:51:20;;;;;;
20/06/2024 06:51:30;;;;;;
20/06/2024 06:51:40;;;;;;
20/06/2024 06:51:50;;;;;;
20/06/2024 06:52:00;;;;;;
20/06/2024 06:52:10;;;;;;
20/06/2024 06:52:20;;;;;;
20/06/2024 06:52:30;;;;;;
20/06/2024 06:52:40;;;;;;
20/06/2024 06:52:50;;;;;;
20/06/2024 06:53:00;;;;;;
20/06/2024 06:53:10;;;;;;
20/06/2024 06:53:20;;;;;;
20/06/2024 06:53:30;;;;;;
20/06/2024 06:53:40;;;;;;
20/06/2024 06:53:50;;;;;;
20/06/2024 06:54:00;;;;;;
20/06/2024 06:54:10;;;;;;
20/06/2024 06:54:20;;;;;;
20/06/2024 06:54:30;;;;;;
20/06/2024 06:54:40;;;;;;
20/06/2024 06:54:50;;;;;;
20/06/2024 06:55:00;;;;;;
20/06/2024 06:55:10;;;;;;
20/06/2024 06:55:20;;;;;;
20/06/2024 06:55:30;;;;;;
20/06/2024 06:55:40;;;;;;
20/06/2024 06:55:50;;;;;;
20/06/2024 06:56:00;;;;;;
20/06/2024 06:56:10;;;;;;
20/06/2024 06:56:20;;;;;;
20/06/2024 06:56:30;;;;;;
20/06/2024 06:56:40;;;;;;
20/06/2024 06:56:50;;;;;;
20/06/2024 06:57:00;;;;;;
20/06/2024 06:57:10;;;;;;
20/06/2024 06:57:20;;;;;;
20/06/2024 06:57:30;;;;;;
20/06/2024 06:57:40;;;;;;
20/06/2024 06:57:50;;;;;;
20/06/2024 06:58:00;;;;;;
20/06/2024 06:58:10;;;;;;
20/06/2024 06:58:20;;;;;;
20/06/2024 06:58:30;;;;;;
20/06/2024 06:58:40;;;;;;
20/06/2024 06:58:50;;;;;;
20/06/2024 06:59:00;;;;;;
20/06/2024 06:59:10;;;;;;
20/06/2024 06:59:20;;;;;;
20/06/2024 06:59:30;;;;;;
20/06/2024 06:59:40;;;;;;
20/06/2024 06:59:50;;;;;;
20/06/2024 07:00:00;;;;;;
20/06/2024 07:00:10;;;;;;
20/06/2024 07:00:20;;;;;;
20/06/2024 07:00:30;;;;;;
20/06/2024 07:00:40;;;;;;
20/06/2024 07:00:50;;;;;;
20/06/2024 07:01:00;;;;;;
20/06/2024 07:01:10;;;;;;
20/06/2024 07:01:20;;;;;;
20/06/2024 07:01:30;;;;;;
20/06/2024 07:01:40;;;;;;
20/06/2024 07:01:50;;;;;;
20/06/2024 07:02:00;;;;;;
20/06/2024 07:02:10;;;;;;
20/06/2024 07:02:20;;;;;;
20/06/2024 07:02:30;;;;;;
20/06/2024 07:02:40;;;;;;
20/06/2024 07:02:50;;;;;;
20/06/2024 07:03:00;;;;;;
20/06/2024 07:03:10;;;;;;
20/06/2024 07:03:20;;;;;;
20/06/2024 07:03:30;;;;;;
20/06/2024 07:03:40;;;;;;
20/06/2024 07:03:50;;;;;;
20/06/2024 07:04:00;;;;;;
20/06/2024 07:04:10;;;;;;
20/06/2024 07:04:20;;;;;;
20/06/2024 07:04:30;;;;;;
20/06/2024 07:04:40;;;;;;
20/06/2024 07:04:50;;;;;;
20/06/2024 07:05:00;;;;;;
20/06/2024 07:05:10;;;;;;
20/06/2024 07:05:20;;;;;;
20/06/2024 07:05:30;;;;;;
20/06/2024 07:05:40;;;;;;
20/06/2024 07:05:50;;;;;;
20/06/2024 07:06:00;;;;;;
20/06/2024 07:06:10;;;;;;
20/06/2024 07:06:20;;;;;;
20/06/2024 07:06:30;;;;;;
20/06/2024 07:06:40;;;;;;
20/06/2024 07:06:50;;;;;;
20/06/2024 07:07:00;;;;;;
20/06/2024 07:07:10;;;;;;
20/06/2024 07:07:20;;;;;;
20/06/2024 07:07:30;;;;;;
20/06/2024 07:07:40;;;;;;
20/06/2024 07:07:50;;;;;;
20/06/2024 07:08:00;;;;;;
20/06/2024 07:08:10;;;;;;
20/06/2024 07:08:20;;;;;;
20/06/2024 07:08:30;;;;;;
20/06/2024 07:08:40;;;;;;
20/06/2024 07:08:50;;;;;;
20/06/2024 07:09:00;;;;;;
20/06/2024 07:09:10;;;;;;
20/06/2024 07:09:20;;;;;;
20/06/2024 07:09:30;;;;;;
20/06/2024 07:09:40;;;;;;
20/06/2024 07:09:50;;;;;;
20/06/2024 07:10:00;;;;;;
20/06/2024 07:10:10;;;;;;
20/06/2024 07:10:20;;;;;;
20/06/2024 07:10:30;;;;;;
20/06/2024 07:10:40;;;;;;
20/06/2024 07:10:50;;;;;;
20/06/2024 07:11:00;;;;;;
20/06/2024 07:11:10;;;;;;
20/06/2024 07:11:20;;;;;;
20/06/2024 07:11:30;;;;;;
20/06/2024 07:11:40;;;;;;
20/06/2024 07:11:50;;;;;;
20/06/2024 07:12:00;;;;;;
20/06/2024 07:12:10;;;;;;
20/06/2024 07:12:20;;;;;;
20/06/2024 07:12:30;;;;;;
20/06/2024 07:12:40;;;;;;
20/06/2024 07:12:50;;;;;;
20/06/2024 07:13:00;;;;;;
20/06/2024 07:13:10;;;;;;
20/06/2024 07:13:20;;;;;;
20/06/2024 07:13:30;;;;;;
20/06/2024 07:13:40;;;;;;
20/06/2024 07:13:50;;;;;;
20/06/2024 07:14:00;;;;;;
20/06/2024 07:14:10;;;;;;
20/06/2024 07:14:20;;;;;;
20/06/2024 07:14:30;;;;;;
20/06/2024 07:14:40;;;;;;
20/06/2024 07:14:50;;;;;;
20/06/2024 07:15:00;;;;;;
20/06/2024 07:15:10;;;;;;
20/06/2024 07:15:20;;;;;;
20/06/2024 07:15:30;;;;;;
20/06/2024 07:15:40;;;;;;
20/06/2024 07:15:50;;;;;;
20/06/2024 07:16:00;;;;;;
20/06/2024 07:16:10;;;;;;
20/06/2024 07:16:20;;;;;;
20/06/2024 07:16:30;;;;;;
20/06/2024 07:16:40;;;;;;
20/06/2024 07:16:50;;;;;;
20/06/2024 07:17:00;;;;;;
20/06/2024 07:17:10;;;;;;
20/06/2024 07:17:20;;;;;;
20/06/2024 07:17:30;;;;;;
20/06/2024 07:17:40;;;;;;
20/06/2024 07:17:50;;;;;;
20/06/2024 07:18:00;;;;;;
20/06/2024 07:18:10;;;;;;
20/06/2024 07:18:20;;;;;;
20/06/2024 07:18:30;;;;;;
20/06/2024 07:18:40;;;;;;
20/06/2024 07:18:50;;;;;;
20/06/2024 07:19:00;;;;;;
20/06/2024 07:19:10;;;;;;
20/06/2024 07:19:20;;;;;;
20/06/2024 07:19:30;;;;;;
20/06/2024 07:19:40;;;;;;
20/06/2024 07:19:50;;;;;;
20/06/2024 07:20:00;;;;;;
20/06/2024 07:20:10;;;;;;
20/06/2024 07:20:20;;;;;;
20/06/2024 07:20:30;;;;;;
20/06/2024 07:20:40;;;;;;
20/06/2024 07:20:50;;;;;;
20/06/2024 07:21:00;;;;;;
20/06/2024 07:21:10;;;;;;
20/06/2024 07:21:20;;;;;;
20/06/2024 07:21:30;;;;;;
20/06/2024 07:21:40;;;;;;
20/06/2024 07:21:50;;;;;;
20/06/2024 07:22:00;;;;;;
20/06/2024 07:22:10;;;;;;
20/06/2024 07:22:20;;;;;;
20/06/2024 07:22:30;;;;;;
20/06/2024 07:22:40;;;;;;
20/06/2024 07:22:50;;;;;;
20/06/2024 07:23:00;;;;;;
20/06/2024 07:23:10;;;;;;
20/06/2024 07:23:20;;;;;;
20/06/2024 07:23:30;;;;;;
20/06/2024 07:23:40;;;;;;
20/06/2024 07:23:50;;;;;;
20/06/2024 07:24:00;;;;;;
20/06/2024 07:24:10;;;;;;
20/06/2024 07:24:20;;;;;;
20/06/2024 07:24:30;;;;;;
20/06/2024 07:24:40;;;;;;
20/06/2024 07:24:50;;;;;;
20/06/2024 07:25:00;;;;;;
20/06/2024 07:25:10;;;;;;
20/06/2024 07:25:20;;;;;;
20/06/2024 07:25:30;;;;;;
20/06/2024 07:25:40;;;;;;
20/06/2024 07:25:50;;;;;;
20/06/2024 07:26:00;;;;;;
20/06/2024 07:26:10;;;;;;
20/06/2024 07:26:20;;;;;;
20/06/2024 07:26:30;;;;;;
20/06/2024 07:26:40;;;;;;
20/06/2024 07:26:50;;;;;;
20/06/2024 07:27:00;;;;;;
20/06/2024 07:27:10;;;;;;
20/06/2024 07:27:20;;;;;;
20/06/2024 07:27:30;;;;;;
20/06/2024 07:27:40;;;;;;
20/06/2024 07:27:50;;;;;;
20/06/2024 07:28:00;;;;;;
20/06/2024 07:28:10;;;;;;
20/06/2024 07:28:20;;;;;;
20/06/2024 07:28:30;;;;;;
20/06/2024 07:28:40;;;;;;
20/06/2024 07:28:50;;;;;;
20/06/2024 07:29:00;;;;;;
20/06/2024 07:29:10;;;;;;
20/06/2024 07:29:20;;;;;;
20/06/2024 07:29:30;;;;;;
20/06/2024 07:29:40;;;;;;
20/06/2024 07:29:50;;;;;;
20/06/2024 07:30:00;;;;;;
20/06/2024 07:30:10;;;;;;
20/06/2024 07:30:20;;;;;;
20/06/2024 07:30:30;;;;;;
20/06/2024 07:30:40;;;;;;
20/06/2024 07:30:50;;;;;;
20/06/2024 07:31:00;;;;;;
20/06/2024 07:31:10;;;;;;
20/06/2024 07:31:20;;;;;;
20/06/2024 07:31:30;;;;;;
20/06/2024 07:31:40;;;;;;
20/06/2024 07:31:50;;;;;;
20/06/2024 07:32:00;;;;;;
20/06/2024 07:32:10;;;;;;
20/06/2024 07:32:20;;;;;;
20/06/2024 07:32:30;;;;;;
20/06/2024 07:32:40;;;;;;
20/06/2024 07:32:50;;;;;;
20/06/2024 07:33:00;;;;;;
20/06/2024 07:33:10;;;;;;
20/06/2024 07:33:20;;;;;;
20/06/2024 07:33:30;;;;;;
20/06/2024 07:33:40;;;;;;
20/06/2024 07:33:50;;;;;;
20/06/2024 07:34:00;;;;;;
20/06/2024 07:34:10;;;;;;
20/06/2024 07:34:20;;;;;;
20/06/2024 07:34:30;;;;;;
20/06/2024 07:34:40;;;;;;
20/06/2024 07:34:50;;;;;;
20/06/2024 07:35:00;;;;;;
20/06/2024 07:35:10;;;;;;
20/06/2024 07:35:20;;;;;;
20/06/2024 07:35:30;;;;;;
20/06/2024 07:35:40;;;;;;
20/06/2024 07:35:50;;;;;;
20/06/2024 07:36:00;;;;;;
20/06/2024 07:36:10;;;;;;
20/06/2024 07:36:20;;;;;;
20/06/2024 07:36:30;;;;;;
20/06/2024 07:36:40;;;;;;
20/06/2024 07:36:50;;;;;;
20/06/2024 07:37:00;;;;;;
20/06/2024 07:37:10;;;;;;
20/06/2024 07:37:20;;;;;;
20/06/2024 07:37:30;;;;;;
20/06/2024 07:37:40;;;;;;
20/06/2024 07:37:50;;;;;;
20/06/2024 07:38:00;;;;;;
20/06/2024 07:38:10;;;;;;
20/06/2024 07:38:20;;;;;;
20/06/2024 07:38:30;;;;;;
20/06/2024 07:38:40;;;;;;
20/06/2024 07:38:50;;;;;;
20/06/2024 07:39:00;;;;;;
20/06/2024 07:39:10;;;;;;
20/06/2024 07:39:20;;;;;;
20/06/2024 07:39:30;;;;;;
20/06/2024 07:39:40;;;;;;
20/06/2024 07:39:50;;;;;;
20/06/2024 07:40:00;;;;;;
20/06/2024 07:40:10;;;;;;
20/06/2024 07:40:20;;;;;;
20/06/2024 07:40:30;;;;;;
20/06/2024 07:40:40;;;;;;
20/06/2024 07:40:50;;;;;;
20/06/2024 07:41:00;;;;;;
20/06/2024 07:41:10;;;;;;
20/06/2024 07:41:20;;;;;;
20/06/2024 07:41:30;;;;;;
20/06/2024 07:41:40;;;;;;
20/06/2024 07:41:50;;;;;;
20/06/2024 07:42:00;;;;;;
20/06/2024 07:42:10;;;;;;
20/06/2024 07:42:20;;;;;;
20/06/2024 07:42:30;;;;;;
20/06/2024 07:42:40;;;;;;
20/06/2024 07:42:50;;;;;;
20/06/2024 07:43:00;;;;;;
20/06/2024 07:43:10;;;;;;
20/06/2024 07:43:20;;;;;;
20/06/2024 07:43:30;;;;;;
20/06/2024 07:43:40;;;;;;
20/06/2024 07:43:50;;;;;;
20/06/2024 07:44:00;;;;;;
20/06/2024 07:44:10;;;;;;
20/06/2024 07:44:20;;;;;;
20/06/2024 07:44:30;;;;;;
20/06/2024 07:44:40;;;;;;
20/06/2024 07:44:50;;;;;;
20/06/2024 07:45:00;;;;;;
20/06/2024 07:45:10;;;;;;
20/06/2024 07:45:20;;;;;;
20/06/2024 07:45:30;;;;;;
20/06/2024 07:45:40;;;;;;
20/06/2024 07:45:50;;;;;;
20/06/2024 07:46:00;;;;;;
20/06/2024 07:46:10;;;;;;
20/06/2024 07:46:20;;;;;;
20/06/2024 07:46:30;;;;;;
20/06/2024 07:46:40;;;;;;
20/06/2024 07:46:50;;;;;;
20/06/2024 07:47:00;;;;;;
20/06/2024 07:47:10;;;;;;
20/06/2024 07:47:20;;;;;;
20/06/2024 07:47:30;;;;;;
20/06/2024 07:47:40;;;;;;
20/06/2024 07:47:50;;;;;;
20/06/2024 07:48:00;;;;;;
20/06/2024 07:48:10;;;;;;
20/06/2024 07:48:20;;;;;;
20/06/2024 07:48:30;;;;;;
20/06/2024 07:48:40;;;;;;
20/06/2024 07:48:50;;;;;;
20/06/2024 07:49:00;;;;;;
20/06/2024 07:49:10;;;;;;
20/06/2024 07:49:20;;;;;;
20/06/2024 07:49:30;;;;;;
20/06/2024 07:49:40;;;;;;
20/06/2024 07:49:50;;;;;;
20/06/2024 07:50:00;;;;;;
20/06/2024 07:50:10;;;;;;
20/06/2024 07:50:20;;;;;;
20/06/2024 07:50:30;;;;;;
20/06/2024 07:50:40;;;;;;
20/06/2024 07:50:50;;;;;;
20/06/2024 07:51:00;;;;;;
20/06/2024 07:51:10;;;;;;
20/06/2024 07:51:20;;;;;;
20/06/2024 07:51:30;;;;;;
20/06/2024 07:51:40;;;;;;
20/06/2024 07:51:50;;;;;;
20/06/2024 07:52:00;;;;;;
20/06/2024 07:52:10;;;;;;
20/06/2024 07:52:20;;;;;;
20/06/2024 07:52:30;;;;;;
20/06/2024 07:52:40;;;;;;
20/06/2024 07:52:50;;;;;;
20/06/2024 07:53:00;;;;;;
20/06/2024 07:53:10;;;;;;
20/06/2024 07:53:20;;;;;;
20/06/2024 07:53:30;;;;;;
20/06/2024 07:53:40;;;;;;
20/06/2024 07:53:50;;;;;;
20/06/2024 07:54:00;;;;;;
20/06/2024 07:54:10;;;;;;
20/06/2024 07:54:20;;;;;;
20/06/2024 07:54:30;;;;;;
20/06/2024 07:54:40;;;;;;
20/06/2024 07:54:50;;;;;;
20/06/2024 07:55:00;;;;;;
20/06/2024 07:55:10;;;;;;
20/06/2024 07:55:20;;;;;;
20/06/2024 07:55:30;;;;;;
20/06/2024 07:55:40;;;;;;
20/06/2024 07:55:50;;;;;;
20/06/2024 07:56:00;;;;;;
20/06/2024 07:56:10;;;;;;
20/06/2024 07:56:20;;;;;;
20/06/2024 07:56:30;;;;;;
20/06/2024 07:56:40;;;;;;
20/06/2024 07:56:50;;;;;;
20/06/2024 07:57:00;;;;;;
20/06/2024 07:57:10;;;;;;
20/06/2024 07:57:20;;;;;;
20/06/2024 07:57:30;;;;;;
20/06/2024 07:57:40;;;;;;
20/06/2024 07:57:50;;;;;;
20/06/2024 07:58:00;;;;;;
20/06/2024 07:58:10;;;;;;
20/06/2024 07:58:20;;;;;;
20/06/2024 07:58:30;;;;;;
20/06/2024 07:58:40;;;;;;
20/06/2024 07:58:50;;;;;;
20/06/2024 07:59:00;;;;;;
20/06/2024 07:59:10;;;;;;
20/06/2024 07:59:20;;;;;;
20/06/2024 07:59:30;;;;;;
20/06/2024 07:59:40;;;;;;
20/06/2024 07:59:50;;;;;;
20/06/2024 08:00:00;;;;;;
20/06/2024 08:00:10;;;;;;
20/06/2024 08:00:20;;;;;;
20/06/2024 08:00:30;;;;;;
20/06/2024 08:00:40;;;;;;
20/06/2024 08:00:50;;;;;;
20/06/2024 08:01:00;;;;;;
20/06/2024 08:01:10;;;;;;
20/06/2024 08:01:20;;;;;;
20/06/2024 08:01:30;;;;;;
20/06/2024 08:01:40;;;;;;
20/06/2024 08:01:50;;;;;;
20/06/2024 08:02:00;;;;;;
20/06/2024 08:02:10;;;;;;
20/06/2024 08:02:20;;;;;;
20/06/2024 08:02:30;;;;;;
20/06/2024 08:02:40;;;;;;
20/06/2024 08:02:50;;;;;;
20/06/2024 08:03:00;;;;;;
20/06/2024 08:03:10;;;;;;
20/06/2024 08:03:20;;;;;;
20/06/2024 08:03:30;;;;;;
20/06/2024 08:03:40;;;;;;
20/06/2024 08:03:50;;;;;;
20/06/2024 08:04:00;;;;;;
20/06/2024 08:04:10;;;;;;
20/06/2024 08:04:20;;;;;;
20/06/2024 08:04:30;;;;;;
20/06/2024 08:04:40;;;;;;
20/06/2024 08:04:50;;;;;;
20/06/2024 08:05:00;;;;;;
20/06/2024 08:05:10;;;;;;
20/06/2024 08:05:20;;;;;;
20/06/2024 08:05:30;;;;;;
20/06/2024 08:05:40;;;;;;
20/06/2024 08:05:50;;;;;;
20/06/2024 08:06:00;;;;;;
20/06/2024 08:06:10;;;;;;
20/06/2024 08:06:20;;;;;;
20/06/2024 08:06:30;;;;;;
20/06/2024 08:06:40;;;;;;
20/06/2024 08:06:50;;;;;;
20/06/2024 08:07:00;;;;;;
20/06/2024 08:07:10;;;;;;
20/06/2024 08:07:20;;;;;;
20/06/2024 08:07:30;;;;;;
20/06/2024 08:07:40;;;;;;
20/06/2024 08:07:50;;;;;;
20/06/2024 08:08:00;;;;;;
20/06/2024 08:08:10;;;;;;
20/06/2024 08:08:20;;;;;;
20/06/2024 08:08:30;;;;;;
20/06/2024 08:08:40;;;;;;
20/06/2024 08:08:50;;;;;;
20/06/2024 08:09:00;;;;;;
20/06/2024 08:09:10;;;;;;
20/06/2024 08:09:20;;;;;;
20/06/2024 08:09:30;;;;;;
20/06/2024 08:09:40;;;;;;
20/06/2024 08:09:50;;;;;;
20/06/2024 08:10:00;;;;;;
20/06/2024 08:10:10;;;;;;
20/06/2024 08:10:20;;;;;;
20/06/2024 08:10:30;;;;;;
20/06/2024 08:10:40;;;;;;
20/06/2024 08:10:50;;;;;;
20/06/2024 08:11:00;;;;;;
20/06/2024 08:11:10;;;;;;
20/06/2024 08:11:20;;;;;;
20/06/2024 08:11:30;;;;;;
20/06/2024 08:11:40;;;;;;
20/06/2024 08:11:50;;;;;;
20/06/2024 08:12:00;;;;;;
20/06/2024 08:12:10;;;;;;
20/06/2024 08:12:20;;;;;;
20/06/2024 08:12:30;;;;;;
20/06/2024 08:12:40;;;;;;
20/06/2024 08:12:50;;;;;;
20/06/2024 08:13:00;;;;;;
20/06/2024 08:13:10;;;;;;
20/06/2024 08:13:20;;;;;;
20/06/2024 08:13:30;;;;;;
20/06/2024 08:13:40;;;;;;
20/06/2024 08:13:50;;;;;;
20/06/2024 08:14:00;;;;;;
20/06/2024 08:14:10;;;;;;
20/06/2024 08:14:20;;;;;;
20/06/2024 08:14:30;;;;;;
20/06/2024 08:14:40;;;;;;
20/06/2024 08:14:50;;;;;;
20/06/2024 08:15:00;;;;;;
20/06/2024 08:15:10;;;;;;
20/06/2024 08:15:20;;;;;;
20/06/2024 08:15:30;;;;;;
20/06/2024 08:15:40;;;;;;
20/06/2024 08:15:50;;;;;;
20/06/2024 08:16:00;;;;;;
20/06/2024 08:16:10;;;;;;
20/06/2024 08:16:20;;;;;;
20/06/2024 08:16:30;;;;;;
20/06/2024 08:16:40;;;;;;
20/06/2024 08:16:50;;;;;;
20/06/2024 08:17:00;;;;;;
20/06/2024 08:17:10;;;;;;
20/06/2024 08:17:20;;;;;;
20/06/2024 08:17:30;;;;;;
20/06/2024 08:17:40;;;;;;
20/06/2024 08:17:50;;;;;;
20/06/2024 08:18:00;;;;;;
20/06/2024 08:18:10;;;;;;
20/06/2024 08:18:20;;;;;;
20/06/2024 08:18:30;;;;;;
20/06/2024 08:18:40;;;;;;
20/06/2024 08:18:50;;;;;;
20/06/2024 08:19:00;;;;;;
20/06/2024 08:19:10;;;;;;
20/06/2024 08:19:20;;;;;;
20/06/2024 08:19:30;;;;;;
20/06/2024 08:19:40;;;;;;
20/06/2024 08:19:50;;;;;;
20/06/2024 08:20:00;;;;;;
20/06/2024 08:20:10;;;;;;
20/06/2024 08:20:20;;;;;;
20/06/2024 08:20:30;;;;;;
20/06/2024 08:20:40;;;;;;
20/06/2024 08:20:50;;;;;;
20/06/2024 08:21:00;;;;;;
20/06/2024 08:21:10;;;;;;
20/06/2024 08:21:20;;;;;;
20/06/2024 08:21:30;;;;;;
20/06/2024 08:21:40;;;;;;
20/06/2024 08:21:50;;;;;;
20/06/2024 08:22:00;;;;;;
20/06/2024 08:22:10;;;;;;
20/06/2024 08:22:20;;;;;;
20/06/2024 08:22:30;;;;;;
20/06/2024 08:22:40;;;;;;
20/06/2024 08:22:50;;;;;;
20/06/2024 08:23:00;;;;;;
20/06/2024 08:23:10;;;;;;
20/06/2024 08:23:20;;;;;;
20/06/2024 08:23:30;;;;;;
20/06/2024 08:23:40;;;;;;
20/06/2024 08:23:50;;;;;;
20/06/2024 08:24:00;;;;;;
20/06/2024 08:24:10;;;;;;
20/06/2024 08:24:20;;;;;;
20/06/2024 08:24:30;;;;;;
20/06/2024 08:24:40;;;;;;
20/06/2024 08:24:50;;;;;;
20/06/2024 08:25:00;;;;;;
20/06/2024 08:25:10;;;;;;
20/06/2024 08:25:20;;;;;;
20/06/2024 08:25:30;;;;;;
20/06/2024 08:25:40;;;;;;
20/06/2024 08:25:50;;;;;;
20/06/2024 08:26:00;;;;;;
20/06/2024 08:26:10;;;;;;
20/06/2024 08:26:20;;;;;;
20/06/2024 08:26:30;;;;;;
20/06/2024 08:26:40;;;;;;
20/06/2024 08:26:50;;;;;;
20/06/2024 08:27:00;;;;;;
20/06/2024 08:27:10;;;;;;
20/06/2024 08:27:20;;;;;;
20/06/2024 08:27:30;;;;;;
20/06/2024 08:27:40;;;;;;
20/06/2024 08:27:50;;;;;;
20/06/2024 08:28:00;;;;;;
20/06/2024 08:28:10;;;;;;
20/06/2024 08:28:20;;;;;;
20/06/2024 08:28:30;;;;;;
20/06/2024 08:28:40;;;;;;
20/06/2024 08:28:50;;;;;;
20/06/2024 08:29:00;;;;;;
20/06/2024 08:29:10;;;;;;
20/06/2024 08:29:20;;;;;;
20/06/2024 08:29:30;;;;;;
20/06/2024 08:29:40;;;;;;
20/06/2024 08:29:50;;;;;;
20/06/2024 08:30:00;;;;;;
20/06/2024 08:30:10;;;;;;
20/06/2024 08:30:20;;;;;;
20/06/2024 08:30:30;;;;;;
20/06/2024 08:30:40;;;;;;
20/06/2024 08:30:50;;;;;;
20/06/2024 08:31:00;;;;;;
20/06/2024 08:31:10;;;;;;
20/06/2024 08:31:20;;;;;;
20/06/2024 08:31:30;;;;;;
20/06/2024 08:31:40;;;;;;
20/06/2024 08:31:50;;;;;;
20/06/2024 08:32:00;;;;;;
20/06/2024 08:32:10;;;;;;
20/06/2024 08:32:20;;;;;;
20/06/2024 08:32:30;;;;;;
20/06/2024 08:32:40;;;;;;
20/06/2024 08:32:50;;;;;;
20/06/2024 08:33:00;;;;;;
20/06/2024 08:33:10;;;;;;
20/06/2024 08:33:20;;;;;;
20/06/2024 08:33:30;;;;;;
20/06/2024 08:33:40;;;;;;
20/06/2024 08:33:50;;;;;;
20/06/2024 08:34:00;;;;;;
20/06/2024 08:34:10;;;;;;
20/06/2024 08:34:20;;;;;;
20/06/2024 08:34:30;;;;;;
20/06/2024 08:34:40;;;;;;
20/06/2024 08:34:50;;;;;;
20/06/2024 08:35:00;;;;;;
20/06/2024 08:35:10;;;;;;
20/06/2024 08:35:20;;;;;;
20/06/2024 08:35:30;;;;;;
20/06/2024 08:35:40;;;;;;
20/06/2024 08:35:50;;;;;;
20/06/2024 08:36:00;;;;;;
20/06/2024 08:36:10;;;;;;
20/06/2024 08:36:20;;;;;;
20/06/2024 08:36:30;;;;;;
20/06/2024 08:36:40;;;;;;
20/06/2024 08:36:50;;;;;;
20/06/2024 08:37:00;;;;;;
20/06/2024 08:37:10;;;;;;
20/06/2024 08:37:20;;;;;;
20/06/2024 08:37:30;;;;;;
20/06/2024 08:37:40;;;;;;
20/06/2024 08:37:50;;;;;;
20/06/2024 08:38:00;;;;;;
20/06/2024 08:38:10;;;;;;
20/06/2024 08:38:20;;;;;;
20/06/2024 08:38:30;;;;;;
20/06/2024 08:38:40;;;;;;
20/06/2024 08:38:50;;;;;;
20/06/2024 08:39:00;;;;;;
20/06/2024 08:39:10;;;;;;
20/06/2024 08:39:20;;;;;;
20/06/2024 08:39:30;;;;;;
20/06/2024 08:39:40;;;;;;
20/06/2024 08:39:50;;;;;;
20/06/2024 08:40:00;;;;;;
20/06/2024 08:40:10;;;;;;
20/06/2024 08:40:20;;;;;;
20/06/2024 08:40:30;;;;;;
20/06/2024 08:40:40;;;;;;
20/06/2024 08:40:50;;;;;;
20/06/2024 08:41:00;;;;;;
20/06/2024 08:41:10;;;;;;
20/06/2024 08:41:20;;;;;;
20/06/2024 08:41:30;;;;;;
20/06/2024 08:41:40;;;;;;
20/06/2024 08:41:50;;;;;;
20/06/2024 08:42:00;;;;;;
20/06/2024 08:42:10;;;;;;
20/06/2024 08:42:20;;;;;;
20/06/2024 08:42:30;;;;;;
20/06/2024 08:42:40;;;;;;
20/06/2024 08:42:50;;;;;;
20/06/2024 08:43:00;;;;;;
20/06/2024 08:43:10;;;;;;
20/06/2024 08:43:20;;;;;;
20/06/2024 08:43:30;;;;;;
20/06/2024 08:43:40;;;;;;
20/06/2024 08:43:50;;;;;;
20/06/2024 08:44:00;;;;;;
20/06/2024 08:44:10;;;;;;
20/06/2024 08:44:20;;;;;;
20/06/2024 08:44:30;;;;;;
20/06/2024 08:44:40;;;;;;
20/06/2024 08:44:50;;;;;;
20/06/2024 08:45:00;;;;;;
20/06/2024 08:45:10;;;;;;
20/06/2024 08:45:20;;;;;;
20/06/2024 08:45:30;;;;;;
20/06/2024 08:45:40;;;;;;
20/06/2024 08:45:50;;;;;;
20/06/2024 08:46:00;;;;;;
20/06/2024 08:46:10;;;;;;
20/06/2024 08:46:20;;;;;;
20/06/2024 08:46:30;;;;;;
20/06/2024 08:46:40;;;;;;
20/06/2024 08:46:50;;;;;;
20/06/2024 08:47:00;;;;;;
20/06/2024 08:47:10;;;;;;
20/06/2024 08:47:20;;;;;;
20/06/2024 08:47:30;;;;;;
20/06/2024 08:47:40;;;;;;
20/06/2024 08:47:50;;;;;;
20/06/2024 08:48:00;;;;;;
20/06/2024 08:48:10;;;;;;
20/06/2024 08:48:20;;;;;;
20/06/2024 08:48:30;;;;;;
20/06/2024 08:48:40;;;;;;
20/06/2024 08:48:50;;;;;;
20/06/2024 08:49:00;;;;;;
20/06/2024 08:49:10;;;;;;
20/06/2024 08:49:20;;;;;;
20/06/2024 08:49:30;;;;;;
20/06/2024 08:49:40;;;;;;
20/06/2024 08:49:50;;;;;;
20/06/2024 08:50:00;;;;;;
20/06/2024 08:50:10;;;;;;
20/06/2024 08:50:20;;;;;;
20/06/2024 08:50:30;;;;;;
20/06/2024 08:50:40;;;;;;
20/06/2024 08:50:50;;;;;;
20/06/2024 08:51:00;;;;;;
20/06/2024 08:51:10;;;;;;
20/06/2024 08:51:20;;;;;;
20/06/2024 08:51:30;;;;;;
20/06/2024 08:51:40;;;;;;
20/06/2024 08:51:50;;;;;;
20/06/2024 08:52:00;;;;;;
20/06/2024 08:52:10;;;;;;
20/06/2024 08:52:20;;;;;;
20/06/2024 08:52:30;;;;;;
20/06/2024 08:52:40;;;;;;
20/06/2024 08:52:50;;;;;;
20/06/2024 08:53:00;;;;;;
20/06/2024 08:53:10;;;;;;
20/06/2024 08:53:20;;;;;;
20/06/2024 08:53:30;;;;;;
20/06/2024 08:53:40;;;;;;
20/06/2024 08:53:50;;;;;;
20/06/2024 08:54:00;;;;;;
20/06/2024 08:54:10;;;;;;
20/06/2024 08:54:20;;;;;;
20/06/2024 08:54:30;;;;;;
20/06/2024 08:54:40;;;;;;
20/06/2024 08:54:50;;;;;;
20/06/2024 08:55:00;;;;;;
20/06/2024 08:55:10;;;;;;
20/06/2024 08:55:20;;;;;;
20/06/2024 08:55:30;;;;;;
20/06/2024 08:55:40;;;;;;
20/06/2024 08:55:50;;;;;;
20/06/2024 08:56:00;;;;;;
20/06/2024 08:56:10;;;;;;
20/06/2024 08:56:20;;;;;;
20/06/2024 08:56:30;;;;;;
20/06/2024 08:56:40;;;;;;
20/06/2024 08:56:50;;;;;;
20/06/2024 08:57:00;;;;;;
20/06/2024 08:57:10;;;;;;
20/06/2024 08:57:20;;;;;;
20/06/2024 08:57:30;;;;;;
20/06/2024 08:57:40;;;;;;
20/06/2024 08:57:50;;;;;;
20/06/2024 08:58:00;;;;;;
20/06/2024 08:58:10;;;;;;
20/06/2024 08:58:20;;;;;;
20/06/2024 08:58:30;;;;;;
20/06/2024 08:58:40;;;;;;
20/06/2024 08:58:50;;;;;;
20/06/2024 08:59:00;;;;;;
20/06/2024 08:59:10;;;;;;
20/06/2024 08:59:20;;;;;;
20/06/2024 08:59:30;;;;;;
20/06/2024 08:59:40;;;;;;
20/06/2024 08:59:50;;;;;;
20/06/2024 09:00:00;;;;;;
20/06/2024 09:00:10;;;;;;
20/06/2024 09:00:20;;;;;;
20/06/2024 09:00:30;;;;;;
20/06/2024 09:00:40;;;;;;
20/06/2024 09:00:50;;;;;;
20/06/2024 09:01:00;;;;;;
20/06/2024 09:01:10;;;;;;
20/06/2024 09:01:20;;;;;;
20/06/2024 09:01:30;;;;;;
20/06/2024 09:01:40;;;;;;
20/06/2024 09:01:50;;;;;;
20/06/2024 09:02:00;;;;;;
20/06/2024 09:02:10;;;;;;
20/06/2024 09:02:20;;;;;;
20/06/2024 09:02:30;;;;;;
20/06/2024 09:02:40;;;;;;
20/06/2024 09:02:50;;;;;;
20/06/2024 09:03:00;;;;;;
20/06/2024 09:03:10;;;;;;
20/06/2024 09:03:20;;;;;;
20/06/2024 09:03:30;;;;;;
20/06/2024 09:03:40;;;;;;
20/06/2024 09:03:50;;;;;;
20/06/2024 09:04:00;;;;;;
20/06/2024 09:04:10;;;;;;
20/06/2024 09:04:20;;;;;;
20/06/2024 09:04:30;;;;;;
20/06/2024 09:04:40;;;;;;
20/06/2024 09:04:50;;;;;;
20/06/2024 09:05:00;;;;;;
20/06/2024 09:05:10;;;;;;
20/06/2024 09:05:20;;;;;;
20/06/2024 09:05:30;;;;;;
20/06/2024 09:05:40;;;;;;
20/06/2024 09:05:50;;;;;;
20/06/2024 09:06:00;;;;;;
20/06/2024 09:06:10;;;;;;
20/06/2024 09:06:20;;;;;;
20/06/2024 09:06:30;;;;;;
20/06/2024 09:06:40;;;;;;
20/06/2024 09:06:50;;;;;;
20/06/2024 09:07:00;;;;;;
20/06/2024 09:07:10;;;;;;
20/06/2024 09:07:20;;;;;;
20/06/2024 09:07:30;;;;;;
20/06/2024 09:07:40;;;;;;
20/06/2024 09:07:50;;;;;;
20/06/2024 09:08:00;;;;;;
20/06/2024 09:08:10;;;;;;
20/06/2024 09:08:20;;;;;;
20/06/2024 09:08:30;;;;;;
20/06/2024 09:08:40;;;;;;
20/06/2024 09:08:50;;;;;;
20/06/2024 09:09:00;;;;;;
20/06/2024 09:09:10;;;;;;
20/06/2024 09:09:20;;;;;;
20/06/2024 09:09:30;;;;;;
20/06/2024 09:09:40;;;;;;
20/06/2024 09:09:50;;;;;;
20/06/2024 09:10:00;;;;;;
20/06/2024 09:10:10;;;;;;
20/06/2024 09:10:20;;;;;;
20/06/2024 09:10:30;;;;;;
20/06/2024 09:10:40;;;;;;
20/06/2024 09:10:50;;;;;;
20/06/2024 09:11:00;;;;;;
20/06/2024 09:11:10;;;;;;
20/06/2024 09:11:20;;;;;;
20/06/2024 09:11:30;;;;;;
20/06/2024 09:11:40;;;;;;
20/06/2024 09:11:50;;;;;;
20/06/2024 09:12:00;;;;;;
20/06/2024 09:12:10;;;;;;
20/06/2024 09:12:20;;;;;;
20/06/2024 09:12:30;;;;;;
20/06/2024 09:12:40;;;;;;
20/06/2024 09:12:50;;;;;;
20/06/2024 09:13:00;;;;;;
20/06/2024 09:13:10;;;;;;
20/06/2024 09:13:20;;;;;;
20/06/2024 09:13:30;;;;;;
20/06/2024 09:13:40;;;;;;
20/06/2024 09:13:50;;;;;;
20/06/2024 09:14:00;;;;;;
20/06/2024 09:14:10;;;;;;
20/06/2024 09:14:20;;;;;;
20/06/2024 09:14:30;;;;;;
20/06/2024 09:14:40;;;;;;
20/06/2024 09:14:50;;;;;;
20/06/2024 09:15:00;;;;;;
20/06/2024 09:15:10;;;;;;
20/06/2024 09:15:20;;;;;;
20/06/2024 09:15:30;;;;;;
20/06/2024 09:15:40;;;;;;
20/06/2024 09:15:50;;;;;;
20/06/2024 09:16:00;;;;;;
20/06/2024 09:16:10;;;;;;
20/06/2024 09:16:20;;;;;;
20/06/2024 09:16:30;;;;;;
20/06/2024 09:16:40;;;;;;
20/06/2024 09:16:50;;;;;;
20/06/2024 09:17:00;;;;;;
20/06/2024 09:17:10;;;;;;
20/06/2024 09:17:20;;;;;;
20/06/2024 09:17:30;;;;;;
20/06/2024 09:17:40;;;;;;
20/06/2024 09:17:50;;;;;;
20/06/2024 09:18:00;;;;;;
20/06/2024 09:18:10;;;;;;
20/06/2024 09:18:20;;;;;;
20/06/2024 09:18:30;;;;;;
20/06/2024 09:18:40;;;;;;
20/06/2024 09:18:50;;;;;;
20/06/2024 09:19:00;;;;;;
20/06/2024 09:19:10;;;;;;
20/06/2024 09:19:20;;;;;;
20/06/2024 09:19:30;;;;;;
20/06/2024 09:19:40;;;;;;
20/06/2024 09:19:50;;;;;;
20/06/2024 09:20:00;;;;;;
20/06/2024 09:20:10;;;;;;
20/06/2024 09:20:20;;;;;;
20/06/2024 09:20:30;;;;;;
20/06/2024 09:20:40;;;;;;
20/06/2024 09:20:50;;;;;;
20/06/2024 09:21:00;;;;;;
20/06/2024 09:21:10;;;;;;
20/06/2024 09:21:20;;;;;;
20/06/2024 09:21:30;;;;;;
20/06/2024 09:21:40;;;;;;
20/06/2024 09:21:50;;;;;;
20/06/2024 09:22:00;;;;;;
20/06/2024 09:22:10;;;;;;
20/06/2024 09:22:20;;;;;;
20/06/2024 09:22:30;;;;;;
20/06/2024 09:22:40;;;;;;
20/06/2024 09:22:50;;;;;;
20/06/2024 09:23:00;;;;;;
20/06/2024 09:23:10;;;;;;
20/06/2024 09:23:20;;;;;;
20/06/2024 09:23:30;;;;;;
20/06/2024 09:23:40;;;;;;
20/06/2024 09:23:50;;;;;;
20/06/2024 09:24:00;;;;;;
20/06/2024 09:24:10;;;;;;
20/06/2024 09:24:20;;;;;;
20/06/2024 09:24:30;;;;;;
20/06/2024 09:24:40;;;;;;
20/06/2024 09:24:50;;;;;;
20/06/2024 09:25:00;;;;;;
20/06/2024 09:25:10;;;;;;
20/06/2024 09:25:20;;;;;;
20/06/2024 09:25:30;;;;;;
20/06/2024 09:25:40;;;;;;
20/06/2024 09:25:50;;;;;;
20/06/2024 09:26:00;;;;;;
20/06/2024 09:26:10;;;;;;
20/06/2024 09:26:20;;;;;;
20/06/2024 09:26:30;;;;;;
20/06/2024 09:26:40;;;;;;
20/06/2024 09:26:50;;;;;;
20/06/2024 09:27:00;;;;;;
20/06/2024 09:27:10;;;;;;
20/06/2024 09:27:20;;;;;;
20/06/2024 09:27:30;;;;;;
20/06/2024 09:27:40;;;;;;
20/06/2024 09:27:50;;;;;;
20/06/2024 09:28:00;;;;;;
20/06/2024 09:28:10;;;;;;
20/06/2024 09:28:20;;;;;;
20/06/2024 09:28:30;;;;;;
20/06/2024 09:28:40;;;;;;
20/06/2024 09:28:50;;;;;;
20/06/2024 09:29:00;;;;;;
20/06/2024 09:29:10;;;;;;
20/06/2024 09:29:20;;;;;;
20/06/2024 09:29:30;;;;;;
20/06/2024 09:29:40;;;;;;
20/06/2024 09:29:50;;;;;;
20/06/2024 09:30:00;;;;;;
20/06/2024 09:30:10;;;;;;
20/06/2024 09:30:20;;;;;;
20/06/2024 09:30:30;;;;;;
20/06/2024 09:30:40;;;;;;
20/06/2024 09:30:50;;;;;;
20/06/2024 09:31:00;;;;;;
20/06/2024 09:31:10;;;;;;
20/06/2024 09:31:20;;;;;;
20/06/2024 09:31:30;;;;;;
20/06/2024 09:31:40;;;;;;
20/06/2024 09:31:50;;;;;;
20/06/2024 09:32:00;;;;;;
20/06/2024 09:32:10;;;;;;
20/06/2024 09:32:20;;;;;;
20/06/2024 09:32:30;;;;;;
20/06/2024 09:32:40;;;;;;
20/06/2024 09:32:50;;;;;;
20/06/2024 09:33:00;;;;;;
20/06/2024 09:33:10;;;;;;
20/06/2024 09:33:20;;;;;;
20/06/2024 09:33:30;;;;;;
20/06/2024 09:33:40;;;;;;
20/06/2024 09:33:50;;;;;;
20/06/2024 09:34:00;;;;;;
20/06/2024 09:34:10;;;;;;
20/06/2024 09:34:20;;;;;;
20/06/2024 09:34:30;;;;;;
20/06/2024 09:34:40;;;;;;
20/06/2024 09:34:50;;;;;;
20/06/2024 09:35:00;;;;;;
20/06/2024 09:35:10;;;;;;
20/06/2024 09:35:20;;;;;;
20/06/2024 09:35:30;;;;;;
20/06/2024 09:35:40;;;;;;
20/06/2024 09:35:50;;;;;;
20/06/2024 09:36:00;;;;;;
20/06/2024 09:36:10;;;;;;
20/06/2024 09:36:20;;;;;;
20/06/2024 09:36:30;;;;;;
20/06/2024 09:36:40;;;;;;
20/06/2024 09:36:50;;;;;;
20/06/2024 09:37:00;;;;;;
20/06/2024 09:37:10;;;;;;
20/06/2024 09:37:20;;;;;;
20/06/2024 09:37:30;;;;;;
20/06/2024 09:37:40;;;;;;
20/06/2024 09:37:50;;;;;;
20/06/2024 09:38:00;;;;;;
20/06/2024 09:38:10;;;;;;
20/06/2024 09:38:20;;;;;;
20/06/2024 09:38:30;;;;;;
20/06/2024 09:38:40;;;;;;
20/06/2024 09:38:50;;;;;;
20/06/2024 09:39:00;;;;;;
20/06/2024 09:39:10;;;;;;
20/06/2024 09:39:20;;;;;;
20/06/2024 09:39:30;;;;;;
20/06/2024 09:39:40;;;;;;
20/06/2024 09:39:50;;;;;;
20/06/2024 09:40:00;;;;;;
20/06/2024 09:40:10;;;;;;
20/06/2024 09:40:20;;;;;;
20/06/2024 09:40:30;;;;;;
20/06/2024 09:40:40;;;;;;
20/06/2024 09:40:50;;;;;;
20/06/2024 09:41:00;;;;;;
20/06/2024 09:41:10;;;;;;
20/06/2024 09:41:20;;;;;;
20/06/2024 09:41:30;;;;;;
20/06/2024 09:41:40;;;;;;
20/06/2024 09:41:50;;;;;;
20/06/2024 09:42:00;;;;;;
20/06/2024 09:42:10;;;;;;
20/06/2024 09:42:20;;;;;;
20/06/2024 09:42:30;;;;;;
20/06/2024 09:42:40;;;;;;
20/06/2024 09:42:50;;;;;;
20/06/2024 09:43:00;;;;;;
20/06/2024 09:43:10;;;;;;
20/06/2024 09:43:20;;;;;;
20/06/2024 09:43:30;;;;;;
20/06/2024 09:43:40;;;;;;
20/06/2024 09:43:50;;;;;;
20/06/2024 09:44:00;;;;;;
20/06/2024 09:44:10;;;;;;
20/06/2024 09:44:20;;;;;;
20/06/2024 09:44:30;;;;;;
20/06/2024 09:44:40;;;;;;
20/06/2024 09:44:50;;;;;;
20/06/2024 09:45:00;;;;;;
20/06/2024 09:45:10;;;;;;
20/06/2024 09:45:20;;;;;;
20/06/2024 09:45:30;;;;;;
20/06/2024 09:45:40;;;;;;
20/06/2024 09:45:50;;;;;;
20/06/2024 09:46:00;;;;;;
20/06/2024 09:46:10;;;;;;
20/06/2024 09:46:20;;;;;;
20/06/2024 09:46:30;;;;;;
20/06/2024 09:46:40;;;;;;
20/06/2024 09:46:50;;;;;;
20/06/2024 09:47:00;;;;;;
20/06/2024 09:47:10;;;;;;
20/06/2024 09:47:20;;;;;;
20/06/2024 09:47:30;;;;;;
20/06/2024 09:47:40;;;;;;
20/06/2024 09:47:50;;;;;;
20/06/2024 09:48:00;;;;;;
20/06/2024 09:48:10;;;;;;
20/06/2024 09:48:20;;;;;;
20/06/2024 09:48:30;;;;;;
20/06/2024 09:48:40;;;;;;
20/06/2024 09:48:50;;;;;;
20/06/2024 09:49:00;;;;;;
20/06/2024 09:49:10;;;;;;
20/06/2024 09:49:20;;;;;;
20/06/2024 09:49:30;;;;;;
20/06/2024 09:49:40;;;;;;
20/06/2024 09:49:50;;;;;;
20/06/2024 09:50:00;;;;;;
20/06/2024 09:50:10;;;;;;
20/06/2024 09:50:20;;;;;;
20/06/2024 09:50:30;;;;;;
20/06/2024 09:50:40;;;;;;
20/06/2024 09:50:50;;;;;;
20/06/2024 09:51:00;;;;;;
20/06/2024 09:51:10;;;;;;
20/06/2024 09:51:20;;;;;;
20/06/2024 09:51:30;;;;;;
20/06/2024 09:51:40;;;;;;
20/06/2024 09:51:50;;;;;;
20/06/2024 09:52:00;;;;;;
20/06/2024 09:52:10;;;;;;
20/06/2024 09:52:20;;;;;;
20/06/2024 09:52:30;;;;;;
20/06/2024 09:52:40;;;;;;
20/06/2024 09:52:50;;;;;;
20/06/2024 09:53:00;;;;;;
20/06/2024 09:53:10;;;;;;
20/06/2024 09:53:20;;;;;;
20/06/2024 09:53:30;;;;;;
20/06/2024 09:53:40;;;;;;
20/06/2024 09:53:50;;;;;;
20/06/2024 09:54:00;;;;;;
20/06/2024 09:54:10;;;;;;
20/06/2024 09:54:20;;;;;;
20/06/2024 09:54:30;;;;;;
20/06/2024 09:54:40;;;;;;
20/06/2024 09:54:50;;;;;;
20/06/2024 09:55:00;;;;;;
20/06/2024 09:55:10;;;;;;
20/06/2024 09:55:20;;;;;;
20/06/2024 09:55:30;;;;;;
20/06/2024 09:55:40;;;;;;
20/06/2024 09:55:50;;;;;;
20/06/2024 09:56:00;;;;;;
20/06/2024 09:56:10;;;;;;
20/06/2024 09:56:20;;;;;;
20/06/2024 09:56:30;;;;;;
20/06/2024 09:56:40;;;;;;
20/06/2024 09:56:50;;;;;;
20/06/2024 09:57:00;;;;;;
20/06/2024 09:57:10;;;;;;
20/06/2024 09:57:20;;;;;;
20/06/2024 09:57:30;;;;;;
20/06/2024 09:57:40;;;;;;
20/06/2024 09:57:50;;;;;;
20/06/2024 09:58:00;;;;;;
20/06/2024 09:58:10;;;;;;
20/06/2024 09:58:20;;;;;;
20/06/2024 09:58:30;;;;;;
20/06/2024 09:58:40;;;;;;
20/06/2024 09:58:50;;;;;;
20/06/2024 09:59:00;;;;;;
20/06/2024 09:59:10;;;;;;
20/06/2024 09:59:20;;;;;;
20/06/2024 09:59:30;;;;;;
20/06/2024 09:59:40;;;;;;
20/06/2024 09:59:50;;;;;;
20/06/2024 10:00:00;;;;;;
20/06/2024 10:00:10;;;;;;
20/06/2024 10:00:20;;;;;;
20/06/2024 10:00:30;;;;;;
20/06/2024 10:00:40;;;;;;
20/06/2024 10:00:50;;;;;;
20/06/2024 10:01:00;;;;;;
20/06/2024 10:01:10;;;;;;
20/06/2024 10:01:20;;;;;;
20/06/2024 10:01:30;;;;;;
20/06/2024 10:01:40;;;;;;
20/06/2024 10:01:50;;;;;;
20/06/2024 10:02:00;;;;;;
20/06/2024 10:02:10;;;;;;
20/06/2024 10:02:20;;;;;;
20/06/2024 10:02:30;;;;;;
20/06/2024 10:02:40;;;;;;
20/06/2024 10:02:50;;;;;;
20/06/2024 10:03:00;;;;;;
20/06/2024 10:03:10;;;;;;
20/06/2024 10:03:20;;;;;;
20/06/2024 10:03:30;;;;;;
20/06/2024 10:03:40;;;;;;
20/06/2024 10:03:50;;;;;;
20/06/2024 10:04:00;;;;;;
20/06/2024 10:04:10;;;;;;
20/06/2024 10:04:20;;;;;;
20/06/2024 10:04:30;;;;;;
20/06/2024 10:04:40;;;;;;
20/06/2024 10:04:50;;;;;;
20/06/2024 10:05:00;;;;;;
20/06/2024 10:05:10;;;;;;
20/06/2024 10:05:20;;;;;;
20/06/2024 10:05:30;;;;;;
20/06/2024 10:05:40;;;;;;
20/06/2024 10:05:50;;;;;;
20/06/2024 10:06:00;;;;;;
20/06/2024 10:06:10;;;;;;
20/06/2024 10:06:20;;;;;;
20/06/2024 10:06:30;;;;;;
20/06/2024 10:06:40;;;;;;
20/06/2024 10:06:50;;;;;;
20/06/2024 10:07:00;;;;;;
20/06/2024 10:07:10;;;;;;
20/06/2024 10:07:20;;;;;;
20/06/2024 10:07:30;;;;;;
20/06/2024 10:07:40;;;;;;
20/06/2024 10:07:50;;;;;;
20/06/2024 10:08:00;;;;;;
20/06/2024 10:08:10;;;;;;
20/06/2024 10:08:20;;;;;;
20/06/2024 10:08:30;;;;;;
20/06/2024 10:08:40;;;;;;
20/06/2024 10:08:50;;;;;;
20/06/2024 10:09:00;;;;;;
20/06/2024 10:09:10;;;;;;
20/06/2024 10:09:20;;;;;;
20/06/2024 10:09:30;;;;;;
20/06/2024 10:09:40;;;;;;
20/06/2024 10:09:50;;;;;;
20/06/2024 10:10:00;;;;;;
20/06/2024 10:10:10;;;;;;
20/06/2024 10:10:20;;;;;;
20/06/2024 10:10:30;;;;;;
20/06/2024 10:10:40;;;;;;
20/06/2024 10:10:50;;;;;;
20/06/2024 10:11:00;;;;;;
20/06/2024 10:11:10;;;;;;
20/06/2024 10:11:20;;;;;;
20/06/2024 10:11:30;;;;;;
20/06/2024 10:11:40;;;;;;
20/06/2024 10:11:50;;;;;;
20/06/2024 10:12:00;;;;;;
20/06/2024 10:12:10;;;;;;
20/06/2024 10:12:20;;;;;;
20/06/2024 10:12:30;;;;;;
20/06/2024 10:12:40;;;;;;
20/06/2024 10:12:50;;;;;;
20/06/2024 10:13:00;;;;;;
20/06/2024 10:13:10;;;;;;
20/06/2024 10:13:20;;;;;;
20/06/2024 10:13:30;;;;;;
20/06/2024 10:13:40;;;;;;
20/06/2024 10:13:50;;;;;;
20/06/2024 10:14:00;;;;;;
20/06/2024 10:14:10;;;;;;
20/06/2024 10:14:20;;;;;;
20/06/2024 10:14:30;;;;;;
20/06/2024 10:14:40;;;;;;
20/06/2024 10:14:50;;;;;;
20/06/2024 10:15:00;;;;;;
20/06/2024 10:15:10;;;;;;
20/06/2024 10:15:20;;;;;;
20/06/2024 10:15:30;;;;;;
20/06/2024 10:15:40;;;;;;
20/06/2024 10:15:50;;;;;;
20/06/2024 10:16:00;;;;;;
20/06/2024 10:16:10;;;;;;
20/06/2024 10:16:20;;;;;;
20/06/2024 10:16:30;;;;;;
20/06/2024 10:16:40;;;;;;
20/06/2024 10:16:50;;;;;;
20/06/2024 10:17:00;;;;;;
20/06/2024 10:17:10;;;;;;
20/06/2024 10:17:20;;;;;;
20/06/2024 10:17:30;;;;;;
20/06/2024 10:17:40;;;;;;
20/06/2024 10:17:50;;;;;;
20/06/2024 10:18:00;;;;;;
20/06/2024 10:18:10;;;;;;
20/06/2024 10:18:20;;;;;;
20/06/2024 10:18:30;;;;;;
20/06/2024 10:18:40;;;;;;
20/06/2024 10:18:50;;;;;;
20/06/2024 10:19:00;;;;;;
20/06/2024 10:19:10;;;;;;
20/06/2024 10:19:20;;;;;;
20/06/2024 10:19:30;;;;;;
20/06/2024 10:19:40;;;;;;
20/06/2024 10:19:50;;;;;;
20/06/2024 10:20:00;;;;;;
20/06/2024 10:20:10;;;;;;
20/06/2024 10:20:20;;;;;;
20/06/2024 10:20:30;;;;;;
20/06/2024 10:20:40;;;;;;
20/06/2024 10:20:50;;;;;;
20/06/2024 10:21:00;;;;;;
20/06/2024 10:21:10;;;;;;
20/06/2024 10:21:20;;;;;;
20/06/2024 10:21:30;;;;;;
20/06/2024 10:21:40;;;;;;
20/06/2024 10:21:50;;;;;;
20/06/2024 10:22:00;;;;;;
20/06/2024 10:22:10;;;;;;
20/06/2024 10:22:20;;;;;;
20/06/2024 10:22:30;;;;;;
20/06/2024 10:22:40;;;;;;
20/06/2024 10:22:50;;;;;;
20/06/2024 10:23:00;;;;;;
20/06/2024 10:23:10;;;;;;
20/06/2024 10:23:20;;;;;;
20/06/2024 10:23:30;;;;;;
20/06/2024 10:23:40;;;;;;
20/06/2024 10:23:50;;;;;;
20/06/2024 10:24:00;;;;;;
20/06/2024 10:24:10;;;;;;
20/06/2024 10:24:20;;;;;;
20/06/2024 10:24:30;;;;;;
20/06/2024 10:24:40;;;;;;
20/06/2024 10:24:50;;;;;;
20/06/2024 10:25:00;;;;;;
20/06/2024 10:25:10;;;;;;
20/06/2024 10:25:20;;;;;;
20/06/2024 10:25:30;;;;;;
20/06/2024 10:25:40;;;;;;
20/06/2024 10:25:50;;;;;;
20/06/2024 10:26:00;;;;;;
20/06/2024 10:26:10;;;;;;
20/06/2024 10:26:20;;;;;;
20/06/2024 10:26:30;;;;;;
20/06/2024 10:26:40;;;;;;
20/06/2024 10:26:50;;;;;;
20/06/2024 10:27:00;;;;;;
20/06/2024 10:27:10;;;;;;
20/06/2024 10:27:20;;;;;;
20/06/2024 10:27:30;;;;;;
20/06/2024 10:27:40;;;;;;
20/06/2024 10:27:50;;;;;;
20/06/2024 10:28:00;;;;;;
20/06/2024 10:28:10;;;;;;
20/06/2024 10:28:20;;;;;;
20/06/2024 10:28:30;;;;;;
20/06/2024 10:28:40;;;;;;
20/06/2024 10:28:50;;;;;;
20/06/2024 10:29:00;;;;;;
20/06/2024 10:29:10;;;;;;
20/06/2024 10:29:20;;;;;;
20/06/2024 10:29:30;;;;;;
20/06/2024 10:29:40;;;;;;
20/06/2024 10:29:50;;;;;;
20/06/2024 10:30:00;;;;;;
20/06/2024 10:30:10;;;;;;
20/06/2024 10:30:20;;;;;;
20/06/2024 10:30:30;;;;;;
20/06/2024 10:30:40;;;;;;
20/06/2024 10:30:50;;;;;;
20/06/2024 10:31:00;;;;;;
20/06/2024 10:31:10;;;;;;
20/06/2024 10:31:20;;;;;;
20/06/2024 10:31:30;;;;;;
20/06/2024 10:31:40;;;;;;
20/06/2024 10:31:50;;;;;;
20/06/2024 10:32:00;;;;;;
20/06/2024 10:32:10;;;;;;
20/06/2024 10:32:20;;;;;;
20/06/2024 10:32:30;;;;;;
20/06/2024 10:32:40;;;;;;
20/06/2024 10:32:50;;;;;;
20/06/2024 10:33:00;;;;;;
20/06/2024 10:33:10;;;;;;
20/06/2024 10:33:20;;;;;;
20/06/2024 10:33:30;;;;;;
20/06/2024 10:33:40;;;;;;
20/06/2024 10:33:50;;;;;;
20/06/2024 10:34:00;;;;;;
20/06/2024 10:34:10;;;;;;
20/06/2024 10:34:20;;;;;;
20/06/2024 10:34:30;;;;;;
20/06/2024 10:34:40;;;;;;
20/06/2024 10:34:50;;;;;;
20/06/2024 10:35:00;;;;;;
20/06/2024 10:35:10;;;;;;
20/06/2024 10:35:20;;;;;;
20/06/2024 10:35:30;;;;;;
20/06/2024 10:35:40;;;;;;
20/06/2024 10:35:50;;;;;;
20/06/2024 10:36:00;;;;;;
20/06/2024 10:36:10;;;;;;
20/06/2024 10:36:20;;;;;;
20/06/2024 10:36:30;;;;;;
20/06/2024 10:36:40;;;;;;
20/06/2024 10:36:50;;;;;;
20/06/2024 10:37:00;;;;;;
20/06/2024 10:37:10;;;;;;
20/06/2024 10:37:20;;;;;;
20/06/2024 10:37:30;;;;;;
20/06/2024 10:37:40;;;;;;
20/06/2024 10:37:50;;;;;;
20/06/2024 10:38:00;;;;;;
20/06/2024 10:38:10;;;;;;
20/06/2024 10:38:20;;;;;;
20/06/2024 10:38:30;;;;;;
20/06/2024 10:38:40;;;;;;
20/06/2024 10:38:50;;;;;;
20/06/2024 10:39:00;;;;;;
20/06/2024 10:39:10;;;;;;
20/06/2024 10:39:20;;;;;;
20/06/2024 10:39:30;;;;;;
20/06/2024 10:39:40;;;;;;
20/06/2024 10:39:50;;;;;;
20/06/2024 10:40:00;;;;;;
20/06/2024 10:40:10;;;;;;
20/06/2024 10:40:20;;;;;;
20/06/2024 10:40:30;;;;;;
20/06/2024 10:40:40;;;;;;
20/06/2024 10:40:50;;;;;;
20/06/2024 10:41:00;;;;;;
20/06/2024 10:41:10;;;;;;
20/06/2024 10:41:20;;;;;;
20/06/2024 10:41:30;;;;;;
20/06/2024 10:41:40;;;;;;
20/06/2024 10:41:50;;;;;;
20/06/2024 10:42:00;;;;;;
20/06/2024 10:42:10;;;;;;
20/06/2024 10:42:20;;;;;;
20/06/2024 10:42:30;;;;;;
20/06/2024 10:42:40;;;;;;
20/06/2024 10:42:50;;;;;;
20/06/2024 10:43:00;;;;;;
20/06/2024 10:43:10;;;;;;
20/06/2024 10:43:20;;;;;;
20/06/2024 10:43:30;;;;;;
20/06/2024 10:43:40;;;;;;
20/06/2024 10:43:50;;;;;;
20/06/2024 10:44:00;;;;;;
20/06/2024 10:44:10;;;;;;
20/06/2024 10:44:20;;;;;;
20/06/2024 10:44:30;;;;;;
20/06/2024 10:44:40;;;;;;
20/06/2024 10:44:50;;;;;;
20/06/2024 10:45:00;;;;;;
20/06/2024 10:45:10;;;;;;
20/06/2024 10:45:20;;;;;;
20/06/2024 10:45:30;;;;;;
20/06/2024 10:45:40;;;;;;
20/06/2024 10:45:50;;;;;;
20/06/2024 10:46:00;;;;;;
20/06/2024 10:46:10;;;;;;
20/06/2024 10:46:20;;;;;;
20/06/2024 10:46:30;;;;;;
20/06/2024 10:46:40;;;;;;
20/06/2024 10:46:50;;;;;;
20/06/2024 10:47:00;;;;;;
20/06/2024 10:47:10;;;;;;
20/06/2024 10:47:20;;;;;;
20/06/2024 10:47:30;;;;;;
20/06/2024 10:47:40;;;;;;
20/06/2024 10:47:50;;;;;;
20/06/2024 10:48:00;;;;;;
20/06/2024 10:48:10;;;;;;
20/06/2024 10:48:20;;;;;;
20/06/2024 10:48:30;;;;;;
20/06/2024 10:48:40;;;;;;
20/06/2024 10:48:50;;;;;;
20/06/2024 10:49:00;;;;;;
20/06/2024 10:49:10;;;;;;
20/06/2024 10:49:20;;;;;;
20/06/2024 10:49:30;;;;;;
20/06/2024 10:49:40;;;;;;
20/06/2024 10:49:50;;;;;;
20/06/2024 10:50:00;;;;;;
20/06/2024 10:50:10;;;;;;
20/06/2024 10:50:20;;;;;;
20/06/2024 10:50:30;;;;;;
20/06/2024 10:50:40;;;;;;
20/06/2024 10:50:50;;;;;;
20/06/2024 10:51:00;;;;;;
20/06/2024 10:51:10;;;;;;
20/06/2024 10:51:20;;;;;;
20/06/2024 10:51:30;;;;;;
20/06/2024 10:51:40;;;;;;
20/06/2024 10:51:50;;;;;;
20/06/2024 10:52:00;;;;;;
20/06/2024 10:52:10;;;;;;
20/06/2024 10:52:20;;;;;;
20/06/2024 10:52:30;;;;;;
20/06/2024 10:52:40;;;;;;
20/06/2024 10:52:50;;;;;;
20/06/2024 10:53:00;;;;;;
20/06/2024 10:53:10;;;;;;
20/06/2024 10:53:20;;;;;;
20/06/2024 10:53:30;;;;;;
20/06/2024 10:53:40;;;;;;
20/06/2024 10:53:50;;;;;;
20/06/2024 10:54:00;;;;;;
20/06/2024 10:54:10;;;;;;
20/06/2024 10:54:20;;;;;;
20/06/2024 10:54:30;;;;;;
20/06/2024 10:54:40;;;;;;
20/06/2024 10:54:50;;;;;;
20/06/2024 10:55:00;;;;;;
20/06/2024 10:55:10;;;;;;
20/06/2024 10:55:20;;;;;;
20/06/2024 10:55:30;;;;;;
20/06/2024 10:55:40;;;;;;
20/06/2024 10:55:50;;;;;;
20/06/2024 10:56:00;;;;;;
20/06/2024 10:56:10;;;;;;
20/06/2024 10:56:20;;;;;;
20/06/2024 10:56:30;;;;;;
20/06/2024 10:56:40;;;;;;
20/06/2024 10:56:50;;;;;;
20/06/2024 10:57:00;;;;;;
20/06/2024 10:57:10;;;;;;
20/06/2024 10:57:20;;;;;;
20/06/2024 10:57:30;;;;;;
20/06/2024 10:57:40;;;;;;
20/06/2024 10:57:50;;;;;;
20/06/2024 10:58:00;;;;;;
20/06/2024 10:58:10;;;;;;
20/06/2024 10:58:20;;;;;;
20/06/2024 10:58:30;;;;;;
20/06/2024 10:58:40;;;;;;
20/06/2024 10:58:50;;;;;;
20/06/2024 10:59:00;;;;;;
20/06/2024 10:59:10;;;;;;
20/06/2024 10:59:20;;;;;;
20/06/2024 10:59:30;;;;;;
20/06/2024 10:59:40;;;;;;
20/06/2024 10:59:50;;;;;;
20/06/2024 11:00:00;;;;;;
20/06/2024 11:00:10;;;;;;
20/06/2024 11:00:20;;;;;;
20/06/2024 11:00:30;;;;;;
20/06/2024 11:00:40;;;;;;
20/06/2024 11:00:50;;;;;;
20/06/2024 11:01:00;;;;;;
20/06/2024 11:01:10;;;;;;
20/06/2024 11:01:20;;;;;;
20/06/2024 11:01:30;;;;;;
20/06/2024 11:01:40;;;;;;
20/06/2024 11:01:50;;;;;;
20/06/2024 11:02:00;;;;;;
20/06/2024 11:02:10;;;;;;
20/06/2024 11:02:20;;;;;;
20/06/2024 11:02:30;;;;;;
20/06/2024 11:02:40;;;;;;
20/06/2024 11:02:50;;;;;;
20/06/2024 11:03:00;;;;;;
20/06/2024 11:03:10;;;;;;
20/06/2024 11:03:20;;;;;;
20/06/2024 11:03:30;;;;;;
20/06/2024 11:03:40;;;;;;
20/06/2024 11:03:50;;;;;;
20/06/2024 11:04:00;;;;;;
20/06/2024 11:04:10;;;;;;
20/06/2024 11:04:20;;;;;;
20/06/2024 11:04:30;;;;;;
20/06/2024 11:04:40;;;;;;
20/06/2024 11:04:50;;;;;;
20/06/2024 11:05:00;;;;;;
20/06/2024 11:05:10;;;;;;
20/06/2024 11:05:20;;;;;;
20/06/2024 11:05:30;;;;;;
20/06/2024 11:05:40;;;;;;
20/06/2024 11:05:50;;;;;;
20/06/2024 11:06:00;;;;;;
20/06/2024 11:06:10;;;;;;
20/06/2024 11:06:20;;;;;;
20/06/2024 11:06:30;;;;;;
20/06/2024 11:06:40;;;;;;
20/06/2024 11:06:50;;;;;;
20/06/2024 11:07:00;;;;;;
20/06/2024 11:07:10;;;;;;
20/06/2024 11:07:20;;;;;;
20/06/2024 11:07:30;;;;;;
20/06/2024 11:07:40;;;;;;
20/06/2024 11:07:50;;;;;;
20/06/2024 11:08:00;;;;;;
20/06/2024 11:08:10;;;;;;
20/06/2024 11:08:20;;;;;;
20/06/2024 11:08:30;;;;;;
20/06/2024 11:08:40;;;;;;
20/06/2024 11:08:50;;;;;;
20/06/2024 11:09:00;;;;;;
20/06/2024 11:09:10;;;;;;
20/06/2024 11:09:20;;;;;;
20/06/2024 11:09:30;;;;;;
20/06/2024 11:09:40;;;;;;
20/06/2024 11:09:50;;;;;;
20/06/2024 11:10:00;;;;;;
20/06/2024 11:10:10;;;;;;
20/06/2024 11:10:20;;;;;;
20/06/2024 11:10:30;;;;;;
20/06/2024 11:10:40;;;;;;
20/06/2024 11:10:50;;;;;;
20/06/2024 11:11:00;;;;;;
20/06/2024 11:11:10;;;;;;
20/06/2024 11:11:20;;;;;;
20/06/2024 11:11:30;;;;;;
20/06/2024 11:11:40;;;;;;
20/06/2024 11:11:50;;;;;;
20/06/2024 11:12:00;;;;;;
20/06/2024 11:12:10;;;;;;
20/06/2024 11:12:20;;;;;;
20/06/2024 11:12:30;;;;;;
20/06/2024 11:12:40;;;;;;
20/06/2024 11:12:50;;;;;;
20/06/2024 11:13:00;;;;;;
20/06/2024 11:13:10;;;;;;
20/06/2024 11:13:20;;;;;;
20/06/2024 11:13:30;;;;;;
20/06/2024 11:13:40;;;;;;
20/06/2024 11:13:50;;;;;;
20/06/2024 11:14:00;;;;;;
20/06/2024 11:14:10;;;;;;
20/06/2024 11:14:20;;;;;;
20/06/2024 11:14:30;;;;;;
20/06/2024 11:14:40;;;;;;
20/06/2024 11:14:50;;;;;;
20/06/2024 11:15:00;;;;;;
20/06/2024 11:15:10;;;;;;
20/06/2024 11:15:20;;;;;;
20/06/2024 11:15:30;;;;;;
20/06/2024 11:15:40;;;;;;
20/06/2024 11:15:50;;;;;;
20/06/2024 11:16:00;;;;;;
20/06/2024 11:16:10;;;;;;
20/06/2024 11:16:20;;;;;;
20/06/2024 11:16:30;;;;;;
20/06/2024 11:16:40;;;;;;
20/06/2024 11:16:50;;;;;;
20/06/2024 11:17:00;;;;;;
20/06/2024 11:17:10;;;;;;
20/06/2024 11:17:20;;;;;;
20/06/2024 11:17:30;;;;;;
20/06/2024 11:17:40;;;;;;
20/06/2024 11:17:50;;;;;;
20/06/2024 11:18:00;;;;;;
20/06/2024 11:18:10;;;;;;
20/06/2024 11:18:20;;;;;;
20/06/2024 11:18:30;;;;;;
20/06/2024 11:18:40;;;;;;
20/06/2024 11:18:50;;;;;;
20/06/2024 11:19:00;;;;;;
20/06/2024 11:19:10;;;;;;
20/06/2024 11:19:20;;;;;;
20/06/2024 11:19:30;;;;;;
20/06/2024 11:19:40;;;;;;
20/06/2024 11:19:50;;;;;;
20/06/2024 11:20:00;;;;;;
20/06/2024 11:20:10;;;;;;
20/06/2024 11:20:20;;;;;;
20/06/2024 11:20:30;;;;;;
20/06/2024 11:20:40;;;;;;
20/06/2024 11:20:50;;;;;;
20/06/2024 11:21:00;;;;;;
20/06/2024 11:21:10;;;;;;
20/06/2024 11:21:20;;;;;;
20/06/2024 11:21:30;;;;;;
20/06/2024 11:21:40;;;;;;
20/06/2024 11:21:50;;;;;;
20/06/2024 11:22:00;;;;;;
20/06/2024 11:22:10;;;;;;
20/06/2024 11:22:20;;;;;;
20/06/2024 11:22:30;;;;;;
20/06/2024 11:22:40;;;;;;
20/06/2024 11:22:50;;;;;;
20/06/2024 11:23:00;;;;;;
20/06/2024 11:23:10;;;;;;
20/06/2024 11:23:20;;;;;;
20/06/2024 11:23:30;;;;;;
20/06/2024 11:23:40;;;;;;
20/06/2024 11:23:50;;;;;;
20/06/2024 11:24:00;;;;;;
20/06/2024 11:24:10;;;;;;
20/06/2024 11:24:20;;;;;;
20/06/2024 11:24:30;;;;;;
20/06/2024 11:24:40;;;;;;
20/06/2024 11:24:50;;;;;;
20/06/2024 11:25:00;;;;;;
20/06/2024 11:25:10;;;;;;
20/06/2024 11:25:20;;;;;;
20/06/2024 11:25:30;;;;;;
20/06/2024 11:25:40;;;;;;
20/06/2024 11:25:50;;;;;;
20/06/2024 11:26:00;;;;;;
20/06/2024 11:26:10;;;;;;
20/06/2024 11:26:20;;;;;;
20/06/2024 11:26:30;;;;;;
20/06/2024 11:26:40;;;;;;
20/06/2024 11:26:50;;;;;;
20/06/2024 11:27:00;;;;;;
20/06/2024 11:27:10;;;;;;
20/06/2024 11:27:20;;;;;;
20/06/2024 11:27:30;;;;;;
20/06/2024 11:27:40;;;;;;
20/06/2024 11:27:50;;;;;;
20/06/2024 11:28:00;;;;;;
20/06/2024 11:28:10;;;;;;
20/06/2024 11:28:20;;;;;;
20/06/2024 11:28:30;;;;;;
20/06/2024 11:28:40;;;;;;
20/06/2024 11:28:50;;;;;;
20/06/2024 11:29:00;;;;;;
20/06/2024 11:29:10;;;;;;
20/06/2024 11:29:20;;;;;;
20/06/2024 11:29:30;;;;;;
20/06/2024 11:29:40;;;;;;
20/06/2024 11:29:50;;;;;;
20/06/2024 11:30:00;;;;;;
20/06/2024 11:30:10;;;;;;
20/06/2024 11:30:20;;;;;;
20/06/2024 11:30:30;;;;;;
20/06/2024 11:30:40;;;;;;
20/06/2024 11:30:50;;;;;;
20/06/2024 11:31:00;;;;;;
20/06/2024 11:31:10;;;;;;
20/06/2024 11:31:20;;;;;;
20/06/2024 11:31:30;;;;;;
20/06/2024 11:31:40;;;;;;
20/06/2024 11:31:50;;;;;;
20/06/2024 11:32:00;;;;;;
20/06/2024 11:32:10;;;;;;
20/06/2024 11:32:20;;;;;;
20/06/2024 11:32:30;;;;;;
20/06/2024 11:32:40;;;;;;
20/06/2024 11:32:50;;;;;;
20/06/2024 11:33:00;;;;;;
20/06/2024 11:33:10;;;;;;
20/06/2024 11:33:20;;;;;;
20/06/2024 11:33:30;;;;;;
20/06/2024 11:33:40;;;;;;
20/06/2024 11:33:50;;;;;;
20/06/2024 11:34:00;;;;;;
20/06/2024 11:34:10;;;;;;
20/06/2024 11:34:20;;;;;;
20/06/2024 11:34:30;;;;;;
20/06/2024 11:34:40;;;;;;
20/06/2024 11:34:50;;;;;;
20/06/2024 11:35:00;;;;;;
20/06/2024 11:35:10;;;;;;
20/06/2024 11:35:20;;;;;;
20/06/2024 11:35:30;;;;;;
20/06/2024 11:35:40;;;;;;
20/06/2024 11:35:50;;;;;;
20/06/2024 11:36:00;;;;;;
20/06/2024 11:36:10;;;;;;
20/06/2024 11:36:20;;;;;;
20/06/2024 11:36:30;;;;;;
20/06/2024 11:36:40;;;;;;
20/06/2024 11:36:50;;;;;;
20/06/2024 11:37:00;;;;;;
20/06/2024 11:37:10;;;;;;
20/06/2024 11:37:20;;;;;;
20/06/2024 11:37:30;;;;;;
20/06/2024 11:37:40;;;;;;
20/06/2024 11:37:50;;;;;;
20/06/2024 11:38:00;;;;;;
20/06/2024 11:38:10;;;;;;
20/06/2024 11:38:20;;;;;;
20/06/2024 11:38:30;;;;;;
20/06/2024 11:38:40;;;;;;
20/06/2024 11:38:50;;;;;;
20/06/2024 11:39:00;;;;;;
20/06/2024 11:39:10;;;;;;
20/06/2024 11:39:20;;;;;;
20/06/2024 11:39:30;;;;;;
20/06/2024 11:39:40;;;;;;
20/06/2024 11:39:50;;;;;;
20/06/2024 11:40:00;;;;;;
20/06/2024 11:40:10;;;;;;
20/06/2024 11:40:20;;;;;;
20/06/2024 11:40:30;;;;;;
20/06/2024 11:40:40;;;;;;
20/06/2024 11:40:50;;;;;;
20/06/2024 11:41:00;;;;;;
20/06/2024 11:41:10;;;;;;
20/06/2024 11:41:20;;;;;;
20/06/2024 11:41:30;;;;;;
20/06/2024 11:41:40;;;;;;
20/06/2024 11:41:50;;;;;;
20/06/2024 11:42:00;;;;;;
20/06/2024 11:42:10;;;;;;
20/06/2024 11:42:20;;;;;;
20/06/2024 11:42:30;;;;;;
20/06/2024 11:42:40;;;;;;
20/06/2024 11:42:50;;;;;;
20/06/2024 11:43:00;;;;;;
20/06/2024 11:43:10;;;;;;
20/06/2024 11:43:20;;;;;;
20/06/2024 11:43:30;;;;;;
20/06/2024 11:43:40;;;;;;
20/06/2024 11:43:50;;;;;;
20/06/2024 11:44:00;;;;;;
20/06/2024 11:44:10;;;;;;
20/06/2024 11:44:20;;;;;;
20/06/2024 11:44:30;;;;;;
20/06/2024 11:44:40;;;;;;
20/06/2024 11:44:50;;;;;;
20/06/2024 11:45:00;;;;;;
20/06/2024 11:45:10;;;;;;
20/06/2024 11:45:20;;;;;;
20/06/2024 11:45:30;;;;;;
20/06/2024 11:45:40;;;;;;
20/06/2024 11:45:50;;;;;;
20/06/2024 11:46:00;;;;;;
20/06/2024 11:46:10;;;;;;
20/06/2024 11:46:20;;;;;;
20/06/2024 11:46:30;;;;;;
20/06/2024 11:46:40;;;;;;
20/06/2024 11:46:50;;;;;;
20/06/2024 11:47:00;;;;;;
20/06/2024 11:47:10;;;;;;
20/06/2024 11:47:20;;;;;;
20/06/2024 11:47:30;;;;;;
20/06/2024 11:47:40;;;;;;
20/06/2024 11:47:50;;;;;;
20/06/2024 11:48:00;;;;;;
20/06/2024 11:48:10;;;;;;
20/06/2024 11:48:20;;;;;;
20/06/2024 11:48:30;;;;;;
20/06/2024 11:48:40;;;;;;
20/06/2024 11:48:50;;;;;;
20/06/2024 11:49:00;;;;;;
20/06/2024 11:49:10;;;;;;
20/06/2024 11:49:20;;;;;;
20/06/2024 11:49:30;;;;;;
20/06/2024 11:49:40;;;;;;
20/06/2024 11:49:50;;;;;;
20/06/2024 11:50:00;;;;;;
20/06/2024 11:50:10;;;;;;
20/06/2024 11:50:20;;;;;;
20/06/2024 11:50:30;;;;;;
20/06/2024 11:50:40;;;;;;
20/06/2024 11:50:50;;;;;;
20/06/2024 11:51:00;;;;;;
20/06/2024 11:51:10;;;;;;
20/06/2024 11:51:20;;;;;;
20/06/2024 11:51:30;;;;;;
20/06/2024 11:51:40;;;;;;
20/06/2024 11:51:50;;;;;;
20/06/2024 11:52:00;;;;;;
20/06/2024 11:52:10;;;;;;
20/06/2024 11:52:20;;;;;;
20/06/2024 11:52:30;;;;;;
20/06/2024 11:52:40;;;;;;
20/06/2024 11:52:50;;;;;;
20/06/2024 11:53:00;;;;;;
20/06/2024 11:53:10;;;;;;
20/06/2024 11:53:20;;;;;;
20/06/2024 11:53:30;;;;;;
20/06/2024 11:53:40;;;;;;
20/06/2024 11:53:50;;;;;;
20/06/2024 11:54:00;;;;;;
20/06/2024 11:54:10;;;;;;
20/06/2024 11:54:20;;;;;;
20/06/2024 11:54:30;;;;;;
20/06/2024 11:54:40;;;;;;
20/06/2024 11:54:50;;;;;;
20/06/2024 11:55:00;;;;;;
20/06/2024 11:55:10;;;;;;
20/06/2024 11:55:20;;;;;;
20/06/2024 11:55:30;;;;;;
20/06/2024 11:55:40;;;;;;
20/06/2024 11:55:50;;;;;;
20/06/2024 11:56:00;;;;;;
20/06/2024 11:56:10;;;;;;
20/06/2024 11:56:20;;;;;;
20/06/2024 11:56:30;;;;;;
20/06/2024 11:56:40;;;;;;
20/06/2024 11:56:50;;;;;;
20/06/2024 11:57:00;;;;;;
20/06/2024 11:57:10;;;;;;
20/06/2024 11:57:20;;;;;;
20/06/2024 11:57:30;;;;;;
20/06/2024 11:57:40;;;;;;
20/06/2024 11:57:50;;;;;;
20/06/2024 11:58:00;;;;;;
20/06/2024 11:58:10;;;;;;
20/06/2024 11:58:20;;;;;;
20/06/2024 11:58:30;;;;;;
20/06/2024 11:58:40;;;;;;
20/06/2024 11:58:50;;;;;;
20/06/2024 11:59:00;;;;;;
20/06/2024 11:59:10;;;;;;
20/06/2024 11:59:20;;;;;;
20/06/2024 11:59:30;;;;;;
20/06/2024 11:59:40;;;;;;
20/06/2024 11:59:50;;;;;;
20/06/2024 12:00:00;;;;;;
20/06/2024 12:00:10;;;;;;
20/06/2024 12:00:20;;;;;;
20/06/2024 12:00:30;;;;;;
20/06/2024 12:00:40;;;;;;
20/06/2024 12:00:50;;;;;;
20/06/2024 12:01:00;;;;;;
20/06/2024 12:01:10;;;;;;
20/06/2024 12:01:20;;;;;;
20/06/2024 12:01:30;;;;;;
20/06/2024 12:01:40;;;;;;
20/06/2024 12:01:50;;;;;;
20/06/2024 12:02:00;;;;;;
20/06/2024 12:02:10;;;;;;
20/06/2024 12:02:20;;;;;;
20/06/2024 12:02:30;;;;;;
20/06/2024 12:02:40;;;;;;
20/06/2024 12:02:50;;;;;;
20/06/2024 12:03:00;;;;;;
20/06/2024 12:03:10;;;;;;
20/06/2024 12:03:20;;;;;;
20/06/2024 12:03:30;;;;;;
20/06/2024 12:03:40;;;;;;
20/06/2024 12:03:50;;;;;;
20/06/2024 12:04:00;;;;;;
20/06/2024 12:04:10;;;;;;
20/06/2024 12:04:20;;;;;;
20/06/2024 12:04:30;;;;;;
20/06/2024 12:04:40;;;;;;
20/06/2024 12:04:50;;;;;;
20/06/2024 12:05:00;;;;;;
20/06/2024 12:05:10;;;;;;
20/06/2024 12:05:20;;;;;;
20/06/2024 12:05:30;;;;;;
20/06/2024 12:05:40;;;;;;
20/06/2024 12:05:50;;;;;;
20/06/2024 12:06:00;;;;;;
20/06/2024 12:06:10;;;;;;
20/06/2024 12:06:20;;;;;;
20/06/2024 12:06:30;;;;;;
20/06/2024 12:06:40;;;;;;
20/06/2024 12:06:50;;;;;;
20/06/2024 12:07:00;;;;;;
20/06/2024 12:07:10;;;;;;
20/06/2024 12:07:20;;;;;;
20/06/2024 12:07:30;;;;;;
20/06/2024 12:07:40;;;;;;
20/06/2024 12:07:50;;;;;;
20/06/2024 12:08:00;;;;;;
20/06/2024 12:08:10;;;;;;
20/06/2024 12:08:20;;;;;;
20/06/2024 12:08:30;;;;;;
20/06/2024 12:08:40;;;;;;
20/06/2024 12:08:50;;;;;;
20/06/2024 12:09:00;;;;;;
20/06/2024 12:09:10;;;;;;
20/06/2024 12:09:20;;;;;;
20/06/2024 12:09:30;;;;;;
20/06/2024 12:09:40;;;;;;
20/06/2024 12:09:50;;;;;;
20/06/2024 12:10:00;;;;;;
20/06/2024 12:10:10;;;;;;
20/06/2024 12:10:20;;;;;;
20/06/2024 12:10:30;;;;;;
20/06/2024 12:10:40;;;;;;
20/06/2024 12:10:50;;;;;;
20/06/2024 12:11:00;;;;;;
20/06/2024 12:11:10;;;;;;
20/06/2024 12:11:20;;;;;;
20/06/2024 12:11:30;;;;;;
20/06/2024 12:11:40;;;;;;
20/06/2024 12:11:50;;;;;;
20/06/2024 12:12:00;;;;;;
20/06/2024 12:12:10;;;;;;
20/06/2024 12:12:20;;;;;;
20/06/2024 12:12:30;;;;;;
20/06/2024 12:12:40;;;;;;
20/06/2024 12:12:50;;;;;;
20/06/2024 12:13:00;;;;;;
20/06/2024 12:13:10;;;;;;
20/06/2024 12:13:20;;;;;;
20/06/2024 12:13:30;;;;;;
20/06/2024 12:13:40;;;;;;
20/06/2024 12:13:50;;;;;;
20/06/2024 12:14:00;;;;;;
20/06/2024 12:14:10;;;;;;
20/06/2024 12:14:20;;;;;;
20/06/2024 12:14:30;;;;;;
20/06/2024 12:14:40;;;;;;
20/06/2024 12:14:50;;;;;;
20/06/2024 12:15:00;;;;;;
20/06/2024 12:15:10;;;;;;
20/06/2024 12:15:20;;;;;;
20/06/2024 12:15:30;;;;;;
20/06/2024 12:15:40;;;;;;
20/06/2024 12:15:50;;;;;;
20/06/2024 12:16:00;;;;;;
20/06/2024 12:16:10;;;;;;
20/06/2024 12:16:20;;;;;;
20/06/2024 12:16:30;;;;;;
20/06/2024 12:16:40;;;;;;
20/06/2024 12:16:50;;;;;;
20/06/2024 12:17:00;;;;;;
20/06/2024 12:17:10;;;;;;
20/06/2024 12:17:20;;;;;;
20/06/2024 12:17:30;;;;;;
20/06/2024 12:17:40;;;;;;
20/06/2024 12:17:50;;;;;;
20/06/2024 12:18:00;;;;;;
20/06/2024 12:18:10;;;;;;
20/06/2024 12:18:20;;;;;;
20/06/2024 12:18:30;;;;;;
20/06/2024 12:18:40;;;;;;
20/06/2024 12:18:50;;;;;;
20/06/2024 12:19:00;;;;;;
20/06/2024 12:19:10;;;;;;
20/06/2024 12:19:20;;;;;;
20/06/2024 12:19:30;;;;;;
20/06/2024 12:19:40;;;;;;
20/06/2024 12:19:50;;;;;;
20/06/2024 12:20:00;;;;;;
20/06/2024 12:20:10;;;;;;
20/06/2024 12:20:20;;;;;;
20/06/2024 12:20:30;;;;;;
20/06/2024 12:20:40;;;;;;
20/06/2024 12:20:50;;;;;;
20/06/2024 12:21:00;;;;;;
20/06/2024 12:21:10;;;;;;
20/06/2024 12:21:20;;;;;;
20/06/2024 12:21:30;;;;;;
20/06/2024 12:21:40;;;;;;
20/06/2024 12:21:50;;;;;;
20/06/2024 12:22:00;;;;;;
20/06/2024 12:22:10;;;;;;
20/06/2024 12:22:20;;;;;;
20/06/2024 12:22:30;;;;;;
20/06/2024 12:22:40;;;;;;
20/06/2024 12:22:50;;;;;;
20/06/2024 12:23:00;;;;;;
20/06/2024 12:23:10;;;;;;
20/06/2024 12:23:20;;;;;;
20/06/2024 12:23:30;;;;;;
20/06/2024 12:23:40;;;;;;
20/06/2024 12:23:50;;;;;;
20/06/2024 12:24:00;;;;;;
20/06/2024 12:24:10;;;;;;
20/06/2024 12:24:20;;;;;;
20/06/2024 12:24:30;;;;;;
20/06/2024 12:24:40;;;;;;
20/06/2024 12:24:50;;;;;;
20/06/2024 12:25:00;;;;;;
20/06/2024 12:25:10;;;;;;
20/06/2024 12:25:20;;;;;;
20/06/2024 12:25:30;;;;;;
20/06/2024 12:25:40;;;;;;
20/06/2024 12:25:50;;;;;;
20/06/2024 12:26:00;;;;;;
20/06/2024 12:26:10;;;;;;
20/06/2024 12:26:20;;;;;;
20/06/2024 12:26:30;;;;;;
20/06/2024 12:26:40;;;;;;
20/06/2024 12:26:50;;;;;;
20/06/2024 12:27:00;;;;;;
20/06/2024 12:27:10;;;;;;
20/06/2024 12:27:20;;;;;;
20/06/2024 12:27:30;;;;;;
20/06/2024 12:27:40;;;;;;
20/06/2024 12:27:50;;;;;;
20/06/2024 12:28:00;;;;;;
20/06/2024 12:28:10;;;;;;
20/06/2024 12:28:20;;;;;;
20/06/2024 12:28:30;;;;;;
20/06/2024 12:28:40;;;;;;
20/06/2024 12:28:50;;;;;;
20/06/2024 12:29:00;;;;;;
20/06/2024 12:29:10;;;;;;
20/06/2024 12:29:20;;;;;;
20/06/2024 12:29:30;;;;;;
20/06/2024 12:29:40;;;;;;
20/06/2024 12:29:50;;;;;;
20/06/2024 12:30:00;;;;;;
20/06/2024 12:30:10;;;;;;
20/06/2024 12:30:20;;;;;;
20/06/2024 12:30:30;;;;;;
20/06/2024 12:30:40;;;;;;
20/06/2024 12:30:50;;;;;;
20/06/2024 12:31:00;;;;;;
20/06/2024 12:31:10;;;;;;
20/06/2024 12:31:20;;;;;;
20/06/2024 12:31:30;;;;;;
20/06/2024 12:31:40;;;;;;
20/06/2024 12:31:50;;;;;;
20/06/2024 12:32:00;;;;;;
20/06/2024 12:32:10;;;;;;
20/06/2024 12:32:20;;;;;;
20/06/2024 12:32:30;;;;;;
20/06/2024 12:32:40;;;;;;
20/06/2024 12:32:50;;;;;;
20/06/2024 12:33:00;;;;;;
20/06/2024 12:33:10;;;;;;
20/06/2024 12:33:20;;;;;;
20/06/2024 12:33:30;;;;;;
20/06/2024 12:33:40;;;;;;
20/06/2024 12:33:50;;;;;;
20/06/2024 12:34:00;;;;;;
20/06/2024 12:34:10;;;;;;
20/06/2024 12:34:20;;;;;;
20/06/2024 12:34:30;;;;;;
20/06/2024 12:34:40;;;;;;
20/06/2024 12:34:50;;;;;;
20/06/2024 12:35:00;;;;;;
20/06/2024 12:35:10;;;;;;
20/06/2024 12:35:20;;;;;;
20/06/2024 12:35:30;;;;;;
20/06/2024 12:35:40;;;;;;
20/06/2024 12:35:50;;;;;;
20/06/2024 12:36:00;;;;;;
20/06/2024 12:36:10;;;;;;
20/06/2024 12:36:20;;;;;;
20/06/2024 12:36:30;;;;;;
20/06/2024 12:36:40;;;;;;
20/06/2024 12:36:50;;;;;;
20/06/2024 12:37:00;;;;;;
20/06/2024 12:37:10;;;;;;
20/06/2024 12:37:20;;;;;;
20/06/2024 12:37:30;;;;;;
20/06/2024 12:37:40;;;;;;
20/06/2024 12:37:50;;;;;;
20/06/2024 12:38:00;;;;;;
20/06/2024 12:38:10;;;;;;
20/06/2024 12:38:20;;;;;;
20/06/2024 12:38:30;;;;;;
20/06/2024 12:38:40;;;;;;
20/06/2024 12:38:50;;;;;;
20/06/2024 12:39:00;;;;;;
20/06/2024 12:39:10;;;;;;
20/06/2024 12:39:20;;;;;;
20/06/2024 12:39:30;;;;;;
20/06/2024 12:39:40;;;;;;
20/06/2024 12:39:50;;;;;;
20/06/2024 12:40:00;;;;;;
20/06/2024 12:40:10;;;;;;
20/06/2024 12:40:20;;;;;;
20/06/2024 12:40:30;;;;;;
20/06/2024 12:40:40;;;;;;
20/06/2024 12:40:50;;;;;;
20/06/2024 12:41:00;;;;;;
20/06/2024 12:41:10;;;;;;
20/06/2024 12:41:20;;;;;;
20/06/2024 12:41:30;;;;;;
20/06/2024 12:41:40;;;;;;
20/06/2024 12:41:50;;;;;;
20/06/2024 12:42:00;;;;;;
20/06/2024 12:42:10;;;;;;
20/06/2024 12:42:20;;;;;;
20/06/2024 12:42:30;;;;;;
20/06/2024 12:42:40;;;;;;
20/06/2024 12:42:50;;;;;;
20/06/2024 12:43:00;;;;;;
20/06/2024 12:43:10;;;;;;
20/06/2024 12:43:20;;;;;;
20/06/2024 12:43:30;;;;;;
20/06/2024 12:43:40;;;;;;
20/06/2024 12:43:50;;;;;;
20/06/2024 12:44:00;;;;;;
20/06/2024 12:44:10;;;;;;
20/06/2024 12:44:20;;;;;;
20/06/2024 12:44:30;;;;;;
20/06/2024 12:44:40;;;;;;
20/06/2024 12:44:50;;;;;;
20/06/2024 12:45:00;;;;;;
20/06/2024 12:45:10;;;;;;
20/06/2024 12:45:20;;;;;;
20/06/2024 12:45:30;;;;;;
20/06/2024 12:45:40;;;;;;
20/06/2024 12:45:50;;;;;;
20/06/2024 12:46:00;;;;;;
20/06/2024 12:46:10;;;;;;
20/06/2024 12:46:20;;;;;;
20/06/2024 12:46:30;;;;;;
20/06/2024 12:46:40;;;;;;
20/06/2024 12:46:50;;;;;;
20/06/2024 12:47:00;;;;;;
20/06/2024 12:47:10;;;;;;
20/06/2024 12:47:20;;;;;;
20/06/2024 12:47:30;;;;;;
20/06/2024 12:47:40;;;;;;
20/06/2024 12:47:50;;;;;;
20/06/2024 12:48:00;;;;;;
20/06/2024 12:48:10;;;;;;
20/06/2024 12:48:20;;;;;;
20/06/2024 12:48:30;;;;;;
20/06/2024 12:48:40;;;;;;
20/06/2024 12:48:50;;;;;;
20/06/2024 12:49:00;;;;;;
20/06/2024 12:49:10;;;;;;
20/06/2024 12:49:20;;;;;;
20/06/2024 12:49:30;;;;;;
20/06/2024 12:49:40;;;;;;
20/06/2024 12:49:50;;;;;;
20/06/2024 12:50:00;;;;;;
20/06/2024 12:50:10;;;;;;
20/06/2024 12:50:20;;;;;;
20/06/2024 12:50:30;;;;;;
20/06/2024 12:50:40;;;;;;
20/06/2024 12:50:50;;;;;;
20/06/2024 12:51:00;;;;;;
20/06/2024 12:51:10;;;;;;
20/06/2024 12:51:20;;;;;;
20/06/2024 12:51:30;;;;;;
20/06/2024 12:51:40;;;;;;
20/06/2024 12:51:50;;;;;;
20/06/2024 12:52:00;;;;;;
20/06/2024 12:52:10;;;;;;
20/06/2024 12:52:20;;;;;;
20/06/2024 12:52:30;;;;;;
20/06/2024 12:52:40;;;;;;
20/06/2024 12:52:50;;;;;;
20/06/2024 12:53:00;;;;;;
20/06/2024 12:53:10;;;;;;
20/06/2024 12:53:20;;;;;;
20/06/2024 12:53:30;;;;;;
20/06/2024 12:53:40;;;;;;
20/06/2024 12:53:50;;;;;;
20/06/2024 12:54:00;;;;;;
20/06/2024 12:54:10;;;;;;
20/06/2024 12:54:20;;;;;;
20/06/2024 12:54:30;;;;;;
20/06/2024 12:54:40;;;;;;
20/06/2024 12:54:50;;;;;;
20/06/2024 12:55:00;;;;;;
20/06/2024 12:55:10;;;;;;
20/06/2024 12:55:20;;;;;;
20/06/2024 12:55:30;;;;;;
20/06/2024 12:55:40;;;;;;
20/06/2024 12:55:50;;;;;;
20/06/2024 12:56:00;;;;;;
20/06/2024 12:56:10;;;;;;
20/06/2024 12:56:20;;;;;;
20/06/2024 12:56:30;;;;;;
20/06/2024 12:56:40;;;;;;
20/06/2024 12:56:50;;;;;;
20/06/2024 12:57:00;;;;;;
20/06/2024 12:57:10;;;;;;
20/06/2024 12:57:20;;;;;;
20/06/2024 12:57:30;;;;;;
20/06/2024 12:57:40;;;;;;
20/06/2024 12:57:50;;;;;;
20/06/2024 12:58:00;;;;;;
20/06/2024 12:58:10;;;;;;
20/06/2024 12:58:20;;;;;;
20/06/2024 12:58:30;;;;;;
20/06/2024 12:58:40;;;;;;
20/06/2024 12:58:50;;;;;;
20/06/2024 12:59:00;;;;;;
20/06/2024 12:59:10;;;;;;
20/06/2024 12:59:20;;;;;;
20/06/2024 12:59:30;;;;;;
20/06/2024 12:59:40;;;;;;
20/06/2024 12:59:50;;;;;;
20/06/2024 13:00:00;;;;;;
20/06/2024 13:00:10;;;;;;
20/06/2024 13:00:20;;;;;;
20/06/2024 13:00:30;;;;;;
20/06/2024 13:00:40;;;;;;
20/06/2024 13:00:50;;;;;;
20/06/2024 13:01:00;;;;;;
20/06/2024 13:01:10;;;;;;
20/06/2024 13:01:20;;;;;;
20/06/2024 13:01:30;;;;;;
20/06/2024 13:01:40;;;;;;
20/06/2024 13:01:50;;;;;;
20/06/2024 13:02:00;;;;;;
20/06/2024 13:02:10;;;;;;
20/06/2024 13:02:20;;;;;;
20/06/2024 13:02:30;;;;;;
20/06/2024 13:02:40;;;;;;
20/06/2024 13:02:50;;;;;;
20/06/2024 13:03:00;;;;;;
20/06/2024 13:03:10;;;;;;
20/06/2024 13:03:20;;;;;;
20/06/2024 13:03:30;;;;;;
20/06/2024 13:03:40;;;;;;
20/06/2024 13:03:50;;;;;;
20/06/2024 13:04:00;;;;;;
20/06/2024 13:04:10;;;;;;
20/06/2024 13:04:20;;;;;;
20/06/2024 13:04:30;;;;;;
20/06/2024 13:04:40;;;;;;
20/06/2024 13:04:50;;;;;;
20/06/2024 13:05:00;;;;;;
20/06/2024 13:05:10;;;;;;
20/06/2024 13:05:20;;;;;;
20/06/2024 13:05:30;;;;;;
20/06/2024 13:05:40;;;;;;
20/06/2024 13:05:50;;;;;;
20/06/2024 13:06:00;;;;;;
20/06/2024 13:06:10;;;;;;
20/06/2024 13:06:20;;;;;;
20/06/2024 13:06:30;;;;;;
20/06/2024 13:06:40;;;;;;
20/06/2024 13:06:50;;;;;;
20/06/2024 13:07:00;;;;;;
20/06/2024 13:07:10;;;;;;
20/06/2024 13:07:20;;;;;;
20/06/2024 13:07:30;;;;;;
20/06/2024 13:07:40;;;;;;
20/06/2024 13:07:50;;;;;;
20/06/2024 13:08:00;;;;;;
20/06/2024 13:08:10;;;;;;
20/06/2024 13:08:20;;;;;;
20/06/2024 13:08:30;;;;;;
20/06/2024 13:08:40;;;;;;
20/06/2024 13:08:50;;;;;;
20/06/2024 13:09:00;;;;;;
20/06/2024 13:09:10;;;;;;
20/06/2024 13:09:20;;;;;;
20/06/2024 13:09:30;;;;;;
20/06/2024 13:09:40;;;;;;
20/06/2024 13:09:50;;;;;;
20/06/2024 13:10:00;;;;;;
20/06/2024 13:10:10;;;;;;
20/06/2024 13:10:20;;;;;;
20/06/2024 13:10:30;;;;;;
20/06/2024 13:10:40;;;;;;
20/06/2024 13:10:50;;;;;;
20/06/2024 13:11:00;;;;;;
20/06/2024 13:11:10;;;;;;
20/06/2024 13:11:20;;;;;;
20/06/2024 13:11:30;;;;;;
20/06/2024 13:11:40;;;;;;
20/06/2024 13:11:50;;;;;;
20/06/2024 13:12:00;;;;;;
20/06/2024 13:12:10;;;;;;
20/06/2024 13:12:20;;;;;;
20/06/2024 13:12:30;;;;;;
20/06/2024 13:12:40;;;;;;
20/06/2024 13:12:50;;;;;;
20/06/2024 13:13:00;;;;;;
20/06/2024 13:13:10;;;;;;
20/06/2024 13:13:20;;;;;;
20/06/2024 13:13:30;;;;;;
20/06/2024 13:13:40;;;;;;
20/06/2024 13:13:50;;;;;;
20/06/2024 13:14:00;;;;;;
20/06/2024 13:14:10;;;;;;
20/06/2024 13:14:20;;;;;;
20/06/2024 13:14:30;;;;;;
20/06/2024 13:14:40;;;;;;
20/06/2024 13:14:50;;;;;;
20/06/2024 13:15:00;;;;;;
20/06/2024 13:15:10;;;;;;
20/06/2024 13:15:20;;;;;;
20/06/2024 13:15:30;;;;;;
20/06/2024 13:15:40;;;;;;
20/06/2024 13:15:50;;;;;;
20/06/2024 13:16:00;;;;;;
20/06/2024 13:16:10;;;;;;
20/06/2024 13:16:20;;;;;;
20/06/2024 13:16:30;;;;;;
20/06/2024 13:16:40;;;;;;
20/06/2024 13:16:50;;;;;;
20/06/2024 13:17:00;;;;;;
20/06/2024 13:17:10;;;;;;
20/06/2024 13:17:20;;;;;;
20/06/2024 13:17:30;;;;;;
20/06/2024 13:17:40;;;;;;
20/06/2024 13:17:50;;;;;;
20/06/2024 13:18:00;;;;;;
20/06/2024 13:18:10;;;;;;
20/06/2024 13:18:20;;;;;;
20/06/2024 13:18:30;;;;;;
20/06/2024 13:18:40;;;;;;
20/06/2024 13:18:50;;;;;;
20/06/2024 13:19:00;;;;;;
20/06/2024 13:19:10;;;;;;
20/06/2024 13:19:20;;;;;;
20/06/2024 13:19:30;;;;;;
20/06/2024 13:19:40;;;;;;
20/06/2024 13:19:50;;;;;;
20/06/2024 13:20:00;;;;;;
20/06/2024 13:20:10;;;;;;
20/06/2024 13:20:20;;;;;;
20/06/2024 13:20:30;;;;;;
20/06/2024 13:20:40;;;;;;
20/06/2024 13:20:50;;;;;;
20/06/2024 13:21:00;;;;;;
20/06/2024 13:21:10;;;;;;
20/06/2024 13:21:20;;;;;;
20/06/2024 13:21:30;;;;;;
20/06/2024 13:21:40;;;;;;
20/06/2024 13:21:50;;;;;;
20/06/2024 13:22:00;;;;;;
20/06/2024 13:22:10;;;;;;
20/06/2024 13:22:20;;;;;;
20/06/2024 13:22:30;;;;;;
20/06/2024 13:22:40;;;;;;
20/06/2024 13:22:50;;;;;;
20/06/2024 13:23:00;;;;;;
20/06/2024 13:23:10;;;;;;
20/06/2024 13:23:20;;;;;;
20/06/2024 13:23:30;;;;;;
20/06/2024 13:23:40;;;;;;
20/06/2024 13:23:50;;;;;;
20/06/2024 13:24:00;;;;;;
20/06/2024 13:24:10;;;;;;
20/06/2024 13:24:20;;;;;;
20/06/2024 13:24:30;;;;;;
20/06/2024 13:24:40;;;;;;
20/06/2024 13:24:50;;;;;;
20/06/2024 13:25:00;;;;;;
20/06/2024 13:25:10;;;;;;
20/06/2024 13:25:20;;;;;;
20/06/2024 13:25:30;;;;;;
20/06/2024 13:25:40;;;;;;
20/06/2024 13:25:50;;;;;;
20/06/2024 13:26:00;;;;;;
20/06/2024 13:26:10;;;;;;
20/06/2024 13:26:20;;;;;;
20/06/2024 13:26:30;;;;;;
20/06/2024 13:26:40;;;;;;
20/06/2024 13:26:50;;;;;;
20/06/2024 13:27:00;;;;;;
20/06/2024 13:27:10;;;;;;
20/06/2024 13:27:20;;;;;;
20/06/2024 13:27:30;;;;;;
20/06/2024 13:27:40;;;;;;
20/06/2024 13:27:50;;;;;;
20/06/2024 13:28:00;;;;;;
20/06/2024 13:28:10;;;;;;
20/06/2024 13:28:20;;;;;;
20/06/2024 13:28:30;;;;;;
20/06/2024 13:28:40;;;;;;
20/06/2024 13:28:50;;;;;;
20/06/2024 13:29:00;;;;;;
20/06/2024 13:29:10;;;;;;
20/06/2024 13:29:20;;;;;;
20/06/2024 13:29:30;;;;;;
20/06/2024 13:29:40;;;;;;
20/06/2024 13:29:50;;;;;;
20/06/2024 13:30:00;;;;;;
20/06/2024 13:30:10;;;;;;
20/06/2024 13:30:20;;;;;;
20/06/2024 13:30:30;;;;;;
20/06/2024 13:30:40;;;;;;
20/06/2024 13:30:50;;;;;;
20/06/2024 13:31:00;;;;;;
20/06/2024 13:31:10;;;;;;
20/06/2024 13:31:20;;;;;;
20/06/2024 13:31:30;;;;;;
20/06/2024 13:31:40;;;;;;
20/06/2024 13:31:50;;;;;;
20/06/2024 13:32:00;;;;;;
20/06/2024 13:32:10;;;;;;
20/06/2024 13:32:20;;;;;;
20/06/2024 13:32:30;;;;;;
20/06/2024 13:32:40;;;;;;
20/06/2024 13:32:50;;;;;;
20/06/2024 13:33:00;;;;;;
20/06/2024 13:33:10;;;;;;
20/06/2024 13:33:20;;;;;;
20/06/2024 13:33:30;;;;;;
20/06/2024 13:33:40;;;;;;
20/06/2024 13:33:50;;;;;;
20/06/2024 13:34:00;;;;;;
20/06/2024 13:34:10;;;;;;
20/06/2024 13:34:20;;;;;;
20/06/2024 13:34:30;;;;;;
20/06/2024 13:34:40;;;;;;
20/06/2024 13:34:50;;;;;;
20/06/2024 13:35:00;;;;;;
20/06/2024 13:35:10;;;;;;
20/06/2024 13:35:20;;;;;;
20/06/2024 13:35:30;;;;;;
20/06/2024 13:35:40;;;;;;
20/06/2024 13:35:50;;;;;;
20/06/2024 13:36:00;;;;;;
20/06/2024 13:36:10;;;;;;
20/06/2024 13:36:20;;;;;;
20/06/2024 13:36:30;;;;;;
20/06/2024 13:36:40;;;;;;
20/06/2024 13:36:50;;;;;;
20/06/2024 13:37:00;;;;;;
20/06/2024 13:37:10;;;;;;
20/06/2024 13:37:20;;;;;;
20/06/2024 13:37:30;;;;;;
20/06/2024 13:37:40;;;;;;
20/06/2024 13:37:50;;;;;;
20/06/2024 13:38:00;;;;;;
20/06/2024 13:38:10;;;;;;
20/06/2024 13:38:20;;;;;;
20/06/2024 13:38:30;;;;;;
20/06/2024 13:38:40;;;;;;
20/06/2024 13:38:50;;;;;;
20/06/2024 13:39:00;;;;;;
20/06/2024 13:39:10;;;;;;
20/06/2024 13:39:20;;;;;;
20/06/2024 13:39:30;;;;;;
20/06/2024 13:39:40;;;;;;
20/06/2024 13:39:50;;;;;;
20/06/2024 13:40:00;;;;;;
20/06/2024 13:40:10;;;;;;
20/06/2024 13:40:20;;;;;;
20/06/2024 13:40:30;;;;;;
20/06/2024 13:40:40;;;;;;
20/06/2024 13:40:50;;;;;;
20/06/2024 13:41:00;;;;;;
20/06/2024 13:41:10;;;;;;
20/06/2024 13:41:20;;;;;;
20/06/2024 13:41:30;;;;;;
20/06/2024 13:41:40;;;;;;
20/06/2024 13:41:50;;;;;;
20/06/2024 13:42:00;;;;;;
20/06/2024 13:42:10;;;;;;
20/06/2024 13:42:20;;;;;;
20/06/2024 13:42:30;;;;;;
20/06/2024 13:42:40;;;;;;
20/06/2024 13:42:50;;;;;;
20/06/2024 13:43:00;;;;;;
20/06/2024 13:43:10;;;;;;
20/06/2024 13:43:20;;;;;;
20/06/2024 13:43:30;;;;;;
20/06/2024 13:43:40;;;;;;
20/06/2024 13:43:50;;;;;;
20/06/2024 13:44:00;;;;;;
20/06/2024 13:44:10;;;;;;
20/06/2024 13:44:20;;;;;;
20/06/2024 13:44:30;;;;;;
20/06/2024 13:44:40;;;;;;
20/06/2024 13:44:50;;;;;;
20/06/2024 13:45:00;;;;;;
20/06/2024 13:45:10;;;;;;
20/06/2024 13:45:20;;;;;;
20/06/2024 13:45:30;;;;;;
20/06/2024 13:45:40;;;;;;
20/06/2024 13:45:50;;;;;;
20/06/2024 13:46:00;;;;;;
20/06/2024 13:46:10;;;;;;
20/06/2024 13:46:20;;;;;;
20/06/2024 13:46:30;;;;;;
20/06/2024 13:46:40;;;;;;
20/06/2024 13:46:50;;;;;;
20/06/2024 13:47:00;;;;;;
20/06/2024 13:47:10;;;;;;
20/06/2024 13:47:20;;;;;;
20/06/2024 13:47:30;;;;;;
20/06/2024 13:47:40;;;;;;
20/06/2024 13:47:50;;;;;;
20/06/2024 13:48:00;;;;;;
20/06/2024 13:48:10;;;;;;
20/06/2024 13:48:20;;;;;;
20/06/2024 13:48:30;;;;;;
20/06/2024 13:48:40;;;;;;
20/06/2024 13:48:50;;;;;;
20/06/2024 13:49:00;;;;;;
20/06/2024 13:49:10;;;;;;
20/06/2024 13:49:20;;;;;;
20/06/2024 13:49:30;;;;;;
20/06/2024 13:49:40;;;;;;
20/06/2024 13:49:50;;;;;;
20/06/2024 13:50:00;;;;;;
20/06/2024 13:50:10;;;;;;
20/06/2024 13:50:20;;;;;;
20/06/2024 13:50:30;;;;;;
20/06/2024 13:50:40;;;;;;
20/06/2024 13:50:50;;;;;;
20/06/2024 13:51:00;;;;;;
20/06/2024 13:51:10;;;;;;
20/06/2024 13:51:20;;;;;;
20/06/2024 13:51:30;;;;;;
20/06/2024 13:51:40;;;;;;
20/06/2024 13:51:50;;;;;;
20/06/2024 13:52:00;;;;;;
20/06/2024 13:52:10;;;;;;
20/06/2024 13:52:20;;;;;;
20/06/2024 13:52:30;;;;;;
20/06/2024 13:52:40;;;;;;
20/06/2024 13:52:50;;;;;;
20/06/2024 13:53:00;;;;;;
20/06/2024 13:53:10;;;;;;
20/06/2024 13:53:20;;;;;;
20/06/2024 13:53:30;;;;;;
20/06/2024 13:53:40;;;;;;
20/06/2024 13:53:50;;;;;;
20/06/2024 13:54:00;;;;;;
20/06/2024 13:54:10;;;;;;
20/06/2024 13:54:20;;;;;;
20/06/2024 13:54:30;;;;;;
20/06/2024 13:54:40;;;;;;
20/06/2024 13:54:50;;;;;;
20/06/2024 13:55:00;;;;;;
20/06/2024 13:55:10;;;;;;
20/06/2024 13:55:20;;;;;;
20/06/2024 13:55:30;;;;;;
20/06/2024 13:55:40;;;;;;
20/06/2024 13:55:50;;;;;;
20/06/2024 13:56:00;;;;;;
20/06/2024 13:56:10;;;;;;
20/06/2024 13:56:20;;;;;;
20/06/2024 13:56:30;;;;;;
20/06/2024 13:56:40;;;;;;
20/06/2024 13:56:50;;;;;;
20/06/2024 13:57:00;;;;;;
20/06/2024 13:57:10;;;;;;
20/06/2024 13:57:20;;;;;;
20/06/2024 13:57:30;;;;;;
20/06/2024 13:57:40;;;;;;
20/06/2024 13:57:50;;;;;;
20/06/2024 13:58:00;;;;;;
20/06/2024 13:58:10;;;;;;
20/06/2024 13:58:20;;;;;;
20/06/2024 13:58:30;;;;;;
20/06/2024 13:58:40;;;;;;
20/06/2024 13:58:50;;;;;;
20/06/2024 13:59:00;;;;;;
20/06/2024 13:59:10;;;;;;
20/06/2024 13:59:20;;;;;;
20/06/2024 13:59:30;;;;;;
20/06/2024 13:59:40;;;;;;
20/06/2024 13:59:50;;;;;;
20/06/2024 14:00:00;;;;;;
20/06/2024 14:00:10;;;;;;
20/06/2024 14:00:20;;;;;;
20/06/2024 14:00:30;;;;;;
20/06/2024 14:00:40;;;;;;
20/06/2024 14:00:50;;;;;;
20/06/2024 14:01:00;;;;;;
20/06/2024 14:01:10;;;;;;
20/06/2024 14:01:20;;;;;;
20/06/2024 14:01:30;;;;;;
20/06/2024 14:01:40;;;;;;
20/06/2024 14:01:50;;;;;;
20/06/2024 14:02:00;;;;;;
20/06/2024 14:02:10;;;;;;
20/06/2024 14:02:20;;;;;;
20/06/2024 14:02:30;;;;;;
20/06/2024 14:02:40;;;;;;
20/06/2024 14:02:50;;;;;;
20/06/2024 14:03:00;;;;;;
20/06/2024 14:03:10;;;;;;
20/06/2024 14:03:20;;;;;;
20/06/2024 14:03:30;;;;;;
20/06/2024 14:03:40;;;;;;
20/06/2024 14:03:50;;;;;;
20/06/2024 14:04:00;;;;;;
20/06/2024 14:04:10;;;;;;
20/06/2024 14:04:20;;;;;;
20/06/2024 14:04:30;;;;;;
20/06/2024 14:04:40;;;;;;
20/06/2024 14:04:50;;;;;;
20/06/2024 14:05:00;;;;;;
20/06/2024 14:05:10;;;;;;
20/06/2024 14:05:20;;;;;;
20/06/2024 14:05:30;;;;;;
20/06/2024 14:05:40;;;;;;
20/06/2024 14:05:50;;;;;;
20/06/2024 14:06:00;;;;;;
20/06/2024 14:06:10;;;;;;
20/06/2024 14:06:20;;;;;;
20/06/2024 14:06:30;;;;;;
20/06/2024 14:06:40;;;;;;
20/06/2024 14:06:50;;;;;;
20/06/2024 14:07:00;;;;;;
20/06/2024 14:07:10;;;;;;
20/06/2024 14:07:20;;;;;;
20/06/2024 14:07:30;;;;;;
20/06/2024 14:07:40;;;;;;
20/06/2024 14:07:50;;;;;;
20/06/2024 14:08:00;;;;;;
20/06/2024 14:08:10;;;;;;
20/06/2024 14:08:20;;;;;;
20/06/2024 14:08:30;;;;;;
20/06/2024 14:08:40;;;;;;
20/06/2024 14:08:50;;;;;;
20/06/2024 14:09:00;;;;;;
20/06/2024 14:09:10;;;;;;
20/06/2024 14:09:20;;;;;;
20/06/2024 14:09:30;;;;;;
20/06/2024 14:09:40;;;;;;
20/06/2024 14:09:50;;;;;;
20/06/2024 14:10:00;;;;;;
20/06/2024 14:10:10;;;;;;
20/06/2024 14:10:20;;;;;;
20/06/2024 14:10:30;;;;;;
20/06/2024 14:10:40;;;;;;
20/06/2024 14:10:50;;;;;;
20/06/2024 14:11:00;;;;;;
20/06/2024 14:11:10;;;;;;
20/06/2024 14:11:20;;;;;;
20/06/2024 14:11:30;;;;;;
20/06/2024 14:11:40;;;;;;
20/06/2024 14:11:50;;;;;;
20/06/2024 14:12:00;;;;;;
20/06/2024 14:12:10;;;;;;
20/06/2024 14:12:20;;;;;;
20/06/2024 14:12:30;;;;;;
20/06/2024 14:12:40;;;;;;
20/06/2024 14:12:50;;;;;;
20/06/2024 14:13:00;;;;;;
20/06/2024 14:13:10;;;;;;
20/06/2024 14:13:20;;;;;;
20/06/2024 14:13:30;;;;;;
20/06/2024 14:13:40;;;;;;
20/06/2024 14:13:50;;;;;;
20/06/2024 14:14:00;;;;;;
20/06/2024 14:14:10;;;;;;
20/06/2024 14:14:20;;;;;;
20/06/2024 14:14:30;;;;;;
20/06/2024 14:14:40;;;;;;
20/06/2024 14:14:50;;;;;;
20/06/2024 14:15:00;;;;;;
20/06/2024 14:15:10;;;;;;
20/06/2024 14:15:20;;;;;;
20/06/2024 14:15:30;;;;;;
20/06/2024 14:15:40;;;;;;
20/06/2024 14:15:50;;;;;;
20/06/2024 14:16:00;;;;;;
20/06/2024 14:16:10;;;;;;
20/06/2024 14:16:20;;;;;;
20/06/2024 14:16:30;;;;;;
20/06/2024 14:16:40;;;;;;
20/06/2024 14:16:50;;;;;;
20/06/2024 14:17:00;;;;;;
20/06/2024 14:17:10;;;;;;
20/06/2024 14:17:20;;;;;;
20/06/2024 14:17:30;;;;;;
20/06/2024 14:17:40;;;;;;
20/06/2024 14:17:50;;;;;;
20/06/2024 14:18:00;;;;;;
20/06/2024 14:18:10;;;;;;
20/06/2024 14:18:20;;;;;;
20/06/2024 14:18:30;;;;;;
20/06/2024 14:18:40;;;;;;
20/06/2024 14:18:50;;;;;;
20/06/2024 14:19:00;;;;;;
20/06/2024 14:19:10;;;;;;
20/06/2024 14:19:20;;;;;;
20/06/2024 14:19:30;;;;;;
20/06/2024 14:19:40;;;;;;
20/06/2024 14:19:50;;;;;;
20/06/2024 14:20:00;;;;;;
20/06/2024 14:20:10;;;;;;
20/06/2024 14:20:20;;;;;;
20/06/2024 14:20:30;;;;;;
20/06/2024 14:20:40;;;;;;
20/06/2024 14:20:50;;;;;;
20/06/2024 14:21:00;;;;;;
20/06/2024 14:21:10;;;;;;
20/06/2024 14:21:20;;;;;;
20/06/2024 14:21:30;;;;;;
20/06/2024 14:21:40;;;;;;
20/06/2024 14:21:50;;;;;;
20/06/2024 14:22:00;;;;;;
20/06/2024 14:22:10;;;;;;
20/06/2024 14:22:20;;;;;;
20/06/2024 14:22:30;;;;;;
20/06/2024 14:22:40;;;;;;
20/06/2024 14:22:50;;;;;;
20/06/2024 14:23:00;;;;;;
20/06/2024 14:23:10;;;;;;
20/06/2024 14:23:20;;;;;;
20/06/2024 14:23:30;;;;;;
20/06/2024 14:23:40;;;;;;
20/06/2024 14:23:50;;;;;;
20/06/2024 14:24:00;;;;;;
20/06/2024 14:24:10;;;;;;
20/06/2024 14:24:20;;;;;;
20/06/2024 14:24:30;;;;;;
20/06/2024 14:24:40;;;;;;
20/06/2024 14:24:50;;;;;;
20/06/2024 14:25:00;;;;;;
20/06/2024 14:25:10;;;;;;
20/06/2024 14:25:20;;;;;;
20/06/2024 14:25:30;;;;;;
20/06/2024 14:25:40;;;;;;
20/06/2024 14:25:50;;;;;;
20/06/2024 14:26:00;;;;;;
20/06/2024 14:26:10;;;;;;
20/06/2024 14:26:20;;;;;;
20/06/2024 14:26:30;;;;;;
20/06/2024 14:26:40;;;;;;
20/06/2024 14:26:50;;;;;;
20/06/2024 14:27:00;;;;;;
20/06/2024 14:27:10;;;;;;
20/06/2024 14:27:20;;;;;;
20/06/2024 14:27:30;;;;;;
20/06/2024 14:27:40;;;;;;
20/06/2024 14:27:50;;;;;;
20/06/2024 14:28:00;;;;;;
20/06/2024 14:28:10;;;;;;
20/06/2024 14:28:20;;;;;;
20/06/2024 14:28:30;;;;;;
20/06/2024 14:28:40;;;;;;
20/06/2024 14:28:50;;;;;;
20/06/2024 14:29:00;;;;;;
20/06/2024 14:29:10;;;;;;
20/06/2024 14:29:20;;;;;;
20/06/2024 14:29:30;;;;;;
20/06/2024 14:29:40;;;;;;
20/06/2024 14:29:50;;;;;;
20/06/2024 14:30:00;;;;;;
20/06/2024 14:30:10;;;;;;
20/06/2024 14:30:20;;;;;;
20/06/2024 14:30:30;;;;;;
20/06/2024 14:30:40;;;;;;
20/06/2024 14:30:50;;;;;;
20/06/2024 14:31:00;;;;;;
20/06/2024 14:31:10;;;;;;
20/06/2024 14:31:20;;;;;;
20/06/2024 14:31:30;;;;;;
20/06/2024 14:31:40;;;;;;
20/06/2024 14:31:50;;;;;;
20/06/2024 14:32:00;;;;;;
20/06/2024 14:32:10;;;;;;
20/06/2024 14:32:20;;;;;;
20/06/2024 14:32:30;;;;;;
20/06/2024 14:32:40;;;;;;
20/06/2024 14:32:50;;;;;;
20/06/2024 14:33:00;;;;;;
20/06/2024 14:33:10;;;;;;
20/06/2024 14:33:20;;;;;;
20/06/2024 14:33:30;;;;;;
20/06/2024 14:33:40;;;;;;
20/06/2024 14:33:50;;;;;;
20/06/2024 14:34:00;;;;;;
20/06/2024 14:34:10;;;;;;
20/06/2024 14:34:20;;;;;;
20/06/2024 14:34:30;;;;;;
20/06/2024 14:34:40;;;;;;
20/06/2024 14:34:50;;;;;;
20/06/2024 14:35:00;;;;;;
20/06/2024 14:35:10;;;;;;
20/06/2024 14:35:20;;;;;;
20/06/2024 14:35:30;;;;;;
20/06/2024 14:35:40;;;;;;
20/06/2024 14:35:50;;;;;;
20/06/2024 14:36:00;;;;;;
20/06/2024 14:36:10;;;;;;
20/06/2024 14:36:20;;;;;;
20/06/2024 14:36:30;;;;;;
20/06/2024 14:36:40;;;;;;
20/06/2024 14:36:50;;;;;;
20/06/2024 14:37:00;;;;;;
20/06/2024 14:37:10;;;;;;
20/06/2024 14:37:20;;;;;;
20/06/2024 14:37:30;;;;;;
20/06/2024 14:37:40;;;;;;
20/06/2024 14:37:50;;;;;;
20/06/2024 14:38:00;;;;;;
20/06/2024 14:38:10;;;;;;
20/06/2024 14:38:20;;;;;;
20/06/2024 14:38:30;;;;;;
20/06/2024 14:38:40;;;;;;
20/06/2024 14:38:50;;;;;;
20/06/2024 14:39:00;;;;;;
20/06/2024 14:39:10;;;;;;
20/06/2024 14:39:20;;;;;;
20/06/2024 14:39:30;;;;;;
20/06/2024 14:39:40;;;;;;
20/06/2024 14:39:50;;;;;;
20/06/2024 14:40:00;;;;;;
20/06/2024 14:40:10;;;;;;
20/06/2024 14:40:20;;;;;;
20/06/2024 14:40:30;;;;;;
20/06/2024 14:40:40;;;;;;
20/06/2024 14:40:50;;;;;;
20/06/2024 14:41:00;;;;;;
20/06/2024 14:41:10;;;;;;
20/06/2024 14:41:20;;;;;;
20/06/2024 14:41:30;;;;;;
20/06/2024 14:41:40;;;;;;
20/06/2024 14:41:50;;;;;;
20/06/2024 14:42:00;;;;;;
20/06/2024 14:42:10;;;;;;
20/06/2024 14:42:20;;;;;;
20/06/2024 14:42:30;;;;;;
20/06/2024 14:42:40;;;;;;
20/06/2024 14:42:50;;;;;;
20/06/2024 14:43:00;;;;;;
20/06/2024 14:43:10;;;;;;
20/06/2024 14:43:20;;;;;;
20/06/2024 14:43:30;;;;;;
20/06/2024 14:43:40;;;;;;
20/06/2024 14:43:50;;;;;;
20/06/2024 14:44:00;;;;;;
20/06/2024 14:44:10;;;;;;
20/06/2024 14:44:20;;;;;;
20/06/2024 14:44:30;;;;;;
20/06/2024 14:44:40;;;;;;
20/06/2024 14:44:50;;;;;;
20/06/2024 14:45:00;;;;;;
20/06/2024 14:45:10;;;;;;
20/06/2024 14:45:20;;;;;;
20/06/2024 14:45:30;;;;;;
20/06/2024 14:45:40;;;;;;
20/06/2024 14:45:50;;;;;;
20/06/2024 14:46:00;;;;;;
20/06/2024 14:46:10;;;;;;
20/06/2024 14:46:20;;;;;;
20/06/2024 14:46:30;;;;;;
20/06/2024 14:46:40;;;;;;
20/06/2024 14:46:50;;;;;;
20/06/2024 14:47:00;;;;;;
20/06/2024 14:47:10;;;;;;
20/06/2024 14:47:20;;;;;;
20/06/2024 14:47:30;;;;;;
20/06/2024 14:47:40;;;;;;
20/06/2024 14:47:50;;;;;;
20/06/2024 14:48:00;;;;;;
20/06/2024 14:48:10;;;;;;
20/06/2024 14:48:20;;;;;;
20/06/2024 14:48:30;;;;;;
20/06/2024 14:48:40;;;;;;
20/06/2024 14:48:50;;;;;;
20/06/2024 14:49:00;;;;;;
20/06/2024 14:49:10;;;;;;
20/06/2024 14:49:20;;;;;;
20/06/2024 14:49:30;;;;;;
20/06/2024 14:49:40;;;;;;
20/06/2024 14:49:50;;;;;;
20/06/2024 14:50:00;;;;;;
20/06/2024 14:50:10;;;;;;
20/06/2024 14:50:20;;;;;;
20/06/2024 14:50:30;;;;;;
20/06/2024 14:50:40;;;;;;
20/06/2024 14:50:50;;;;;;
20/06/2024 14:51:00;;;;;;
20/06/2024 14:51:10;;;;;;
20/06/2024 14:51:20;;;;;;
20/06/2024 14:51:30;;;;;;
20/06/2024 14:51:40;;;;;;
20/06/2024 14:51:50;;;;;;
20/06/2024 14:52:00;;;;;;
20/06/2024 14:52:10;;;;;;
20/06/2024 14:52:20;;;;;;
20/06/2024 14:52:30;;;;;;
20/06/2024 14:52:40;;;;;;
20/06/2024 14:52:50;;;;;;
20/06/2024 14:53:00;;;;;;
20/06/2024 14:53:10;;;;;;
20/06/2024 14:53:20;;;;;;
20/06/2024 14:53:30;;;;;;
20/06/2024 14:53:40;;;;;;
20/06/2024 14:53:50;;;;;;
20/06/2024 14:54:00;;;;;;
20/06/2024 14:54:10;;;;;;
20/06/2024 14:54:20;;;;;;
20/06/2024 14:54:30;;;;;;
20/06/2024 14:54:40;;;;;;
20/06/2024 14:54:50;;;;;;
20/06/2024 14:55:00;;;;;;
20/06/2024 14:55:10;;;;;;
20/06/2024 14:55:20;;;;;;
20/06/2024 14:55:30;;;;;;
20/06/2024 14:55:40;;;;;;
20/06/2024 14:55:50;;;;;;
20/06/2024 14:56:00;;;;;;
20/06/2024 14:56:10;;;;;;
20/06/2024 14:56:20;;;;;;
20/06/2024 14:56:30;;;;;;
20/06/2024 14:56:40;;;;;;
20/06/2024 14:56:50;;;;;;
20/06/2024 14:57:00;;;;;;
20/06/2024 14:57:10;;;;;;
20/06/2024 14:57:20;;;;;;
20/06/2024 14:57:30;;;;;;
20/06/2024 14:57:40;;;;;;
20/06/2024 14:57:50;;;;;;
20/06/2024 14:58:00;;;;;;
20/06/2024 14:58:10;;;;;;
20/06/2024 14:58:20;;;;;;
20/06/2024 14:58:30;;;;;;
20/06/2024 14:58:40;;;;;;
20/06/2024 14:58:50;;;;;;
20/06/2024 14:59:00;;;;;;
20/06/2024 14:59:10;;;;;;
20/06/2024 14:59:20;;;;;;
20/06/2024 14:59:30;;;;;;
20/06/2024 14:59:40;;;;;;
20/06/2024 14:59:50;;;;;;
20/06/2024 15:00:00;;;;;;
20/06/2024 15:00:10;;;;;;
20/06/2024 15:00:20;;;;;;
20/06/2024 15:00:30;;;;;;
20/06/2024 15:00:40;;;;;;
20/06/2024 15:00:50;;;;;;
20/06/2024 15:01:00;;;;;;
20/06/2024 15:01:10;;;;;;
20/06/2024 15:01:20;;;;;;
20/06/2024 15:01:30;;;;;;
20/06/2024 15:01:40;;;;;;
20/06/2024 15:01:50;;;;;;
20/06/2024 15:02:00;0;0;0;0;;0
20/06/2024 15:02:10;;0,44425243030895;0,0020082993940874;0,18596600619229;;
20/06/2024 15:02:20;;0,8885048606179;0,0040165987881747;0,37193201238459;;
20/06/2024 15:02:30;;1,3327572909268;0,0060248981822621;0,55789801857688;;
20/06/2024 15:02:40;;1,7770097212358;0,0080331975763494;0,74386402476918;;
20/06/2024 15:02:50;;2,2212621515447;0,010041496970437;0,92983003096147;;
20/06/2024 15:03:00;;2,6655145818537;0,012049796364524;1,1157960371538;;
20/06/2024 15:03:10;;3,1097670121626;0,014058095758612;1,3017620433461;;
20/06/2024 15:03:20;;3,5540194424716;0,016066395152699;1,4877280495384;;
20/06/2024 15:03:30;;3,9982718727805;0,018074694546786;1,6736940557306;;
20/06/2024 15:03:40;;4,4425243030895;0,020082993940874;1,8596600619229;;
20/06/2024 15:03:50;;4,8867767333984;0,022091293334961;2,0456260681152;;
20/06/2024 15:04:00;;5,3310291637074;0,024099592729048;2,2315920743075;;
20/06/2024 15:04:10;;5,7752815940163;0,026107892123136;2,4175580804998;;
20/06/2024 15:04:20;;6,2195340243253;0,028116191517223;2,6035240866921;;
20/06/2024 15:04:30;;6,6637864546342;0,03012449091131;2,7894900928844;;
20/06/2024 15:04:40;;7,1080388849432;0,032132790305398;2,9754560990767;;
20/06/2024 15:04:50;;7,5522913152521;0,034141089699485;3,161422105269;;
20/06/2024 15:05:00;;7,9965437455611;0,036149389093572;3,3473881114613;;
20/06/2024 15:05:10;;8,44079617587;0,03815768848766;3,5333541176536;;
20/06/2024 15:05:20;;8,885048606179;0,040165987881747;3,7193201238459;;
20/06/2024 15:05:30;;9,3293010364879;0,042174287275835;3,9052861300382;;
20/06/2024 15:05:40;;9,7735534667969;0,044182586669922;4,0912521362305;;
20/06/2024 15:05:50;;10,217805897106;0,046190886064009;4,2772181424228;;
20/06/2024 15:06:00;;10,662058327415;0,048199185458097;4,4631841486151;;
20/06/2024 15:06:10;;11,106310757724;0,050207484852184;4,6491501548074;;
20/06/2024 15:06:20;;11,550563188033;0,052215784246271;4,8351161609996;;
20/06/2024 15:06:30;;11,994815618342;0,054224083640359;5,0210821671919;;
20/06/2024 15:06:40;;12,439068048651;0,056232383034446;5,2070481733842;;
20/06/2024 15:06:50;;12,88332047896;0,058240682428533;5,3930141795765;;
20/06/2024 15:07:00;;13,327572909268;0,060248981822621;5,5789801857688;;
20/06/2024 15:07:10;;13,771825339577;0,062257281216708;5,7649461919611;;
20/06/2024 15:07:20;;14,216077769886;0,064265580610795;5,9509121981534;;
20/06/2024 15:07:30;;14,660330200195;0,066273880004883;6,1368782043457;;
20/06/2024 15:07:40;;15,104582630504;0,06828217939897;6,322844210538;;
20/06/2024 15:07:50;;15,548835060813;0,070290478793058;6,5088102167303;;
20/06/2024 15:08:00;;15,993087491122;0,072298778187145;6,6947762229226;;
20/06/2024 15:08:10;;16,437339921431;0,074307077581232;6,8807422291149;;
20/06/2024 15:08:20;;16,88159235174;0,07631537697532;7,0667082353072;;
20/06/2024 15:08:30;;17,325844782049;0,078323676369407;7,2526742414995;;
20/06/2024 15:08:40;;17,770097212358;0,080331975763494;7,4386402476918;;
20/06/2024 15:08:50;;18,214349642667;0,082340275157582;7,6246062538841;;
20/06/2024 15:09:00;;18,658602072976;0,084348574551669;7,8105722600763;;
20/06/2024 15:09:10;;19,102854503285;0,086356873945756;7,9965382662686;;
20/06/2024 15:09:20;;19,547106933594;0,088365173339844;8,1825042724609;;
20/06/2024 15:09:30;;19,991359363903;0,090373472733931;8,3684702786532;;
20/06/2024 15:09:40;;20,435611794212;0,092381772128018;8,5544362848455;;
20/06/2024 15:09:50;;20,879864224521;0,094390071522106;8,7404022910378;;
20/06/2024 15:10:00;;21,32411665483;0,096398370916193;8,9263682972301;;
20/06/2024 15:10:10;;21,768369085138;0,098406670310281;9,1123343034224;;
20/06/2024 15:10:20;;22,212621515447;0,10041496970437;9,2983003096147;;
20/06/2024 15:10:30;;22,656873945756;0,10242326909846;9,484266315807;;
20/06/2024 15:10:40;;23,101126376065;0,10443156849254;9,6702323219993;;
20/06/2024 15:10:50;;23,545378806374;0,10643986788663;9,8561983281916;;
20/06/2024 15:11:00;;23,989631236683;0,10844816728072;10,042164334384;;
20/06/2024 15:11:10;;24,433883666992;0,1104564666748;10,228130340576;;
20/06/2024 15:11:20;;24,878136097301;0,11246476606889;10,414096346768;;
20/06/2024 15:11:30;;25,32238852761;0,11447306546298;10,600062352961;;
20/06/2024 15:11:40;;25,766640957919;0,11648136485707;10,786028359153;;
20/06/2024 15:11:50;;26,210893388228;0,11848966425115;10,971994365345;;
20/06/2024 15:12:00;;26,655145818537;0,12049796364524;11,157960371538;;
20/06/2024 15:12:10;;27,099398248846;0,12250626303933;11,34392637773;;
20/06/2024 15:12:20;;27,543650679155;0,12451456243342;11,529892383922;;
20/06/2024 15:12:30;;27,987903109464;0,1265228618275;11,715858390115;;
20/06/2024 15:12:40;;28,432155539773;0,12853116122159;11,901824396307;;
20/06/2024 15:12:50;;28,876407970082;0,13053946061568;12,087790402499;;
20/06/2024 15:13:00;;29,320660400391;0,13254776000977;12,273756408691;;
20/06/2024 15:13:10;;29,7649128307;0,13455605940385;12,459722414884;;
20/06/2024 15:13:20;;30,209165261009;0,13656435879794;12,645688421076;;
20/06/2024 15:13:30;;30,653417691317;0,13857265819203;12,831654427268;;
20/06/2024 15:13:40;;31,097670121626;0,14058095758612;13,017620433461;;
20/06/2024 15:13:50;;31,541922551935;0,1425892569802;13,203586439653;;
20/06/2024 15:14:00;;31,986174982244;0,14459755637429;13,389552445845;;
20/06/2024 15:14:10;;32,430427412553;0,14660585576838;13,575518452037;;
20/06/2024 15:14:20;;32,874679842862;0,14861415516246;13,76148445823;;
20/06/2024 15:14:30;;33,318932273171;0,15062245455655;13,947450464422;;
20/06/2024 15:14:40;;33,76318470348;0,15263075395064;14,133416470614;;
20/06/2024 15:14:50;;34,207437133789;0,15463905334473;14,319382476807;;
20/06/2024 15:15:00;;34,651689564098;0,15664735273881;14,505348482999;;
20/06/2024 15:15:10;;35,095941994407;0,1586556521329;14,691314489191;;
20/06/2024 15:15:20;;35,540194424716;0,16066395152699;14,877280495384;;
20/06/2024 15:15:30;;35,984446855025;0,16267225092108;15,063246501576;;
20/06/2024 15:15:40;;36,428699285334;0,16468055031516;15,249212507768;;
20/06/2024 15:15:50;;36,872951715643;0,16668884970925;15,43517851396;;
20/06/2024 15:16:00;;37,317204145952;0,16869714910334;15,621144520153;;
20/06/2024 15:16:10;;37,761456576261;0,17070544849743;15,807110526345;;
20/06/2024 15:16:20;;38,20570900657;0,17271374789151;15,993076532537;;
20/06/2024 15:16:30;;38,649961436879;0,1747220472856;16,17904253873;;
20/06/2024 15:16:40;;39,094213867187;0,17673034667969;16,365008544922;;
20/06/2024 15:16:50;;39,538466297496;0,17873864607377;16,550974551114;;
20/06/2024 15:17:00;;39,982718727805;0,18074694546786;16,736940557306;;
20/06/2024 15:17:10;;40,426971158114;0,18275524486195;16,922906563499;;
20/06/2024 15:17:20;;40,871223588423;0,18476354425604;17,108872569691;;
20/06/2024 15:17:30;;41,315476018732;0,18677184365012;17,294838575883;;
20/06/2024 15:17:40;;41,759728449041;0,18878014304421;17,480804582076;;
20/06/2024 15:17:50;;42,20398087935;0,1907884424383;17,666770588268;;
20/06/2024 15:18:00;;42,648233309659;0,19279674183239;17,85273659446;;
20/06/2024 15:18:10;;43,092485739968;0,19480504122647;18,038702600653;;
20/06/2024 15:18:20;;43,536738170277;0,19681334062056;18,224668606845;;
20/06/2024 15:18:30;;43,980990600586;0,19882164001465;18,410634613037;;
20/06/2024 15:18:40;;44,425243030895;0,20082993940874;18,596600619229;;
20/06/2024 15:18:50;;44,869495461204;0,20283823880282;18,782566625422;;
20/06/2024 15:19:00;;45,313747891513;0,20484653819691;18,968532631614;;
20/06/2024 15:19:10;;45,758000321822;0,206854837591;19,154498637806;;
20/06/2024 15:19:20;;46,202252752131;0,20886313698509;19,340464643999;;
20/06/2024 15:19:30;;46,64650518244;0,21087143637917;19,526430650191;;
20/06/2024 15:19:40;;47,090757612749;0,21287973577326;19,712396656383;;
20/06/2024 15:19:50;;47,535010043058;0,21488803516735;19,898362662575;;
20/06/2024 15:20:00;;47,979262473366;0,21689633456143;20,084328668768;;
20/06/2024 15:20:10;;48,423514903675;0,21890463395552;20,27029467496;;
20/06/2024 15:20:20;;48,867767333984;0,22091293334961;20,456260681152;;
20/06/2024 15:20:30;;49,312019764293;0,2229212327437;20,642226687345;;
20/06/2024 15:20:40;;49,756272194602;0,22492953213778;20,828192693537;;
20/06/2024 15:20:50;;50,200524624911;0,22693783153187;21,014158699729;;
20/06/2024 15:21:00;;50,64477705522;0,22894613092596;21,200124705922;;
20/06/2024 15:21:10;;51,089029485529;0,23095443032005;21,386090712114;;
20/06/2024 15:21:20;;51,533281915838;0,23296272971413;21,572056718306;;
20/06/2024 15:21:30;;51,977534346147;0,23497102910822;21,758022724498;;
20/06/2024 15:21:40;;52,421786776456;0,23697932850231;21,943988730691;;
20/06/2024 15:21:50;;52,866039206765;0,2389876278964;22,129954736883;;
20/06/2024 15:22:00;;53,310291637074;0,24099592729048;22,315920743075;;
20/06/2024 15:22:10;;53,754544067383;0,24300422668457;22,501886749268;;
20/06/2024 15:22:20;;54,198796497692;0,24501252607866;22,68785275546;;
20/06/2024 15:22:30;;54,643048928001;0,24702082547275;22,873818761652;;
20/06/2024 15:22:40;;55,08730135831;0,24902912486683;23,059784767844;;
20/06/2024 15:22:50;;55,531553788619;0,25103742426092;23,245750774037;;
20/06/2024 15:23:00;;55,975806218928;0,25304572365501;23,431716780229;;
20/06/2024 15:23:10;;56,420058649237;0,25505402304909;23,617682786421;;
20/06/2024 15:23:20;;56,864311079545;0,25706232244318;23,803648792614;;
20/06/2024 15:23:30;;57,308563509854;0,25907062183727;23,989614798806;;
20/06/2024 15:23:40;;57,752815940163;0,26107892123136;24,175580804998;;
20/06/2024 15:23:50;;58,197068370472;0,26308722062544;24,361546811191;;
20/06/2024 15:24:00;;58,641320800781;0,26509552001953;24,547512817383;;
20/06/2024 15:24:10;;59,08557323109;0,26710381941362;24,733478823575;;
20/06/2024 15:24:20;;59,529825661399;0,26911211880771;24,919444829767;;
20/06/2024 15:24:30;;59,974078091708;0,27112041820179;25,10541083596;;
20/06/2024 15:24:40;;60,418330522017;0,27312871759588;25,291376842152;;
20/06/2024 15:24:50;;60,862582952326;0,27513701698997;25,477342848344;;
20/06/2024 15:25:00;;61,306835382635;0,27714531638406;25,663308854537;;
20/06/2024 15:25:10;;61,751087812944;0,27915361577814;25,849274860729;;
20/06/2024 15:25:20;;62,195340243253;0,28116191517223;26,035240866921;;
20/06/2024 15:25:30;;62,639592673562;0,28317021456632;26,221206873113;;
20/06/2024 15:25:40;;63,083845103871;0,2851785139604;26,407172879306;;
20/06/2024 15:25:50;;63,52809753418;0,28718681335449;26,593138885498;;
20/06/2024 15:26:00;;63,972349964489;0,28919511274858;26,77910489169;;
20/06/2024 15:26:10;;64,416602394798;0,29120341214267;26,965070897883;;
20/06/2024 15:26:20;;64,860854825107;0,29321171153675;27,151036904075;;
20/06/2024 15:26:30;;65,305107255415;0,29522001093084;27,337002910267;;
20/06/2024 15:26:40;;65,749359685724;0,29722831032493;27,52296891646;;
20/06/2024 15:26:50;;66,193612116033;0,29923660971902;27,708934922652;;
20/06/2024 15:27:00;;66,637864546342;0,3012449091131;27,894900928844;;
20/06/2024 15:27:10;;67,082116976651;0,30325320850719;28,080866935036;;
20/06/2024 15:27:20;;67,52636940696;0,30526150790128;28,266832941229;;
20/06/2024 15:27:30;;67,970621837269;0,30726980729537;28,452798947421;;
20/06/2024 15:27:40;;68,414874267578;0,30927810668945;28,638764953613;;
20/06/2024 15:27:50;;68,859126697887;0,31128640608354;28,824730959806;;
20/06/2024 15:28:00;;69,303379128196;0,31329470547763;29,010696965998;;
20/06/2024 15:28:10;;69,747631558505;0,31530300487172;29,19666297219;;
20/06/2024 15:28:20;;70,191883988814;0,3173113042658;29,382628978382;;
20/06/2024 15:28:30;;70,636136419123;0,31931960365989;29,568594984575;;
20/06/2024 15:28:40;;71,080388849432;0,32132790305398;29,754560990767;;
20/06/2024 15:28:50;;71,524641279741;0,32333620244806;29,940526996959;;
20/06/2024 15:29:00;;71,96889371005;0,32534450184215;30,126493003152;;
20/06/2024 15:29:10;;72,413146140359;0,32735280123624;30,312459009344;;
20/06/2024 15:29:20;;72,857398570668;0,32936110063033;30,498425015536;;
20/06/2024 15:29:30;;73,301651000977;0,33136940002441;30,684391021729;;
20/06/2024 15:29:40;;73,745903431286;0,3333776994185;30,870357027921;;
20/06/2024 15:29:50;;74,190155861594;0,33538599881259;31,056323034113;;
20/06/2024 15:30:00;;74,634408291903;0,33739429820668;31,242289040305;;
20/06/2024 15:30:10;;75,078660722212;0,33940259760076;31,428255046498;;
20/06/2024 15:30:20;;75,522913152521;0,34141089699485;31,61422105269;;
20/06/2024 15:30:30;;75,96716558283;0,34341919638894;31,800187058882;;
20/06/2024 15:30:40;;76,411418013139;0,34542749578303;31,986153065075;;
20/06/2024 15:30:50;;76,855670443448;0,34743579517711;32,172119071267;;
20/06/2024 15:31:00;;77,299922873757;0,3494440945712;32,358085077459;;
20/06/2024 15:31:10;;77,744175304066;0,35145239396529;32,544051083651;;
20/06/2024 15:31:20;;78,188427734375;0,35346069335938;32,730017089844;;
20/06/2024 15:31:30;;78,632680164684;0,35546899275346;32,915983096036;;
20/06/2024 15:31:40;;79,076932594993;0,35747729214755;33,101949102228;;
20/06/2024 15:31:50;;79,521185025302;0,35948559154164;33,287915108421;;
20/06/2024 15:32:00;;79,965437455611;0,36149389093572;33,473881114613;;
20/06/2024 15:32:10;;80,40968988592;0,36350219032981;33,659847120805;;
20/06/2024 15:32:20;;80,853942316229;0,3655104897239;33,845813126998;;
20/06/2024 15:32:30;;81,298194746538;0,36751878911799;34,03177913319;;
20/06/2024 15:32:40;;81,742447176847;0,36952708851207;34,217745139382;;
20/06/2024 15:32:50;;82,186699607156;0,37153538790616;34,403711145574;;
20/06/2024 15:33:00;;82,630952037464;0,37354368730025;34,589677151767;;
20/06/2024 15:33:10;;83,075204467773;0,37555198669434;34,775643157959;;
20/06/2024 15:33:20;;83,519456898082;0,37756028608842;34,961609164151;;
20/06/2024 15:33:30;;83,963709328391;0,37956858548251;35,147575170344;;
20/06/2024 15:33:40;;84,4079617587;0,3815768848766;35,333541176536;;
20/06/2024 15:33:50;;84,852214189009;0,38358518427069;35,519507182728;;
20/06/2024 15:34:00;;85,296466619318;0,38559348366477;35,70547318892;;
20/06/2024 15:34:10;;85,740719049627;0,38760178305886;35,891439195113;;
20/06/2024 15:34:20;;86,184971479936;0,38961008245295;36,077405201305;;
20/06/2024 15:34:30;;86,629223910245;0,39161838184703;36,263371207497;;
20/06/2024 15:34:40;;87,073476340554;0,39362668124112;36,44933721369;;
20/06/2024 15:34:50;;87,517728770863;0,39563498063521;36,635303219882;;
20/06/2024 15:35:00;;87,961981201172;0,3976432800293;36,821269226074;;
20/06/2024 15:35:10;;88,406233631481;0,39965157942338;37,007235232267;;
20/06/2024 15:35:20;;88,85048606179;0,40165987881747;37,193201238459;;
20/06/2024 15:35:30;;89,294738492099;0,40366817821156;37,379167244651;;
20/06/2024 15:35:40;;89,738990922408;0,40567647760565;37,565133250843;;
20/06/2024 15:35:50;;90,183243352717;0,40768477699973;37,751099257036;;
20/06/2024 15:36:00;;90,627495783026;0,40969307639382;37,937065263228;;
20/06/2024 15:36:10;;91,071748213335;0,41170137578791;38,12303126942;;
20/06/2024 15:36:20;;91,516000643643;0,413709675182;38,308997275613;;
20/06/2024 15:36:30;;91,960253073952;0,41571797457608;38,494963281805;;
20/06/2024 15:36:40;;92,404505504261;0,41772627397017;38,680929287997;;
20/06/2024 15:36:50;;92,84875793457;0,41973457336426;38,866895294189;;
20/06/2024 15:37:00;;93,293010364879;0,42174287275835;39,052861300382;;
20/06/2024 15:37:10;;93,737262795188;0,42375117215243;39,238827306574;;
20/06/2024 15:37:20;;94,181515225497;0,42575947154652;39,424793312766;;
20/06/2024 15:37:30;;94,625767655806;0,42776777094061;39,610759318959;;
20/06/2024 15:37:40;;95,070020086115;0,42977607033469;39,796725325151;;
20/06/2024 15:37:50;;95,514272516424;0,43178436972878;39,982691331343;;
20/06/2024 15:38:00;;95,958524946733;0,43379266912287;40,168657337536;;
20/06/2024 15:38:10;;96,402777377042;0,43580096851696;40,354623343728;;
20/06/2024 15:38:20;;96,847029807351;0,43780926791104;40,54058934992;;
20/06/2024 15:38:30;;97,29128223766;0,43981756730513;40,726555356112;;
20/06/2024 15:38:40;;97,735534667969;0,44182586669922;40,912521362305;19973,98046875;
20/06/2024 15:38:50;;98,02473449707;0,44556540250778;40,482086181641;17434,00390625;
20/06/2024 15:39:00;;98,243225097656;0,44173368811607;39,848510742188;15304,737304688;
20/06/2024 15:39:10;;97,957634327024;0,4404495785576;39,73267204817;15260,246789267;
20/06/2024 15:39:20;;97,672043556391;0,43916546899912;39,616833354152;15215,756273846;
20/06/2024 15:39:30;;97,386452785758;0,43788135944064;39,500994660134;15171,265758426;
20/06/2024 15:39:40;;97,100862015125;0,43659724988217;39,385155966116;15126,775243005;
20/06/2024 15:39:50;;96,815271244493;0,43531314032369;39,269317272098;15082,284727584;
20/06/2024 15:40:00;;96,52968047386;0,43402903076521;39,15347857808;15037,794212164;
20/06/2024 15:40:10;;96,244089703227;0,43274492120673;39,037639884062;14993,303696743;
20/06/2024 15:40:20;;95,958498932594;0,43146081164826;38,921801190044;14948,813181323;
20/06/2024 15:40:30;;95,672908161962;0,43017670208978;38,805962496026;14904,322665902;
20/06/2024 15:40:40;;95,387317391329;0,4288925925313;38,690123802008;14859,832150481;
20/06/2024 15:40:50;;95,101726620696;0,42760848297283;38,57428510799;14815,341635061;
20/06/2024 15:41:00;;94,816135850064;0,42632437341435;38,458446413972;14770,85111964;
20/06/2024 15:41:10;;94,530545079431;0,42504026385587;38,342607719954;14726,36060422;
20/06/2024 15:41:20;;94,244954308798;0,4237561542974;38,226769025936;14681,870088799;
20/06/2024 15:41:30;;93,959363538165;0,42247204473892;38,110930331918;14637,379573378;
20/06/2024 15:41:40;;93,673772767533;0,42118793518044;37,9950916379;14592,889057958;
20/06/2024 15:41:50;;93,3881819969;0,41990382562197;37,879252943882;14548,398542537;
20/06/2024 15:42:00;;93,102591226267;0,41861971606349;37,763414249864;14503,908027117;
20/06/2024 15:42:10;;92,817000455635;0,41733560650501;37,647575555846;14459,417511696;
20/06/2024 15:42:20;;92,531409685002;0,41605149694653;37,531736861828;14414,926996275;
20/06/2024 15:42:30;;92,245818914369;0,41476738738806;37,41589816781;14370,436480855;
20/06/2024 15:42:40;;91,960228143736;0,41348327782958;37,300059473792;14325,945965434;
20/06/2024 15:42:50;;91,674637373104;0,4121991682711;37,184220779774;14281,455450014;
20/06/2024 15:43:00;;91,389046602471;0,41091505871263;37,068382085756;14236,964934593;
20/06/2024 15:43:10;;91,103455831838;0,40963094915415;36,952543391738;14192,474419172;
20/06/2024 15:43:20;;90,817865061205;0,40834683959567;36,83670469772;14147,983903752;
20/06/2024 15:43:30;;90,532274290573;0,4070627300372;36,720866003702;14103,493388331;
20/06/2024 15:43:40;;90,24668351994;0,40577862047872;36,605027309684;14059,002872911;
20/06/2024 15:43:50;;89,961092749307;0,40449451092024;36,489188615666;14014,51235749;
20/06/2024 15:44:00;;89,675501978675;0,40321040136176;36,373349921648;13970,021842069;
20/06/2024 15:44:10;;89,389911208042;0,40192629180329;36,25751122763;13925,531326649;
20/06/2024 15:44:20;;89,104320437409;0,40064218224481;36,141672533612;13881,040811228;
20/06/2024 15:44:30;;88,818729666776;0,39935807268633;36,025833839594;13836,550295808;
20/06/2024 15:44:40;;88,533138896144;0,39807396312786;35,909995145576;13792,059780387;
20/06/2024 15:44:50;;88,247548125511;0,39678985356938;35,794156451558;13747,569264966;
20/06/2024 15:45:00;;87,961957354878;0,3955057440109;35,67831775754;13703,078749546;
20/06/2024 15:45:10;;87,676366584246;0,39422163445243;35,562479063522;13658,588234125;
20/06/2024 15:45:20;;87,390775813613;0,39293752489395;35,446640369504;13614,097718705;
20/06/2024 15:45:30;;87,10518504298;0,39165341533547;35,330801675486;13569,607203284;
20/06/2024 15:45:40;;86,819594272347;0,390369305777;35,214962981468;13525,116687863;
20/06/2024 15:45:50;;86,534003501715;0,38908519621852;35,09912428745;13480,626172443;
20/06/2024 15:46:00;;86,248412731082;0,38780108666004;34,983285593432;13436,135657022;
20/06/2024 15:46:10;;85,962821960449;0,38651697710156;34,867446899414;13391,645141602;
20/06/2024 15:46:20;;85,677231189816;0,38523286754309;34,751608205396;13347,154626181;
20/06/2024 15:46:30;;85,391640419184;0,38394875798461;34,635769511378;13302,66411076;
20/06/2024 15:46:40;;85,106049648551;0,38266464842613;34,51993081736;13258,17359534;
20/06/2024 15:46:50;;84,820458877918;0,38138053886766;34,404092123342;13213,683079919;
20/06/2024 15:47:00;;84,534868107286;0,38009642930918;34,288253429324;13169,192564499;
20/06/2024 15:47:10;;84,249277336653;0,3788123197507;34,172414735306;13124,702049078;
20/06/2024 15:47:20;;83,96368656602;0,37752821019223;34,056576041288;13080,211533657;
20/06/2024 15:47:30;;83,678095795387;0,37624410063375;33,94073734727;13035,721018237;
20/06/2024 15:47:40;;83,392505024755;0,37495999107527;33,824898653252;12991,230502816;
20/06/2024 15:47:50;;83,106914254122;0,37367588151679;33,709059959234;12946,739987396;
20/06/2024 15:48:00;;82,821323483489;0,37239177195832;33,593221265216;12902,249471975;
20/06/2024 15:48:10;;82,535732712857;0,37110766239984;33,477382571198;12857,758956554;
20/06/2024 15:48:20;;82,250141942224;0,36982355284136;33,36154387718;12813,268441134;
20/06/2024 15:48:30;;81,964551171591;0,36853944328289;33,245705183162;12768,777925713;
20/06/2024 15:48:40;;81,678960400958;0,36725533372441;33,129866489144;12724,287410293;
20/06/2024 15:48:50;;81,393369630326;0,36597122416593;33,014027795126;12679,796894872;
20/06/2024 15:49:00;;81,107778859693;0,36468711460746;32,898189101108;12635,306379451;
20/06/2024 15:49:10;;80,82218808906;0,36340300504898;32,78235040709;12590,815864031;
20/06/2024 15:49:20;;80,536597318428;0,3621188954905;32,666511713072;12546,32534861;
20/06/2024 15:49:30;;80,251006547795;0,36083478593203;32,550673019054;12501,834833189;
20/06/2024 15:49:40;;79,965415777162;0,35955067637355;32,434834325036;12457,344317769;
20/06/2024 15:49:50;;79,679825006529;0,35826656681507;32,318995631018;12412,853802348;
20/06/2024 15:50:00;;79,394234235897;0,35698245725659;32,203156937;12368,363286928;
20/06/2024 15:50:10;;79,108643465264;0,35569834769812;32,087318242982;12323,872771507;
20/06/2024 15:50:20;;78,823052694631;0,35441423813964;31,971479548964;12279,382256086;
20/06/2024 15:50:30;;78,537461923998;0,35313012858116;31,855640854946;12234,891740666;
20/06/2024 15:50:40;;78,251871153366;0,35184601902269;31,739802160928;12190,401225245;
20/06/2024 15:50:50;;77,966280382733;0,35056190946421;31,62396346691;12145,910709825;
20/06/2024 15:51:00;;77,6806896121;0,34927779990573;31,508124772892;12101,420194404;
20/06/2024 15:51:10;;77,395098841468;0,34799369034726;31,392286078874;12056,929678983;
20/06/2024 15:51:20;;77,109508070835;0,34670958078878;31,276447384856;12012,439163563;
20/06/2024 15:51:30;;76,823917300202;0,3454254712303;31,160608690838;11967,948648142;
20/06/2024 15:51:40;;76,538326529569;0,34414136167182;31,04476999682;11923,458132722;
20/06/2024 15:51:50;;76,252735758937;0,34285725211335;30,928931302803;11878,967617301;
20/06/2024 15:52:00;;75,967144988304;0,34157314255487;30,813092608785;11834,47710188;
20/06/2024 15:52:10;;75,681554217671;0,34028903299639;30,697253914767;11789,98658646;
20/06/2024 15:52:20;;75,395963447039;0,33900492343792;30,581415220749;11745,496071039;
20/06/2024 15:52:30;;75,110372676406;0,33772081387944;30,465576526731;11701,005555619;
20/06/2024 15:52:40;;74,824781905773;0,33643670432096;30,349737832713;11656,515040198;
20/06/2024 15:52:50;;74,53919113514;0,33515259476249;30,233899138695;11612,024524777;
20/06/2024 15:53:00;;74,253600364508;0,33386848520401;30,118060444677;11567,534009357;
20/06/2024 15:53:10;;73,968009593875;0,33258437564553;30,002221750659;11523,043493936;
20/06/2024 15:53:20;;73,682418823242;0,33130026608706;29,886383056641;11478,552978516;
20/06/2024 15:53:30;;73,396828052609;0,33001615652858;29,770544362623;11434,062463095;
20/06/2024 15:53:40;;73,111237281977;0,3287320469701;29,654705668605;11389,571947674;
20/06/2024 15:53:50;;72,825646511344;0,32744793741162;29,538866974587;11345,081432254;
20/06/2024 15:54:00;;72,540055740711;0,32616382785315;29,423028280569;11300,590916833;
20/06/2024 15:54:10;;72,254464970079;0,32487971829467;29,307189586551;11256,100401413;
20/06/2024 15:54:20;;71,968874199446;0,32359560873619;29,191350892533;11211,609885992;
20/06/2024 15:54:30;;71,683283428813;0,32231149917772;29,075512198515;11167,119370571;
20/06/2024 15:54:40;;71,39769265818;0,32102738961924;28,959673504497;11122,628855151;
20/06/2024 15:54:50;;71,112101887548;0,31974328006076;28,843834810479;11078,13833973;
20/06/2024 15:55:00;;70,826511116915;0,31845917050229;28,727996116461;11033,64782431;
20/06/2024 15:55:10;;70,540920346282;0,31717506094381;28,612157422443;10989,157308889;
20/06/2024 15:55:20;;70,25532957565;0,31589095138533;28,496318728425;10944,666793468;
20/06/2024 15:55:30;;69,969738805017;0,31460684182685;28,380480034407;10900,176278048;
20/06/2024 15:55:40;;69,684148034384;0,31332273226838;28,264641340389;10855,685762627;
20/06/2024 15:55:50;;69,398557263751;0,3120386227099;28,148802646371;10811,195247207;
20/06/2024 15:56:00;;69,112966493119;0,31075451315142;28,032963952353;10766,704731786;
20/06/2024 15:56:10;;68,827375722486;0,30947040359295;27,917125258335;10722,214216365;
20/06/2024 15:56:20;;68,541784951853;0,30818629403447;27,801286564317;10677,723700945;
20/06/2024 15:56:30;;68,25619418122;0,30690218447599;27,685447870299;10633,233185524;
20/06/2024 15:56:40;;67,970603410588;0,30561807491752;27,569609176281;10588,742670104;
20/06/2024 15:56:50;;67,685012639955;0,30433396535904;27,453770482263;10544,252154683;
20/06/2024 15:57:00;;67,399421869322;0,30304985580056;27,337931788245;10499,761639262;
20/06/2024 15:57:10;;67,11383109869;0,30176574624209;27,222093094227;10455,271123842;
20/06/2024 15:57:20;;66,828240328057;0,30048163668361;27,106254400209;10410,780608421;
20/06/2024 15:57:30;;66,542649557424;0,29919752712513;26,990415706191;10366,290093001;
20/06/2024 15:57:40;;66,257058786791;0,29791341756665;26,874577012173;10321,79957758;
20/06/2024 15:57:50;;65,971468016159;0,29662930800818;26,758738318155;10277,309062159;
20/06/2024 15:58:00;;65,685877245526;0,2953451984497;26,642899624137;10232,818546739;
20/06/2024 15:58:10;;65,400286474893;0,29406108889122;26,527060930119;10188,328031318;
20/06/2024 15:58:20;;65,114695704261;0,29277697933275;26,411222236101;10143,837515898;
20/06/2024 15:58:30;;64,829104933628;0,29149286977427;26,295383542083;10099,347000477;
20/06/2024 15:58:40;;64,543514162995;0,29020876021579;26,179544848065;10054,856485056;
20/06/2024 15:58:50;;64,257923392362;0,28892465065732;26,063706154047;10010,365969636;
20/06/2024 15:59:00;;63,97233262173;0,28764054109884;25,947867460029;9965,8754542151;
20/06/2024 15:59:10;;63,686741851097;0,28635643154036;25,832028766011;9921,3849387945;
20/06/2024 15:59:20;;63,401151080464;0,28507232198188;25,716190071993;9876,8944233739;
20/06/2024 15:59:30;;63,115560309831;0,28378821242341;25,600351377975;9832,4039079533;
20/06/2024 15:59:40;;62,829969539199;0,28250410286493;25,484512683957;9787,9133925327;
20/06/2024 15:59:50;;62,544378768566;0,28121999330645;25,368673989939;9743,4228771121;
20/06/2024 16:00:00;;62,258787997933;0,27993588374798;25,252835295921;9698,9323616915;
20/06/2024 16:00:10;;61,973197227301;0,2786517741895;25,136996601903;9654,4418462709;
20/06/2024 16:00:20;;61,687606456668;0,27736766463102;25,021157907885;9609,9513308503;
20/06/2024 16:00:30;;61,402015686035;0,27608355507255;24,905319213867;9565,4608154297;
20/06/2024 16:00:40;;61,116424915402;0,27479944551407;24,789480519849;9520,9703000091;
20/06/2024 16:00:50;;60,83083414477;0,27351533595559;24,673641825831;9476,4797845885;
20/06/2024 16:01:00;;60,545243374137;0,27223122639712;24,557803131813;9431,9892691679;
20/06/2024 16:01:10;;60,259652603504;0,27094711683864;24,441964437795;9387,4987537473;
20/06/2024 16:01:20;;59,974061832872;0,26966300728016;24,326125743777;9343,0082383267;
20/06/2024 16:01:30;;59,688471062239;0,26837889772168;24,210287049759;9298,5177229061;
20/06/2024 16:01:40;;59,402880291606;0,26709478816321;24,094448355741;9254,0272074855;
20/06/2024 16:01:50;;59,117289520973;0,26581067860473;23,978609661723;9209,5366920649;
20/06/2024 16:02:00;;58,831698750341;0,26452656904625;23,862770967705;9165,0461766443;
20/06/2024 16:02:10;;58,546107979708;0,26324245948778;23,746932273687;9120,5556612237;
20/06/2024 16:02:20;;58,260517209075;0,2619583499293;23,631093579669;9076,0651458031;
20/06/2024 16:02:30;;57,974926438442;0,26067424037082;23,515254885651;9031,5746303824;
20/06/2024 16:02:40;;57,68933566781;0,25939013081235;23,399416191633;8987,0841149618;
20/06/2024 16:02:50;;57,403744897177;0,25810602125387;23,283577497615;8942,5935995412;
20/06/2024 16:03:00;;57,118154126544;0,25682191169539;23,167738803597;8898,1030841206;
20/06/2024 16:03:10;;56,832563355912;0,25553780213691;23,051900109579;8853,6125687;
20/06/2024 16:03:20;;56,546972585279;0,25425369257844;22,936061415561;8809,1220532794;
20/06/2024 16:03:30;;56,261381814646;0,25296958301996;22,820222721543;8764,6315378588;
20/06/2024 16:03:40;;55,975791044013;0,25168547346148;22,704384027525;8720,1410224382;
20/06/2024 16:03:50;;55,690200273381;0,25040136390301;22,588545333507;8675,6505070176;
20/06/2024 16:04:00;;55,404609502748;0,24911725434453;22,472706639489;8631,159991597;
20/06/2024 16:04:10;;55,119018732115;0,24783314478605;22,356867945471;8586,6694761764;
20/06/2024 16:04:20;;54,833427961483;0,24654903522758;22,241029251453;8542,1789607558;
20/06/2024 16:04:30;;54,54783719085;0,2452649256691;22,125190557436;8497,6884453352;
20/06/2024 16:04:40;;54,262246420217;0,24398081611062;22,009351863418;8453,1979299146;
20/06/2024 16:04:50;;53,976655649584;0,24269670655215;21,8935131694;8408,707414494;
20/06/2024 16:05:00;;53,691064878952;0,24141259699367;21,777674475382;8364,2168990734;
20/06/2024 16:05:10;;53,405474108319;0,24012848743519;21,661835781364;8319,7263836528;
20/06/2024 16:05:20;;53,119883337686;0,23884437787671;21,545997087346;8275,2358682322;
20/06/2024 16:05:30;;52,834292567054;0,23756026831824;21,430158393328;8230,7453528116;
20/06/2024 16:05:40;;52,548701796421;0,23627615875976;21,31431969931;8186,254837391;
20/06/2024 16:05:50;;52,263111025788;0,23499204920128;21,198481005292;8141,7643219704;
20/06/2024 16:06:00;;51,977520255155;0,23370793964281;21,082642311274;8097,2738065498;
20/06/2024 16:06:10;;51,691929484523;0,23242383008433;20,966803617256;8052,7832911292;
20/06/2024 16:06:20;;51,40633871389;0,23113972052585;20,850964923238;8008,2927757086;
20/06/2024 16:06:30;;51,120747943257;0,22985561096738;20,73512622922;7963,802260288;
20/06/2024 16:06:40;;50,835157172624;0,2285715014089;20,619287535202;7919,3117448674;
20/06/2024 16:06:50;;50,549566401992;0,22728739185042;20,503448841184;7874,8212294468;
20/06/2024 16:07:00;;50,263975631359;0,22600328229194;20,387610147166;7830,3307140262;
20/06/2024 16:07:10;;49,978384860726;0,22471917273347;20,271771453148;7785,8401986056;
20/06/2024 16:07:20;;49,692794090094;0,22343506317499;20,15593275913;7741,349683185;
20/06/2024 16:07:30;;49,407203319461;0,22215095361651;20,040094065112;7696,8591677644;
20/06/2024 16:07:40;;49,121612548828;0,22086684405804;19,924255371094;7652,3686523438;
20/06/2024 16:07:50;;48,836021778195;0,21958273449956;19,808416677076;7607,8781369231;
20/06/2024 16:08:00;;48,550431007563;0,21829862494108;19,692577983058;7563,3876215025;
20/06/2024 16:08:10;;48,26484023693;0,21701451538261;19,57673928904;7518,8971060819;
20/06/2024 16:08:20;;47,979249466297;0,21573040582413;19,460900595022;7474,4065906613;
20/06/2024 16:08:30;;47,693658695665;0,21444629626565;19,345061901004;7429,9160752407;
20/06/2024 16:08:40;;47,408067925032;0,21316218670718;19,229223206986;7385,4255598201;
20/06/2024 16:08:50;;47,122477154399;0,2118780771487;19,113384512968;7340,9350443995;
20/06/2024 16:09:00;;46,836886383766;0,21059396759022;18,99754581895;7296,4445289789;
20/06/2024 16:09:10;;46,551295613134;0,20930985803174;18,881707124932;7251,9540135583;
20/06/2024 16:09:20;;46,265704842501;0,20802574847327;18,765868430914;7207,4634981377;
20/06/2024 16:09:30;;45,980114071868;0,20674163891479;18,650029736896;7162,9729827171;
20/06/2024 16:09:40;;45,694523301235;0,20545752935631;18,534191042878;7118,4824672965;
20/06/2024 16:09:50;;45,408932530603;0,20417341979784;18,41835234886;7073,9919518759;
20/06/2024 16:10:00;;45,12334175997;0,20288931023936;18,302513654842;7029,5014364553;
20/06/2024 16:10:10;;44,837750989337;0,20160520068088;18,186674960824;6985,0109210347;
20/06/2024 16:10:20;;44,552160218705;0,20032109112241;18,070836266806;6940,5204056141;
20/06/2024 16:10:30;;44,266569448072;0,19903698156393;17,954997572788;6896,0298901935;
20/06/2024 16:10:40;;43,980978677439;0,19775287200545;17,83915887877;6851,5393747729;
20/06/2024 16:10:50;;43,695387906806;0,19646876244697;17,723320184752;6807,0488593523;
20/06/2024 16:11:00;;43,409797136174;0,1951846528885;17,607481490734;6762,5583439317;
20/06/2024 16:11:10;;43,124206365541;0,19390054333002;17,491642796716;6718,0678285111;
20/06/2024 16:11:20;;42,838615594908;0,19261643377154;17,375804102698;6673,5773130905;
20/06/2024 16:11:30;;42,553024824276;0,19133232421307;17,25996540868;6629,0867976699;
20/06/2024 16:11:40;;42,267434053643;0,19004821465459;17,144126714662;6584,5962822493;
20/06/2024 16:11:50;;41,98184328301;0,18876410509611;17,028288020644;6540,1057668287;
20/06/2024 16:12:00;;41,696252512377;0,18747999553764;16,912449326626;6495,6152514081;
20/06/2024 16:12:10;;41,410661741745;0,18619588597916;16,796610632608;6451,1247359875;
20/06/2024 16:12:20;;41,125070971112;0,18491177642068;16,68077193859;6406,6342205669;
20/06/2024 16:12:30;;40,839480200479;0,18362766686221;16,564933244572;6362,1437051463;
20/06/2024 16:12:40;;40,553889429846;0,18234355730373;16,449094550554;6317,6531897257;
20/06/2024 16:12:50;;40,268298659214;0,18105944774525;16,333255856536;6273,1626743051;
20/06/2024 16:13:00;;39,982707888581;0,17977533818677;16,217417162518;6228,6721588844;
20/06/2024 16:13:10;;39,697117117948;0,1784912286283;16,1015784685;6184,1816434638;
20/06/2024 16:13:20;;39,411526347316;0,17720711906982;15,985739774482;6139,6911280432;
20/06/2024 16:13:30;;39,125935576683;0,17592300951134;15,869901080464;6095,2006126226;
20/06/2024 16:13:40;;38,84034480605;0,17463889995287;15,754062386446;6050,710097202;
20/06/2024 16:13:50;;38,554754035417;0,17335479039439;15,638223692428;6006,2195817814;
20/06/2024 16:14:00;;38,269163264785;0,17207068083591;15,52238499841;5961,7290663608;
20/06/2024 16:14:10;;37,983572494152;0,17078657127744;15,406546304392;5917,2385509402;
20/06/2024 16:14:20;;37,697981723519;0,16950246171896;15,290707610374;5872,7480355196;
20/06/2024 16:14:30;;37,412390952887;0,16821835216048;15,174868916356;5828,257520099;
20/06/2024 16:14:40;;37,126800182254;0,166934242602;15,059030222338;5783,7670046784;
20/06/2024 16:14:50;;36,841209411621;0,16565013304353;14,94319152832;5739,2764892578;
20/06/2024 16:15:00;;36,555618640988;0,16436602348505;14,827352834302;5694,7859738372;
20/06/2024 16:15:10;;36,270027870356;0,16308191392657;14,711514140284;5650,2954584166;
20/06/2024 16:15:20;;35,984437099723;0,1617978043681;14,595675446266;5605,804942996;
20/06/2024 16:15:30;;35,69884632909;0,16051369480962;14,479836752248;5561,3144275754;
20/06/2024 16:15:40;;35,413255558457;0,15922958525114;14,36399805823;5516,8239121548;
20/06/2024 16:15:50;;35,127664787825;0,15794547569267;14,248159364212;5472,3333967342;
20/06/2024 16:16:00;;34,842074017192;0,15666136613419;14,132320670194;5427,8428813136;
20/06/2024 16:16:10;;34,556483246559;0,15537725657571;14,016481976176;5383,352365893;
20/06/2024 16:16:20;;34,270892475927;0,15409314701723;13,900643282158;5338,8618504724;
20/06/2024 16:16:30;;33,985301705294;0,15280903745876;13,78480458814;5294,3713350518;
20/06/2024 16:16:40;;33,699710934661;0,15152492790028;13,668965894122;5249,8808196312;
20/06/2024 16:16:50;;33,414120164028;0,1502408183418;13,553127200104;5205,3903042106;
20/06/2024 16:17:00;;33,128529393396;0,14895670878333;13,437288506086;5160,89978879;
20/06/2024 16:17:10;;32,842938622763;0,14767259922485;13,321449812068;5116,4092733694;
20/06/2024 16:17:20;;32,55734785213;0,14638848966637;13,205611118051;5071,9187579488;
20/06/2024 16:17:30;;32,271757081498;0,1451043801079;13,089772424033;5027,4282425282;
20/06/2024 16:17:40;;31,986166310865;0,14382027054942;12,973933730015;4982,9377271076;
20/06/2024 16:17:50;;31,700575540232;0,14253616099094;12,858095035997;4938,447211687;
20/06/2024 16:18:00;;31,414984769599;0,14125205143247;12,742256341979;4893,9566962664;
20/06/2024 16:18:10;;31,129393998967;0,13996794187399;12,626417647961;4849,4661808457;
20/06/2024 16:18:20;;30,843803228334;0,13868383231551;12,510578953943;4804,9756654251;
20/06/2024 16:18:30;;30,558212457701;0,13739972275703;12,394740259925;4760,4851500045;
20/06/2024 16:18:40;;30,272621687068;0,13611561319856;12,278901565907;4715,9946345839;
20/06/2024 16:18:50;;29,987030916436;0,13483150364008;12,163062871889;4671,5041191633;
20/06/2024 16:19:00;;29,701440145803;0,1335473940816;12,047224177871;4627,0136037427;
20/06/2024 16:19:10;;29,41584937517;0,13226328452313;11,931385483853;4582,5230883221;
20/06/2024 16:19:20;;29,130258604538;0,13097917496465;11,815546789835;4538,0325729015;
20/06/2024 16:19:30;;28,844667833905;0,12969506540617;11,699708095817;4493,5420574809;
20/06/2024 16:19:40;;28,559077063272;0,1284109558477;11,583869401799;4449,0515420603;
20/06/2024 16:19:50;;28,273486292639;0,12712684628922;11,468030707781;4404,5610266397;
20/06/2024 16:20:00;;27,987895522007;0,12584273673074;11,352192013763;4360,0705112191;
20/06/2024 16:20:10;;27,702304751374;0,12455862717226;11,236353319745;4315,5799957985;
20/06/2024 16:20:20;;27,416713980741;0,12327451761379;11,120514625727;4271,0894803779;
20/06/2024 16:20:30;;27,131123210109;0,12199040805531;11,004675931709;4226,5989649573;
20/06/2024 16:20:40;;26,845532439476;0,12070629849683;10,888837237691;4182,1084495367;
20/06/2024 16:20:50;;26,559941668843;0,11942218893836;10,772998543673;4137,6179341161;
20/06/2024 16:21:00;;26,27435089821;0,11813807937988;10,657159849655;4093,1274186955;
20/06/2024 16:21:10;;25,988760127578;0,1168539698214;10,541321155637;4048,6369032749;
20/06/2024 16:21:20;;25,703169356945;0,11556986026293;10,425482461619;4004,1463878543;
20/06/2024 16:21:30;;25,417578586312;0,11428575070445;10,309643767601;3959,6558724337;
20/06/2024 16:21:40;;25,13198781568;0,11300164114597;10,193805073583;3915,1653570131;
20/06/2024 16:21:50;;24,846397045047;0,1117175315875;10,077966379565;3870,6748415925;
20/06/2024 16:22:00;;24,560806274414;0,11043342202902;9,9621276855469;3826,1843261719;
20/06/2024 16:22:10;;24,275215503781;0,10914931247054;9,8462889915289;3781,6938107513;
20/06/2024 16:22:20;;23,989624733149;0,10786520291206;9,7304502975109;3737,2032953307;
20/06/2024 16:22:30;;23,704033962516;0,10658109335359;9,6146116034929;3692,7127799101;
20/06/2024 16:22:40;;23,418443191883;0,10529698379511;9,4987729094749;3648,2222644895;
20/06/2024 16:22:50;;23,13285242125;0,10401287423663;9,3829342154569;3603,7317490689;
20/06/2024 16:23:00;;22,847261650618;0,10272876467816;9,267095521439;3559,2412336483;
20/06/2024 16:23:10;;22,561670879985;0,10144465511968;9,151256827421;3514,7507182277;
20/06/2024 16:23:20;;22,276080109352;0,1001605455612;9,035418133403;3470,2602028071;
20/06/2024 16:23:30;;21,99048933872;0,098876436002726;8,919579439385;3425,7696873864;
20/06/2024 16:23:40;;21,704898568087;0,097592326444249;8,803740745367;3381,2791719658;
20/06/2024 16:23:50;;21,419307797454;0,096308216885772;8,687902051349;3336,7886565452;
20/06/2024 16:24:00;;21,133717026821;0,095024107327295;8,572063357331;3292,2981411246;
20/06/2024 16:24:10;;20,848126256189;0,093739997768818;8,456224663313;3247,807625704;
20/06/2024 16:24:20;;20,562535485556;0,092455888210341;8,3403859692951;3203,3171102834;
20/06/2024 16:24:30;;20,276944714923;0,091171778651864;8,2245472752771;3158,8265948628;
20/06/2024 16:24:40;;19,991353944291;0,089887669093387;8,1087085812591;3114,3360794422;
20/06/2024 16:24:50;;19,705763173658;0,08860355953491;7,9928698872411;3069,8455640216;
20/06/2024 16:25:00;;19,420172403025;0,087319449976433;7,8770311932231;3025,355048601;
20/06/2024 16:25:10;;19,134581632392;0,086035340417956;7,7611924992051;2980,8645331804;
20/06/2024 16:25:20;;18,84899086176;0,084751230859479;7,6453538051871;2936,3740177598;
20/06/2024 16:25:30;;18,563400091127;0,083467121301002;7,5295151111691;2891,8835023392;
20/06/2024 16:25:40;;18,277809320494;0,082183011742525;7,4136764171512;2847,3929869186;
20/06/2024 16:25:50;;17,992218549861;0,080898902184048;7,2978377231332;2802,902471498;
20/06/2024 16:26:00;;17,706627779229;0,079614792625571;7,1819990291152;2758,4119560774;
20/06/2024 16:26:10;;17,421037008596;0,078330683067094;7,0661603350972;2713,9214406568;
20/06/2024 16:26:20;;17,135446237963;0,077046573508617;6,9503216410792;2669,4309252362;
20/06/2024 16:26:30;;16,849855467331;0,075762463950141;6,8344829470612;2624,9404098156;
20/06/2024 16:26:40;;16,564264696698;0,074478354391664;6,7186442530432;2580,449894395;
20/06/2024 16:26:50;;16,278673926065;0,073194244833187;6,6028055590253;2535,9593789744;
20/06/2024 16:27:00;;15,993083155432;0,07191013527471;6,4869668650073;2491,4688635538;
20/06/2024 16:27:10;;15,7074923848;0,070626025716233;6,3711281709893;2446,9783481332;
20/06/2024 16:27:20;;15,421901614167;0,069341916157756;6,2552894769713;2402,4878327126;
20/06/2024 16:27:30;;15,136310843534;0,068057806599279;6,1394507829533;2357,997317292;
20/06/2024 16:27:40;;14,850720072902;0,066773697040802;6,0236120889353;2313,5068018714;
20/06/2024 16:27:50;;14,565129302269;0,065489587482325;5,9077733949173;2269,0162864508;
20/06/2024 16:28:00;;14,279538531636;0,064205477923848;5,7919347008993;2224,5257710302;
20/06/2024 16:28:10;;13,993947761003;0,062921368365371;5,6760960068814;2180,0352556096;
20/06/2024 16:28:20;;13,708356990371;0,061637258806894;5,5602573128634;2135,544740189;
20/06/2024 16:28:30;;13,422766219738;0,060353149248417;5,4444186188454;2091,0542247684;
20/06/2024 16:28:40;;13,137175449105;0,05906903968994;5,3285799248274;2046,5637093477;
20/06/2024 16:28:50;;12,851584678472;0,057784930131463;5,2127412308094;2002,0731939271;
20/06/2024 16:29:00;;12,56599390784;0,056500820572986;5,0969025367914;1957,5826785065;
20/06/2024 16:29:10;;12,280403137207;0,055216711014509;4,9810638427734;1913,0921630859;
20/06/2024 16:29:20;;11,994812366574;0,053932601456032;4,8652251487554;1868,6016476653;
20/06/2024 16:29:30;;11,709221595942;0,052648491897555;4,7493864547375;1824,1111322447;
20/06/2024 16:29:40;;11,423630825309;0,051364382339078;4,6335477607195;1779,6206168241;
20/06/2024 16:29:50;;11,138040054676;0,050080272780601;4,5177090667015;1735,1301014035;
20/06/2024 16:30:00;;10,852449284043;0,048796163222124;4,4018703726835;1690,6395859829;
20/06/2024 16:30:10;;10,566858513411;0,047512053663647;4,2860316786655;1646,1490705623;
20/06/2024 16:30:20;;10,281267742778;0,046227944105171;4,1701929846475;1601,6585551417;
20/06/2024 16:30:30;;9,9956769721453;0,044943834546694;4,0543542906295;1557,1680397211;
20/06/2024 16:30:40;;9,7100862015125;0,043659724988217;3,9385155966116;1512,6775243005;
20/06/2024 16:30:50;;9,4244954308798;0,04237561542974;3,8226769025936;1468,1870088799;
20/06/2024 16:31:00;;9,1389046602471;0,041091505871263;3,7068382085756;1423,6964934593;
20/06/2024 16:31:10;;8,8533138896144;0,039807396312786;3,5909995145576;1379,2059780387;
20/06/2024 16:31:20;;8,5677231189816;0,038523286754309;3,4751608205396;1334,7154626181;
20/06/2024 16:31:30;;8,2821323483489;0,037239177195832;3,3593221265216;1290,2249471975;
20/06/2024 16:31:40;;7,9965415777162;0,035955067637355;3,2434834325036;1245,7344317769;
20/06/2024 16:31:50;;7,7109508070835;0,034670958078878;3,1276447384856;1201,2439163563;
20/06/2024 16:32:00;;7,4253600364508;0,033386848520401;3,0118060444677;1156,7534009357;
20/06/2024 16:32:10;;7,139769265818;0,032102738961924;2,8959673504497;1112,2628855151;
20/06/2024 16:32:20;;6,8541784951853;0,030818629403447;2,7801286564317;1067,7723700945;
20/06/2024 16:32:30;;6,5685877245526;0,02953451984497;2,6642899624137;1023,2818546739;
20/06/2024 16:32:40;;6,2829969539199;0,028250410286493;2,5484512683957;978,79133925327;
20/06/2024 16:32:50;;5,9974061832872;0,026966300728016;2,4326125743777;934,30082383267;
20/06/2024 16:33:00;;5,7118154126544;0,025682191169539;2,3167738803597;889,81030841206;
20/06/2024 16:33:10;;5,4262246420217;0,024398081611062;2,2009351863418;845,31979299146;
20/06/2024 16:33:20;;5,140633871389;0,023113972052585;2,0850964923238;800,82927757086;
20/06/2024 16:33:30;;4,8550431007563;0,021829862494108;1,9692577983058;756,33876215026;
20/06/2024 16:33:40;;4,5694523301236;0,020545752935631;1,8534191042878;711,84824672965;
20/06/2024 16:33:50;;4,2838615594908;0,019261643377154;1,7375804102698;667,35773130905;
20/06/2024 16:34:00;;3,9982707888581;0,017977533818677;1,6217417162518;622,86721588845;
20/06/2024 16:34:10;;3,7126800182254;0,0166934242602;1,5059030222338;578,37670046784;
20/06/2024 16:34:20;;3,4270892475927;0,015409314701724;1,3900643282158;533,88618504724;
20/06/2024 16:34:30;;3,1414984769599;0,014125205143247;1,2742256341979;489,39566962664;
20/06/2024 16:34:40;;2,8559077063272;0,01284109558477;1,1583869401799;444,90515420603;
20/06/2024 16:34:50;;2,5703169356945;0,011556986026293;1,0425482461619;400,41463878543;
20/06/2024 16:35:00;;2,2847261650618;0,010272876467816;0,92670955214389;355,92412336483;
20/06/2024 16:35:10;;1,9991353944291;0,0089887669093387;0,81087085812591;311,43360794422;
20/06/2024 16:35:20;;1,7135446237963;0,0077046573508618;0,69503216410792;266,94309252362;
20/06/2024 16:35:30;;1,4279538531636;0,0064205477923848;0,57919347008993;222,45257710302;
20/06/2024 16:35:40;;1,1423630825309;0,0051364382339079;0,46335477607195;177,96206168241;
20/06/2024 16:35:50;;0,85677231189817;0,0038523286754309;0,34751608205396;133,47154626181;
20/06/2024 16:36:00;;0,57118154126545;0,0025682191169539;0,23167738803597;88,981030841207;
20/06/2024 16:36:10;;0,28559077063272;0,001284109558477;0,11583869401799;44,490515420604;
20/06/2024 16:36:20;;0;0;0;0;
20/06/2024 16:36:30;;;;;;
20/06/2024 16:36:40;;;;;;
20/06/2024 16:36:50;;;;;;
20/06/2024 16:37:00;;;;;;
20/06/2024 16:37:10;;;;;;
20/06/2024 16:37:20;;;;;;
20/06/2024 16:37:30;;;;;;
20/06/2024 16:37:40;;;;;;
20/06/2024 16:37:50;;;;;;
20/06/2024 16:38:00;;;;;;
20/06/2024 16:38:10;;;;;;
20/06/2024 16:38:20;;;;;;
20/06/2024 16:38:30;;;;;;
20/06/2024 16:38:40;;;;;;
20/06/2024 16:38:50;;;;;;
20/06/2024 16:39:00;;;;;;
20/06/2024 16:39:10;;;;;;
20/06/2024 16:39:20;;;;;;
20/06/2024 16:39:30;;;;;;
20/06/2024 16:39:40;;;;;;
20/06/2024 16:39:50;;;;;;
20/06/2024 16:40:00;;;;;;
20/06/2024 16:40:10;;;;;;
20/06/2024 16:40:20;;;;;;
20/06/2024 16:40:30;;;;;;
20/06/2024 16:40:40;;;;;;
20/06/2024 16:40:50;;;;;;
20/06/2024 16:41:00;;;;;;
20/06/2024 16:41:10;;;;;;
20/06/2024 16:41:20;;;;;;
20/06/2024 16:41:30;;;;;;
20/06/2024 16:41:40;;;;;;
20/06/2024 16:41:50;;;;;;
20/06/2024 16:42:00;;;;;;
20/06/2024 16:42:10;;;;;;
20/06/2024 16:42:20;;;;;;
20/06/2024 16:42:30;;;;;;
20/06/2024 16:42:40;;;;;;
20/06/2024 16:42:50;;;;;;
20/06/2024 16:43:00;;;;;;
20/06/2024 16:43:10;;;;;;
20/06/2024 16:43:20;;;;;;
20/06/2024 16:43:30;;;;;;
20/06/2024 16:43:40;;;;;;
20/06/2024 16:43:50;;;;;;
20/06/2024 16:44:00;;;;;;
20/06/2024 16:44:10;;;;;;
20/06/2024 16:44:20;;;;;;
20/06/2024 16:44:30;;;;;;
20/06/2024 16:44:40;;;;;;
20/06/2024 16:44:50;;;;;;
20/06/2024 16:45:00;;;;;;
20/06/2024 16:45:10;;;;;;
20/06/2024 16:45:20;;;;;;
20/06/2024 16:45:30;;;;;;
20/06/2024 16:45:40;;;;;;
20/06/2024 16:45:50;;;;;;
20/06/2024 16:46:00;;;;;;
20/06/2024 16:46:10;;;;;;
20/06/2024 16:46:20;;;;;;
20/06/2024 16:46:30;;;;;;
20/06/2024 16:46:40;;;;;;
20/06/2024 16:46:50;;;;;;
20/06/2024 16:47:00;;;;;;
20/06/2024 16:47:10;;;;;;
20/06/2024 16:47:20;;;;;;
20/06/2024 16:47:30;;;;;;
20/06/2024 16:47:40;;;;;;
20/06/2024 16:47:50;;;;;;
20/06/2024 16:48:00;;;;;;
20/06/2024 16:48:10;;;;;;
20/06/2024 16:48:20;;;;;;
20/06/2024 16:48:30;;;;;;
20/06/2024 16:48:40;;;;;;
20/06/2024 16:48:50;;;;;;
20/06/2024 16:49:00;;;;;;
20/06/2024 16:49:10;;;;;;
20/06/2024 16:49:20;;;;;;
20/06/2024 16:49:30;;;;;;
20/06/2024 16:49:40;;;;;;
20/06/2024 16:49:50;;;;;;
20/06/2024 16:50:00;;;;;;
20/06/2024 16:50:10;;;;;;
20/06/2024 16:50:20;;;;;;
20/06/2024 16:50:30;;;;;;
20/06/2024 16:50:40;;;;;;
20/06/2024 16:50:50;;;;;;
20/06/2024 16:51:00;;;;;;
20/06/2024 16:51:10;;;;;;
20/06/2024 16:51:20;;;;;;
20/06/2024 16:51:30;;;;;;
20/06/2024 16:51:40;;;;;;
20/06/2024 16:51:50;;;;;;
20/06/2024 16:52:00;;;;;;
20/06/2024 16:52:10;;;;;;
20/06/2024 16:52:20;;;;;;
20/06/2024 16:52:30;;;;;;
20/06/2024 16:52:40;;;;;;
20/06/2024 16:52:50;;;;;;
20/06/2024 16:53:00;;;;;;
20/06/2024 16:53:10;;;;;;
20/06/2024 16:53:20;;;;;;
20/06/2024 16:53:30;;;;;;
20/06/2024 16:53:40;;;;;;
20/06/2024 16:53:50;;;;;;
20/06/2024 16:54:00;;;;;;
20/06/2024 16:54:10;;;;;;
20/06/2024 16:54:20;;;;;;
20/06/2024 16:54:30;;;;;;
20/06/2024 16:54:40;;;;;;
20/06/2024 16:54:50;;;;;;
20/06/2024 16:55:00;;;;;;
20/06/2024 16:55:10;;;;;;
20/06/2024 16:55:20;;;;;;
20/06/2024 16:55:30;;;;;;
20/06/2024 16:55:40;;;;;;
20/06/2024 16:55:50;;;;;;
20/06/2024 16:56:00;;;;;;
20/06/2024 16:56:10;;;;;;
20/06/2024 16:56:20;;;;;;
20/06/2024 16:56:30;;;;;;
20/06/2024 16:56:40;;;;;;
20/06/2024 16:56:50;;;;;;
20/06/2024 16:57:00;;;;;;
20/06/2024 16:57:10;;;;;;
20/06/2024 16:57:20;;;;;;
20/06/2024 16:57:30;;;;;;
20/06/2024 16:57:40;;;;;;
20/06/2024 16:57:50;;;;;;
20/06/2024 16:58:00;;;;;;
20/06/2024 16:58:10;;;;;;
20/06/2024 16:58:20;;;;;;
20/06/2024 16:58:30;;;;;;
20/06/2024 16:58:40;;;;;;
20/06/2024 16:58:50;;;;;;
20/06/2024 16:59:00;;;;;;
20/06/2024 16:59:10;;;;;;
20/06/2024 16:59:20;;;;;;
20/06/2024 16:59:30;;;;;;
20/06/2024 16:59:40;;;;;;
20/06/2024 16:59:50;;;;;;
20/06/2024 17:00:00;;;;;;
20/06/2024 17:00:10;;;;;;
20/06/2024 17:00:20;;;;;;
20/06/2024 17:00:30;;;;;;
20/06/2024 17:00:40;;;;;;
20/06/2024 17:00:50;;;;;;
20/06/2024 17:01:00;;;;;;
20/06/2024 17:01:10;;;;;;
20/06/2024 17:01:20;;;;;;
20/06/2024 17:01:30;;;;;;
20/06/2024 17:01:40;;;;;;
20/06/2024 17:01:50;;;;;;
20/06/2024 17:02:00;;;;;;
20/06/2024 17:02:10;;;;;;
20/06/2024 17:02:20;;;;;;
20/06/2024 17:02:30;;;;;;
20/06/2024 17:02:40;;;;;;
20/06/2024 17:02:50;;;;;;
20/06/2024 17:03:00;;;;;;
20/06/2024 17:03:10;;;;;;
20/06/2024 17:03:20;;;;;;
20/06/2024 17:03:30;;;;;;
20/06/2024 17:03:40;;;;;;
20/06/2024 17:03:50;;;;;;
20/06/2024 17:04:00;;;;;;
20/06/2024 17:04:10;;;;;;
20/06/2024 17:04:20;;;;;;
20/06/2024 17:04:30;;;;;;
20/06/2024 17:04:40;;;;;;
20/06/2024 17:04:50;;;;;;
20/06/2024 17:05:00;;;;;;
20/06/2024 17:05:10;;;;;;
20/06/2024 17:05:20;;;;;;
20/06/2024 17:05:30;;;;;;
20/06/2024 17:05:40;;;;;;
20/06/2024 17:05:50;;;;;;
20/06/2024 17:06:00;;;;;;
20/06/2024 17:06:10;;;;;;
20/06/2024 17:06:20;;;;;;
20/06/2024 17:06:30;;;;;;
20/06/2024 17:06:40;;;;;;
20/06/2024 17:06:50;;;;;;
20/06/2024 17:07:00;;;;;;
20/06/2024 17:07:10;;;;;;
20/06/2024 17:07:20;;;;;;
20/06/2024 17:07:30;;;;;;
20/06/2024 17:07:40;;;;;;
20/06/2024 17:07:50;;;;;;
20/06/2024 17:08:00;;;;;;
20/06/2024 17:08:10;;;;;;
20/06/2024 17:08:20;;;;;;
20/06/2024 17:08:30;;;;;;
20/06/2024 17:08:40;;;;;;
20/06/2024 17:08:50;;;;;;
20/06/2024 17:09:00;;;;;;
20/06/2024 17:09:10;;;;;;
20/06/2024 17:09:20;;;;;;
20/06/2024 17:09:30;;;;;;
20/06/2024 17:09:40;;;;;;
20/06/2024 17:09:50;;;;;;
20/06/2024 17:10:00;;;;;;
20/06/2024 17:10:10;;;;;;
20/06/2024 17:10:20;;;;;;
20/06/2024 17:10:30;;;;;;
20/06/2024 17:10:40;;;;;;
20/06/2024 17:10:50;;;;;;
20/06/2024 17:11:00;;;;;;
20/06/2024 17:11:10;;;;;;
20/06/2024 17:11:20;;;;;;
20/06/2024 17:11:30;;;;;;
20/06/2024 17:11:40;;;;;;
20/06/2024 17:11:50;;;;;;
20/06/2024 17:12:00;;;;;;
20/06/2024 17:12:10;;;;;;
20/06/2024 17:12:20;;;;;;
20/06/2024 17:12:30;;;;;;
20/06/2024 17:12:40;;;;;;
20/06/2024 17:12:50;;;;;;
20/06/2024 17:13:00;;;;;;
20/06/2024 17:13:10;;;;;;
20/06/2024 17:13:20;;;;;;
20/06/2024 17:13:30;;;;;;
20/06/2024 17:13:40;;;;;;
20/06/2024 17:13:50;;;;;;
20/06/2024 17:14:00;;;;;;
20/06/2024 17:14:10;;;;;;
20/06/2024 17:14:20;;;;;;
20/06/2024 17:14:30;;;;;;
20/06/2024 17:14:40;;;;;;
20/06/2024 17:14:50;;;;;;
20/06/2024 17:15:00;;;;;;
20/06/2024 17:15:10;;;;;;
20/06/2024 17:15:20;;;;;;
20/06/2024 17:15:30;;;;;;
20/06/2024 17:15:40;;;;;;
20/06/2024 17:15:50;;;;;;
20/06/2024 17:16:00;;;;;;
20/06/2024 17:16:10;;;;;;
20/06/2024 17:16:20;;;;;;
20/06/2024 17:16:30;;;;;;
20/06/2024 17:16:40;;;;;;
20/06/2024 17:16:50;;;;;;
20/06/2024 17:17:00;;;;;;
20/06/2024 17:17:10;;;;;;
20/06/2024 17:17:20;;;;;;
20/06/2024 17:17:30;;;;;;
20/06/2024 17:17:40;;;;;;
20/06/2024 17:17:50;;;;;;
20/06/2024 17:18:00;;;;;;
20/06/2024 17:18:10;;;;;;
20/06/2024 17:18:20;;;;;;
20/06/2024 17:18:30;;;;;;
20/06/2024 17:18:40;;;;;;
20/06/2024 17:18:50;;;;;;
20/06/2024 17:19:00;;;;;;
20/06/2024 17:19:10;;;;;;
20/06/2024 17:19:20;;;;;;
20/06/2024 17:19:30;;;;;;
20/06/2024 17:19:40;;;;;;
20/06/2024 17:19:50;;;;;;
20/06/2024 17:20:00;;;;;;
20/06/2024 17:20:10;;;;;;
20/06/2024 17:20:20;;;;;;
20/06/2024 17:20:30;;;;;;
20/06/2024 17:20:40;;;;;;
20/06/2024 17:20:50;;;;;;
20/06/2024 17:21:00;;;;;;
20/06/2024 17:21:10;;;;;;
20/06/2024 17:21:20;;;;;;
20/06/2024 17:21:30;;;;;;
20/06/2024 17:21:40;;;;;;
20/06/2024 17:21:50;;;;;;
20/06/2024 17:22:00;;;;;;
20/06/2024 17:22:10;;;;;;
20/06/2024 17:22:20;;;;;;
20/06/2024 17:22:30;;;;;;
20/06/2024 17:22:40;;;;;;
20/06/2024 17:22:50;;;;;;
20/06/2024 17:23:00;;;;;;
20/06/2024 17:23:10;;;;;;
20/06/2024 17:23:20;;;;;;
20/06/2024 17:23:30;;;;;;
20/06/2024 17:23:40;;;;;;
20/06/2024 17:23:50;;;;;;
20/06/2024 17:24:00;;;;;;
20/06/2024 17:24:10;;;;;;
20/06/2024 17:24:20;;;;;;
20/06/2024 17:24:30;;;;;;
20/06/2024 17:24:40;;;;;;
20/06/2024 17:24:50;;;;;;
20/06/2024 17:25:00;;;;;;
20/06/2024 17:25:10;;;;;;
20/06/2024 17:25:20;;;;;;
20/06/2024 17:25:30;;;;;;
20/06/2024 17:25:40;;;;;;
20/06/2024 17:25:50;;;;;;
20/06/2024 17:26:00;;;;;;
20/06/2024 17:26:10;;;;;;
20/06/2024 17:26:20;;;;;;
20/06/2024 17:26:30;;;;;;
20/06/2024 17:26:40;;;;;;
20/06/2024 17:26:50;;;;;;
20/06/2024 17:27:00;;;;;;
20/06/2024 17:27:10;;;;;;
20/06/2024 17:27:20;;;;;;
20/06/2024 17:27:30;;;;;;
20/06/2024 17:27:40;;;;;;
20/06/2024 17:27:50;;;;;;
20/06/2024 17:28:00;;;;;;
20/06/2024 17:28:10;;;;;;
20/06/2024 17:28:20;;;;;;
20/06/2024 17:28:30;;;;;;
20/06/2024 17:28:40;;;;;;
20/06/2024 17:28:50;;;;;;
20/06/2024 17:29:00;;;;;;
20/06/2024 17:29:10;;;;;;
20/06/2024 17:29:20;;;;;;
20/06/2024 17:29:30;;;;;;
20/06/2024 17:29:40;;;;;;
20/06/2024 17:29:50;;;;;;
20/06/2024 17:30:00;;;;;;
20/06/2024 17:30:10;;;;;;
20/06/2024 17:30:20;;;;;;
20/06/2024 17:30:30;;;;;;
20/06/2024 17:30:40;;;;;;
20/06/2024 17:30:50;;;;;;
20/06/2024 17:31:00;;;;;;
20/06/2024 17:31:10;;;;;;
20/06/2024 17:31:20;;;;;;
20/06/2024 17:31:30;;;;;;
20/06/2024 17:31:40;;;;;;
20/06/2024 17:31:50;;;;;;
20/06/2024 17:32:00;;;;;;
20/06/2024 17:32:10;;;;;;
20/06/2024 17:32:20;;;;;;
20/06/2024 17:32:30;;;;;;
20/06/2024 17:32:40;;;;;;
20/06/2024 17:32:50;;;;;;
20/06/2024 17:33:00;;;;;;
20/06/2024 17:33:10;;;;;;
20/06/2024 17:33:20;;;;;;
20/06/2024 17:33:30;;;;;;
20/06/2024 17:33:40;;;;;;
20/06/2024 17:33:50;;;;;;
20/06/2024 17:34:00;;;;;;
20/06/2024 17:34:10;;;;;;
20/06/2024 17:34:20;;;;;;
20/06/2024 17:34:30;;;;;;
20/06/2024 17:34:40;;;;;;
20/06/2024 17:34:50;;;;;;
20/06/2024 17:35:00;;;;;;
20/06/2024 17:35:10;;;;;;
20/06/2024 17:35:20;;;;;;
20/06/2024 17:35:30;;;;;;
20/06/2024 17:35:40;;;;;;
20/06/2024 17:35:50;;;;;;
20/06/2024 17:36:00;;;;;;
20/06/2024 17:36:10;;;;;;
20/06/2024 17:36:20;;;;;;
20/06/2024 17:36:30;;;;;;
20/06/2024 17:36:40;;;;;;
20/06/2024 17:36:50;;;;;;
20/06/2024 17:37:00;;;;;;
20/06/2024 17:37:10;;;;;;
20/06/2024 17:37:20;;;;;;
20/06/2024 17:37:30;;;;;;
20/06/2024 17:37:40;;;;;;
20/06/2024 17:37:50;;;;;;
20/06/2024 17:38:00;;;;;;
20/06/2024 17:38:10;;;;;;
20/06/2024 17:38:20;;;;;;
20/06/2024 17:38:30;;;;;;
20/06/2024 17:38:40;;;;;;
20/06/2024 17:38:50;;;;;;
20/06/2024 17:39:00;;;;;;
20/06/2024 17:39:10;;;;;;
20/06/2024 17:39:20;;;;;;
20/06/2024 17:39:30;;;;;;
20/06/2024 17:39:40;;;;;;
20/06/2024 17:39:50;;;;;;
20/06/2024 17:40:00;;;;;;
20/06/2024 17:40:10;;;;;;
20/06/2024 17:40:20;;;;;;
20/06/2024 17:40:30;;;;;;
20/06/2024 17:40:40;;;;;;
20/06/2024 17:40:50;;;;;;
20/06/2024 17:41:00;;;;;;
20/06/2024 17:41:10;;;;;;
20/06/2024 17:41:20;;;;;;
20/06/2024 17:41:30;;;;;;
20/06/2024 17:41:40;;;;;;
20/06/2024 17:41:50;;;;;;
20/06/2024 17:42:00;;;;;;
20/06/2024 17:42:10;;;;;;
20/06/2024 17:42:20;;;;;;
20/06/2024 17:42:30;;;;;;
20/06/2024 17:42:40;;;;;;
20/06/2024 17:42:50;;;;;;
20/06/2024 17:43:00;;;;;;
20/06/2024 17:43:10;;;;;;
20/06/2024 17:43:20;;;;;;
20/06/2024 17:43:30;;;;;;
20/06/2024 17:43:40;;;;;;
20/06/2024 17:43:50;;;;;;
20/06/2024 17:44:00;;;;;;
20/06/2024 17:44:10;;;;;;
20/06/2024 17:44:20;;;;;;
20/06/2024 17:44:30;;;;;;
20/06/2024 17:44:40;;;;;;
20/06/2024 17:44:50;;;;;;
20/06/2024 17:45:00;;;;;;
20/06/2024 17:45:10;;;;;;
20/06/2024 17:45:20;;;;;;
20/06/2024 17:45:30;;;;;;
20/06/2024 17:45:40;;;;;;
20/06/2024 17:45:50;;;;;;
20/06/2024 17:46:00;;;;;;
20/06/2024 17:46:10;;;;;;
20/06/2024 17:46:20;;;;;;
20/06/2024 17:46:30;;;;;;
20/06/2024 17:46:40;;;;;;
20/06/2024 17:46:50;;;;;;
20/06/2024 17:47:00;;;;;;
20/06/2024 17:47:10;;;;;;
20/06/2024 17:47:20;;;;;;
20/06/2024 17:47:30;;;;;;
20/06/2024 17:47:40;;;;;;
20/06/2024 17:47:50;;;;;;
20/06/2024 17:48:00;;;;;;
20/06/2024 17:48:10;;;;;;
20/06/2024 17:48:20;;;;;;
20/06/2024 17:48:30;;;;;;
20/06/2024 17:48:40;;;;;;
20/06/2024 17:48:50;;;;;;
20/06/2024 17:49:00;;;;;;
20/06/2024 17:49:10;;;;;;
20/06/2024 17:49:20;;;;;;
20/06/2024 17:49:30;;;;;;
20/06/2024 17:49:40;;;;;;
20/06/2024 17:49:50;;;;;;
20/06/2024 17:50:00;;;;;;
20/06/2024 17:50:10;;;;;;
20/06/2024 17:50:20;;;;;;
20/06/2024 17:50:30;;;;;;
20/06/2024 17:50:40;;;;;;
20/06/2024 17:50:50;;;;;;
20/06/2024 17:51:00;;;;;;
20/06/2024 17:51:10;;;;;;
20/06/2024 17:51:20;;;;;;
20/06/2024 17:51:30;;;;;;
20/06/2024 17:51:40;;;;;;
20/06/2024 17:51:50;;;;;;
20/06/2024 17:52:00;;;;;;
20/06/2024 17:52:10;;;;;;
20/06/2024 17:52:20;;;;;;
20/06/2024 17:52:30;;;;;;
20/06/2024 17:52:40;;;;;;
20/06/2024 17:52:50;;;;;;
20/06/2024 17:53:00;;;;;;
20/06/2024 17:53:10;;;;;;
20/06/2024 17:53:20;;;;;;
20/06/2024 17:53:30;;;;;;
20/06/2024 17:53:40;;;;;;
20/06/2024 17:53:50;;;;;;
20/06/2024 17:54:00;;;;;;
20/06/2024 17:54:10;;;;;;
20/06/2024 17:54:20;;;;;;
20/06/2024 17:54:30;;;;;;
20/06/2024 17:54:40;;;;;;
20/06/2024 17:54:50;;;;;;
20/06/2024 17:55:00;;;;;;
20/06/2024 17:55:10;;;;;;
20/06/2024 17:55:20;;;;;;
20/06/2024 17:55:30;;;;;;
20/06/2024 17:55:40;;;;;;
20/06/2024 17:55:50;;;;;;
20/06/2024 17:56:00;;;;;;
20/06/2024 17:56:10;;;;;;
20/06/2024 17:56:20;;;;;;
20/06/2024 17:56:30;;;;;;
20/06/2024 17:56:40;;;;;;
20/06/2024 17:56:50;;;;;;
20/06/2024 17:57:00;;;;;;
20/06/2024 17:57:10;;;;;;
20/06/2024 17:57:20;;;;;;
20/06/2024 17:57:30;;;;;;
20/06/2024 17:57:40;;;;;;
20/06/2024 17:57:50;;;;;;
20/06/2024 17:58:00;;;;;;
20/06/2024 17:58:10;;;;;;
20/06/2024 17:58:20;;;;;;
20/06/2024 17:58:30;;;;;;
20/06/2024 17:58:40;;;;;;
20/06/2024 17:58:50;;;;;;
20/06/2024 17:59:00;;;;;;
20/06/2024 17:59:10;;;;;;
20/06/2024 17:59:20;;;;;;
20/06/2024 17:59:30;;;;;;
20/06/2024 17:59:40;;;;;;
20/06/2024 17:59:50;;;;;;
20/06/2024 18:00:00;;;;;;
20/06/2024 18:00:10;;;;;;
20/06/2024 18:00:20;;;;;;
20/06/2024 18:00:30;;;;;;
