Data;CH4;CO2;O2;H2S;N2
20/06/2024 02:00:00;;;;;
20/06/2024 02:00:10;;;;;
20/06/2024 02:00:20;;;;;
20/06/2024 02:00:30;;;;;
20/06/2024 02:00:40;;;;;
20/06/2024 02:00:50;;;;;
20/06/2024 02:01:00;;;;;
20/06/2024 02:01:10;;;;;
20/06/2024 02:01:20;;;;;
20/06/2024 02:01:30;;;;;
20/06/2024 02:01:40;;;;;
20/06/2024 02:01:50;;;;;
20/06/2024 02:02:00;;;;;
20/06/2024 02:02:10;;;;;
20/06/2024 02:02:20;;;;;
20/06/2024 02:02:30;;;;;
20/06/2024 02:02:40;;;;;
20/06/2024 02:02:50;;;;;
20/06/2024 02:03:00;;;;;
20/06/2024 02:03:10;;;;;
20/06/2024 02:03:20;;;;;
20/06/2024 02:03:30;;;;;
20/06/2024 02:03:40;;;;;
20/06/2024 02:03:50;;;;;
20/06/2024 02:04:00;;;;;
20/06/2024 02:04:10;;;;;
20/06/2024 02:04:20;;;;;
20/06/2024 02:04:30;;;;;
20/06/2024 02:04:40;;;;;
20/06/2024 02:04:50;;;;;
20/06/2024 02:05:00;;;;;
20/06/2024 02:05:10;;;;;
20/06/2024 02:05:20;;;;;
20/06/2024 02:05:30;;;;;
20/06/2024 02:05:40;;;;;
20/06/2024 02:05:50;;;;;
20/06/2024 02:06:00;;;;;
20/06/2024 02:06:10;;;;;
20/06/2024 02:06:20;;;;;
20/06/2024 02:06:30;;;;;
20/06/2024 02:06:40;;;;;
20/06/2024 02:06:50;;;;;
20/06/2024 02:07:00;;;;;
20/06/2024 02:07:10;;;;;
20/06/2024 02:07:20;;;;;
20/06/2024 02:07:30;;;;;
20/06/2024 02:07:40;;;;;
20/06/2024 02:07:50;;;;;
20/06/2024 02:08:00;;;;;
20/06/2024 02:08:10;;;;;
20/06/2024 02:08:20;;;;;
20/06/2024 02:08:30;;;;;
20/06/2024 02:08:40;;;;;
20/06/2024 02:08:50;;;;;
20/06/2024 02:09:00;;;;;
20/06/2024 02:09:10;;;;;
20/06/2024 02:09:20;;;;;
20/06/2024 02:09:30;;;;;
20/06/2024 02:09:40;;;;;
20/06/2024 02:09:50;;;;;
20/06/2024 02:10:00;;;;;
20/06/2024 02:10:10;;;;;
20/06/2024 02:10:20;;;;;
20/06/2024 02:10:30;;;;;
20/06/2024 02:10:40;;;;;
20/06/2024 02:10:50;;;;;
20/06/2024 02:11:00;;;;;
20/06/2024 02:11:10;;;;;
20/06/2024 02:11:20;;;;;
20/06/2024 02:11:30;;;;;
20/06/2024 02:11:40;;;;;
20/06/2024 02:11:50;;;;;
20/06/2024 02:12:00;;;;;
20/06/2024 02:12:10;;;;;
20/06/2024 02:12:20;;;;;
20/06/2024 02:12:30;;;;;
20/06/2024 02:12:40;;;;;
20/06/2024 02:12:50;;;;;
20/06/2024 02:13:00;;;;;
20/06/2024 02:13:10;;;;;
20/06/2024 02:13:20;;;;;
20/06/2024 02:13:30;;;;;
20/06/2024 02:13:40;;;;;
20/06/2024 02:13:50;;;;;
20/06/2024 02:14:00;;;;;
20/06/2024 02:14:10;;;;;
20/06/2024 02:14:20;;;;;
20/06/2024 02:14:30;;;;;
20/06/2024 02:14:40;;;;;
20/06/2024 02:14:50;;;;;
20/06/2024 02:15:00;;;;;
20/06/2024 02:15:10;;;;;
20/06/2024 02:15:20;;;;;
20/06/2024 02:15:30;;;;;
20/06/2024 02:15:40;;;;;
20/06/2024 02:15:50;;;;;
20/06/2024 02:16:00;;;;;
20/06/2024 02:16:10;;;;;
20/06/2024 02:16:20;;;;;
20/06/2024 02:16:30;;;;;
20/06/2024 02:16:40;;;;;
20/06/2024 02:16:50;;;;;
20/06/2024 02:17:00;;;;;
20/06/2024 02:17:10;;;;;
20/06/2024 02:17:20;;;;;
20/06/2024 02:17:30;;;;;
20/06/2024 02:17:40;;;;;
20/06/2024 02:17:50;;;;;
20/06/2024 02:18:00;;;;;
20/06/2024 02:18:10;;;;;
20/06/2024 02:18:20;;;;;
20/06/2024 02:18:30;;;;;
20/06/2024 02:18:40;;;;;
20/06/2024 02:18:50;;;;;
20/06/2024 02:19:00;;;;;
20/06/2024 02:19:10;;;;;
20/06/2024 02:19:20;;;;;
20/06/2024 02:19:30;;;;;
20/06/2024 02:19:40;;;;;
20/06/2024 02:19:50;;;;;
20/06/2024 02:20:00;;;;;
20/06/2024 02:20:10;;;;;
20/06/2024 02:20:20;;;;;
20/06/2024 02:20:30;;;;;
20/06/2024 02:20:40;;;;;
20/06/2024 02:20:50;;;;;
20/06/2024 02:21:00;;;;;
20/06/2024 02:21:10;;;;;
20/06/2024 02:21:20;;;;;
20/06/2024 02:21:30;;;;;
20/06/2024 02:21:40;;;;;
20/06/2024 02:21:50;;;;;
20/06/2024 02:22:00;;;;;
20/06/2024 02:22:10;;;;;
20/06/2024 02:22:20;;;;;
20/06/2024 02:22:30;;;;;
20/06/2024 02:22:40;;;;;
20/06/2024 02:22:50;;;;;
20/06/2024 02:23:00;;;;;
20/06/2024 02:23:10;;;;;
20/06/2024 02:23:20;;;;;
20/06/2024 02:23:30;;;;;
20/06/2024 02:23:40;;;;;
20/06/2024 02:23:50;;;;;
20/06/2024 02:24:00;;;;;
20/06/2024 02:24:10;;;;;
20/06/2024 02:24:20;;;;;
20/06/2024 02:24:30;;;;;
20/06/2024 02:24:40;;;;;
20/06/2024 02:24:50;;;;;
20/06/2024 02:25:00;;;;;
20/06/2024 02:25:10;;;;;
20/06/2024 02:25:20;;;;;
20/06/2024 02:25:30;;;;;
20/06/2024 02:25:40;;;;;
20/06/2024 02:25:50;;;;;
20/06/2024 02:26:00;;;;;
20/06/2024 02:26:10;;;;;
20/06/2024 02:26:20;;;;;
20/06/2024 02:26:30;;;;;
20/06/2024 02:26:40;;;;;
20/06/2024 02:26:50;;;;;
20/06/2024 02:27:00;;;;;
20/06/2024 02:27:10;;;;;
20/06/2024 02:27:20;;;;;
20/06/2024 02:27:30;;;;;
20/06/2024 02:27:40;;;;;
20/06/2024 02:27:50;;;;;
20/06/2024 02:28:00;;;;;
20/06/2024 02:28:10;;;;;
20/06/2024 02:28:20;;;;;
20/06/2024 02:28:30;;;;;
20/06/2024 02:28:40;;;;;
20/06/2024 02:28:50;;;;;
20/06/2024 02:29:00;;;;;
20/06/2024 02:29:10;;;;;
20/06/2024 02:29:20;;;;;
20/06/2024 02:29:30;;;;;
20/06/2024 02:29:40;;;;;
20/06/2024 02:29:50;;;;;
20/06/2024 02:30:00;;;;;
20/06/2024 02:30:10;;;;;
20/06/2024 02:30:20;;;;;
20/06/2024 02:30:30;;;;;
20/06/2024 02:30:40;;;;;
20/06/2024 02:30:50;;;;;
20/06/2024 02:31:00;;;;;
20/06/2024 02:31:10;;;;;
20/06/2024 02:31:20;;;;;
20/06/2024 02:31:30;;;;;
20/06/2024 02:31:40;;;;;
20/06/2024 02:31:50;;;;;
20/06/2024 02:32:00;;;;;
20/06/2024 02:32:10;;;;;
20/06/2024 02:32:20;;;;;
20/06/2024 02:32:30;;;;;
20/06/2024 02:32:40;;;;;
20/06/2024 02:32:50;;;;;
20/06/2024 02:33:00;;;;;
20/06/2024 02:33:10;;;;;
20/06/2024 02:33:20;;;;;
20/06/2024 02:33:30;;;;;
20/06/2024 02:33:40;;;;;
20/06/2024 02:33:50;;;;;
20/06/2024 02:34:00;;;;;
20/06/2024 02:34:10;;;;;
20/06/2024 02:34:20;;;;;
20/06/2024 02:34:30;;;;;
20/06/2024 02:34:40;;;;;
20/06/2024 02:34:50;;;;;
20/06/2024 02:35:00;;;;;
20/06/2024 02:35:10;;;;;
20/06/2024 02:35:20;;;;;
20/06/2024 02:35:30;;;;;
20/06/2024 02:35:40;;;;;
20/06/2024 02:35:50;;;;;
20/06/2024 02:36:00;;;;;
20/06/2024 02:36:10;;;;;
20/06/2024 02:36:20;;;;;
20/06/2024 02:36:30;;;;;
20/06/2024 02:36:40;;;;;
20/06/2024 02:36:50;;;;;
20/06/2024 02:37:00;;;;;
20/06/2024 02:37:10;;;;;
20/06/2024 02:37:20;;;;;
20/06/2024 02:37:30;;;;;
20/06/2024 02:37:40;;;;;
20/06/2024 02:37:50;;;;;
20/06/2024 02:38:00;;;;;
20/06/2024 02:38:10;;;;;
20/06/2024 02:38:20;;;;;
20/06/2024 02:38:30;;;;;
20/06/2024 02:38:40;;;;;
20/06/2024 02:38:50;;;;;
20/06/2024 02:39:00;;;;;
20/06/2024 02:39:10;;;;;
20/06/2024 02:39:20;;;;;
20/06/2024 02:39:30;;;;;
20/06/2024 02:39:40;;;;;
20/06/2024 02:39:50;;;;;
20/06/2024 02:40:00;;;;;
20/06/2024 02:40:10;;;;;
20/06/2024 02:40:20;;;;;
20/06/2024 02:40:30;;;;;
20/06/2024 02:40:40;;;;;
20/06/2024 02:40:50;;;;;
20/06/2024 02:41:00;;;;;
20/06/2024 02:41:10;;;;;
20/06/2024 02:41:20;;;;;
20/06/2024 02:41:30;;;;;
20/06/2024 02:41:40;;;;;
20/06/2024 02:41:50;;;;;
20/06/2024 02:42:00;;;;;
20/06/2024 02:42:10;;;;;
20/06/2024 02:42:20;;;;;
20/06/2024 02:42:30;;;;;
20/06/2024 02:42:40;;;;;
20/06/2024 02:42:50;;;;;
20/06/2024 02:43:00;;;;;
20/06/2024 02:43:10;;;;;
20/06/2024 02:43:20;;;;;
20/06/2024 02:43:30;;;;;
20/06/2024 02:43:40;;;;;
20/06/2024 02:43:50;;;;;
20/06/2024 02:44:00;;;;;
20/06/2024 02:44:10;;;;;
20/06/2024 02:44:20;;;;;
20/06/2024 02:44:30;;;;;
20/06/2024 02:44:40;;;;;
20/06/2024 02:44:50;;;;;
20/06/2024 02:45:00;;;;;
20/06/2024 02:45:10;;;;;
20/06/2024 02:45:20;;;;;
20/06/2024 02:45:30;;;;;
20/06/2024 02:45:40;;;;;
20/06/2024 02:45:50;;;;;
20/06/2024 02:46:00;;;;;
20/06/2024 02:46:10;;;;;
20/06/2024 02:46:20;;;;;
20/06/2024 02:46:30;;;;;
20/06/2024 02:46:40;;;;;
20/06/2024 02:46:50;;;;;
20/06/2024 02:47:00;;;;;
20/06/2024 02:47:10;;;;;
20/06/2024 02:47:20;;;;;
20/06/2024 02:47:30;;;;;
20/06/2024 02:47:40;;;;;
20/06/2024 02:47:50;;;;;
20/06/2024 02:48:00;;;;;
20/06/2024 02:48:10;;;;;
20/06/2024 02:48:20;;;;;
20/06/2024 02:48:30;;;;;
20/06/2024 02:48:40;;;;;
20/06/2024 02:48:50;;;;;
20/06/2024 02:49:00;;;;;
20/06/2024 02:49:10;;;;;
20/06/2024 02:49:20;;;;;
20/06/2024 02:49:30;;;;;
20/06/2024 02:49:40;;;;;
20/06/2024 02:49:50;;;;;
20/06/2024 02:50:00;;;;;
20/06/2024 02:50:10;;;;;
20/06/2024 02:50:20;;;;;
20/06/2024 02:50:30;;;;;
20/06/2024 02:50:40;;;;;
20/06/2024 02:50:50;;;;;
20/06/2024 02:51:00;;;;;
20/06/2024 02:51:10;;;;;
20/06/2024 02:51:20;;;;;
20/06/2024 02:51:30;;;;;
20/06/2024 02:51:40;;;;;
20/06/2024 02:51:50;;;;;
20/06/2024 02:52:00;;;;;
20/06/2024 02:52:10;;;;;
20/06/2024 02:52:20;;;;;
20/06/2024 02:52:30;;;;;
20/06/2024 02:52:40;;;;;
20/06/2024 02:52:50;;;;;
20/06/2024 02:53:00;;;;;
20/06/2024 02:53:10;;;;;
20/06/2024 02:53:20;;;;;
20/06/2024 02:53:30;;;;;
20/06/2024 02:53:40;;;;;
20/06/2024 02:53:50;;;;;
20/06/2024 02:54:00;;;;;
20/06/2024 02:54:10;;;;;
20/06/2024 02:54:20;;;;;
20/06/2024 02:54:30;;;;;
20/06/2024 02:54:40;;;;;
20/06/2024 02:54:50;;;;;
20/06/2024 02:55:00;;;;;
20/06/2024 02:55:10;;;;;
20/06/2024 02:55:20;;;;;
20/06/2024 02:55:30;;;;;
20/06/2024 02:55:40;;;;;
20/06/2024 02:55:50;;;;;
20/06/2024 02:56:00;;;;;
20/06/2024 02:56:10;;;;;
20/06/2024 02:56:20;;;;;
20/06/2024 02:56:30;;;;;
20/06/2024 02:56:40;;;;;
20/06/2024 02:56:50;;;;;
20/06/2024 02:57:00;;;;;
20/06/2024 02:57:10;;;;;
20/06/2024 02:57:20;;;;;
20/06/2024 02:57:30;;;;;
20/06/2024 02:57:40;;;;;
20/06/2024 02:57:50;;;;;
20/06/2024 02:58:00;;;;;
20/06/2024 02:58:10;;;;;
20/06/2024 02:58:20;;;;;
20/06/2024 02:58:30;;;;;
20/06/2024 02:58:40;;;;;
20/06/2024 02:58:50;;;;;
20/06/2024 02:59:00;;;;;
20/06/2024 02:59:10;;;;;
20/06/2024 02:59:20;;;;;
20/06/2024 02:59:30;;;;;
20/06/2024 02:59:40;;;;;
20/06/2024 02:59:50;;;;;
20/06/2024 03:00:00;;;;;
20/06/2024 03:00:10;;;;;
20/06/2024 03:00:20;;;;;
20/06/2024 03:00:30;;;;;
20/06/2024 03:00:40;;;;;
20/06/2024 03:00:50;;;;;
20/06/2024 03:01:00;;;;;
20/06/2024 03:01:10;;;;;
20/06/2024 03:01:20;;;;;
20/06/2024 03:01:30;;;;;
20/06/2024 03:01:40;;;;;
20/06/2024 03:01:50;;;;;
20/06/2024 03:02:00;;;;;
20/06/2024 03:02:10;;;;;
20/06/2024 03:02:20;;;;;
20/06/2024 03:02:30;;;;;
20/06/2024 03:02:40;;;;;
20/06/2024 03:02:50;;;;;
20/06/2024 03:03:00;;;;;
20/06/2024 03:03:10;;;;;
20/06/2024 03:03:20;;;;;
20/06/2024 03:03:30;;;;;
20/06/2024 03:03:40;;;;;
20/06/2024 03:03:50;;;;;
20/06/2024 03:04:00;;;;;
20/06/2024 03:04:10;;;;;
20/06/2024 03:04:20;;;;;
20/06/2024 03:04:30;;;;;
20/06/2024 03:04:40;;;;;
20/06/2024 03:04:50;;;;;
20/06/2024 03:05:00;;;;;
20/06/2024 03:05:10;;;;;
20/06/2024 03:05:20;;;;;
20/06/2024 03:05:30;;;;;
20/06/2024 03:05:40;;;;;
20/06/2024 03:05:50;;;;;
20/06/2024 03:06:00;;;;;
20/06/2024 03:06:10;;;;;
20/06/2024 03:06:20;;;;;
20/06/2024 03:06:30;;;;;
20/06/2024 03:06:40;;;;;
20/06/2024 03:06:50;;;;;
20/06/2024 03:07:00;;;;;
20/06/2024 03:07:10;;;;;
20/06/2024 03:07:20;;;;;
20/06/2024 03:07:30;;;;;
20/06/2024 03:07:40;;;;;
20/06/2024 03:07:50;;;;;
20/06/2024 03:08:00;;;;;
20/06/2024 03:08:10;;;;;
20/06/2024 03:08:20;;;;;
20/06/2024 03:08:30;;;;;
20/06/2024 03:08:40;;;;;
20/06/2024 03:08:50;;;;;
20/06/2024 03:09:00;;;;;
20/06/2024 03:09:10;;;;;
20/06/2024 03:09:20;;;;;
20/06/2024 03:09:30;;;;;
20/06/2024 03:09:40;;;;;
20/06/2024 03:09:50;;;;;
20/06/2024 03:10:00;;;;;
20/06/2024 03:10:10;;;;;
20/06/2024 03:10:20;;;;;
20/06/2024 03:10:30;;;;;
20/06/2024 03:10:40;;;;;
20/06/2024 03:10:50;;;;;
20/06/2024 03:11:00;;;;;
20/06/2024 03:11:10;;;;;
20/06/2024 03:11:20;;;;;
20/06/2024 03:11:30;;;;;
20/06/2024 03:11:40;;;;;
20/06/2024 03:11:50;;;;;
20/06/2024 03:12:00;;;;;
20/06/2024 03:12:10;;;;;
20/06/2024 03:12:20;;;;;
20/06/2024 03:12:30;;;;;
20/06/2024 03:12:40;;;;;
20/06/2024 03:12:50;;;;;
20/06/2024 03:13:00;;;;;
20/06/2024 03:13:10;;;;;
20/06/2024 03:13:20;;;;;
20/06/2024 03:13:30;;;;;
20/06/2024 03:13:40;;;;;
20/06/2024 03:13:50;;;;;
20/06/2024 03:14:00;;;;;
20/06/2024 03:14:10;;;;;
20/06/2024 03:14:20;;;;;
20/06/2024 03:14:30;;;;;
20/06/2024 03:14:40;;;;;
20/06/2024 03:14:50;;;;;
20/06/2024 03:15:00;;;;;
20/06/2024 03:15:10;;;;;
20/06/2024 03:15:20;;;;;
20/06/2024 03:15:30;;;;;
20/06/2024 03:15:40;;;;;
20/06/2024 03:15:50;;;;;
20/06/2024 03:16:00;;;;;
20/06/2024 03:16:10;;;;;
20/06/2024 03:16:20;;;;;
20/06/2024 03:16:30;;;;;
20/06/2024 03:16:40;;;;;
20/06/2024 03:16:50;;;;;
20/06/2024 03:17:00;;;;;
20/06/2024 03:17:10;;;;;
20/06/2024 03:17:20;;;;;
20/06/2024 03:17:30;;;;;
20/06/2024 03:17:40;;;;;
20/06/2024 03:17:50;;;;;
20/06/2024 03:18:00;;;;;
20/06/2024 03:18:10;;;;;
20/06/2024 03:18:20;;;;;
20/06/2024 03:18:30;;;;;
20/06/2024 03:18:40;;;;;
20/06/2024 03:18:50;;;;;
20/06/2024 03:19:00;;;;;
20/06/2024 03:19:10;;;;;
20/06/2024 03:19:20;;;;;
20/06/2024 03:19:30;;;;;
20/06/2024 03:19:40;;;;;
20/06/2024 03:19:50;;;;;
20/06/2024 03:20:00;;;;;
20/06/2024 03:20:10;;;;;
20/06/2024 03:20:20;;;;;
20/06/2024 03:20:30;;;;;
20/06/2024 03:20:40;;;;;
20/06/2024 03:20:50;;;;;
20/06/2024 03:21:00;;;;;
20/06/2024 03:21:10;;;;;
20/06/2024 03:21:20;;;;;
20/06/2024 03:21:30;;;;;
20/06/2024 03:21:40;;;;;
20/06/2024 03:21:50;;;;;
20/06/2024 03:22:00;;;;;
20/06/2024 03:22:10;;;;;
20/06/2024 03:22:20;;;;;
20/06/2024 03:22:30;;;;;
20/06/2024 03:22:40;;;;;
20/06/2024 03:22:50;;;;;
20/06/2024 03:23:00;;;;;
20/06/2024 03:23:10;;;;;
20/06/2024 03:23:20;;;;;
20/06/2024 03:23:30;;;;;
20/06/2024 03:23:40;;;;;
20/06/2024 03:23:50;;;;;
20/06/2024 03:24:00;;;;;
20/06/2024 03:24:10;;;;;
20/06/2024 03:24:20;;;;;
20/06/2024 03:24:30;;;;;
20/06/2024 03:24:40;;;;;
20/06/2024 03:24:50;;;;;
20/06/2024 03:25:00;;;;;
20/06/2024 03:25:10;;;;;
20/06/2024 03:25:20;;;;;
20/06/2024 03:25:30;;;;;
20/06/2024 03:25:40;;;;;
20/06/2024 03:25:50;;;;;
20/06/2024 03:26:00;;;;;
20/06/2024 03:26:10;;;;;
20/06/2024 03:26:20;;;;;
20/06/2024 03:26:30;;;;;
20/06/2024 03:26:40;;;;;
20/06/2024 03:26:50;;;;;
20/06/2024 03:27:00;;;;;
20/06/2024 03:27:10;;;;;
20/06/2024 03:27:20;;;;;
20/06/2024 03:27:30;;;;;
20/06/2024 03:27:40;;;;;
20/06/2024 03:27:50;;;;;
20/06/2024 03:28:00;;;;;
20/06/2024 03:28:10;;;;;
20/06/2024 03:28:20;;;;;
20/06/2024 03:28:30;;;;;
20/06/2024 03:28:40;;;;;
20/06/2024 03:28:50;;;;;
20/06/2024 03:29:00;;;;;
20/06/2024 03:29:10;;;;;
20/06/2024 03:29:20;;;;;
20/06/2024 03:29:30;;;;;
20/06/2024 03:29:40;;;;;
20/06/2024 03:29:50;;;;;
20/06/2024 03:30:00;;;;;
20/06/2024 03:30:10;;;;;
20/06/2024 03:30:20;;;;;
20/06/2024 03:30:30;;;;;
20/06/2024 03:30:40;;;;;
20/06/2024 03:30:50;;;;;
20/06/2024 03:31:00;;;;;
20/06/2024 03:31:10;;;;;
20/06/2024 03:31:20;;;;;
20/06/2024 03:31:30;;;;;
20/06/2024 03:31:40;;;;;
20/06/2024 03:31:50;;;;;
20/06/2024 03:32:00;;;;;
20/06/2024 03:32:10;;;;;
20/06/2024 03:32:20;;;;;
20/06/2024 03:32:30;;;;;
20/06/2024 03:32:40;;;;;
20/06/2024 03:32:50;;;;;
20/06/2024 03:33:00;;;;;
20/06/2024 03:33:10;;;;;
20/06/2024 03:33:20;;;;;
20/06/2024 03:33:30;;;;;
20/06/2024 03:33:40;;;;;
20/06/2024 03:33:50;;;;;
20/06/2024 03:34:00;;;;;
20/06/2024 03:34:10;;;;;
20/06/2024 03:34:20;;;;;
20/06/2024 03:34:30;;;;;
20/06/2024 03:34:40;;;;;
20/06/2024 03:34:50;;;;;
20/06/2024 03:35:00;;;;;
20/06/2024 03:35:10;;;;;
20/06/2024 03:35:20;;;;;
20/06/2024 03:35:30;;;;;
20/06/2024 03:35:40;;;;;
20/06/2024 03:35:50;;;;;
20/06/2024 03:36:00;;;;;
20/06/2024 03:36:10;;;;;
20/06/2024 03:36:20;;;;;
20/06/2024 03:36:30;;;;;
20/06/2024 03:36:40;;;;;
20/06/2024 03:36:50;;;;;
20/06/2024 03:37:00;;;;;
20/06/2024 03:37:10;;;;;
20/06/2024 03:37:20;;;;;
20/06/2024 03:37:30;;;;;
20/06/2024 03:37:40;;;;;
20/06/2024 03:37:50;;;;;
20/06/2024 03:38:00;;;;;
20/06/2024 03:38:10;;;;;
20/06/2024 03:38:20;;;;;
20/06/2024 03:38:30;;;;;
20/06/2024 03:38:40;;;;;
20/06/2024 03:38:50;;;;;
20/06/2024 03:39:00;;;;;
20/06/2024 03:39:10;;;;;
20/06/2024 03:39:20;;;;;
20/06/2024 03:39:30;;;;;
20/06/2024 03:39:40;;;;;
20/06/2024 03:39:50;;;;;
20/06/2024 03:40:00;;;;;
20/06/2024 03:40:10;;;;;
20/06/2024 03:40:20;;;;;
20/06/2024 03:40:30;;;;;
20/06/2024 03:40:40;;;;;
20/06/2024 03:40:50;;;;;
20/06/2024 03:41:00;;;;;
20/06/2024 03:41:10;;;;;
20/06/2024 03:41:20;;;;;
20/06/2024 03:41:30;;;;;
20/06/2024 03:41:40;;;;;
20/06/2024 03:41:50;;;;;
20/06/2024 03:42:00;;;;;
20/06/2024 03:42:10;;;;;
20/06/2024 03:42:20;;;;;
20/06/2024 03:42:30;;;;;
20/06/2024 03:42:40;;;;;
20/06/2024 03:42:50;;;;;
20/06/2024 03:43:00;;;;;
20/06/2024 03:43:10;;;;;
20/06/2024 03:43:20;;;;;
20/06/2024 03:43:30;;;;;
20/06/2024 03:43:40;;;;;
20/06/2024 03:43:50;;;;;
20/06/2024 03:44:00;;;;;
20/06/2024 03:44:10;;;;;
20/06/2024 03:44:20;;;;;
20/06/2024 03:44:30;;;;;
20/06/2024 03:44:40;;;;;
20/06/2024 03:44:50;;;;;
20/06/2024 03:45:00;;;;;
20/06/2024 03:45:10;;;;;
20/06/2024 03:45:20;;;;;
20/06/2024 03:45:30;;;;;
20/06/2024 03:45:40;;;;;
20/06/2024 03:45:50;;;;;
20/06/2024 03:46:00;;;;;
20/06/2024 03:46:10;;;;;
20/06/2024 03:46:20;;;;;
20/06/2024 03:46:30;;;;;
20/06/2024 03:46:40;;;;;
20/06/2024 03:46:50;;;;;
20/06/2024 03:47:00;;;;;
20/06/2024 03:47:10;;;;;
20/06/2024 03:47:20;;;;;
20/06/2024 03:47:30;;;;;
20/06/2024 03:47:40;;;;;
20/06/2024 03:47:50;;;;;
20/06/2024 03:48:00;;;;;
20/06/2024 03:48:10;;;;;
20/06/2024 03:48:20;;;;;
20/06/2024 03:48:30;;;;;
20/06/2024 03:48:40;;;;;
20/06/2024 03:48:50;;;;;
20/06/2024 03:49:00;;;;;
20/06/2024 03:49:10;;;;;
20/06/2024 03:49:20;;;;;
20/06/2024 03:49:30;;;;;
20/06/2024 03:49:40;;;;;
20/06/2024 03:49:50;;;;;
20/06/2024 03:50:00;;;;;
20/06/2024 03:50:10;;;;;
20/06/2024 03:50:20;;;;;
20/06/2024 03:50:30;;;;;
20/06/2024 03:50:40;;;;;
20/06/2024 03:50:50;;;;;
20/06/2024 03:51:00;;;;;
20/06/2024 03:51:10;;;;;
20/06/2024 03:51:20;;;;;
20/06/2024 03:51:30;;;;;
20/06/2024 03:51:40;;;;;
20/06/2024 03:51:50;;;;;
20/06/2024 03:52:00;;;;;
20/06/2024 03:52:10;;;;;
20/06/2024 03:52:20;;;;;
20/06/2024 03:52:30;;;;;
20/06/2024 03:52:40;;;;;
20/06/2024 03:52:50;;;;;
20/06/2024 03:53:00;;;;;
20/06/2024 03:53:10;;;;;
20/06/2024 03:53:20;;;;;
20/06/2024 03:53:30;;;;;
20/06/2024 03:53:40;;;;;
20/06/2024 03:53:50;;;;;
20/06/2024 03:54:00;;;;;
20/06/2024 03:54:10;;;;;
20/06/2024 03:54:20;;;;;
20/06/2024 03:54:30;;;;;
20/06/2024 03:54:40;;;;;
20/06/2024 03:54:50;;;;;
20/06/2024 03:55:00;;;;;
20/06/2024 03:55:10;;;;;
20/06/2024 03:55:20;;;;;
20/06/2024 03:55:30;;;;;
20/06/2024 03:55:40;;;;;
20/06/2024 03:55:50;;;;;
20/06/2024 03:56:00;;;;;
20/06/2024 03:56:10;;;;;
20/06/2024 03:56:20;;;;;
20/06/2024 03:56:30;;;;;
20/06/2024 03:56:40;;;;;
20/06/2024 03:56:50;;;;;
20/06/2024 03:57:00;;;;;
20/06/2024 03:57:10;;;;;
20/06/2024 03:57:20;;;;;
20/06/2024 03:57:30;;;;;
20/06/2024 03:57:40;;;;;
20/06/2024 03:57:50;;;;;
20/06/2024 03:58:00;;;;;
20/06/2024 03:58:10;;;;;
20/06/2024 03:58:20;;;;;
20/06/2024 03:58:30;;;;;
20/06/2024 03:58:40;;;;;
20/06/2024 03:58:50;;;;;
20/06/2024 03:59:00;;;;;
20/06/2024 03:59:10;;;;;
20/06/2024 03:59:20;;;;;
20/06/2024 03:59:30;;;;;
20/06/2024 03:59:40;;;;;
20/06/2024 03:59:50;;;;;
20/06/2024 04:00:00;;;;;
20/06/2024 04:00:10;;;;;
20/06/2024 04:00:20;;;;;
20/06/2024 04:00:30;;;;;
20/06/2024 04:00:40;;;;;
20/06/2024 04:00:50;;;;;
20/06/2024 04:01:00;;;;;
20/06/2024 04:01:10;;;;;
20/06/2024 04:01:20;;;;;
20/06/2024 04:01:30;;;;;
20/06/2024 04:01:40;;;;;
20/06/2024 04:01:50;;;;;
20/06/2024 04:02:00;;;;;
20/06/2024 04:02:10;;;;;
20/06/2024 04:02:20;;;;;
20/06/2024 04:02:30;;;;;
20/06/2024 04:02:40;;;;;
20/06/2024 04:02:50;;;;;
20/06/2024 04:03:00;;;;;
20/06/2024 04:03:10;;;;;
20/06/2024 04:03:20;;;;;
20/06/2024 04:03:30;;;;;
20/06/2024 04:03:40;;;;;
20/06/2024 04:03:50;;;;;
20/06/2024 04:04:00;;;;;
20/06/2024 04:04:10;;;;;
20/06/2024 04:04:20;;;;;
20/06/2024 04:04:30;;;;;
20/06/2024 04:04:40;;;;;
20/06/2024 04:04:50;;;;;
20/06/2024 04:05:00;;;;;
20/06/2024 04:05:10;;;;;
20/06/2024 04:05:20;;;;;
20/06/2024 04:05:30;;;;;
20/06/2024 04:05:40;;;;;
20/06/2024 04:05:50;;;;;
20/06/2024 04:06:00;;;;;
20/06/2024 04:06:10;;;;;
20/06/2024 04:06:20;;;;;
20/06/2024 04:06:30;;;;;
20/06/2024 04:06:40;;;;;
20/06/2024 04:06:50;;;;;
20/06/2024 04:07:00;;;;;
20/06/2024 04:07:10;;;;;
20/06/2024 04:07:20;;;;;
20/06/2024 04:07:30;;;;;
20/06/2024 04:07:40;;;;;
20/06/2024 04:07:50;;;;;
20/06/2024 04:08:00;;;;;
20/06/2024 04:08:10;;;;;
20/06/2024 04:08:20;;;;;
20/06/2024 04:08:30;;;;;
20/06/2024 04:08:40;;;;;
20/06/2024 04:08:50;;;;;
20/06/2024 04:09:00;;;;;
20/06/2024 04:09:10;;;;;
20/06/2024 04:09:20;;;;;
20/06/2024 04:09:30;;;;;
20/06/2024 04:09:40;;;;;
20/06/2024 04:09:50;;;;;
20/06/2024 04:10:00;;;;;
20/06/2024 04:10:10;;;;;
20/06/2024 04:10:20;;;;;
20/06/2024 04:10:30;;;;;
20/06/2024 04:10:40;;;;;
20/06/2024 04:10:50;;;;;
20/06/2024 04:11:00;;;;;
20/06/2024 04:11:10;;;;;
20/06/2024 04:11:20;;;;;
20/06/2024 04:11:30;;;;;
20/06/2024 04:11:40;;;;;
20/06/2024 04:11:50;;;;;
20/06/2024 04:12:00;;;;;
20/06/2024 04:12:10;;;;;
20/06/2024 04:12:20;;;;;
20/06/2024 04:12:30;;;;;
20/06/2024 04:12:40;;;;;
20/06/2024 04:12:50;;;;;
20/06/2024 04:13:00;;;;;
20/06/2024 04:13:10;;;;;
20/06/2024 04:13:20;;;;;
20/06/2024 04:13:30;;;;;
20/06/2024 04:13:40;;;;;
20/06/2024 04:13:50;;;;;
20/06/2024 04:14:00;;;;;
20/06/2024 04:14:10;;;;;
20/06/2024 04:14:20;;;;;
20/06/2024 04:14:30;;;;;
20/06/2024 04:14:40;;;;;
20/06/2024 04:14:50;;;;;
20/06/2024 04:15:00;;;;;
20/06/2024 04:15:10;;;;;
20/06/2024 04:15:20;;;;;
20/06/2024 04:15:30;;;;;
20/06/2024 04:15:40;;;;;
20/06/2024 04:15:50;;;;;
20/06/2024 04:16:00;;;;;
20/06/2024 04:16:10;;;;;
20/06/2024 04:16:20;;;;;
20/06/2024 04:16:30;;;;;
20/06/2024 04:16:40;;;;;
20/06/2024 04:16:50;;;;;
20/06/2024 04:17:00;;;;;
20/06/2024 04:17:10;;;;;
20/06/2024 04:17:20;;;;;
20/06/2024 04:17:30;;;;;
20/06/2024 04:17:40;;;;;
20/06/2024 04:17:50;;;;;
20/06/2024 04:18:00;;;;;
20/06/2024 04:18:10;;;;;
20/06/2024 04:18:20;;;;;
20/06/2024 04:18:30;;;;;
20/06/2024 04:18:40;;;;;
20/06/2024 04:18:50;;;;;
20/06/2024 04:19:00;;;;;
20/06/2024 04:19:10;;;;;
20/06/2024 04:19:20;;;;;
20/06/2024 04:19:30;;;;;
20/06/2024 04:19:40;;;;;
20/06/2024 04:19:50;;;;;
20/06/2024 04:20:00;;;;;
20/06/2024 04:20:10;;;;;
20/06/2024 04:20:20;;;;;
20/06/2024 04:20:30;;;;;
20/06/2024 04:20:40;;;;;
20/06/2024 04:20:50;;;;;
20/06/2024 04:21:00;;;;;
20/06/2024 04:21:10;;;;;
20/06/2024 04:21:20;;;;;
20/06/2024 04:21:30;;;;;
20/06/2024 04:21:40;;;;;
20/06/2024 04:21:50;;;;;
20/06/2024 04:22:00;;;;;
20/06/2024 04:22:10;;;;;
20/06/2024 04:22:20;;;;;
20/06/2024 04:22:30;;;;;
20/06/2024 04:22:40;;;;;
20/06/2024 04:22:50;;;;;
20/06/2024 04:23:00;;;;;
20/06/2024 04:23:10;;;;;
20/06/2024 04:23:20;;;;;
20/06/2024 04:23:30;;;;;
20/06/2024 04:23:40;;;;;
20/06/2024 04:23:50;;;;;
20/06/2024 04:24:00;;;;;
20/06/2024 04:24:10;;;;;
20/06/2024 04:24:20;;;;;
20/06/2024 04:24:30;;;;;
20/06/2024 04:24:40;;;;;
20/06/2024 04:24:50;;;;;
20/06/2024 04:25:00;;;;;
20/06/2024 04:25:10;;;;;
20/06/2024 04:25:20;;;;;
20/06/2024 04:25:30;;;;;
20/06/2024 04:25:40;;;;;
20/06/2024 04:25:50;;;;;
20/06/2024 04:26:00;;;;;
20/06/2024 04:26:10;;;;;
20/06/2024 04:26:20;;;;;
20/06/2024 04:26:30;;;;;
20/06/2024 04:26:40;;;;;
20/06/2024 04:26:50;;;;;
20/06/2024 04:27:00;;;;;
20/06/2024 04:27:10;;;;;
20/06/2024 04:27:20;;;;;
20/06/2024 04:27:30;;;;;
20/06/2024 04:27:40;;;;;
20/06/2024 04:27:50;;;;;
20/06/2024 04:28:00;;;;;
20/06/2024 04:28:10;;;;;
20/06/2024 04:28:20;;;;;
20/06/2024 04:28:30;;;;;
20/06/2024 04:28:40;;;;;
20/06/2024 04:28:50;;;;;
20/06/2024 04:29:00;;;;;
20/06/2024 04:29:10;;;;;
20/06/2024 04:29:20;;;;;
20/06/2024 04:29:30;;;;;
20/06/2024 04:29:40;;;;;
20/06/2024 04:29:50;;;;;
20/06/2024 04:30:00;;;;;
20/06/2024 04:30:10;;;;;
20/06/2024 04:30:20;;;;;
20/06/2024 04:30:30;;;;;
20/06/2024 04:30:40;;;;;
20/06/2024 04:30:50;;;;;
20/06/2024 04:31:00;;;;;
20/06/2024 04:31:10;;;;;
20/06/2024 04:31:20;;;;;
20/06/2024 04:31:30;;;;;
20/06/2024 04:31:40;;;;;
20/06/2024 04:31:50;;;;;
20/06/2024 04:32:00;;;;;
20/06/2024 04:32:10;;;;;
20/06/2024 04:32:20;;;;;
20/06/2024 04:32:30;;;;;
20/06/2024 04:32:40;;;;;
20/06/2024 04:32:50;;;;;
20/06/2024 04:33:00;;;;;
20/06/2024 04:33:10;;;;;
20/06/2024 04:33:20;;;;;
20/06/2024 04:33:30;;;;;
20/06/2024 04:33:40;;;;;
20/06/2024 04:33:50;;;;;
20/06/2024 04:34:00;;;;;
20/06/2024 04:34:10;;;;;
20/06/2024 04:34:20;;;;;
20/06/2024 04:34:30;;;;;
20/06/2024 04:34:40;;;;;
20/06/2024 04:34:50;;;;;
20/06/2024 04:35:00;;;;;
20/06/2024 04:35:10;;;;;
20/06/2024 04:35:20;;;;;
20/06/2024 04:35:30;;;;;
20/06/2024 04:35:40;;;;;
20/06/2024 04:35:50;;;;;
20/06/2024 04:36:00;;;;;
20/06/2024 04:36:10;;;;;
20/06/2024 04:36:20;;;;;
20/06/2024 04:36:30;;;;;
20/06/2024 04:36:40;;;;;
20/06/2024 04:36:50;;;;;
20/06/2024 04:37:00;;;;;
20/06/2024 04:37:10;;;;;
20/06/2024 04:37:20;;;;;
20/06/2024 04:37:30;;;;;
20/06/2024 04:37:40;;;;;
20/06/2024 04:37:50;;;;;
20/06/2024 04:38:00;;;;;
20/06/2024 04:38:10;;;;;
20/06/2024 04:38:20;;;;;
20/06/2024 04:38:30;;;;;
20/06/2024 04:38:40;;;;;
20/06/2024 04:38:50;;;;;
20/06/2024 04:39:00;;;;;
20/06/2024 04:39:10;;;;;
20/06/2024 04:39:20;;;;;
20/06/2024 04:39:30;;;;;
20/06/2024 04:39:40;;;;;
20/06/2024 04:39:50;;;;;
20/06/2024 04:40:00;;;;;
20/06/2024 04:40:10;;;;;
20/06/2024 04:40:20;;;;;
20/06/2024 04:40:30;;;;;
20/06/2024 04:40:40;;;;;
20/06/2024 04:40:50;;;;;
20/06/2024 04:41:00;;;;;
20/06/2024 04:41:10;;;;;
20/06/2024 04:41:20;;;;;
20/06/2024 04:41:30;;;;;
20/06/2024 04:41:40;;;;;
20/06/2024 04:41:50;;;;;
20/06/2024 04:42:00;;;;;
20/06/2024 04:42:10;;;;;
20/06/2024 04:42:20;;;;;
20/06/2024 04:42:30;;;;;
20/06/2024 04:42:40;;;;;
20/06/2024 04:42:50;;;;;
20/06/2024 04:43:00;;;;;
20/06/2024 04:43:10;;;;;
20/06/2024 04:43:20;;;;;
20/06/2024 04:43:30;;;;;
20/06/2024 04:43:40;;;;;
20/06/2024 04:43:50;;;;;
20/06/2024 04:44:00;;;;;
20/06/2024 04:44:10;;;;;
20/06/2024 04:44:20;;;;;
20/06/2024 04:44:30;;;;;
20/06/2024 04:44:40;;;;;
20/06/2024 04:44:50;;;;;
20/06/2024 04:45:00;;;;;
20/06/2024 04:45:10;;;;;
20/06/2024 04:45:20;;;;;
20/06/2024 04:45:30;;;;;
20/06/2024 04:45:40;;;;;
20/06/2024 04:45:50;;;;;
20/06/2024 04:46:00;;;;;
20/06/2024 04:46:10;;;;;
20/06/2024 04:46:20;;;;;
20/06/2024 04:46:30;;;;;
20/06/2024 04:46:40;;;;;
20/06/2024 04:46:50;;;;;
20/06/2024 04:47:00;;;;;
20/06/2024 04:47:10;;;;;
20/06/2024 04:47:20;;;;;
20/06/2024 04:47:30;;;;;
20/06/2024 04:47:40;;;;;
20/06/2024 04:47:50;;;;;
20/06/2024 04:48:00;;;;;
20/06/2024 04:48:10;;;;;
20/06/2024 04:48:20;;;;;
20/06/2024 04:48:30;;;;;
20/06/2024 04:48:40;;;;;
20/06/2024 04:48:50;;;;;
20/06/2024 04:49:00;;;;;
20/06/2024 04:49:10;;;;;
20/06/2024 04:49:20;;;;;
20/06/2024 04:49:30;;;;;
20/06/2024 04:49:40;;;;;
20/06/2024 04:49:50;;;;;
20/06/2024 04:50:00;;;;;
20/06/2024 04:50:10;;;;;
20/06/2024 04:50:20;;;;;
20/06/2024 04:50:30;;;;;
20/06/2024 04:50:40;;;;;
20/06/2024 04:50:50;;;;;
20/06/2024 04:51:00;;;;;
20/06/2024 04:51:10;;;;;
20/06/2024 04:51:20;;;;;
20/06/2024 04:51:30;;;;;
20/06/2024 04:51:40;;;;;
20/06/2024 04:51:50;;;;;
20/06/2024 04:52:00;;;;;
20/06/2024 04:52:10;;;;;
20/06/2024 04:52:20;;;;;
20/06/2024 04:52:30;;;;;
20/06/2024 04:52:40;;;;;
20/06/2024 04:52:50;;;;;
20/06/2024 04:53:00;;;;;
20/06/2024 04:53:10;;;;;
20/06/2024 04:53:20;;;;;
20/06/2024 04:53:30;;;;;
20/06/2024 04:53:40;;;;;
20/06/2024 04:53:50;;;;;
20/06/2024 04:54:00;;;;;
20/06/2024 04:54:10;;;;;
20/06/2024 04:54:20;;;;;
20/06/2024 04:54:30;;;;;
20/06/2024 04:54:40;;;;;
20/06/2024 04:54:50;;;;;
20/06/2024 04:55:00;;;;;
20/06/2024 04:55:10;;;;;
20/06/2024 04:55:20;;;;;
20/06/2024 04:55:30;;;;;
20/06/2024 04:55:40;;;;;
20/06/2024 04:55:50;;;;;
20/06/2024 04:56:00;;;;;
20/06/2024 04:56:10;;;;;
20/06/2024 04:56:20;;;;;
20/06/2024 04:56:30;;;;;
20/06/2024 04:56:40;;;;;
20/06/2024 04:56:50;;;;;
20/06/2024 04:57:00;;;;;
20/06/2024 04:57:10;;;;;
20/06/2024 04:57:20;;;;;
20/06/2024 04:57:30;;;;;
20/06/2024 04:57:40;;;;;
20/06/2024 04:57:50;;;;;
20/06/2024 04:58:00;;;;;
20/06/2024 04:58:10;;;;;
20/06/2024 04:58:20;;;;;
20/06/2024 04:58:30;;;;;
20/06/2024 04:58:40;;;;;
20/06/2024 04:58:50;;;;;
20/06/2024 04:59:00;;;;;
20/06/2024 04:59:10;;;;;
20/06/2024 04:59:20;;;;;
20/06/2024 04:59:30;;;;;
20/06/2024 04:59:40;;;;;
20/06/2024 04:59:50;;;;;
20/06/2024 05:00:00;;;;;
20/06/2024 05:00:10;;;;;
20/06/2024 05:00:20;;;;;
20/06/2024 05:00:30;;;;;
20/06/2024 05:00:40;;;;;
20/06/2024 05:00:50;;;;;
20/06/2024 05:01:00;;;;;
20/06/2024 05:01:10;;;;;
20/06/2024 05:01:20;;;;;
20/06/2024 05:01:30;;;;;
20/06/2024 05:01:40;;;;;
20/06/2024 05:01:50;;;;;
20/06/2024 05:02:00;;;;;
20/06/2024 05:02:10;;;;;
20/06/2024 05:02:20;;;;;
20/06/2024 05:02:30;;;;;
20/06/2024 05:02:40;;;;;
20/06/2024 05:02:50;;;;;
20/06/2024 05:03:00;;;;;
20/06/2024 05:03:10;;;;;
20/06/2024 05:03:20;;;;;
20/06/2024 05:03:30;;;;;
20/06/2024 05:03:40;;;;;
20/06/2024 05:03:50;;;;;
20/06/2024 05:04:00;;;;;
20/06/2024 05:04:10;;;;;
20/06/2024 05:04:20;;;;;
20/06/2024 05:04:30;;;;;
20/06/2024 05:04:40;;;;;
20/06/2024 05:04:50;;;;;
20/06/2024 05:05:00;;;;;
20/06/2024 05:05:10;;;;;
20/06/2024 05:05:20;;;;;
20/06/2024 05:05:30;;;;;
20/06/2024 05:05:40;;;;;
20/06/2024 05:05:50;;;;;
20/06/2024 05:06:00;;;;;
20/06/2024 05:06:10;;;;;
20/06/2024 05:06:20;;;;;
20/06/2024 05:06:30;;;;;
20/06/2024 05:06:40;;;;;
20/06/2024 05:06:50;;;;;
20/06/2024 05:07:00;;;;;
20/06/2024 05:07:10;;;;;
20/06/2024 05:07:20;;;;;
20/06/2024 05:07:30;;;;;
20/06/2024 05:07:40;;;;;
20/06/2024 05:07:50;;;;;
20/06/2024 05:08:00;;;;;
20/06/2024 05:08:10;;;;;
20/06/2024 05:08:20;;;;;
20/06/2024 05:08:30;;;;;
20/06/2024 05:08:40;;;;;
20/06/2024 05:08:50;;;;;
20/06/2024 05:09:00;;;;;
20/06/2024 05:09:10;;;;;
20/06/2024 05:09:20;;;;;
20/06/2024 05:09:30;;;;;
20/06/2024 05:09:40;;;;;
20/06/2024 05:09:50;;;;;
20/06/2024 05:10:00;;;;;
20/06/2024 05:10:10;;;;;
20/06/2024 05:10:20;;;;;
20/06/2024 05:10:30;;;;;
20/06/2024 05:10:40;;;;;
20/06/2024 05:10:50;;;;;
20/06/2024 05:11:00;;;;;
20/06/2024 05:11:10;;;;;
20/06/2024 05:11:20;;;;;
20/06/2024 05:11:30;;;;;
20/06/2024 05:11:40;;;;;
20/06/2024 05:11:50;;;;;
20/06/2024 05:12:00;;;;;
20/06/2024 05:12:10;;;;;
20/06/2024 05:12:20;;;;;
20/06/2024 05:12:30;;;;;
20/06/2024 05:12:40;;;;;
20/06/2024 05:12:50;;;;;
20/06/2024 05:13:00;;;;;
20/06/2024 05:13:10;;;;;
20/06/2024 05:13:20;;;;;
20/06/2024 05:13:30;;;;;
20/06/2024 05:13:40;;;;;
20/06/2024 05:13:50;;;;;
20/06/2024 05:14:00;;;;;
20/06/2024 05:14:10;;;;;
20/06/2024 05:14:20;;;;;
20/06/2024 05:14:30;;;;;
20/06/2024 05:14:40;;;;;
20/06/2024 05:14:50;;;;;
20/06/2024 05:15:00;;;;;
20/06/2024 05:15:10;;;;;
20/06/2024 05:15:20;;;;;
20/06/2024 05:15:30;;;;;
20/06/2024 05:15:40;;;;;
20/06/2024 05:15:50;;;;;
20/06/2024 05:16:00;;;;;
20/06/2024 05:16:10;;;;;
20/06/2024 05:16:20;;;;;
20/06/2024 05:16:30;;;;;
20/06/2024 05:16:40;;;;;
20/06/2024 05:16:50;;;;;
20/06/2024 05:17:00;;;;;
20/06/2024 05:17:10;;;;;
20/06/2024 05:17:20;;;;;
20/06/2024 05:17:30;;;;;
20/06/2024 05:17:40;;;;;
20/06/2024 05:17:50;;;;;
20/06/2024 05:18:00;;;;;
20/06/2024 05:18:10;;;;;
20/06/2024 05:18:20;;;;;
20/06/2024 05:18:30;;;;;
20/06/2024 05:18:40;;;;;
20/06/2024 05:18:50;;;;;
20/06/2024 05:19:00;;;;;
20/06/2024 05:19:10;;;;;
20/06/2024 05:19:20;;;;;
20/06/2024 05:19:30;;;;;
20/06/2024 05:19:40;;;;;
20/06/2024 05:19:50;;;;;
20/06/2024 05:20:00;;;;;
20/06/2024 05:20:10;;;;;
20/06/2024 05:20:20;;;;;
20/06/2024 05:20:30;;;;;
20/06/2024 05:20:40;;;;;
20/06/2024 05:20:50;;;;;
20/06/2024 05:21:00;;;;;
20/06/2024 05:21:10;;;;;
20/06/2024 05:21:20;;;;;
20/06/2024 05:21:30;;;;;
20/06/2024 05:21:40;;;;;
20/06/2024 05:21:50;;;;;
20/06/2024 05:22:00;;;;;
20/06/2024 05:22:10;;;;;
20/06/2024 05:22:20;;;;;
20/06/2024 05:22:30;;;;;
20/06/2024 05:22:40;;;;;
20/06/2024 05:22:50;;;;;
20/06/2024 05:23:00;;;;;
20/06/2024 05:23:10;;;;;
20/06/2024 05:23:20;;;;;
20/06/2024 05:23:30;;;;;
20/06/2024 05:23:40;;;;;
20/06/2024 05:23:50;;;;;
20/06/2024 05:24:00;;;;;
20/06/2024 05:24:10;;;;;
20/06/2024 05:24:20;;;;;
20/06/2024 05:24:30;;;;;
20/06/2024 05:24:40;;;;;
20/06/2024 05:24:50;;;;;
20/06/2024 05:25:00;;;;;
20/06/2024 05:25:10;;;;;
20/06/2024 05:25:20;;;;;
20/06/2024 05:25:30;;;;;
20/06/2024 05:25:40;;;;;
20/06/2024 05:25:50;;;;;
20/06/2024 05:26:00;;;;;
20/06/2024 05:26:10;;;;;
20/06/2024 05:26:20;;;;;
20/06/2024 05:26:30;;;;;
20/06/2024 05:26:40;;;;;
20/06/2024 05:26:50;;;;;
20/06/2024 05:27:00;;;;;
20/06/2024 05:27:10;;;;;
20/06/2024 05:27:20;;;;;
20/06/2024 05:27:30;;;;;
20/06/2024 05:27:40;;;;;
20/06/2024 05:27:50;;;;;
20/06/2024 05:28:00;;;;;
20/06/2024 05:28:10;;;;;
20/06/2024 05:28:20;;;;;
20/06/2024 05:28:30;;;;;
20/06/2024 05:28:40;;;;;
20/06/2024 05:28:50;;;;;
20/06/2024 05:29:00;;;;;
20/06/2024 05:29:10;;;;;
20/06/2024 05:29:20;;;;;
20/06/2024 05:29:30;;;;;
20/06/2024 05:29:40;;;;;
20/06/2024 05:29:50;;;;;
20/06/2024 05:30:00;;;;;
20/06/2024 05:30:10;;;;;
20/06/2024 05:30:20;;;;;
20/06/2024 05:30:30;;;;;
20/06/2024 05:30:40;;;;;
20/06/2024 05:30:50;;;;;
20/06/2024 05:31:00;;;;;
20/06/2024 05:31:10;;;;;
20/06/2024 05:31:20;;;;;
20/06/2024 05:31:30;;;;;
20/06/2024 05:31:40;;;;;
20/06/2024 05:31:50;;;;;
20/06/2024 05:32:00;;;;;
20/06/2024 05:32:10;;;;;
20/06/2024 05:32:20;;;;;
20/06/2024 05:32:30;;;;;
20/06/2024 05:32:40;;;;;
20/06/2024 05:32:50;;;;;
20/06/2024 05:33:00;;;;;
20/06/2024 05:33:10;;;;;
20/06/2024 05:33:20;;;;;
20/06/2024 05:33:30;;;;;
20/06/2024 05:33:40;;;;;
20/06/2024 05:33:50;;;;;
20/06/2024 05:34:00;;;;;
20/06/2024 05:34:10;;;;;
20/06/2024 05:34:20;;;;;
20/06/2024 05:34:30;;;;;
20/06/2024 05:34:40;;;;;
20/06/2024 05:34:50;;;;;
20/06/2024 05:35:00;;;;;
20/06/2024 05:35:10;;;;;
20/06/2024 05:35:20;;;;;
20/06/2024 05:35:30;;;;;
20/06/2024 05:35:40;;;;;
20/06/2024 05:35:50;;;;;
20/06/2024 05:36:00;;;;;
20/06/2024 05:36:10;;;;;
20/06/2024 05:36:20;;;;;
20/06/2024 05:36:30;;;;;
20/06/2024 05:36:40;;;;;
20/06/2024 05:36:50;;;;;
20/06/2024 05:37:00;;;;;
20/06/2024 05:37:10;;;;;
20/06/2024 05:37:20;;;;;
20/06/2024 05:37:30;;;;;
20/06/2024 05:37:40;;;;;
20/06/2024 05:37:50;;;;;
20/06/2024 05:38:00;;;;;
20/06/2024 05:38:10;;;;;
20/06/2024 05:38:20;;;;;
20/06/2024 05:38:30;;;;;
20/06/2024 05:38:40;;;;;
20/06/2024 05:38:50;;;;;
20/06/2024 05:39:00;;;;;
20/06/2024 05:39:10;;;;;
20/06/2024 05:39:20;;;;;
20/06/2024 05:39:30;;;;;
20/06/2024 05:39:40;;;;;
20/06/2024 05:39:50;;;;;
20/06/2024 05:40:00;;;;;
20/06/2024 05:40:10;;;;;
20/06/2024 05:40:20;;;;;
20/06/2024 05:40:30;;;;;
20/06/2024 05:40:40;;;;;
20/06/2024 05:40:50;;;;;
20/06/2024 05:41:00;;;;;
20/06/2024 05:41:10;;;;;
20/06/2024 05:41:20;;;;;
20/06/2024 05:41:30;;;;;
20/06/2024 05:41:40;;;;;
20/06/2024 05:41:50;;;;;
20/06/2024 05:42:00;;;;;
20/06/2024 05:42:10;;;;;
20/06/2024 05:42:20;;;;;
20/06/2024 05:42:30;;;;;
20/06/2024 05:42:40;;;;;
20/06/2024 05:42:50;;;;;
20/06/2024 05:43:00;;;;;
20/06/2024 05:43:10;;;;;
20/06/2024 05:43:20;;;;;
20/06/2024 05:43:30;;;;;
20/06/2024 05:43:40;;;;;
20/06/2024 05:43:50;;;;;
20/06/2024 05:44:00;;;;;
20/06/2024 05:44:10;;;;;
20/06/2024 05:44:20;;;;;
20/06/2024 05:44:30;;;;;
20/06/2024 05:44:40;;;;;
20/06/2024 05:44:50;;;;;
20/06/2024 05:45:00;;;;;
20/06/2024 05:45:10;;;;;
20/06/2024 05:45:20;;;;;
20/06/2024 05:45:30;;;;;
20/06/2024 05:45:40;;;;;
20/06/2024 05:45:50;;;;;
20/06/2024 05:46:00;;;;;
20/06/2024 05:46:10;;;;;
20/06/2024 05:46:20;;;;;
20/06/2024 05:46:30;;;;;
20/06/2024 05:46:40;;;;;
20/06/2024 05:46:50;;;;;
20/06/2024 05:47:00;;;;;
20/06/2024 05:47:10;;;;;
20/06/2024 05:47:20;;;;;
20/06/2024 05:47:30;;;;;
20/06/2024 05:47:40;;;;;
20/06/2024 05:47:50;;;;;
20/06/2024 05:48:00;;;;;
20/06/2024 05:48:10;;;;;
20/06/2024 05:48:20;;;;;
20/06/2024 05:48:30;;;;;
20/06/2024 05:48:40;;;;;
20/06/2024 05:48:50;;;;;
20/06/2024 05:49:00;;;;;
20/06/2024 05:49:10;;;;;
20/06/2024 05:49:20;;;;;
20/06/2024 05:49:30;;;;;
20/06/2024 05:49:40;;;;;
20/06/2024 05:49:50;;;;;
20/06/2024 05:50:00;;;;;
20/06/2024 05:50:10;;;;;
20/06/2024 05:50:20;;;;;
20/06/2024 05:50:30;;;;;
20/06/2024 05:50:40;;;;;
20/06/2024 05:50:50;;;;;
20/06/2024 05:51:00;;;;;
20/06/2024 05:51:10;;;;;
20/06/2024 05:51:20;;;;;
20/06/2024 05:51:30;;;;;
20/06/2024 05:51:40;;;;;
20/06/2024 05:51:50;;;;;
20/06/2024 05:52:00;;;;;
20/06/2024 05:52:10;;;;;
20/06/2024 05:52:20;;;;;
20/06/2024 05:52:30;;;;;
20/06/2024 05:52:40;;;;;
20/06/2024 05:52:50;;;;;
20/06/2024 05:53:00;;;;;
20/06/2024 05:53:10;;;;;
20/06/2024 05:53:20;;;;;
20/06/2024 05:53:30;;;;;
20/06/2024 05:53:40;;;;;
20/06/2024 05:53:50;;;;;
20/06/2024 05:54:00;;;;;
20/06/2024 05:54:10;;;;;
20/06/2024 05:54:20;;;;;
20/06/2024 05:54:30;;;;;
20/06/2024 05:54:40;;;;;
20/06/2024 05:54:50;;;;;
20/06/2024 05:55:00;;;;;
20/06/2024 05:55:10;;;;;
20/06/2024 05:55:20;;;;;
20/06/2024 05:55:30;;;;;
20/06/2024 05:55:40;;;;;
20/06/2024 05:55:50;;;;;
20/06/2024 05:56:00;;;;;
20/06/2024 05:56:10;;;;;
20/06/2024 05:56:20;;;;;
20/06/2024 05:56:30;;;;;
20/06/2024 05:56:40;;;;;
20/06/2024 05:56:50;;;;;
20/06/2024 05:57:00;;;;;
20/06/2024 05:57:10;;;;;
20/06/2024 05:57:20;;;;;
20/06/2024 05:57:30;;;;;
20/06/2024 05:57:40;;;;;
20/06/2024 05:57:50;;;;;
20/06/2024 05:58:00;;;;;
20/06/2024 05:58:10;;;;;
20/06/2024 05:58:20;;;;;
20/06/2024 05:58:30;;;;;
20/06/2024 05:58:40;;;;;
20/06/2024 05:58:50;;;;;
20/06/2024 05:59:00;;;;;
20/06/2024 05:59:10;;;;;
20/06/2024 05:59:20;;;;;
20/06/2024 05:59:30;;;;;
20/06/2024 05:59:40;;;;;
20/06/2024 05:59:50;;;;;
20/06/2024 06:00:00;;;;;
20/06/2024 06:00:10;;;;;
20/06/2024 06:00:20;;;;;
20/06/2024 06:00:30;;;;;
20/06/2024 06:00:40;;;;;
20/06/2024 06:00:50;;;;;
20/06/2024 06:01:00;;;;;
20/06/2024 06:01:10;;;;;
20/06/2024 06:01:20;;;;;
20/06/2024 06:01:30;;;;;
20/06/2024 06:01:40;;;;;
20/06/2024 06:01:50;;;;;
20/06/2024 06:02:00;;;;;
20/06/2024 06:02:10;;;;;
20/06/2024 06:02:20;;;;;
20/06/2024 06:02:30;;;;;
20/06/2024 06:02:40;;;;;
20/06/2024 06:02:50;;;;;
20/06/2024 06:03:00;;;;;
20/06/2024 06:03:10;;;;;
20/06/2024 06:03:20;;;;;
20/06/2024 06:03:30;;;;;
20/06/2024 06:03:40;;;;;
20/06/2024 06:03:50;;;;;
20/06/2024 06:04:00;;;;;
20/06/2024 06:04:10;;;;;
20/06/2024 06:04:20;;;;;
20/06/2024 06:04:30;;;;;
20/06/2024 06:04:40;;;;;
20/06/2024 06:04:50;;;;;
20/06/2024 06:05:00;;;;;
20/06/2024 06:05:10;;;;;
20/06/2024 06:05:20;;;;;
20/06/2024 06:05:30;;;;;
20/06/2024 06:05:40;;;;;
20/06/2024 06:05:50;;;;;
20/06/2024 06:06:00;;;;;
20/06/2024 06:06:10;;;;;
20/06/2024 06:06:20;;;;;
20/06/2024 06:06:30;;;;;
20/06/2024 06:06:40;;;;;
20/06/2024 06:06:50;;;;;
20/06/2024 06:07:00;;;;;
20/06/2024 06:07:10;;;;;
20/06/2024 06:07:20;;;;;
20/06/2024 06:07:30;;;;;
20/06/2024 06:07:40;;;;;
20/06/2024 06:07:50;;;;;
20/06/2024 06:08:00;;;;;
20/06/2024 06:08:10;;;;;
20/06/2024 06:08:20;;;;;
20/06/2024 06:08:30;;;;;
20/06/2024 06:08:40;;;;;
20/06/2024 06:08:50;;;;;
20/06/2024 06:09:00;;;;;
20/06/2024 06:09:10;;;;;
20/06/2024 06:09:20;;;;;
20/06/2024 06:09:30;;;;;
20/06/2024 06:09:40;;;;;
20/06/2024 06:09:50;;;;;
20/06/2024 06:10:00;;;;;
20/06/2024 06:10:10;;;;;
20/06/2024 06:10:20;;;;;
20/06/2024 06:10:30;;;;;
20/06/2024 06:10:40;;;;;
20/06/2024 06:10:50;;;;;
20/06/2024 06:11:00;;;;;
20/06/2024 06:11:10;;;;;
20/06/2024 06:11:20;;;;;
20/06/2024 06:11:30;;;;;
20/06/2024 06:11:40;;;;;
20/06/2024 06:11:50;;;;;
20/06/2024 06:12:00;;;;;
20/06/2024 06:12:10;;;;;
20/06/2024 06:12:20;;;;;
20/06/2024 06:12:30;;;;;
20/06/2024 06:12:40;;;;;
20/06/2024 06:12:50;;;;;
20/06/2024 06:13:00;;;;;
20/06/2024 06:13:10;;;;;
20/06/2024 06:13:20;;;;;
20/06/2024 06:13:30;;;;;
20/06/2024 06:13:40;;;;;
20/06/2024 06:13:50;;;;;
20/06/2024 06:14:00;;;;;
20/06/2024 06:14:10;;;;;
20/06/2024 06:14:20;;;;;
20/06/2024 06:14:30;;;;;
20/06/2024 06:14:40;;;;;
20/06/2024 06:14:50;;;;;
20/06/2024 06:15:00;;;;;
20/06/2024 06:15:10;;;;;
20/06/2024 06:15:20;;;;;
20/06/2024 06:15:30;;;;;
20/06/2024 06:15:40;;;;;
20/06/2024 06:15:50;;;;;
20/06/2024 06:16:00;;;;;
20/06/2024 06:16:10;;;;;
20/06/2024 06:16:20;;;;;
20/06/2024 06:16:30;;;;;
20/06/2024 06:16:40;;;;;
20/06/2024 06:16:50;;;;;
20/06/2024 06:17:00;;;;;
20/06/2024 06:17:10;;;;;
20/06/2024 06:17:20;;;;;
20/06/2024 06:17:30;;;;;
20/06/2024 06:17:40;;;;;
20/06/2024 06:17:50;;;;;
20/06/2024 06:18:00;;;;;
20/06/2024 06:18:10;;;;;
20/06/2024 06:18:20;;;;;
20/06/2024 06:18:30;;;;;
20/06/2024 06:18:40;;;;;
20/06/2024 06:18:50;;;;;
20/06/2024 06:19:00;;;;;
20/06/2024 06:19:10;;;;;
20/06/2024 06:19:20;;;;;
20/06/2024 06:19:30;;;;;
20/06/2024 06:19:40;;;;;
20/06/2024 06:19:50;;;;;
20/06/2024 06:20:00;;;;;
20/06/2024 06:20:10;;;;;
20/06/2024 06:20:20;;;;;
20/06/2024 06:20:30;;;;;
20/06/2024 06:20:40;;;;;
20/06/2024 06:20:50;;;;;
20/06/2024 06:21:00;;;;;
20/06/2024 06:21:10;;;;;
20/06/2024 06:21:20;;;;;
20/06/2024 06:21:30;;;;;
20/06/2024 06:21:40;;;;;
20/06/2024 06:21:50;;;;;
20/06/2024 06:22:00;;;;;
20/06/2024 06:22:10;;;;;
20/06/2024 06:22:20;;;;;
20/06/2024 06:22:30;;;;;
20/06/2024 06:22:40;;;;;
20/06/2024 06:22:50;;;;;
20/06/2024 06:23:00;;;;;
20/06/2024 06:23:10;;;;;
20/06/2024 06:23:20;;;;;
20/06/2024 06:23:30;;;;;
20/06/2024 06:23:40;;;;;
20/06/2024 06:23:50;;;;;
20/06/2024 06:24:00;;;;;
20/06/2024 06:24:10;;;;;
20/06/2024 06:24:20;;;;;
20/06/2024 06:24:30;;;;;
20/06/2024 06:24:40;;;;;
20/06/2024 06:24:50;;;;;
20/06/2024 06:25:00;;;;;
20/06/2024 06:25:10;;;;;
20/06/2024 06:25:20;;;;;
20/06/2024 06:25:30;;;;;
20/06/2024 06:25:40;;;;;
20/06/2024 06:25:50;;;;;
20/06/2024 06:26:00;;;;;
20/06/2024 06:26:10;;;;;
20/06/2024 06:26:20;;;;;
20/06/2024 06:26:30;;;;;
20/06/2024 06:26:40;;;;;
20/06/2024 06:26:50;;;;;
20/06/2024 06:27:00;;;;;
20/06/2024 06:27:10;;;;;
20/06/2024 06:27:20;;;;;
20/06/2024 06:27:30;;;;;
20/06/2024 06:27:40;;;;;
20/06/2024 06:27:50;;;;;
20/06/2024 06:28:00;;;;;
20/06/2024 06:28:10;;;;;
20/06/2024 06:28:20;;;;;
20/06/2024 06:28:30;;;;;
20/06/2024 06:28:40;;;;;
20/06/2024 06:28:50;;;;;
20/06/2024 06:29:00;;;;;
20/06/2024 06:29:10;;;;;
20/06/2024 06:29:20;;;;;
20/06/2024 06:29:30;;;;;
20/06/2024 06:29:40;;;;;
20/06/2024 06:29:50;;;;;
20/06/2024 06:30:00;;;;;
20/06/2024 06:30:10;;;;;
20/06/2024 06:30:20;;;;;
20/06/2024 06:30:30;;;;;
20/06/2024 06:30:40;;;;;
20/06/2024 06:30:50;;;;;
20/06/2024 06:31:00;;;;;
20/06/2024 06:31:10;;;;;
20/06/2024 06:31:20;;;;;
20/06/2024 06:31:30;;;;;
20/06/2024 06:31:40;;;;;
20/06/2024 06:31:50;;;;;
20/06/2024 06:32:00;;;;;
20/06/2024 06:32:10;;;;;
20/06/2024 06:32:20;;;;;
20/06/2024 06:32:30;;;;;
20/06/2024 06:32:40;;;;;
20/06/2024 06:32:50;;;;;
20/06/2024 06:33:00;;;;;
20/06/2024 06:33:10;;;;;
20/06/2024 06:33:20;;;;;
20/06/2024 06:33:30;;;;;
20/06/2024 06:33:40;;;;;
20/06/2024 06:33:50;;;;;
20/06/2024 06:34:00;;;;;
20/06/2024 06:34:10;;;;;
20/06/2024 06:34:20;;;;;
20/06/2024 06:34:30;;;;;
20/06/2024 06:34:40;;;;;
20/06/2024 06:34:50;;;;;
20/06/2024 06:35:00;;;;;
20/06/2024 06:35:10;;;;;
20/06/2024 06:35:20;;;;;
20/06/2024 06:35:30;;;;;
20/06/2024 06:35:40;;;;;
20/06/2024 06:35:50;;;;;
20/06/2024 06:36:00;;;;;
20/06/2024 06:36:10;;;;;
20/06/2024 06:36:20;;;;;
20/06/2024 06:36:30;;;;;
20/06/2024 06:36:40;;;;;
20/06/2024 06:36:50;;;;;
20/06/2024 06:37:00;;;;;
20/06/2024 06:37:10;;;;;
20/06/2024 06:37:20;;;;;
20/06/2024 06:37:30;;;;;
20/06/2024 06:37:40;;;;;
20/06/2024 06:37:50;;;;;
20/06/2024 06:38:00;;;;;
20/06/2024 06:38:10;;;;;
20/06/2024 06:38:20;;;;;
20/06/2024 06:38:30;;;;;
20/06/2024 06:38:40;;;;;
20/06/2024 06:38:50;;;;;
20/06/2024 06:39:00;;;;;
20/06/2024 06:39:10;;;;;
20/06/2024 06:39:20;;;;;
20/06/2024 06:39:30;;;;;
20/06/2024 06:39:40;;;;;
20/06/2024 06:39:50;;;;;
20/06/2024 06:40:00;;;;;
20/06/2024 06:40:10;;;;;
20/06/2024 06:40:20;;;;;
20/06/2024 06:40:30;;;;;
20/06/2024 06:40:40;;;;;
20/06/2024 06:40:50;;;;;
20/06/2024 06:41:00;;;;;
20/06/2024 06:41:10;;;;;
20/06/2024 06:41:20;;;;;
20/06/2024 06:41:30;;;;;
20/06/2024 06:41:40;;;;;
20/06/2024 06:41:50;;;;;
20/06/2024 06:42:00;;;;;
20/06/2024 06:42:10;;;;;
20/06/2024 06:42:20;;;;;
20/06/2024 06:42:30;;;;;
20/06/2024 06:42:40;;;;;
20/06/2024 06:42:50;;;;;
20/06/2024 06:43:00;;;;;
20/06/2024 06:43:10;;;;;
20/06/2024 06:43:20;;;;;
20/06/2024 06:43:30;;;;;
20/06/2024 06:43:40;;;;;
20/06/2024 06:43:50;;;;;
20/06/2024 06:44:00;;;;;
20/06/2024 06:44:10;;;;;
20/06/2024 06:44:20;;;;;
20/06/2024 06:44:30;;;;;
20/06/2024 06:44:40;;;;;
20/06/2024 06:44:50;;;;;
20/06/2024 06:45:00;;;;;
20/06/2024 06:45:10;;;;;
20/06/2024 06:45:20;;;;;
20/06/2024 06:45:30;;;;;
20/06/2024 06:45:40;;;;;
20/06/2024 06:45:50;;;;;
20/06/2024 06:46:00;;;;;
20/06/2024 06:46:10;;;;;
20/06/2024 06:46:20;;;;;
20/06/2024 06:46:30;;;;;
20/06/2024 06:46:40;;;;;
20/06/2024 06:46:50;;;;;
20/06/2024 06:47:00;;;;;
20/06/2024 06:47:10;;;;;
20/06/2024 06:47:20;;;;;
20/06/2024 06:47:30;;;;;
20/06/2024 06:47:40;;;;;
20/06/2024 06:47:50;;;;;
20/06/2024 06:48:00;;;;;
20/06/2024 06:48:10;;;;;
20/06/2024 06:48:20;;;;;
20/06/2024 06:48:30;;;;;
20/06/2024 06:48:40;;;;;
20/06/2024 06:48:50;;;;;
20/06/2024 06:49:00;;;;;
20/06/2024 06:49:10;;;;;
20/06/2024 06:49:20;;;;;
20/06/2024 06:49:30;;;;;
20/06/2024 06:49:40;;;;;
20/06/2024 06:49:50;;;;;
20/06/2024 06:50:00;;;;;
20/06/2024 06:50:10;;;;;
20/06/2024 06:50:20;;;;;
20/06/2024 06:50:30;;;;;
20/06/2024 06:50:40;;;;;
20/06/2024 06:50:50;;;;;
20/06/2024 06:51:00;;;;;
20/06/2024 06:51:10;;;;;
20/06/2024 06:51:20;;;;;
20/06/2024 06:51:30;;;;;
20/06/2024 06:51:40;;;;;
20/06/2024 06:51:50;;;;;
20/06/2024 06:52:00;;;;;
20/06/2024 06:52:10;;;;;
20/06/2024 06:52:20;;;;;
20/06/2024 06:52:30;;;;;
20/06/2024 06:52:40;;;;;
20/06/2024 06:52:50;;;;;
20/06/2024 06:53:00;;;;;
20/06/2024 06:53:10;;;;;
20/06/2024 06:53:20;;;;;
20/06/2024 06:53:30;;;;;
20/06/2024 06:53:40;;;;;
20/06/2024 06:53:50;;;;;
20/06/2024 06:54:00;;;;;
20/06/2024 06:54:10;;;;;
20/06/2024 06:54:20;;;;;
20/06/2024 06:54:30;;;;;
20/06/2024 06:54:40;;;;;
20/06/2024 06:54:50;;;;;
20/06/2024 06:55:00;;;;;
20/06/2024 06:55:10;;;;;
20/06/2024 06:55:20;;;;;
20/06/2024 06:55:30;;;;;
20/06/2024 06:55:40;;;;;
20/06/2024 06:55:50;;;;;
20/06/2024 06:56:00;;;;;
20/06/2024 06:56:10;;;;;
20/06/2024 06:56:20;;;;;
20/06/2024 06:56:30;;;;;
20/06/2024 06:56:40;;;;;
20/06/2024 06:56:50;;;;;
20/06/2024 06:57:00;;;;;
20/06/2024 06:57:10;;;;;
20/06/2024 06:57:20;;;;;
20/06/2024 06:57:30;;;;;
20/06/2024 06:57:40;;;;;
20/06/2024 06:57:50;;;;;
20/06/2024 06:58:00;;;;;
20/06/2024 06:58:10;;;;;
20/06/2024 06:58:20;;;;;
20/06/2024 06:58:30;;;;;
20/06/2024 06:58:40;;;;;
20/06/2024 06:58:50;;;;;
20/06/2024 06:59:00;;;;;
20/06/2024 06:59:10;;;;;
20/06/2024 06:59:20;;;;;
20/06/2024 06:59:30;;;;;
20/06/2024 06:59:40;;;;;
20/06/2024 06:59:50;;;;;
20/06/2024 07:00:00;;;;;
20/06/2024 07:00:10;;;;;
20/06/2024 07:00:20;;;;;
20/06/2024 07:00:30;;;;;
20/06/2024 07:00:40;;;;;
20/06/2024 07:00:50;;;;;
20/06/2024 07:01:00;;;;;
20/06/2024 07:01:10;;;;;
20/06/2024 07:01:20;;;;;
20/06/2024 07:01:30;;;;;
20/06/2024 07:01:40;;;;;
20/06/2024 07:01:50;;;;;
20/06/2024 07:02:00;;;;;
20/06/2024 07:02:10;;;;;
20/06/2024 07:02:20;;;;;
20/06/2024 07:02:30;;;;;
20/06/2024 07:02:40;;;;;
20/06/2024 07:02:50;;;;;
20/06/2024 07:03:00;;;;;
20/06/2024 07:03:10;;;;;
20/06/2024 07:03:20;;;;;
20/06/2024 07:03:30;;;;;
20/06/2024 07:03:40;;;;;
20/06/2024 07:03:50;;;;;
20/06/2024 07:04:00;;;;;
20/06/2024 07:04:10;;;;;
20/06/2024 07:04:20;;;;;
20/06/2024 07:04:30;;;;;
20/06/2024 07:04:40;;;;;
20/06/2024 07:04:50;;;;;
20/06/2024 07:05:00;;;;;
20/06/2024 07:05:10;;;;;
20/06/2024 07:05:20;;;;;
20/06/2024 07:05:30;;;;;
20/06/2024 07:05:40;;;;;
20/06/2024 07:05:50;;;;;
20/06/2024 07:06:00;;;;;
20/06/2024 07:06:10;;;;;
20/06/2024 07:06:20;;;;;
20/06/2024 07:06:30;;;;;
20/06/2024 07:06:40;;;;;
20/06/2024 07:06:50;;;;;
20/06/2024 07:07:00;;;;;
20/06/2024 07:07:10;;;;;
20/06/2024 07:07:20;;;;;
20/06/2024 07:07:30;;;;;
20/06/2024 07:07:40;;;;;
20/06/2024 07:07:50;;;;;
20/06/2024 07:08:00;;;;;
20/06/2024 07:08:10;;;;;
20/06/2024 07:08:20;;;;;
20/06/2024 07:08:30;;;;;
20/06/2024 07:08:40;;;;;
20/06/2024 07:08:50;;;;;
20/06/2024 07:09:00;;;;;
20/06/2024 07:09:10;;;;;
20/06/2024 07:09:20;;;;;
20/06/2024 07:09:30;;;;;
20/06/2024 07:09:40;;;;;
20/06/2024 07:09:50;;;;;
20/06/2024 07:10:00;;;;;
20/06/2024 07:10:10;;;;;
20/06/2024 07:10:20;;;;;
20/06/2024 07:10:30;;;;;
20/06/2024 07:10:40;;;;;
20/06/2024 07:10:50;;;;;
20/06/2024 07:11:00;;;;;
20/06/2024 07:11:10;;;;;
20/06/2024 07:11:20;;;;;
20/06/2024 07:11:30;;;;;
20/06/2024 07:11:40;;;;;
20/06/2024 07:11:50;;;;;
20/06/2024 07:12:00;;;;;
20/06/2024 07:12:10;;;;;
20/06/2024 07:12:20;;;;;
20/06/2024 07:12:30;;;;;
20/06/2024 07:12:40;;;;;
20/06/2024 07:12:50;;;;;
20/06/2024 07:13:00;;;;;
20/06/2024 07:13:10;;;;;
20/06/2024 07:13:20;;;;;
20/06/2024 07:13:30;;;;;
20/06/2024 07:13:40;;;;;
20/06/2024 07:13:50;;;;;
20/06/2024 07:14:00;;;;;
20/06/2024 07:14:10;;;;;
20/06/2024 07:14:20;;;;;
20/06/2024 07:14:30;;;;;
20/06/2024 07:14:40;;;;;
20/06/2024 07:14:50;;;;;
20/06/2024 07:15:00;;;;;
20/06/2024 07:15:10;;;;;
20/06/2024 07:15:20;;;;;
20/06/2024 07:15:30;;;;;
20/06/2024 07:15:40;;;;;
20/06/2024 07:15:50;;;;;
20/06/2024 07:16:00;;;;;
20/06/2024 07:16:10;;;;;
20/06/2024 07:16:20;;;;;
20/06/2024 07:16:30;;;;;
20/06/2024 07:16:40;;;;;
20/06/2024 07:16:50;;;;;
20/06/2024 07:17:00;;;;;
20/06/2024 07:17:10;;;;;
20/06/2024 07:17:20;;;;;
20/06/2024 07:17:30;;;;;
20/06/2024 07:17:40;;;;;
20/06/2024 07:17:50;;;;;
20/06/2024 07:18:00;;;;;
20/06/2024 07:18:10;;;;;
20/06/2024 07:18:20;;;;;
20/06/2024 07:18:30;;;;;
20/06/2024 07:18:40;;;;;
20/06/2024 07:18:50;;;;;
20/06/2024 07:19:00;;;;;
20/06/2024 07:19:10;;;;;
20/06/2024 07:19:20;;;;;
20/06/2024 07:19:30;;;;;
20/06/2024 07:19:40;;;;;
20/06/2024 07:19:50;;;;;
20/06/2024 07:20:00;;;;;
20/06/2024 07:20:10;;;;;
20/06/2024 07:20:20;;;;;
20/06/2024 07:20:30;;;;;
20/06/2024 07:20:40;;;;;
20/06/2024 07:20:50;;;;;
20/06/2024 07:21:00;;;;;
20/06/2024 07:21:10;;;;;
20/06/2024 07:21:20;;;;;
20/06/2024 07:21:30;;;;;
20/06/2024 07:21:40;;;;;
20/06/2024 07:21:50;;;;;
20/06/2024 07:22:00;;;;;
20/06/2024 07:22:10;;;;;
20/06/2024 07:22:20;;;;;
20/06/2024 07:22:30;;;;;
20/06/2024 07:22:40;;;;;
20/06/2024 07:22:50;;;;;
20/06/2024 07:23:00;;;;;
20/06/2024 07:23:10;;;;;
20/06/2024 07:23:20;;;;;
20/06/2024 07:23:30;;;;;
20/06/2024 07:23:40;;;;;
20/06/2024 07:23:50;;;;;
20/06/2024 07:24:00;;;;;
20/06/2024 07:24:10;;;;;
20/06/2024 07:24:20;;;;;
20/06/2024 07:24:30;;;;;
20/06/2024 07:24:40;;;;;
20/06/2024 07:24:50;;;;;
20/06/2024 07:25:00;;;;;
20/06/2024 07:25:10;;;;;
20/06/2024 07:25:20;;;;;
20/06/2024 07:25:30;;;;;
20/06/2024 07:25:40;;;;;
20/06/2024 07:25:50;;;;;
20/06/2024 07:26:00;;;;;
20/06/2024 07:26:10;;;;;
20/06/2024 07:26:20;;;;;
20/06/2024 07:26:30;;;;;
20/06/2024 07:26:40;;;;;
20/06/2024 07:26:50;;;;;
20/06/2024 07:27:00;;;;;
20/06/2024 07:27:10;;;;;
20/06/2024 07:27:20;;;;;
20/06/2024 07:27:30;;;;;
20/06/2024 07:27:40;;;;;
20/06/2024 07:27:50;;;;;
20/06/2024 07:28:00;;;;;
20/06/2024 07:28:10;;;;;
20/06/2024 07:28:20;;;;;
20/06/2024 07:28:30;;;;;
20/06/2024 07:28:40;;;;;
20/06/2024 07:28:50;;;;;
20/06/2024 07:29:00;;;;;
20/06/2024 07:29:10;;;;;
20/06/2024 07:29:20;;;;;
20/06/2024 07:29:30;;;;;
20/06/2024 07:29:40;;;;;
20/06/2024 07:29:50;;;;;
20/06/2024 07:30:00;;;;;
20/06/2024 07:30:10;;;;;
20/06/2024 07:30:20;;;;;
20/06/2024 07:30:30;;;;;
20/06/2024 07:30:40;;;;;
20/06/2024 07:30:50;;;;;
20/06/2024 07:31:00;;;;;
20/06/2024 07:31:10;;;;;
20/06/2024 07:31:20;;;;;
20/06/2024 07:31:30;;;;;
20/06/2024 07:31:40;;;;;
20/06/2024 07:31:50;;;;;
20/06/2024 07:32:00;;;;;
20/06/2024 07:32:10;;;;;
20/06/2024 07:32:20;;;;;
20/06/2024 07:32:30;;;;;
20/06/2024 07:32:40;;;;;
20/06/2024 07:32:50;;;;;
20/06/2024 07:33:00;;;;;
20/06/2024 07:33:10;;;;;
20/06/2024 07:33:20;;;;;
20/06/2024 07:33:30;;;;;
20/06/2024 07:33:40;;;;;
20/06/2024 07:33:50;;;;;
20/06/2024 07:34:00;;;;;
20/06/2024 07:34:10;;;;;
20/06/2024 07:34:20;;;;;
20/06/2024 07:34:30;;;;;
20/06/2024 07:34:40;;;;;
20/06/2024 07:34:50;;;;;
20/06/2024 07:35:00;;;;;
20/06/2024 07:35:10;;;;;
20/06/2024 07:35:20;;;;;
20/06/2024 07:35:30;;;;;
20/06/2024 07:35:40;;;;;
20/06/2024 07:35:50;;;;;
20/06/2024 07:36:00;;;;;
20/06/2024 07:36:10;;;;;
20/06/2024 07:36:20;;;;;
20/06/2024 07:36:30;;;;;
20/06/2024 07:36:40;;;;;
20/06/2024 07:36:50;;;;;
20/06/2024 07:37:00;;;;;
20/06/2024 07:37:10;;;;;
20/06/2024 07:37:20;;;;;
20/06/2024 07:37:30;;;;;
20/06/2024 07:37:40;;;;;
20/06/2024 07:37:50;;;;;
20/06/2024 07:38:00;;;;;
20/06/2024 07:38:10;;;;;
20/06/2024 07:38:20;;;;;
20/06/2024 07:38:30;;;;;
20/06/2024 07:38:40;;;;;
20/06/2024 07:38:50;;;;;
20/06/2024 07:39:00;;;;;
20/06/2024 07:39:10;;;;;
20/06/2024 07:39:20;;;;;
20/06/2024 07:39:30;;;;;
20/06/2024 07:39:40;;;;;
20/06/2024 07:39:50;;;;;
20/06/2024 07:40:00;;;;;
20/06/2024 07:40:10;;;;;
20/06/2024 07:40:20;;;;;
20/06/2024 07:40:30;;;;;
20/06/2024 07:40:40;;;;;
20/06/2024 07:40:50;;;;;
20/06/2024 07:41:00;;;;;
20/06/2024 07:41:10;;;;;
20/06/2024 07:41:20;;;;;
20/06/2024 07:41:30;;;;;
20/06/2024 07:41:40;;;;;
20/06/2024 07:41:50;;;;;
20/06/2024 07:42:00;;;;;
20/06/2024 07:42:10;;;;;
20/06/2024 07:42:20;;;;;
20/06/2024 07:42:30;;;;;
20/06/2024 07:42:40;;;;;
20/06/2024 07:42:50;;;;;
20/06/2024 07:43:00;;;;;
20/06/2024 07:43:10;;;;;
20/06/2024 07:43:20;;;;;
20/06/2024 07:43:30;;;;;
20/06/2024 07:43:40;;;;;
20/06/2024 07:43:50;;;;;
20/06/2024 07:44:00;;;;;
20/06/2024 07:44:10;;;;;
20/06/2024 07:44:20;;;;;
20/06/2024 07:44:30;;;;;
20/06/2024 07:44:40;;;;;
20/06/2024 07:44:50;;;;;
20/06/2024 07:45:00;;;;;
20/06/2024 07:45:10;;;;;
20/06/2024 07:45:20;;;;;
20/06/2024 07:45:30;;;;;
20/06/2024 07:45:40;;;;;
20/06/2024 07:45:50;;;;;
20/06/2024 07:46:00;;;;;
20/06/2024 07:46:10;;;;;
20/06/2024 07:46:20;;;;;
20/06/2024 07:46:30;;;;;
20/06/2024 07:46:40;;;;;
20/06/2024 07:46:50;;;;;
20/06/2024 07:47:00;;;;;
20/06/2024 07:47:10;;;;;
20/06/2024 07:47:20;;;;;
20/06/2024 07:47:30;;;;;
20/06/2024 07:47:40;;;;;
20/06/2024 07:47:50;;;;;
20/06/2024 07:48:00;;;;;
20/06/2024 07:48:10;;;;;
20/06/2024 07:48:20;;;;;
20/06/2024 07:48:30;;;;;
20/06/2024 07:48:40;;;;;
20/06/2024 07:48:50;;;;;
20/06/2024 07:49:00;;;;;
20/06/2024 07:49:10;;;;;
20/06/2024 07:49:20;;;;;
20/06/2024 07:49:30;;;;;
20/06/2024 07:49:40;;;;;
20/06/2024 07:49:50;;;;;
20/06/2024 07:50:00;;;;;
20/06/2024 07:50:10;;;;;
20/06/2024 07:50:20;;;;;
20/06/2024 07:50:30;;;;;
20/06/2024 07:50:40;;;;;
20/06/2024 07:50:50;;;;;
20/06/2024 07:51:00;;;;;
20/06/2024 07:51:10;;;;;
20/06/2024 07:51:20;;;;;
20/06/2024 07:51:30;;;;;
20/06/2024 07:51:40;;;;;
20/06/2024 07:51:50;;;;;
20/06/2024 07:52:00;;;;;
20/06/2024 07:52:10;;;;;
20/06/2024 07:52:20;;;;;
20/06/2024 07:52:30;;;;;
20/06/2024 07:52:40;;;;;
20/06/2024 07:52:50;;;;;
20/06/2024 07:53:00;;;;;
20/06/2024 07:53:10;;;;;
20/06/2024 07:53:20;;;;;
20/06/2024 07:53:30;;;;;
20/06/2024 07:53:40;;;;;
20/06/2024 07:53:50;;;;;
20/06/2024 07:54:00;;;;;
20/06/2024 07:54:10;;;;;
20/06/2024 07:54:20;;;;;
20/06/2024 07:54:30;;;;;
20/06/2024 07:54:40;;;;;
20/06/2024 07:54:50;;;;;
20/06/2024 07:55:00;;;;;
20/06/2024 07:55:10;;;;;
20/06/2024 07:55:20;;;;;
20/06/2024 07:55:30;;;;;
20/06/2024 07:55:40;;;;;
20/06/2024 07:55:50;;;;;
20/06/2024 07:56:00;;;;;
20/06/2024 07:56:10;;;;;
20/06/2024 07:56:20;;;;;
20/06/2024 07:56:30;;;;;
20/06/2024 07:56:40;;;;;
20/06/2024 07:56:50;;;;;
20/06/2024 07:57:00;;;;;
20/06/2024 07:57:10;;;;;
20/06/2024 07:57:20;;;;;
20/06/2024 07:57:30;;;;;
20/06/2024 07:57:40;;;;;
20/06/2024 07:57:50;;;;;
20/06/2024 07:58:00;;;;;
20/06/2024 07:58:10;;;;;
20/06/2024 07:58:20;;;;;
20/06/2024 07:58:30;;;;;
20/06/2024 07:58:40;;;;;
20/06/2024 07:58:50;;;;;
20/06/2024 07:59:00;;;;;
20/06/2024 07:59:10;;;;;
20/06/2024 07:59:20;;;;;
20/06/2024 07:59:30;;;;;
20/06/2024 07:59:40;;;;;
20/06/2024 07:59:50;;;;;
20/06/2024 08:00:00;;;;;
20/06/2024 08:00:10;;;;;
20/06/2024 08:00:20;;;;;
20/06/2024 08:00:30;;;;;
20/06/2024 08:00:40;;;;;
20/06/2024 08:00:50;;;;;
20/06/2024 08:01:00;;;;;
20/06/2024 08:01:10;;;;;
20/06/2024 08:01:20;;;;;
20/06/2024 08:01:30;;;;;
20/06/2024 08:01:40;;;;;
20/06/2024 08:01:50;;;;;
20/06/2024 08:02:00;;;;;
20/06/2024 08:02:10;;;;;
20/06/2024 08:02:20;;;;;
20/06/2024 08:02:30;;;;;
20/06/2024 08:02:40;;;;;
20/06/2024 08:02:50;;;;;
20/06/2024 08:03:00;;;;;
20/06/2024 08:03:10;;;;;
20/06/2024 08:03:20;;;;;
20/06/2024 08:03:30;;;;;
20/06/2024 08:03:40;;;;;
20/06/2024 08:03:50;;;;;
20/06/2024 08:04:00;;;;;
20/06/2024 08:04:10;;;;;
20/06/2024 08:04:20;;;;;
20/06/2024 08:04:30;;;;;
20/06/2024 08:04:40;;;;;
20/06/2024 08:04:50;;;;;
20/06/2024 08:05:00;;;;;
20/06/2024 08:05:10;;;;;
20/06/2024 08:05:20;;;;;
20/06/2024 08:05:30;;;;;
20/06/2024 08:05:40;;;;;
20/06/2024 08:05:50;;;;;
20/06/2024 08:06:00;;;;;
20/06/2024 08:06:10;;;;;
20/06/2024 08:06:20;;;;;
20/06/2024 08:06:30;;;;;
20/06/2024 08:06:40;;;;;
20/06/2024 08:06:50;;;;;
20/06/2024 08:07:00;;;;;
20/06/2024 08:07:10;;;;;
20/06/2024 08:07:20;;;;;
20/06/2024 08:07:30;;;;;
20/06/2024 08:07:40;;;;;
20/06/2024 08:07:50;;;;;
20/06/2024 08:08:00;;;;;
20/06/2024 08:08:10;;;;;
20/06/2024 08:08:20;;;;;
20/06/2024 08:08:30;;;;;
20/06/2024 08:08:40;;;;;
20/06/2024 08:08:50;;;;;
20/06/2024 08:09:00;;;;;
20/06/2024 08:09:10;;;;;
20/06/2024 08:09:20;;;;;
20/06/2024 08:09:30;;;;;
20/06/2024 08:09:40;;;;;
20/06/2024 08:09:50;;;;;
20/06/2024 08:10:00;;;;;
20/06/2024 08:10:10;;;;;
20/06/2024 08:10:20;;;;;
20/06/2024 08:10:30;;;;;
20/06/2024 08:10:40;;;;;
20/06/2024 08:10:50;;;;;
20/06/2024 08:11:00;;;;;
20/06/2024 08:11:10;;;;;
20/06/2024 08:11:20;;;;;
20/06/2024 08:11:30;;;;;
20/06/2024 08:11:40;;;;;
20/06/2024 08:11:50;;;;;
20/06/2024 08:12:00;;;;;
20/06/2024 08:12:10;;;;;
20/06/2024 08:12:20;;;;;
20/06/2024 08:12:30;;;;;
20/06/2024 08:12:40;;;;;
20/06/2024 08:12:50;;;;;
20/06/2024 08:13:00;;;;;
20/06/2024 08:13:10;;;;;
20/06/2024 08:13:20;;;;;
20/06/2024 08:13:30;;;;;
20/06/2024 08:13:40;;;;;
20/06/2024 08:13:50;;;;;
20/06/2024 08:14:00;;;;;
20/06/2024 08:14:10;;;;;
20/06/2024 08:14:20;;;;;
20/06/2024 08:14:30;;;;;
20/06/2024 08:14:40;;;;;
20/06/2024 08:14:50;;;;;
20/06/2024 08:15:00;;;;;
20/06/2024 08:15:10;;;;;
20/06/2024 08:15:20;;;;;
20/06/2024 08:15:30;;;;;
20/06/2024 08:15:40;;;;;
20/06/2024 08:15:50;;;;;
20/06/2024 08:16:00;;;;;
20/06/2024 08:16:10;;;;;
20/06/2024 08:16:20;;;;;
20/06/2024 08:16:30;;;;;
20/06/2024 08:16:40;;;;;
20/06/2024 08:16:50;;;;;
20/06/2024 08:17:00;;;;;
20/06/2024 08:17:10;;;;;
20/06/2024 08:17:20;;;;;
20/06/2024 08:17:30;;;;;
20/06/2024 08:17:40;;;;;
20/06/2024 08:17:50;;;;;
20/06/2024 08:18:00;;;;;
20/06/2024 08:18:10;;;;;
20/06/2024 08:18:20;;;;;
20/06/2024 08:18:30;;;;;
20/06/2024 08:18:40;;;;;
20/06/2024 08:18:50;;;;;
20/06/2024 08:19:00;;;;;
20/06/2024 08:19:10;;;;;
20/06/2024 08:19:20;;;;;
20/06/2024 08:19:30;;;;;
20/06/2024 08:19:40;;;;;
20/06/2024 08:19:50;;;;;
20/06/2024 08:20:00;;;;;
20/06/2024 08:20:10;;;;;
20/06/2024 08:20:20;;;;;
20/06/2024 08:20:30;;;;;
20/06/2024 08:20:40;;;;;
20/06/2024 08:20:50;;;;;
20/06/2024 08:21:00;;;;;
20/06/2024 08:21:10;;;;;
20/06/2024 08:21:20;;;;;
20/06/2024 08:21:30;;;;;
20/06/2024 08:21:40;;;;;
20/06/2024 08:21:50;;;;;
20/06/2024 08:22:00;;;;;
20/06/2024 08:22:10;;;;;
20/06/2024 08:22:20;;;;;
20/06/2024 08:22:30;;;;;
20/06/2024 08:22:40;;;;;
20/06/2024 08:22:50;;;;;
20/06/2024 08:23:00;;;;;
20/06/2024 08:23:10;;;;;
20/06/2024 08:23:20;;;;;
20/06/2024 08:23:30;;;;;
20/06/2024 08:23:40;;;;;
20/06/2024 08:23:50;;;;;
20/06/2024 08:24:00;;;;;
20/06/2024 08:24:10;;;;;
20/06/2024 08:24:20;;;;;
20/06/2024 08:24:30;;;;;
20/06/2024 08:24:40;;;;;
20/06/2024 08:24:50;;;;;
20/06/2024 08:25:00;;;;;
20/06/2024 08:25:10;;;;;
20/06/2024 08:25:20;;;;;
20/06/2024 08:25:30;;;;;
20/06/2024 08:25:40;;;;;
20/06/2024 08:25:50;;;;;
20/06/2024 08:26:00;;;;;
20/06/2024 08:26:10;;;;;
20/06/2024 08:26:20;;;;;
20/06/2024 08:26:30;;;;;
20/06/2024 08:26:40;;;;;
20/06/2024 08:26:50;;;;;
20/06/2024 08:27:00;;;;;
20/06/2024 08:27:10;;;;;
20/06/2024 08:27:20;;;;;
20/06/2024 08:27:30;;;;;
20/06/2024 08:27:40;;;;;
20/06/2024 08:27:50;;;;;
20/06/2024 08:28:00;;;;;
20/06/2024 08:28:10;;;;;
20/06/2024 08:28:20;;;;;
20/06/2024 08:28:30;;;;;
20/06/2024 08:28:40;;;;;
20/06/2024 08:28:50;;;;;
20/06/2024 08:29:00;;;;;
20/06/2024 08:29:10;;;;;
20/06/2024 08:29:20;;;;;
20/06/2024 08:29:30;;;;;
20/06/2024 08:29:40;;;;;
20/06/2024 08:29:50;;;;;
20/06/2024 08:30:00;;;;;
20/06/2024 08:30:10;;;;;
20/06/2024 08:30:20;;;;;
20/06/2024 08:30:30;;;;;
20/06/2024 08:30:40;;;;;
20/06/2024 08:30:50;;;;;
20/06/2024 08:31:00;;;;;
20/06/2024 08:31:10;;;;;
20/06/2024 08:31:20;;;;;
20/06/2024 08:31:30;;;;;
20/06/2024 08:31:40;;;;;
20/06/2024 08:31:50;;;;;
20/06/2024 08:32:00;;;;;
20/06/2024 08:32:10;;;;;
20/06/2024 08:32:20;;;;;
20/06/2024 08:32:30;;;;;
20/06/2024 08:32:40;;;;;
20/06/2024 08:32:50;;;;;
20/06/2024 08:33:00;;;;;
20/06/2024 08:33:10;;;;;
20/06/2024 08:33:20;;;;;
20/06/2024 08:33:30;;;;;
20/06/2024 08:33:40;;;;;
20/06/2024 08:33:50;;;;;
20/06/2024 08:34:00;;;;;
20/06/2024 08:34:10;;;;;
20/06/2024 08:34:20;;;;;
20/06/2024 08:34:30;;;;;
20/06/2024 08:34:40;;;;;
20/06/2024 08:34:50;;;;;
20/06/2024 08:35:00;;;;;
20/06/2024 08:35:10;;;;;
20/06/2024 08:35:20;;;;;
20/06/2024 08:35:30;;;;;
20/06/2024 08:35:40;;;;;
20/06/2024 08:35:50;;;;;
20/06/2024 08:36:00;;;;;
20/06/2024 08:36:10;;;;;
20/06/2024 08:36:20;;;;;
20/06/2024 08:36:30;;;;;
20/06/2024 08:36:40;;;;;
20/06/2024 08:36:50;;;;;
20/06/2024 08:37:00;;;;;
20/06/2024 08:37:10;;;;;
20/06/2024 08:37:20;;;;;
20/06/2024 08:37:30;;;;;
20/06/2024 08:37:40;;;;;
20/06/2024 08:37:50;;;;;
20/06/2024 08:38:00;;;;;
20/06/2024 08:38:10;;;;;
20/06/2024 08:38:20;;;;;
20/06/2024 08:38:30;;;;;
20/06/2024 08:38:40;;;;;
20/06/2024 08:38:50;;;;;
20/06/2024 08:39:00;;;;;
20/06/2024 08:39:10;;;;;
20/06/2024 08:39:20;;;;;
20/06/2024 08:39:30;;;;;
20/06/2024 08:39:40;;;;;
20/06/2024 08:39:50;;;;;
20/06/2024 08:40:00;;;;;
20/06/2024 08:40:10;;;;;
20/06/2024 08:40:20;;;;;
20/06/2024 08:40:30;;;;;
20/06/2024 08:40:40;;;;;
20/06/2024 08:40:50;;;;;
20/06/2024 08:41:00;;;;;
20/06/2024 08:41:10;;;;;
20/06/2024 08:41:20;;;;;
20/06/2024 08:41:30;;;;;
20/06/2024 08:41:40;;;;;
20/06/2024 08:41:50;;;;;
20/06/2024 08:42:00;;;;;
20/06/2024 08:42:10;;;;;
20/06/2024 08:42:20;;;;;
20/06/2024 08:42:30;;;;;
20/06/2024 08:42:40;;;;;
20/06/2024 08:42:50;;;;;
20/06/2024 08:43:00;;;;;
20/06/2024 08:43:10;;;;;
20/06/2024 08:43:20;;;;;
20/06/2024 08:43:30;;;;;
20/06/2024 08:43:40;;;;;
20/06/2024 08:43:50;;;;;
20/06/2024 08:44:00;;;;;
20/06/2024 08:44:10;;;;;
20/06/2024 08:44:20;;;;;
20/06/2024 08:44:30;;;;;
20/06/2024 08:44:40;;;;;
20/06/2024 08:44:50;;;;;
20/06/2024 08:45:00;;;;;
20/06/2024 08:45:10;;;;;
20/06/2024 08:45:20;;;;;
20/06/2024 08:45:30;;;;;
20/06/2024 08:45:40;;;;;
20/06/2024 08:45:50;;;;;
20/06/2024 08:46:00;;;;;
20/06/2024 08:46:10;;;;;
20/06/2024 08:46:20;;;;;
20/06/2024 08:46:30;;;;;
20/06/2024 08:46:40;;;;;
20/06/2024 08:46:50;;;;;
20/06/2024 08:47:00;;;;;
20/06/2024 08:47:10;;;;;
20/06/2024 08:47:20;;;;;
20/06/2024 08:47:30;;;;;
20/06/2024 08:47:40;;;;;
20/06/2024 08:47:50;;;;;
20/06/2024 08:48:00;;;;;
20/06/2024 08:48:10;;;;;
20/06/2024 08:48:20;;;;;
20/06/2024 08:48:30;;;;;
20/06/2024 08:48:40;;;;;
20/06/2024 08:48:50;;;;;
20/06/2024 08:49:00;;;;;
20/06/2024 08:49:10;;;;;
20/06/2024 08:49:20;;;;;
20/06/2024 08:49:30;;;;;
20/06/2024 08:49:40;;;;;
20/06/2024 08:49:50;;;;;
20/06/2024 08:50:00;;;;;
20/06/2024 08:50:10;;;;;
20/06/2024 08:50:20;;;;;
20/06/2024 08:50:30;;;;;
20/06/2024 08:50:40;;;;;
20/06/2024 08:50:50;;;;;
20/06/2024 08:51:00;;;;;
20/06/2024 08:51:10;;;;;
20/06/2024 08:51:20;;;;;
20/06/2024 08:51:30;;;;;
20/06/2024 08:51:40;;;;;
20/06/2024 08:51:50;;;;;
20/06/2024 08:52:00;;;;;
20/06/2024 08:52:10;;;;;
20/06/2024 08:52:20;;;;;
20/06/2024 08:52:30;;;;;
20/06/2024 08:52:40;;;;;
20/06/2024 08:52:50;;;;;
20/06/2024 08:53:00;;;;;
20/06/2024 08:53:10;;;;;
20/06/2024 08:53:20;;;;;
20/06/2024 08:53:30;;;;;
20/06/2024 08:53:40;;;;;
20/06/2024 08:53:50;;;;;
20/06/2024 08:54:00;;;;;
20/06/2024 08:54:10;;;;;
20/06/2024 08:54:20;;;;;
20/06/2024 08:54:30;;;;;
20/06/2024 08:54:40;;;;;
20/06/2024 08:54:50;;;;;
20/06/2024 08:55:00;;;;;
20/06/2024 08:55:10;;;;;
20/06/2024 08:55:20;;;;;
20/06/2024 08:55:30;;;;;
20/06/2024 08:55:40;;;;;
20/06/2024 08:55:50;;;;;
20/06/2024 08:56:00;;;;;
20/06/2024 08:56:10;;;;;
20/06/2024 08:56:20;;;;;
20/06/2024 08:56:30;;;;;
20/06/2024 08:56:40;;;;;
20/06/2024 08:56:50;;;;;
20/06/2024 08:57:00;;;;;
20/06/2024 08:57:10;;;;;
20/06/2024 08:57:20;;;;;
20/06/2024 08:57:30;;;;;
20/06/2024 08:57:40;;;;;
20/06/2024 08:57:50;;;;;
20/06/2024 08:58:00;;;;;
20/06/2024 08:58:10;;;;;
20/06/2024 08:58:20;;;;;
20/06/2024 08:58:30;;;;;
20/06/2024 08:58:40;;;;;
20/06/2024 08:58:50;;;;;
20/06/2024 08:59:00;;;;;
20/06/2024 08:59:10;;;;;
20/06/2024 08:59:20;;;;;
20/06/2024 08:59:30;;;;;
20/06/2024 08:59:40;;;;;
20/06/2024 08:59:50;;;;;
20/06/2024 09:00:00;;;;;
20/06/2024 09:00:10;;;;;
20/06/2024 09:00:20;;;;;
20/06/2024 09:00:30;;;;;
20/06/2024 09:00:40;;;;;
20/06/2024 09:00:50;;;;;
20/06/2024 09:01:00;;;;;
20/06/2024 09:01:10;;;;;
20/06/2024 09:01:20;;;;;
20/06/2024 09:01:30;;;;;
20/06/2024 09:01:40;;;;;
20/06/2024 09:01:50;;;;;
20/06/2024 09:02:00;;;;;
20/06/2024 09:02:10;;;;;
20/06/2024 09:02:20;;;;;
20/06/2024 09:02:30;;;;;
20/06/2024 09:02:40;;;;;
20/06/2024 09:02:50;;;;;
20/06/2024 09:03:00;;;;;
20/06/2024 09:03:10;;;;;
20/06/2024 09:03:20;;;;;
20/06/2024 09:03:30;;;;;
20/06/2024 09:03:40;;;;;
20/06/2024 09:03:50;;;;;
20/06/2024 09:04:00;;;;;
20/06/2024 09:04:10;;;;;
20/06/2024 09:04:20;;;;;
20/06/2024 09:04:30;;;;;
20/06/2024 09:04:40;;;;;
20/06/2024 09:04:50;;;;;
20/06/2024 09:05:00;;;;;
20/06/2024 09:05:10;;;;;
20/06/2024 09:05:20;;;;;
20/06/2024 09:05:30;;;;;
20/06/2024 09:05:40;;;;;
20/06/2024 09:05:50;;;;;
20/06/2024 09:06:00;;;;;
20/06/2024 09:06:10;;;;;
20/06/2024 09:06:20;;;;;
20/06/2024 09:06:30;;;;;
20/06/2024 09:06:40;;;;;
20/06/2024 09:06:50;;;;;
20/06/2024 09:07:00;;;;;
20/06/2024 09:07:10;;;;;
20/06/2024 09:07:20;;;;;
20/06/2024 09:07:30;;;;;
20/06/2024 09:07:40;;;;;
20/06/2024 09:07:50;;;;;
20/06/2024 09:08:00;;;;;
20/06/2024 09:08:10;;;;;
20/06/2024 09:08:20;;;;;
20/06/2024 09:08:30;;;;;
20/06/2024 09:08:40;;;;;
20/06/2024 09:08:50;;;;;
20/06/2024 09:09:00;;;;;
20/06/2024 09:09:10;;;;;
20/06/2024 09:09:20;;;;;
20/06/2024 09:09:30;;;;;
20/06/2024 09:09:40;;;;;
20/06/2024 09:09:50;;;;;
20/06/2024 09:10:00;;;;;
20/06/2024 09:10:10;;;;;
20/06/2024 09:10:20;;;;;
20/06/2024 09:10:30;;;;;
20/06/2024 09:10:40;;;;;
20/06/2024 09:10:50;;;;;
20/06/2024 09:11:00;;;;;
20/06/2024 09:11:10;;;;;
20/06/2024 09:11:20;;;;;
20/06/2024 09:11:30;;;;;
20/06/2024 09:11:40;;;;;
20/06/2024 09:11:50;;;;;
20/06/2024 09:12:00;;;;;
20/06/2024 09:12:10;;;;;
20/06/2024 09:12:20;;;;;
20/06/2024 09:12:30;;;;;
20/06/2024 09:12:40;;;;;
20/06/2024 09:12:50;;;;;
20/06/2024 09:13:00;;;;;
20/06/2024 09:13:10;;;;;
20/06/2024 09:13:20;;;;;
20/06/2024 09:13:30;;;;;
20/06/2024 09:13:40;;;;;
20/06/2024 09:13:50;;;;;
20/06/2024 09:14:00;;;;;
20/06/2024 09:14:10;;;;;
20/06/2024 09:14:20;;;;;
20/06/2024 09:14:30;;;;;
20/06/2024 09:14:40;;;;;
20/06/2024 09:14:50;;;;;
20/06/2024 09:15:00;;;;;
20/06/2024 09:15:10;;;;;
20/06/2024 09:15:20;;;;;
20/06/2024 09:15:30;;;;;
20/06/2024 09:15:40;;;;;
20/06/2024 09:15:50;;;;;
20/06/2024 09:16:00;;;;;
20/06/2024 09:16:10;;;;;
20/06/2024 09:16:20;;;;;
20/06/2024 09:16:30;;;;;
20/06/2024 09:16:40;;;;;
20/06/2024 09:16:50;;;;;
20/06/2024 09:17:00;;;;;
20/06/2024 09:17:10;;;;;
20/06/2024 09:17:20;;;;;
20/06/2024 09:17:30;;;;;
20/06/2024 09:17:40;;;;;
20/06/2024 09:17:50;;;;;
20/06/2024 09:18:00;;;;;
20/06/2024 09:18:10;;;;;
20/06/2024 09:18:20;;;;;
20/06/2024 09:18:30;;;;;
20/06/2024 09:18:40;;;;;
20/06/2024 09:18:50;;;;;
20/06/2024 09:19:00;;;;;
20/06/2024 09:19:10;;;;;
20/06/2024 09:19:20;;;;;
20/06/2024 09:19:30;;;;;
20/06/2024 09:19:40;;;;;
20/06/2024 09:19:50;;;;;
20/06/2024 09:20:00;;;;;
20/06/2024 09:20:10;;;;;
20/06/2024 09:20:20;;;;;
20/06/2024 09:20:30;;;;;
20/06/2024 09:20:40;;;;;
20/06/2024 09:20:50;;;;;
20/06/2024 09:21:00;;;;;
20/06/2024 09:21:10;;;;;
20/06/2024 09:21:20;;;;;
20/06/2024 09:21:30;;;;;
20/06/2024 09:21:40;;;;;
20/06/2024 09:21:50;;;;;
20/06/2024 09:22:00;;;;;
20/06/2024 09:22:10;;;;;
20/06/2024 09:22:20;;;;;
20/06/2024 09:22:30;;;;;
20/06/2024 09:22:40;;;;;
20/06/2024 09:22:50;;;;;
20/06/2024 09:23:00;;;;;
20/06/2024 09:23:10;;;;;
20/06/2024 09:23:20;;;;;
20/06/2024 09:23:30;;;;;
20/06/2024 09:23:40;;;;;
20/06/2024 09:23:50;;;;;
20/06/2024 09:24:00;;;;;
20/06/2024 09:24:10;;;;;
20/06/2024 09:24:20;;;;;
20/06/2024 09:24:30;;;;;
20/06/2024 09:24:40;;;;;
20/06/2024 09:24:50;;;;;
20/06/2024 09:25:00;;;;;
20/06/2024 09:25:10;;;;;
20/06/2024 09:25:20;;;;;
20/06/2024 09:25:30;;;;;
20/06/2024 09:25:40;;;;;
20/06/2024 09:25:50;;;;;
20/06/2024 09:26:00;;;;;
20/06/2024 09:26:10;;;;;
20/06/2024 09:26:20;;;;;
20/06/2024 09:26:30;;;;;
20/06/2024 09:26:40;;;;;
20/06/2024 09:26:50;;;;;
20/06/2024 09:27:00;;;;;
20/06/2024 09:27:10;;;;;
20/06/2024 09:27:20;;;;;
20/06/2024 09:27:30;;;;;
20/06/2024 09:27:40;;;;;
20/06/2024 09:27:50;;;;;
20/06/2024 09:28:00;;;;;
20/06/2024 09:28:10;;;;;
20/06/2024 09:28:20;;;;;
20/06/2024 09:28:30;;;;;
20/06/2024 09:28:40;;;;;
20/06/2024 09:28:50;;;;;
20/06/2024 09:29:00;;;;;
20/06/2024 09:29:10;;;;;
20/06/2024 09:29:20;;;;;
20/06/2024 09:29:30;;;;;
20/06/2024 09:29:40;;;;;
20/06/2024 09:29:50;;;;;
20/06/2024 09:30:00;;;;;
20/06/2024 09:30:10;;;;;
20/06/2024 09:30:20;;;;;
20/06/2024 09:30:30;;;;;
20/06/2024 09:30:40;;;;;
20/06/2024 09:30:50;;;;;
20/06/2024 09:31:00;;;;;
20/06/2024 09:31:10;;;;;
20/06/2024 09:31:20;;;;;
20/06/2024 09:31:30;;;;;
20/06/2024 09:31:40;;;;;
20/06/2024 09:31:50;;;;;
20/06/2024 09:32:00;;;;;
20/06/2024 09:32:10;;;;;
20/06/2024 09:32:20;;;;;
20/06/2024 09:32:30;;;;;
20/06/2024 09:32:40;;;;;
20/06/2024 09:32:50;;;;;
20/06/2024 09:33:00;;;;;
20/06/2024 09:33:10;;;;;
20/06/2024 09:33:20;;;;;
20/06/2024 09:33:30;;;;;
20/06/2024 09:33:40;;;;;
20/06/2024 09:33:50;;;;;
20/06/2024 09:34:00;;;;;
20/06/2024 09:34:10;;;;;
20/06/2024 09:34:20;;;;;
20/06/2024 09:34:30;;;;;
20/06/2024 09:34:40;;;;;
20/06/2024 09:34:50;;;;;
20/06/2024 09:35:00;;;;;
20/06/2024 09:35:10;;;;;
20/06/2024 09:35:20;;;;;
20/06/2024 09:35:30;;;;;
20/06/2024 09:35:40;;;;;
20/06/2024 09:35:50;;;;;
20/06/2024 09:36:00;;;;;
20/06/2024 09:36:10;;;;;
20/06/2024 09:36:20;;;;;
20/06/2024 09:36:30;;;;;
20/06/2024 09:36:40;;;;;
20/06/2024 09:36:50;;;;;
20/06/2024 09:37:00;;;;;
20/06/2024 09:37:10;;;;;
20/06/2024 09:37:20;;;;;
20/06/2024 09:37:30;;;;;
20/06/2024 09:37:40;;;;;
20/06/2024 09:37:50;;;;;
20/06/2024 09:38:00;;;;;
20/06/2024 09:38:10;;;;;
20/06/2024 09:38:20;;;;;
20/06/2024 09:38:30;;;;;
20/06/2024 09:38:40;;;;;
20/06/2024 09:38:50;;;;;
20/06/2024 09:39:00;;;;;
20/06/2024 09:39:10;;;;;
20/06/2024 09:39:20;;;;;
20/06/2024 09:39:30;;;;;
20/06/2024 09:39:40;;;;;
20/06/2024 09:39:50;;;;;
20/06/2024 09:40:00;;;;;
20/06/2024 09:40:10;;;;;
20/06/2024 09:40:20;;;;;
20/06/2024 09:40:30;;;;;
20/06/2024 09:40:40;;;;;
20/06/2024 09:40:50;;;;;
20/06/2024 09:41:00;;;;;
20/06/2024 09:41:10;;;;;
20/06/2024 09:41:20;;;;;
20/06/2024 09:41:30;;;;;
20/06/2024 09:41:40;;;;;
20/06/2024 09:41:50;;;;;
20/06/2024 09:42:00;;;;;
20/06/2024 09:42:10;;;;;
20/06/2024 09:42:20;;;;;
20/06/2024 09:42:30;;;;;
20/06/2024 09:42:40;;;;;
20/06/2024 09:42:50;;;;;
20/06/2024 09:43:00;;;;;
20/06/2024 09:43:10;;;;;
20/06/2024 09:43:20;;;;;
20/06/2024 09:43:30;;;;;
20/06/2024 09:43:40;;;;;
20/06/2024 09:43:50;;;;;
20/06/2024 09:44:00;;;;;
20/06/2024 09:44:10;;;;;
20/06/2024 09:44:20;;;;;
20/06/2024 09:44:30;;;;;
20/06/2024 09:44:40;;;;;
20/06/2024 09:44:50;;;;;
20/06/2024 09:45:00;;;;;
20/06/2024 09:45:10;;;;;
20/06/2024 09:45:20;;;;;
20/06/2024 09:45:30;;;;;
20/06/2024 09:45:40;;;;;
20/06/2024 09:45:50;;;;;
20/06/2024 09:46:00;;;;;
20/06/2024 09:46:10;;;;;
20/06/2024 09:46:20;;;;;
20/06/2024 09:46:30;;;;;
20/06/2024 09:46:40;;;;;
20/06/2024 09:46:50;;;;;
20/06/2024 09:47:00;;;;;
20/06/2024 09:47:10;;;;;
20/06/2024 09:47:20;;;;;
20/06/2024 09:47:30;;;;;
20/06/2024 09:47:40;;;;;
20/06/2024 09:47:50;;;;;
20/06/2024 09:48:00;;;;;
20/06/2024 09:48:10;;;;;
20/06/2024 09:48:20;;;;;
20/06/2024 09:48:30;;;;;
20/06/2024 09:48:40;;;;;
20/06/2024 09:48:50;;;;;
20/06/2024 09:49:00;;;;;
20/06/2024 09:49:10;;;;;
20/06/2024 09:49:20;;;;;
20/06/2024 09:49:30;;;;;
20/06/2024 09:49:40;;;;;
20/06/2024 09:49:50;;;;;
20/06/2024 09:50:00;;;;;
20/06/2024 09:50:10;;;;;
20/06/2024 09:50:20;;;;;
20/06/2024 09:50:30;;;;;
20/06/2024 09:50:40;;;;;
20/06/2024 09:50:50;;;;;
20/06/2024 09:51:00;;;;;
20/06/2024 09:51:10;;;;;
20/06/2024 09:51:20;;;;;
20/06/2024 09:51:30;;;;;
20/06/2024 09:51:40;;;;;
20/06/2024 09:51:50;;;;;
20/06/2024 09:52:00;;;;;
20/06/2024 09:52:10;;;;;
20/06/2024 09:52:20;;;;;
20/06/2024 09:52:30;;;;;
20/06/2024 09:52:40;;;;;
20/06/2024 09:52:50;;;;;
20/06/2024 09:53:00;;;;;
20/06/2024 09:53:10;;;;;
20/06/2024 09:53:20;;;;;
20/06/2024 09:53:30;;;;;
20/06/2024 09:53:40;;;;;
20/06/2024 09:53:50;;;;;
20/06/2024 09:54:00;;;;;
20/06/2024 09:54:10;;;;;
20/06/2024 09:54:20;;;;;
20/06/2024 09:54:30;;;;;
20/06/2024 09:54:40;;;;;
20/06/2024 09:54:50;;;;;
20/06/2024 09:55:00;;;;;
20/06/2024 09:55:10;;;;;
20/06/2024 09:55:20;;;;;
20/06/2024 09:55:30;;;;;
20/06/2024 09:55:40;;;;;
20/06/2024 09:55:50;;;;;
20/06/2024 09:56:00;;;;;
20/06/2024 09:56:10;;;;;
20/06/2024 09:56:20;;;;;
20/06/2024 09:56:30;;;;;
20/06/2024 09:56:40;;;;;
20/06/2024 09:56:50;;;;;
20/06/2024 09:57:00;;;;;
20/06/2024 09:57:10;;;;;
20/06/2024 09:57:20;;;;;
20/06/2024 09:57:30;;;;;
20/06/2024 09:57:40;;;;;
20/06/2024 09:57:50;;;;;
20/06/2024 09:58:00;;;;;
20/06/2024 09:58:10;;;;;
20/06/2024 09:58:20;;;;;
20/06/2024 09:58:30;;;;;
20/06/2024 09:58:40;;;;;
20/06/2024 09:58:50;;;;;
20/06/2024 09:59:00;;;;;
20/06/2024 09:59:10;;;;;
20/06/2024 09:59:20;;;;;
20/06/2024 09:59:30;;;;;
20/06/2024 09:59:40;;;;;
20/06/2024 09:59:50;;;;;
20/06/2024 10:00:00;;;;;
20/06/2024 10:00:10;;;;;
20/06/2024 10:00:20;;;;;
20/06/2024 10:00:30;;;;;
20/06/2024 10:00:40;;;;;
20/06/2024 10:00:50;;;;;
20/06/2024 10:01:00;;;;;
20/06/2024 10:01:10;;;;;
20/06/2024 10:01:20;;;;;
20/06/2024 10:01:30;;;;;
20/06/2024 10:01:40;;;;;
20/06/2024 10:01:50;;;;;
20/06/2024 10:02:00;;;;;
20/06/2024 10:02:10;;;;;
20/06/2024 10:02:20;;;;;
20/06/2024 10:02:30;;;;;
20/06/2024 10:02:40;;;;;
20/06/2024 10:02:50;;;;;
20/06/2024 10:03:00;;;;;
20/06/2024 10:03:10;;;;;
20/06/2024 10:03:20;;;;;
20/06/2024 10:03:30;;;;;
20/06/2024 10:03:40;;;;;
20/06/2024 10:03:50;;;;;
20/06/2024 10:04:00;;;;;
20/06/2024 10:04:10;;;;;
20/06/2024 10:04:20;;;;;
20/06/2024 10:04:30;;;;;
20/06/2024 10:04:40;;;;;
20/06/2024 10:04:50;;;;;
20/06/2024 10:05:00;;;;;
20/06/2024 10:05:10;;;;;
20/06/2024 10:05:20;;;;;
20/06/2024 10:05:30;;;;;
20/06/2024 10:05:40;;;;;
20/06/2024 10:05:50;;;;;
20/06/2024 10:06:00;;;;;
20/06/2024 10:06:10;;;;;
20/06/2024 10:06:20;;;;;
20/06/2024 10:06:30;;;;;
20/06/2024 10:06:40;;;;;
20/06/2024 10:06:50;;;;;
20/06/2024 10:07:00;;;;;
20/06/2024 10:07:10;;;;;
20/06/2024 10:07:20;;;;;
20/06/2024 10:07:30;;;;;
20/06/2024 10:07:40;;;;;
20/06/2024 10:07:50;;;;;
20/06/2024 10:08:00;;;;;
20/06/2024 10:08:10;;;;;
20/06/2024 10:08:20;;;;;
20/06/2024 10:08:30;;;;;
20/06/2024 10:08:40;;;;;
20/06/2024 10:08:50;;;;;
20/06/2024 10:09:00;;;;;
20/06/2024 10:09:10;;;;;
20/06/2024 10:09:20;;;;;
20/06/2024 10:09:30;;;;;
20/06/2024 10:09:40;;;;;
20/06/2024 10:09:50;;;;;
20/06/2024 10:10:00;;;;;
20/06/2024 10:10:10;;;;;
20/06/2024 10:10:20;;;;;
20/06/2024 10:10:30;;;;;
20/06/2024 10:10:40;;;;;
20/06/2024 10:10:50;;;;;
20/06/2024 10:11:00;;;;;
20/06/2024 10:11:10;;;;;
20/06/2024 10:11:20;;;;;
20/06/2024 10:11:30;;;;;
20/06/2024 10:11:40;;;;;
20/06/2024 10:11:50;;;;;
20/06/2024 10:12:00;;;;;
20/06/2024 10:12:10;;;;;
20/06/2024 10:12:20;;;;;
20/06/2024 10:12:30;;;;;
20/06/2024 10:12:40;;;;;
20/06/2024 10:12:50;;;;;
20/06/2024 10:13:00;;;;;
20/06/2024 10:13:10;;;;;
20/06/2024 10:13:20;;;;;
20/06/2024 10:13:30;;;;;
20/06/2024 10:13:40;;;;;
20/06/2024 10:13:50;;;;;
20/06/2024 10:14:00;;;;;
20/06/2024 10:14:10;;;;;
20/06/2024 10:14:20;;;;;
20/06/2024 10:14:30;;;;;
20/06/2024 10:14:40;;;;;
20/06/2024 10:14:50;;;;;
20/06/2024 10:15:00;;;;;
20/06/2024 10:15:10;;;;;
20/06/2024 10:15:20;;;;;
20/06/2024 10:15:30;;;;;
20/06/2024 10:15:40;;;;;
20/06/2024 10:15:50;;;;;
20/06/2024 10:16:00;;;;;
20/06/2024 10:16:10;;;;;
20/06/2024 10:16:20;;;;;
20/06/2024 10:16:30;;;;;
20/06/2024 10:16:40;;;;;
20/06/2024 10:16:50;;;;;
20/06/2024 10:17:00;;;;;
20/06/2024 10:17:10;;;;;
20/06/2024 10:17:20;;;;;
20/06/2024 10:17:30;;;;;
20/06/2024 10:17:40;;;;;
20/06/2024 10:17:50;;;;;
20/06/2024 10:18:00;;;;;
20/06/2024 10:18:10;;;;;
20/06/2024 10:18:20;;;;;
20/06/2024 10:18:30;;;;;
20/06/2024 10:18:40;;;;;
20/06/2024 10:18:50;;;;;
20/06/2024 10:19:00;;;;;
20/06/2024 10:19:10;;;;;
20/06/2024 10:19:20;;;;;
20/06/2024 10:19:30;;;;;
20/06/2024 10:19:40;;;;;
20/06/2024 10:19:50;;;;;
20/06/2024 10:20:00;;;;;
20/06/2024 10:20:10;;;;;
20/06/2024 10:20:20;;;;;
20/06/2024 10:20:30;;;;;
20/06/2024 10:20:40;;;;;
20/06/2024 10:20:50;;;;;
20/06/2024 10:21:00;;;;;
20/06/2024 10:21:10;;;;;
20/06/2024 10:21:20;;;;;
20/06/2024 10:21:30;;;;;
20/06/2024 10:21:40;;;;;
20/06/2024 10:21:50;;;;;
20/06/2024 10:22:00;;;;;
20/06/2024 10:22:10;;;;;
20/06/2024 10:22:20;;;;;
20/06/2024 10:22:30;;;;;
20/06/2024 10:22:40;;;;;
20/06/2024 10:22:50;;;;;
20/06/2024 10:23:00;;;;;
20/06/2024 10:23:10;;;;;
20/06/2024 10:23:20;;;;;
20/06/2024 10:23:30;;;;;
20/06/2024 10:23:40;;;;;
20/06/2024 10:23:50;;;;;
20/06/2024 10:24:00;;;;;
20/06/2024 10:24:10;;;;;
20/06/2024 10:24:20;;;;;
20/06/2024 10:24:30;;;;;
20/06/2024 10:24:40;;;;;
20/06/2024 10:24:50;;;;;
20/06/2024 10:25:00;;;;;
20/06/2024 10:25:10;;;;;
20/06/2024 10:25:20;;;;;
20/06/2024 10:25:30;;;;;
20/06/2024 10:25:40;;;;;
20/06/2024 10:25:50;;;;;
20/06/2024 10:26:00;;;;;
20/06/2024 10:26:10;;;;;
20/06/2024 10:26:20;;;;;
20/06/2024 10:26:30;;;;;
20/06/2024 10:26:40;;;;;
20/06/2024 10:26:50;;;;;
20/06/2024 10:27:00;;;;;
20/06/2024 10:27:10;;;;;
20/06/2024 10:27:20;;;;;
20/06/2024 10:27:30;;;;;
20/06/2024 10:27:40;;;;;
20/06/2024 10:27:50;;;;;
20/06/2024 10:28:00;;;;;
20/06/2024 10:28:10;;;;;
20/06/2024 10:28:20;;;;;
20/06/2024 10:28:30;;;;;
20/06/2024 10:28:40;;;;;
20/06/2024 10:28:50;;;;;
20/06/2024 10:29:00;;;;;
20/06/2024 10:29:10;;;;;
20/06/2024 10:29:20;;;;;
20/06/2024 10:29:30;;;;;
20/06/2024 10:29:40;;;;;
20/06/2024 10:29:50;;;;;
20/06/2024 10:30:00;;;;;
20/06/2024 10:30:10;;;;;
20/06/2024 10:30:20;;;;;
20/06/2024 10:30:30;;;;;
20/06/2024 10:30:40;;;;;
20/06/2024 10:30:50;;;;;
20/06/2024 10:31:00;;;;;
20/06/2024 10:31:10;;;;;
20/06/2024 10:31:20;;;;;
20/06/2024 10:31:30;;;;;
20/06/2024 10:31:40;;;;;
20/06/2024 10:31:50;;;;;
20/06/2024 10:32:00;;;;;
20/06/2024 10:32:10;;;;;
20/06/2024 10:32:20;;;;;
20/06/2024 10:32:30;;;;;
20/06/2024 10:32:40;;;;;
20/06/2024 10:32:50;;;;;
20/06/2024 10:33:00;;;;;
20/06/2024 10:33:10;;;;;
20/06/2024 10:33:20;;;;;
20/06/2024 10:33:30;;;;;
20/06/2024 10:33:40;;;;;
20/06/2024 10:33:50;;;;;
20/06/2024 10:34:00;;;;;
20/06/2024 10:34:10;;;;;
20/06/2024 10:34:20;;;;;
20/06/2024 10:34:30;;;;;
20/06/2024 10:34:40;;;;;
20/06/2024 10:34:50;;;;;
20/06/2024 10:35:00;;;;;
20/06/2024 10:35:10;;;;;
20/06/2024 10:35:20;;;;;
20/06/2024 10:35:30;;;;;
20/06/2024 10:35:40;;;;;
20/06/2024 10:35:50;;;;;
20/06/2024 10:36:00;;;;;
20/06/2024 10:36:10;;;;;
20/06/2024 10:36:20;;;;;
20/06/2024 10:36:30;;;;;
20/06/2024 10:36:40;;;;;
20/06/2024 10:36:50;;;;;
20/06/2024 10:37:00;;;;;
20/06/2024 10:37:10;;;;;
20/06/2024 10:37:20;;;;;
20/06/2024 10:37:30;;;;;
20/06/2024 10:37:40;;;;;
20/06/2024 10:37:50;;;;;
20/06/2024 10:38:00;;;;;
20/06/2024 10:38:10;;;;;
20/06/2024 10:38:20;;;;;
20/06/2024 10:38:30;;;;;
20/06/2024 10:38:40;;;;;
20/06/2024 10:38:50;;;;;
20/06/2024 10:39:00;;;;;
20/06/2024 10:39:10;;;;;
20/06/2024 10:39:20;;;;;
20/06/2024 10:39:30;;;;;
20/06/2024 10:39:40;;;;;
20/06/2024 10:39:50;;;;;
20/06/2024 10:40:00;;;;;
20/06/2024 10:40:10;;;;;
20/06/2024 10:40:20;;;;;
20/06/2024 10:40:30;;;;;
20/06/2024 10:40:40;;;;;
20/06/2024 10:40:50;;;;;
20/06/2024 10:41:00;;;;;
20/06/2024 10:41:10;;;;;
20/06/2024 10:41:20;;;;;
20/06/2024 10:41:30;;;;;
20/06/2024 10:41:40;;;;;
20/06/2024 10:41:50;;;;;
20/06/2024 10:42:00;;;;;
20/06/2024 10:42:10;;;;;
20/06/2024 10:42:20;;;;;
20/06/2024 10:42:30;;;;;
20/06/2024 10:42:40;;;;;
20/06/2024 10:42:50;;;;;
20/06/2024 10:43:00;;;;;
20/06/2024 10:43:10;;;;;
20/06/2024 10:43:20;;;;;
20/06/2024 10:43:30;;;;;
20/06/2024 10:43:40;;;;;
20/06/2024 10:43:50;;;;;
20/06/2024 10:44:00;;;;;
20/06/2024 10:44:10;;;;;
20/06/2024 10:44:20;;;;;
20/06/2024 10:44:30;;;;;
20/06/2024 10:44:40;;;;;
20/06/2024 10:44:50;;;;;
20/06/2024 10:45:00;;;;;
20/06/2024 10:45:10;;;;;
20/06/2024 10:45:20;;;;;
20/06/2024 10:45:30;;;;;
20/06/2024 10:45:40;;;;;
20/06/2024 10:45:50;;;;;
20/06/2024 10:46:00;;;;;
20/06/2024 10:46:10;;;;;
20/06/2024 10:46:20;;;;;
20/06/2024 10:46:30;;;;;
20/06/2024 10:46:40;;;;;
20/06/2024 10:46:50;;;;;
20/06/2024 10:47:00;;;;;
20/06/2024 10:47:10;;;;;
20/06/2024 10:47:20;;;;;
20/06/2024 10:47:30;;;;;
20/06/2024 10:47:40;;;;;
20/06/2024 10:47:50;;;;;
20/06/2024 10:48:00;;;;;
20/06/2024 10:48:10;;;;;
20/06/2024 10:48:20;;;;;
20/06/2024 10:48:30;;;;;
20/06/2024 10:48:40;;;;;
20/06/2024 10:48:50;;;;;
20/06/2024 10:49:00;;;;;
20/06/2024 10:49:10;;;;;
20/06/2024 10:49:20;;;;;
20/06/2024 10:49:30;;;;;
20/06/2024 10:49:40;;;;;
20/06/2024 10:49:50;;;;;
20/06/2024 10:50:00;;;;;
20/06/2024 10:50:10;;;;;
20/06/2024 10:50:20;;;;;
20/06/2024 10:50:30;;;;;
20/06/2024 10:50:40;;;;;
20/06/2024 10:50:50;;;;;
20/06/2024 10:51:00;;;;;
20/06/2024 10:51:10;;;;;
20/06/2024 10:51:20;;;;;
20/06/2024 10:51:30;;;;;
20/06/2024 10:51:40;;;;;
20/06/2024 10:51:50;;;;;
20/06/2024 10:52:00;;;;;
20/06/2024 10:52:10;;;;;
20/06/2024 10:52:20;;;;;
20/06/2024 10:52:30;;;;;
20/06/2024 10:52:40;;;;;
20/06/2024 10:52:50;;;;;
20/06/2024 10:53:00;;;;;
20/06/2024 10:53:10;;;;;
20/06/2024 10:53:20;;;;;
20/06/2024 10:53:30;;;;;
20/06/2024 10:53:40;;;;;
20/06/2024 10:53:50;;;;;
20/06/2024 10:54:00;;;;;
20/06/2024 10:54:10;;;;;
20/06/2024 10:54:20;;;;;
20/06/2024 10:54:30;;;;;
20/06/2024 10:54:40;;;;;
20/06/2024 10:54:50;;;;;
20/06/2024 10:55:00;;;;;
20/06/2024 10:55:10;;;;;
20/06/2024 10:55:20;;;;;
20/06/2024 10:55:30;;;;;
20/06/2024 10:55:40;;;;;
20/06/2024 10:55:50;;;;;
20/06/2024 10:56:00;;;;;
20/06/2024 10:56:10;;;;;
20/06/2024 10:56:20;;;;;
20/06/2024 10:56:30;;;;;
20/06/2024 10:56:40;;;;;
20/06/2024 10:56:50;;;;;
20/06/2024 10:57:00;;;;;
20/06/2024 10:57:10;;;;;
20/06/2024 10:57:20;;;;;
20/06/2024 10:57:30;;;;;
20/06/2024 10:57:40;;;;;
20/06/2024 10:57:50;;;;;
20/06/2024 10:58:00;;;;;
20/06/2024 10:58:10;;;;;
20/06/2024 10:58:20;;;;;
20/06/2024 10:58:30;;;;;
20/06/2024 10:58:40;;;;;
20/06/2024 10:58:50;;;;;
20/06/2024 10:59:00;;;;;
20/06/2024 10:59:10;;;;;
20/06/2024 10:59:20;;;;;
20/06/2024 10:59:30;;;;;
20/06/2024 10:59:40;;;;;
20/06/2024 10:59:50;;;;;
20/06/2024 11:00:00;;;;;
20/06/2024 11:00:10;;;;;
20/06/2024 11:00:20;;;;;
20/06/2024 11:00:30;;;;;
20/06/2024 11:00:40;;;;;
20/06/2024 11:00:50;;;;;
20/06/2024 11:01:00;;;;;
20/06/2024 11:01:10;;;;;
20/06/2024 11:01:20;;;;;
20/06/2024 11:01:30;;;;;
20/06/2024 11:01:40;;;;;
20/06/2024 11:01:50;;;;;
20/06/2024 11:02:00;;;;;
20/06/2024 11:02:10;;;;;
20/06/2024 11:02:20;;;;;
20/06/2024 11:02:30;;;;;
20/06/2024 11:02:40;;;;;
20/06/2024 11:02:50;;;;;
20/06/2024 11:03:00;;;;;
20/06/2024 11:03:10;;;;;
20/06/2024 11:03:20;;;;;
20/06/2024 11:03:30;;;;;
20/06/2024 11:03:40;;;;;
20/06/2024 11:03:50;;;;;
20/06/2024 11:04:00;;;;;
20/06/2024 11:04:10;;;;;
20/06/2024 11:04:20;;;;;
20/06/2024 11:04:30;;;;;
20/06/2024 11:04:40;;;;;
20/06/2024 11:04:50;;;;;
20/06/2024 11:05:00;;;;;
20/06/2024 11:05:10;;;;;
20/06/2024 11:05:20;;;;;
20/06/2024 11:05:30;;;;;
20/06/2024 11:05:40;;;;;
20/06/2024 11:05:50;;;;;
20/06/2024 11:06:00;;;;;
20/06/2024 11:06:10;;;;;
20/06/2024 11:06:20;;;;;
20/06/2024 11:06:30;;;;;
20/06/2024 11:06:40;;;;;
20/06/2024 11:06:50;;;;;
20/06/2024 11:07:00;;;;;
20/06/2024 11:07:10;;;;;
20/06/2024 11:07:20;;;;;
20/06/2024 11:07:30;;;;;
20/06/2024 11:07:40;;;;;
20/06/2024 11:07:50;;;;;
20/06/2024 11:08:00;;;;;
20/06/2024 11:08:10;;;;;
20/06/2024 11:08:20;;;;;
20/06/2024 11:08:30;;;;;
20/06/2024 11:08:40;;;;;
20/06/2024 11:08:50;;;;;
20/06/2024 11:09:00;;;;;
20/06/2024 11:09:10;;;;;
20/06/2024 11:09:20;;;;;
20/06/2024 11:09:30;;;;;
20/06/2024 11:09:40;;;;;
20/06/2024 11:09:50;;;;;
20/06/2024 11:10:00;;;;;
20/06/2024 11:10:10;;;;;
20/06/2024 11:10:20;;;;;
20/06/2024 11:10:30;;;;;
20/06/2024 11:10:40;;;;;
20/06/2024 11:10:50;;;;;
20/06/2024 11:11:00;;;;;
20/06/2024 11:11:10;;;;;
20/06/2024 11:11:20;;;;;
20/06/2024 11:11:30;;;;;
20/06/2024 11:11:40;;;;;
20/06/2024 11:11:50;;;;;
20/06/2024 11:12:00;;;;;
20/06/2024 11:12:10;;;;;
20/06/2024 11:12:20;;;;;
20/06/2024 11:12:30;;;;;
20/06/2024 11:12:40;;;;;
20/06/2024 11:12:50;;;;;
20/06/2024 11:13:00;;;;;
20/06/2024 11:13:10;;;;;
20/06/2024 11:13:20;;;;;
20/06/2024 11:13:30;;;;;
20/06/2024 11:13:40;;;;;
20/06/2024 11:13:50;;;;;
20/06/2024 11:14:00;;;;;
20/06/2024 11:14:10;;;;;
20/06/2024 11:14:20;;;;;
20/06/2024 11:14:30;;;;;
20/06/2024 11:14:40;;;;;
20/06/2024 11:14:50;;;;;
20/06/2024 11:15:00;;;;;
20/06/2024 11:15:10;;;;;
20/06/2024 11:15:20;;;;;
20/06/2024 11:15:30;;;;;
20/06/2024 11:15:40;;;;;
20/06/2024 11:15:50;;;;;
20/06/2024 11:16:00;;;;;
20/06/2024 11:16:10;;;;;
20/06/2024 11:16:20;;;;;
20/06/2024 11:16:30;;;;;
20/06/2024 11:16:40;;;;;
20/06/2024 11:16:50;;;;;
20/06/2024 11:17:00;;;;;
20/06/2024 11:17:10;;;;;
20/06/2024 11:17:20;;;;;
20/06/2024 11:17:30;;;;;
20/06/2024 11:17:40;;;;;
20/06/2024 11:17:50;;;;;
20/06/2024 11:18:00;;;;;
20/06/2024 11:18:10;;;;;
20/06/2024 11:18:20;;;;;
20/06/2024 11:18:30;;;;;
20/06/2024 11:18:40;;;;;
20/06/2024 11:18:50;;;;;
20/06/2024 11:19:00;;;;;
20/06/2024 11:19:10;;;;;
20/06/2024 11:19:20;;;;;
20/06/2024 11:19:30;;;;;
20/06/2024 11:19:40;;;;;
20/06/2024 11:19:50;;;;;
20/06/2024 11:20:00;;;;;
20/06/2024 11:20:10;;;;;
20/06/2024 11:20:20;;;;;
20/06/2024 11:20:30;;;;;
20/06/2024 11:20:40;;;;;
20/06/2024 11:20:50;;;;;
20/06/2024 11:21:00;;;;;
20/06/2024 11:21:10;;;;;
20/06/2024 11:21:20;;;;;
20/06/2024 11:21:30;;;;;
20/06/2024 11:21:40;;;;;
20/06/2024 11:21:50;;;;;
20/06/2024 11:22:00;;;;;
20/06/2024 11:22:10;;;;;
20/06/2024 11:22:20;;;;;
20/06/2024 11:22:30;;;;;
20/06/2024 11:22:40;;;;;
20/06/2024 11:22:50;;;;;
20/06/2024 11:23:00;;;;;
20/06/2024 11:23:10;;;;;
20/06/2024 11:23:20;;;;;
20/06/2024 11:23:30;;;;;
20/06/2024 11:23:40;;;;;
20/06/2024 11:23:50;;;;;
20/06/2024 11:24:00;;;;;
20/06/2024 11:24:10;;;;;
20/06/2024 11:24:20;;;;;
20/06/2024 11:24:30;;;;;
20/06/2024 11:24:40;;;;;
20/06/2024 11:24:50;;;;;
20/06/2024 11:25:00;;;;;
20/06/2024 11:25:10;;;;;
20/06/2024 11:25:20;;;;;
20/06/2024 11:25:30;;;;;
20/06/2024 11:25:40;;;;;
20/06/2024 11:25:50;;;;;
20/06/2024 11:26:00;;;;;
20/06/2024 11:26:10;;;;;
20/06/2024 11:26:20;;;;;
20/06/2024 11:26:30;;;;;
20/06/2024 11:26:40;;;;;
20/06/2024 11:26:50;;;;;
20/06/2024 11:27:00;;;;;
20/06/2024 11:27:10;;;;;
20/06/2024 11:27:20;;;;;
20/06/2024 11:27:30;;;;;
20/06/2024 11:27:40;;;;;
20/06/2024 11:27:50;;;;;
20/06/2024 11:28:00;;;;;
20/06/2024 11:28:10;;;;;
20/06/2024 11:28:20;;;;;
20/06/2024 11:28:30;;;;;
20/06/2024 11:28:40;;;;;
20/06/2024 11:28:50;;;;;
20/06/2024 11:29:00;;;;;
20/06/2024 11:29:10;;;;;
20/06/2024 11:29:20;;;;;
20/06/2024 11:29:30;;;;;
20/06/2024 11:29:40;;;;;
20/06/2024 11:29:50;;;;;
20/06/2024 11:30:00;;;;;
20/06/2024 11:30:10;;;;;
20/06/2024 11:30:20;;;;;
20/06/2024 11:30:30;;;;;
20/06/2024 11:30:40;;;;;
20/06/2024 11:30:50;;;;;
20/06/2024 11:31:00;;;;;
20/06/2024 11:31:10;;;;;
20/06/2024 11:31:20;;;;;
20/06/2024 11:31:30;;;;;
20/06/2024 11:31:40;;;;;
20/06/2024 11:31:50;;;;;
20/06/2024 11:32:00;;;;;
20/06/2024 11:32:10;;;;;
20/06/2024 11:32:20;;;;;
20/06/2024 11:32:30;;;;;
20/06/2024 11:32:40;;;;;
20/06/2024 11:32:50;;;;;
20/06/2024 11:33:00;;;;;
20/06/2024 11:33:10;;;;;
20/06/2024 11:33:20;;;;;
20/06/2024 11:33:30;;;;;
20/06/2024 11:33:40;;;;;
20/06/2024 11:33:50;;;;;
20/06/2024 11:34:00;;;;;
20/06/2024 11:34:10;;;;;
20/06/2024 11:34:20;;;;;
20/06/2024 11:34:30;;;;;
20/06/2024 11:34:40;;;;;
20/06/2024 11:34:50;;;;;
20/06/2024 11:35:00;;;;;
20/06/2024 11:35:10;;;;;
20/06/2024 11:35:20;;;;;
20/06/2024 11:35:30;;;;;
20/06/2024 11:35:40;;;;;
20/06/2024 11:35:50;;;;;
20/06/2024 11:36:00;;;;;
20/06/2024 11:36:10;;;;;
20/06/2024 11:36:20;;;;;
20/06/2024 11:36:30;;;;;
20/06/2024 11:36:40;;;;;
20/06/2024 11:36:50;;;;;
20/06/2024 11:37:00;;;;;
20/06/2024 11:37:10;;;;;
20/06/2024 11:37:20;;;;;
20/06/2024 11:37:30;;;;;
20/06/2024 11:37:40;;;;;
20/06/2024 11:37:50;;;;;
20/06/2024 11:38:00;;;;;
20/06/2024 11:38:10;;;;;
20/06/2024 11:38:20;;;;;
20/06/2024 11:38:30;;;;;
20/06/2024 11:38:40;;;;;
20/06/2024 11:38:50;;;;;
20/06/2024 11:39:00;;;;;
20/06/2024 11:39:10;;;;;
20/06/2024 11:39:20;;;;;
20/06/2024 11:39:30;;;;;
20/06/2024 11:39:40;;;;;
20/06/2024 11:39:50;;;;;
20/06/2024 11:40:00;;;;;
20/06/2024 11:40:10;;;;;
20/06/2024 11:40:20;;;;;
20/06/2024 11:40:30;;;;;
20/06/2024 11:40:40;;;;;
20/06/2024 11:40:50;;;;;
20/06/2024 11:41:00;;;;;
20/06/2024 11:41:10;;;;;
20/06/2024 11:41:20;;;;;
20/06/2024 11:41:30;;;;;
20/06/2024 11:41:40;;;;;
20/06/2024 11:41:50;;;;;
20/06/2024 11:42:00;;;;;
20/06/2024 11:42:10;;;;;
20/06/2024 11:42:20;;;;;
20/06/2024 11:42:30;;;;;
20/06/2024 11:42:40;;;;;
20/06/2024 11:42:50;;;;;
20/06/2024 11:43:00;;;;;
20/06/2024 11:43:10;;;;;
20/06/2024 11:43:20;;;;;
20/06/2024 11:43:30;;;;;
20/06/2024 11:43:40;;;;;
20/06/2024 11:43:50;;;;;
20/06/2024 11:44:00;;;;;
20/06/2024 11:44:10;;;;;
20/06/2024 11:44:20;;;;;
20/06/2024 11:44:30;;;;;
20/06/2024 11:44:40;;;;;
20/06/2024 11:44:50;;;;;
20/06/2024 11:45:00;;;;;
20/06/2024 11:45:10;;;;;
20/06/2024 11:45:20;;;;;
20/06/2024 11:45:30;;;;;
20/06/2024 11:45:40;;;;;
20/06/2024 11:45:50;;;;;
20/06/2024 11:46:00;;;;;
20/06/2024 11:46:10;;;;;
20/06/2024 11:46:20;;;;;
20/06/2024 11:46:30;;;;;
20/06/2024 11:46:40;;;;;
20/06/2024 11:46:50;;;;;
20/06/2024 11:47:00;;;;;
20/06/2024 11:47:10;;;;;
20/06/2024 11:47:20;;;;;
20/06/2024 11:47:30;;;;;
20/06/2024 11:47:40;;;;;
20/06/2024 11:47:50;;;;;
20/06/2024 11:48:00;;;;;
20/06/2024 11:48:10;;;;;
20/06/2024 11:48:20;;;;;
20/06/2024 11:48:30;;;;;
20/06/2024 11:48:40;;;;;
20/06/2024 11:48:50;;;;;
20/06/2024 11:49:00;;;;;
20/06/2024 11:49:10;;;;;
20/06/2024 11:49:20;;;;;
20/06/2024 11:49:30;;;;;
20/06/2024 11:49:40;;;;;
20/06/2024 11:49:50;;;;;
20/06/2024 11:50:00;;;;;
20/06/2024 11:50:10;;;;;
20/06/2024 11:50:20;;;;;
20/06/2024 11:50:30;;;;;
20/06/2024 11:50:40;;;;;
20/06/2024 11:50:50;;;;;
20/06/2024 11:51:00;;;;;
20/06/2024 11:51:10;;;;;
20/06/2024 11:51:20;;;;;
20/06/2024 11:51:30;;;;;
20/06/2024 11:51:40;;;;;
20/06/2024 11:51:50;;;;;
20/06/2024 11:52:00;;;;;
20/06/2024 11:52:10;;;;;
20/06/2024 11:52:20;;;;;
20/06/2024 11:52:30;;;;;
20/06/2024 11:52:40;;;;;
20/06/2024 11:52:50;;;;;
20/06/2024 11:53:00;;;;;
20/06/2024 11:53:10;;;;;
20/06/2024 11:53:20;;;;;
20/06/2024 11:53:30;;;;;
20/06/2024 11:53:40;;;;;
20/06/2024 11:53:50;;;;;
20/06/2024 11:54:00;;;;;
20/06/2024 11:54:10;;;;;
20/06/2024 11:54:20;;;;;
20/06/2024 11:54:30;;;;;
20/06/2024 11:54:40;;;;;
20/06/2024 11:54:50;;;;;
20/06/2024 11:55:00;;;;;
20/06/2024 11:55:10;;;;;
20/06/2024 11:55:20;;;;;
20/06/2024 11:55:30;;;;;
20/06/2024 11:55:40;;;;;
20/06/2024 11:55:50;;;;;
20/06/2024 11:56:00;;;;;
20/06/2024 11:56:10;;;;;
20/06/2024 11:56:20;;;;;
20/06/2024 11:56:30;;;;;
20/06/2024 11:56:40;;;;;
20/06/2024 11:56:50;;;;;
20/06/2024 11:57:00;;;;;
20/06/2024 11:57:10;;;;;
20/06/2024 11:57:20;;;;;
20/06/2024 11:57:30;;;;;
20/06/2024 11:57:40;;;;;
20/06/2024 11:57:50;;;;;
20/06/2024 11:58:00;;;;;
20/06/2024 11:58:10;;;;;
20/06/2024 11:58:20;;;;;
20/06/2024 11:58:30;;;;;
20/06/2024 11:58:40;;;;;
20/06/2024 11:58:50;;;;;
20/06/2024 11:59:00;;;;;
20/06/2024 11:59:10;;;;;
20/06/2024 11:59:20;;;;;
20/06/2024 11:59:30;;;;;
20/06/2024 11:59:40;;;;;
20/06/2024 11:59:50;;;;;
20/06/2024 12:00:00;;;;;
20/06/2024 12:00:10;;;;;
20/06/2024 12:00:20;;;;;
20/06/2024 12:00:30;;;;;
20/06/2024 12:00:40;;;;;
20/06/2024 12:00:50;;;;;
20/06/2024 12:01:00;;;;;
20/06/2024 12:01:10;;;;;
20/06/2024 12:01:20;;;;;
20/06/2024 12:01:30;;;;;
20/06/2024 12:01:40;;;;;
20/06/2024 12:01:50;;;;;
20/06/2024 12:02:00;;;;;
20/06/2024 12:02:10;;;;;
20/06/2024 12:02:20;;;;;
20/06/2024 12:02:30;;;;;
20/06/2024 12:02:40;;;;;
20/06/2024 12:02:50;;;;;
20/06/2024 12:03:00;;;;;
20/06/2024 12:03:10;;;;;
20/06/2024 12:03:20;;;;;
20/06/2024 12:03:30;;;;;
20/06/2024 12:03:40;;;;;
20/06/2024 12:03:50;;;;;
20/06/2024 12:04:00;;;;;
20/06/2024 12:04:10;;;;;
20/06/2024 12:04:20;;;;;
20/06/2024 12:04:30;;;;;
20/06/2024 12:04:40;;;;;
20/06/2024 12:04:50;;;;;
20/06/2024 12:05:00;;;;;
20/06/2024 12:05:10;;;;;
20/06/2024 12:05:20;;;;;
20/06/2024 12:05:30;;;;;
20/06/2024 12:05:40;;;;;
20/06/2024 12:05:50;;;;;
20/06/2024 12:06:00;;;;;
20/06/2024 12:06:10;;;;;
20/06/2024 12:06:20;;;;;
20/06/2024 12:06:30;;;;;
20/06/2024 12:06:40;;;;;
20/06/2024 12:06:50;;;;;
20/06/2024 12:07:00;;;;;
20/06/2024 12:07:10;;;;;
20/06/2024 12:07:20;;;;;
20/06/2024 12:07:30;;;;;
20/06/2024 12:07:40;;;;;
20/06/2024 12:07:50;;;;;
20/06/2024 12:08:00;;;;;
20/06/2024 12:08:10;;;;;
20/06/2024 12:08:20;;;;;
20/06/2024 12:08:30;;;;;
20/06/2024 12:08:40;;;;;
20/06/2024 12:08:50;;;;;
20/06/2024 12:09:00;;;;;
20/06/2024 12:09:10;;;;;
20/06/2024 12:09:20;;;;;
20/06/2024 12:09:30;;;;;
20/06/2024 12:09:40;;;;;
20/06/2024 12:09:50;;;;;
20/06/2024 12:10:00;;;;;
20/06/2024 12:10:10;;;;;
20/06/2024 12:10:20;;;;;
20/06/2024 12:10:30;;;;;
20/06/2024 12:10:40;;;;;
20/06/2024 12:10:50;;;;;
20/06/2024 12:11:00;;;;;
20/06/2024 12:11:10;;;;;
20/06/2024 12:11:20;;;;;
20/06/2024 12:11:30;;;;;
20/06/2024 12:11:40;;;;;
20/06/2024 12:11:50;;;;;
20/06/2024 12:12:00;;;;;
20/06/2024 12:12:10;;;;;
20/06/2024 12:12:20;;;;;
20/06/2024 12:12:30;;;;;
20/06/2024 12:12:40;;;;;
20/06/2024 12:12:50;;;;;
20/06/2024 12:13:00;;;;;
20/06/2024 12:13:10;;;;;
20/06/2024 12:13:20;;;;;
20/06/2024 12:13:30;;;;;
20/06/2024 12:13:40;;;;;
20/06/2024 12:13:50;;;;;
20/06/2024 12:14:00;;;;;
20/06/2024 12:14:10;;;;;
20/06/2024 12:14:20;;;;;
20/06/2024 12:14:30;;;;;
20/06/2024 12:14:40;;;;;
20/06/2024 12:14:50;;;;;
20/06/2024 12:15:00;;;;;
20/06/2024 12:15:10;;;;;
20/06/2024 12:15:20;;;;;
20/06/2024 12:15:30;;;;;
20/06/2024 12:15:40;;;;;
20/06/2024 12:15:50;;;;;
20/06/2024 12:16:00;;;;;
20/06/2024 12:16:10;;;;;
20/06/2024 12:16:20;;;;;
20/06/2024 12:16:30;;;;;
20/06/2024 12:16:40;;;;;
20/06/2024 12:16:50;;;;;
20/06/2024 12:17:00;;;;;
20/06/2024 12:17:10;;;;;
20/06/2024 12:17:20;;;;;
20/06/2024 12:17:30;;;;;
20/06/2024 12:17:40;;;;;
20/06/2024 12:17:50;;;;;
20/06/2024 12:18:00;;;;;
20/06/2024 12:18:10;;;;;
20/06/2024 12:18:20;;;;;
20/06/2024 12:18:30;;;;;
20/06/2024 12:18:40;;;;;
20/06/2024 12:18:50;;;;;
20/06/2024 12:19:00;;;;;
20/06/2024 12:19:10;;;;;
20/06/2024 12:19:20;;;;;
20/06/2024 12:19:30;;;;;
20/06/2024 12:19:40;;;;;
20/06/2024 12:19:50;;;;;
20/06/2024 12:20:00;;;;;
20/06/2024 12:20:10;;;;;
20/06/2024 12:20:20;;;;;
20/06/2024 12:20:30;;;;;
20/06/2024 12:20:40;;;;;
20/06/2024 12:20:50;;;;;
20/06/2024 12:21:00;;;;;
20/06/2024 12:21:10;;;;;
20/06/2024 12:21:20;;;;;
20/06/2024 12:21:30;;;;;
20/06/2024 12:21:40;;;;;
20/06/2024 12:21:50;;;;;
20/06/2024 12:22:00;;;;;
20/06/2024 12:22:10;;;;;
20/06/2024 12:22:20;;;;;
20/06/2024 12:22:30;;;;;
20/06/2024 12:22:40;;;;;
20/06/2024 12:22:50;;;;;
20/06/2024 12:23:00;;;;;
20/06/2024 12:23:10;;;;;
20/06/2024 12:23:20;;;;;
20/06/2024 12:23:30;;;;;
20/06/2024 12:23:40;;;;;
20/06/2024 12:23:50;;;;;
20/06/2024 12:24:00;;;;;
20/06/2024 12:24:10;;;;;
20/06/2024 12:24:20;;;;;
20/06/2024 12:24:30;;;;;
20/06/2024 12:24:40;;;;;
20/06/2024 12:24:50;;;;;
20/06/2024 12:25:00;;;;;
20/06/2024 12:25:10;;;;;
20/06/2024 12:25:20;;;;;
20/06/2024 12:25:30;;;;;
20/06/2024 12:25:40;;;;;
20/06/2024 12:25:50;;;;;
20/06/2024 12:26:00;;;;;
20/06/2024 12:26:10;;;;;
20/06/2024 12:26:20;;;;;
20/06/2024 12:26:30;;;;;
20/06/2024 12:26:40;;;;;
20/06/2024 12:26:50;;;;;
20/06/2024 12:27:00;;;;;
20/06/2024 12:27:10;;;;;
20/06/2024 12:27:20;;;;;
20/06/2024 12:27:30;;;;;
20/06/2024 12:27:40;;;;;
20/06/2024 12:27:50;;;;;
20/06/2024 12:28:00;;;;;
20/06/2024 12:28:10;;;;;
20/06/2024 12:28:20;;;;;
20/06/2024 12:28:30;;;;;
20/06/2024 12:28:40;;;;;
20/06/2024 12:28:50;;;;;
20/06/2024 12:29:00;;;;;
20/06/2024 12:29:10;;;;;
20/06/2024 12:29:20;;;;;
20/06/2024 12:29:30;;;;;
20/06/2024 12:29:40;;;;;
20/06/2024 12:29:50;;;;;
20/06/2024 12:30:00;;;;;
20/06/2024 12:30:10;;;;;
20/06/2024 12:30:20;;;;;
20/06/2024 12:30:30;;;;;
20/06/2024 12:30:40;;;;;
20/06/2024 12:30:50;;;;;
20/06/2024 12:31:00;;;;;
20/06/2024 12:31:10;;;;;
20/06/2024 12:31:20;;;;;
20/06/2024 12:31:30;;;;;
20/06/2024 12:31:40;;;;;
20/06/2024 12:31:50;;;;;
20/06/2024 12:32:00;;;;;
20/06/2024 12:32:10;;;;;
20/06/2024 12:32:20;;;;;
20/06/2024 12:32:30;;;;;
20/06/2024 12:32:40;;;;;
20/06/2024 12:32:50;;;;;
20/06/2024 12:33:00;;;;;
20/06/2024 12:33:10;;;;;
20/06/2024 12:33:20;;;;;
20/06/2024 12:33:30;;;;;
20/06/2024 12:33:40;;;;;
20/06/2024 12:33:50;;;;;
20/06/2024 12:34:00;;;;;
20/06/2024 12:34:10;;;;;
20/06/2024 12:34:20;;;;;
20/06/2024 12:34:30;;;;;
20/06/2024 12:34:40;;;;;
20/06/2024 12:34:50;;;;;
20/06/2024 12:35:00;;;;;
20/06/2024 12:35:10;;;;;
20/06/2024 12:35:20;;;;;
20/06/2024 12:35:30;;;;;
20/06/2024 12:35:40;;;;;
20/06/2024 12:35:50;;;;;
20/06/2024 12:36:00;;;;;
20/06/2024 12:36:10;;;;;
20/06/2024 12:36:20;;;;;
20/06/2024 12:36:30;;;;;
20/06/2024 12:36:40;;;;;
20/06/2024 12:36:50;;;;;
20/06/2024 12:37:00;;;;;
20/06/2024 12:37:10;;;;;
20/06/2024 12:37:20;;;;;
20/06/2024 12:37:30;;;;;
20/06/2024 12:37:40;;;;;
20/06/2024 12:37:50;;;;;
20/06/2024 12:38:00;;;;;
20/06/2024 12:38:10;;;;;
20/06/2024 12:38:20;;;;;
20/06/2024 12:38:30;;;;;
20/06/2024 12:38:40;;;;;
20/06/2024 12:38:50;;;;;
20/06/2024 12:39:00;;;;;
20/06/2024 12:39:10;;;;;
20/06/2024 12:39:20;;;;;
20/06/2024 12:39:30;;;;;
20/06/2024 12:39:40;;;;;
20/06/2024 12:39:50;;;;;
20/06/2024 12:40:00;;;;;
20/06/2024 12:40:10;;;;;
20/06/2024 12:40:20;;;;;
20/06/2024 12:40:30;;;;;
20/06/2024 12:40:40;;;;;
20/06/2024 12:40:50;;;;;
20/06/2024 12:41:00;;;;;
20/06/2024 12:41:10;;;;;
20/06/2024 12:41:20;;;;;
20/06/2024 12:41:30;;;;;
20/06/2024 12:41:40;;;;;
20/06/2024 12:41:50;;;;;
20/06/2024 12:42:00;;;;;
20/06/2024 12:42:10;;;;;
20/06/2024 12:42:20;;;;;
20/06/2024 12:42:30;;;;;
20/06/2024 12:42:40;;;;;
20/06/2024 12:42:50;;;;;
20/06/2024 12:43:00;;;;;
20/06/2024 12:43:10;;;;;
20/06/2024 12:43:20;;;;;
20/06/2024 12:43:30;;;;;
20/06/2024 12:43:40;;;;;
20/06/2024 12:43:50;;;;;
20/06/2024 12:44:00;;;;;
20/06/2024 12:44:10;;;;;
20/06/2024 12:44:20;;;;;
20/06/2024 12:44:30;;;;;
20/06/2024 12:44:40;;;;;
20/06/2024 12:44:50;;;;;
20/06/2024 12:45:00;;;;;
20/06/2024 12:45:10;;;;;
20/06/2024 12:45:20;;;;;
20/06/2024 12:45:30;;;;;
20/06/2024 12:45:40;;;;;
20/06/2024 12:45:50;;;;;
20/06/2024 12:46:00;;;;;
20/06/2024 12:46:10;;;;;
20/06/2024 12:46:20;;;;;
20/06/2024 12:46:30;;;;;
20/06/2024 12:46:40;;;;;
20/06/2024 12:46:50;;;;;
20/06/2024 12:47:00;;;;;
20/06/2024 12:47:10;;;;;
20/06/2024 12:47:20;;;;;
20/06/2024 12:47:30;;;;;
20/06/2024 12:47:40;;;;;
20/06/2024 12:47:50;;;;;
20/06/2024 12:48:00;;;;;
20/06/2024 12:48:10;;;;;
20/06/2024 12:48:20;;;;;
20/06/2024 12:48:30;;;;;
20/06/2024 12:48:40;;;;;
20/06/2024 12:48:50;;;;;
20/06/2024 12:49:00;;;;;
20/06/2024 12:49:10;;;;;
20/06/2024 12:49:20;;;;;
20/06/2024 12:49:30;;;;;
20/06/2024 12:49:40;;;;;
20/06/2024 12:49:50;;;;;
20/06/2024 12:50:00;;;;;
20/06/2024 12:50:10;;;;;
20/06/2024 12:50:20;;;;;
20/06/2024 12:50:30;;;;;
20/06/2024 12:50:40;;;;;
20/06/2024 12:50:50;;;;;
20/06/2024 12:51:00;;;;;
20/06/2024 12:51:10;;;;;
20/06/2024 12:51:20;;;;;
20/06/2024 12:51:30;;;;;
20/06/2024 12:51:40;;;;;
20/06/2024 12:51:50;;;;;
20/06/2024 12:52:00;;;;;
20/06/2024 12:52:10;;;;;
20/06/2024 12:52:20;;;;;
20/06/2024 12:52:30;;;;;
20/06/2024 12:52:40;;;;;
20/06/2024 12:52:50;;;;;
20/06/2024 12:53:00;;;;;
20/06/2024 12:53:10;;;;;
20/06/2024 12:53:20;;;;;
20/06/2024 12:53:30;;;;;
20/06/2024 12:53:40;;;;;
20/06/2024 12:53:50;;;;;
20/06/2024 12:54:00;;;;;
20/06/2024 12:54:10;;;;;
20/06/2024 12:54:20;;;;;
20/06/2024 12:54:30;;;;;
20/06/2024 12:54:40;;;;;
20/06/2024 12:54:50;;;;;
20/06/2024 12:55:00;;;;;
20/06/2024 12:55:10;;;;;
20/06/2024 12:55:20;;;;;
20/06/2024 12:55:30;;;;;
20/06/2024 12:55:40;;;;;
20/06/2024 12:55:50;;;;;
20/06/2024 12:56:00;;;;;
20/06/2024 12:56:10;;;;;
20/06/2024 12:56:20;;;;;
20/06/2024 12:56:30;;;;;
20/06/2024 12:56:40;;;;;
20/06/2024 12:56:50;;;;;
20/06/2024 12:57:00;;;;;
20/06/2024 12:57:10;;;;;
20/06/2024 12:57:20;;;;;
20/06/2024 12:57:30;;;;;
20/06/2024 12:57:40;;;;;
20/06/2024 12:57:50;;;;;
20/06/2024 12:58:00;;;;;
20/06/2024 12:58:10;;;;;
20/06/2024 12:58:20;;;;;
20/06/2024 12:58:30;;;;;
20/06/2024 12:58:40;;;;;
20/06/2024 12:58:50;;;;;
20/06/2024 12:59:00;;;;;
20/06/2024 12:59:10;;;;;
20/06/2024 12:59:20;;;;;
20/06/2024 12:59:30;;;;;
20/06/2024 12:59:40;;;;;
20/06/2024 12:59:50;;;;;
20/06/2024 13:00:00;;;;;
20/06/2024 13:00:10;;;;;
20/06/2024 13:00:20;;;;;
20/06/2024 13:00:30;;;;;
20/06/2024 13:00:40;;;;;
20/06/2024 13:00:50;;;;;
20/06/2024 13:01:00;;;;;
20/06/2024 13:01:10;;;;;
20/06/2024 13:01:20;;;;;
20/06/2024 13:01:30;;;;;
20/06/2024 13:01:40;;;;;
20/06/2024 13:01:50;;;;;
20/06/2024 13:02:00;;;;;
20/06/2024 13:02:10;;;;;
20/06/2024 13:02:20;;;;;
20/06/2024 13:02:30;;;;;
20/06/2024 13:02:40;;;;;
20/06/2024 13:02:50;;;;;
20/06/2024 13:03:00;;;;;
20/06/2024 13:03:10;;;;;
20/06/2024 13:03:20;;;;;
20/06/2024 13:03:30;;;;;
20/06/2024 13:03:40;;;;;
20/06/2024 13:03:50;;;;;
20/06/2024 13:04:00;;;;;
20/06/2024 13:04:10;;;;;
20/06/2024 13:04:20;;;;;
20/06/2024 13:04:30;;;;;
20/06/2024 13:04:40;;;;;
20/06/2024 13:04:50;;;;;
20/06/2024 13:05:00;;;;;
20/06/2024 13:05:10;;;;;
20/06/2024 13:05:20;;;;;
20/06/2024 13:05:30;;;;;
20/06/2024 13:05:40;;;;;
20/06/2024 13:05:50;;;;;
20/06/2024 13:06:00;;;;;
20/06/2024 13:06:10;;;;;
20/06/2024 13:06:20;;;;;
20/06/2024 13:06:30;;;;;
20/06/2024 13:06:40;;;;;
20/06/2024 13:06:50;;;;;
20/06/2024 13:07:00;;;;;
20/06/2024 13:07:10;;;;;
20/06/2024 13:07:20;;;;;
20/06/2024 13:07:30;;;;;
20/06/2024 13:07:40;;;;;
20/06/2024 13:07:50;;;;;
20/06/2024 13:08:00;;;;;
20/06/2024 13:08:10;;;;;
20/06/2024 13:08:20;;;;;
20/06/2024 13:08:30;;;;;
20/06/2024 13:08:40;;;;;
20/06/2024 13:08:50;;;;;
20/06/2024 13:09:00;;;;;
20/06/2024 13:09:10;;;;;
20/06/2024 13:09:20;;;;;
20/06/2024 13:09:30;;;;;
20/06/2024 13:09:40;;;;;
20/06/2024 13:09:50;;;;;
20/06/2024 13:10:00;;;;;
20/06/2024 13:10:10;;;;;
20/06/2024 13:10:20;;;;;
20/06/2024 13:10:30;;;;;
20/06/2024 13:10:40;;;;;
20/06/2024 13:10:50;;;;;
20/06/2024 13:11:00;;;;;
20/06/2024 13:11:10;;;;;
20/06/2024 13:11:20;;;;;
20/06/2024 13:11:30;;;;;
20/06/2024 13:11:40;;;;;
20/06/2024 13:11:50;;;;;
20/06/2024 13:12:00;;;;;
20/06/2024 13:12:10;;;;;
20/06/2024 13:12:20;;;;;
20/06/2024 13:12:30;;;;;
20/06/2024 13:12:40;;;;;
20/06/2024 13:12:50;;;;;
20/06/2024 13:13:00;;;;;
20/06/2024 13:13:10;;;;;
20/06/2024 13:13:20;;;;;
20/06/2024 13:13:30;;;;;
20/06/2024 13:13:40;;;;;
20/06/2024 13:13:50;;;;;
20/06/2024 13:14:00;;;;;
20/06/2024 13:14:10;;;;;
20/06/2024 13:14:20;;;;;
20/06/2024 13:14:30;;;;;
20/06/2024 13:14:40;;;;;
20/06/2024 13:14:50;;;;;
20/06/2024 13:15:00;;;;;
20/06/2024 13:15:10;;;;;
20/06/2024 13:15:20;;;;;
20/06/2024 13:15:30;;;;;
20/06/2024 13:15:40;;;;;
20/06/2024 13:15:50;;;;;
20/06/2024 13:16:00;;;;;
20/06/2024 13:16:10;;;;;
20/06/2024 13:16:20;;;;;
20/06/2024 13:16:30;;;;;
20/06/2024 13:16:40;;;;;
20/06/2024 13:16:50;;;;;
20/06/2024 13:17:00;;;;;
20/06/2024 13:17:10;;;;;
20/06/2024 13:17:20;;;;;
20/06/2024 13:17:30;;;;;
20/06/2024 13:17:40;;;;;
20/06/2024 13:17:50;;;;;
20/06/2024 13:18:00;;;;;
20/06/2024 13:18:10;;;;;
20/06/2024 13:18:20;;;;;
20/06/2024 13:18:30;;;;;
20/06/2024 13:18:40;;;;;
20/06/2024 13:18:50;;;;;
20/06/2024 13:19:00;;;;;
20/06/2024 13:19:10;;;;;
20/06/2024 13:19:20;;;;;
20/06/2024 13:19:30;;;;;
20/06/2024 13:19:40;;;;;
20/06/2024 13:19:50;;;;;
20/06/2024 13:20:00;;;;;
20/06/2024 13:20:10;;;;;
20/06/2024 13:20:20;;;;;
20/06/2024 13:20:30;;;;;
20/06/2024 13:20:40;;;;;
20/06/2024 13:20:50;;;;;
20/06/2024 13:21:00;;;;;
20/06/2024 13:21:10;;;;;
20/06/2024 13:21:20;;;;;
20/06/2024 13:21:30;;;;;
20/06/2024 13:21:40;;;;;
20/06/2024 13:21:50;;;;;
20/06/2024 13:22:00;;;;;
20/06/2024 13:22:10;;;;;
20/06/2024 13:22:20;;;;;
20/06/2024 13:22:30;;;;;
20/06/2024 13:22:40;;;;;
20/06/2024 13:22:50;;;;;
20/06/2024 13:23:00;;;;;
20/06/2024 13:23:10;;;;;
20/06/2024 13:23:20;;;;;
20/06/2024 13:23:30;;;;;
20/06/2024 13:23:40;;;;;
20/06/2024 13:23:50;;;;;
20/06/2024 13:24:00;;;;;
20/06/2024 13:24:10;;;;;
20/06/2024 13:24:20;;;;;
20/06/2024 13:24:30;;;;;
20/06/2024 13:24:40;;;;;
20/06/2024 13:24:50;;;;;
20/06/2024 13:25:00;;;;;
20/06/2024 13:25:10;;;;;
20/06/2024 13:25:20;;;;;
20/06/2024 13:25:30;;;;;
20/06/2024 13:25:40;;;;;
20/06/2024 13:25:50;;;;;
20/06/2024 13:26:00;;;;;
20/06/2024 13:26:10;;;;;
20/06/2024 13:26:20;;;;;
20/06/2024 13:26:30;;;;;
20/06/2024 13:26:40;;;;;
20/06/2024 13:26:50;;;;;
20/06/2024 13:27:00;;;;;
20/06/2024 13:27:10;;;;;
20/06/2024 13:27:20;;;;;
20/06/2024 13:27:30;;;;;
20/06/2024 13:27:40;;;;;
20/06/2024 13:27:50;;;;;
20/06/2024 13:28:00;;;;;
20/06/2024 13:28:10;;;;;
20/06/2024 13:28:20;;;;;
20/06/2024 13:28:30;;;;;
20/06/2024 13:28:40;;;;;
20/06/2024 13:28:50;;;;;
20/06/2024 13:29:00;;;;;
20/06/2024 13:29:10;;;;;
20/06/2024 13:29:20;;;;;
20/06/2024 13:29:30;;;;;
20/06/2024 13:29:40;;;;;
20/06/2024 13:29:50;;;;;
20/06/2024 13:30:00;;;;;
20/06/2024 13:30:10;;;;;
20/06/2024 13:30:20;;;;;
20/06/2024 13:30:30;;;;;
20/06/2024 13:30:40;;;;;
20/06/2024 13:30:50;;;;;
20/06/2024 13:31:00;;;;;
20/06/2024 13:31:10;;;;;
20/06/2024 13:31:20;;;;;
20/06/2024 13:31:30;;;;;
20/06/2024 13:31:40;;;;;
20/06/2024 13:31:50;;;;;
20/06/2024 13:32:00;;;;;
20/06/2024 13:32:10;;;;;
20/06/2024 13:32:20;;;;;
20/06/2024 13:32:30;;;;;
20/06/2024 13:32:40;;;;;
20/06/2024 13:32:50;;;;;
20/06/2024 13:33:00;;;;;
20/06/2024 13:33:10;;;;;
20/06/2024 13:33:20;;;;;
20/06/2024 13:33:30;;;;;
20/06/2024 13:33:40;;;;;
20/06/2024 13:33:50;;;;;
20/06/2024 13:34:00;;;;;
20/06/2024 13:34:10;;;;;
20/06/2024 13:34:20;;;;;
20/06/2024 13:34:30;;;;;
20/06/2024 13:34:40;;;;;
20/06/2024 13:34:50;;;;;
20/06/2024 13:35:00;;;;;
20/06/2024 13:35:10;;;;;
20/06/2024 13:35:20;;;;;
20/06/2024 13:35:30;;;;;
20/06/2024 13:35:40;;;;;
20/06/2024 13:35:50;;;;;
20/06/2024 13:36:00;;;;;
20/06/2024 13:36:10;;;;;
20/06/2024 13:36:20;;;;;
20/06/2024 13:36:30;;;;;
20/06/2024 13:36:40;;;;;
20/06/2024 13:36:50;;;;;
20/06/2024 13:37:00;;;;;
20/06/2024 13:37:10;;;;;
20/06/2024 13:37:20;;;;;
20/06/2024 13:37:30;;;;;
20/06/2024 13:37:40;;;;;
20/06/2024 13:37:50;;;;;
20/06/2024 13:38:00;;;;;
20/06/2024 13:38:10;;;;;
20/06/2024 13:38:20;;;;;
20/06/2024 13:38:30;;;;;
20/06/2024 13:38:40;;;;;
20/06/2024 13:38:50;;;;;
20/06/2024 13:39:00;;;;;
20/06/2024 13:39:10;;;;;
20/06/2024 13:39:20;;;;;
20/06/2024 13:39:30;;;;;
20/06/2024 13:39:40;;;;;
20/06/2024 13:39:50;;;;;
20/06/2024 13:40:00;;;;;
20/06/2024 13:40:10;;;;;
20/06/2024 13:40:20;;;;;
20/06/2024 13:40:30;;;;;
20/06/2024 13:40:40;;;;;
20/06/2024 13:40:50;;;;;
20/06/2024 13:41:00;;;;;
20/06/2024 13:41:10;;;;;
20/06/2024 13:41:20;;;;;
20/06/2024 13:41:30;;;;;
20/06/2024 13:41:40;;;;;
20/06/2024 13:41:50;;;;;
20/06/2024 13:42:00;;;;;
20/06/2024 13:42:10;;;;;
20/06/2024 13:42:20;;;;;
20/06/2024 13:42:30;;;;;
20/06/2024 13:42:40;;;;;
20/06/2024 13:42:50;;;;;
20/06/2024 13:43:00;;;;;
20/06/2024 13:43:10;;;;;
20/06/2024 13:43:20;;;;;
20/06/2024 13:43:30;;;;;
20/06/2024 13:43:40;;;;;
20/06/2024 13:43:50;;;;;
20/06/2024 13:44:00;;;;;
20/06/2024 13:44:10;;;;;
20/06/2024 13:44:20;;;;;
20/06/2024 13:44:30;;;;;
20/06/2024 13:44:40;;;;;
20/06/2024 13:44:50;;;;;
20/06/2024 13:45:00;;;;;
20/06/2024 13:45:10;;;;;
20/06/2024 13:45:20;;;;;
20/06/2024 13:45:30;;;;;
20/06/2024 13:45:40;;;;;
20/06/2024 13:45:50;;;;;
20/06/2024 13:46:00;;;;;
20/06/2024 13:46:10;;;;;
20/06/2024 13:46:20;;;;;
20/06/2024 13:46:30;;;;;
20/06/2024 13:46:40;;;;;
20/06/2024 13:46:50;;;;;
20/06/2024 13:47:00;;;;;
20/06/2024 13:47:10;;;;;
20/06/2024 13:47:20;;;;;
20/06/2024 13:47:30;;;;;
20/06/2024 13:47:40;;;;;
20/06/2024 13:47:50;;;;;
20/06/2024 13:48:00;;;;;
20/06/2024 13:48:10;;;;;
20/06/2024 13:48:20;;;;;
20/06/2024 13:48:30;;;;;
20/06/2024 13:48:40;;;;;
20/06/2024 13:48:50;;;;;
20/06/2024 13:49:00;;;;;
20/06/2024 13:49:10;;;;;
20/06/2024 13:49:20;;;;;
20/06/2024 13:49:30;;;;;
20/06/2024 13:49:40;;;;;
20/06/2024 13:49:50;;;;;
20/06/2024 13:50:00;;;;;
20/06/2024 13:50:10;;;;;
20/06/2024 13:50:20;;;;;
20/06/2024 13:50:30;;;;;
20/06/2024 13:50:40;;;;;
20/06/2024 13:50:50;;;;;
20/06/2024 13:51:00;;;;;
20/06/2024 13:51:10;;;;;
20/06/2024 13:51:20;;;;;
20/06/2024 13:51:30;;;;;
20/06/2024 13:51:40;;;;;
20/06/2024 13:51:50;;;;;
20/06/2024 13:52:00;;;;;
20/06/2024 13:52:10;;;;;
20/06/2024 13:52:20;;;;;
20/06/2024 13:52:30;;;;;
20/06/2024 13:52:40;;;;;
20/06/2024 13:52:50;;;;;
20/06/2024 13:53:00;;;;;
20/06/2024 13:53:10;;;;;
20/06/2024 13:53:20;;;;;
20/06/2024 13:53:30;;;;;
20/06/2024 13:53:40;;;;;
20/06/2024 13:53:50;;;;;
20/06/2024 13:54:00;;;;;
20/06/2024 13:54:10;;;;;
20/06/2024 13:54:20;;;;;
20/06/2024 13:54:30;;;;;
20/06/2024 13:54:40;;;;;
20/06/2024 13:54:50;;;;;
20/06/2024 13:55:00;;;;;
20/06/2024 13:55:10;;;;;
20/06/2024 13:55:20;;;;;
20/06/2024 13:55:30;;;;;
20/06/2024 13:55:40;;;;;
20/06/2024 13:55:50;;;;;
20/06/2024 13:56:00;;;;;
20/06/2024 13:56:10;;;;;
20/06/2024 13:56:20;;;;;
20/06/2024 13:56:30;;;;;
20/06/2024 13:56:40;;;;;
20/06/2024 13:56:50;;;;;
20/06/2024 13:57:00;;;;;
20/06/2024 13:57:10;;;;;
20/06/2024 13:57:20;;;;;
20/06/2024 13:57:30;;;;;
20/06/2024 13:57:40;;;;;
20/06/2024 13:57:50;;;;;
20/06/2024 13:58:00;;;;;
20/06/2024 13:58:10;;;;;
20/06/2024 13:58:20;;;;;
20/06/2024 13:58:30;;;;;
20/06/2024 13:58:40;;;;;
20/06/2024 13:58:50;;;;;
20/06/2024 13:59:00;;;;;
20/06/2024 13:59:10;;;;;
20/06/2024 13:59:20;;;;;
20/06/2024 13:59:30;;;;;
20/06/2024 13:59:40;;;;;
20/06/2024 13:59:50;;;;;
20/06/2024 14:00:00;;;;;
20/06/2024 14:00:10;;;;;
20/06/2024 14:00:20;;;;;
20/06/2024 14:00:30;;;;;
20/06/2024 14:00:40;;;;;
20/06/2024 14:00:50;;;;;
20/06/2024 14:01:00;;;;;
20/06/2024 14:01:10;;;;;
20/06/2024 14:01:20;;;;;
20/06/2024 14:01:30;;;;;
20/06/2024 14:01:40;;;;;
20/06/2024 14:01:50;;;;;
20/06/2024 14:02:00;;;;;
20/06/2024 14:02:10;;;;;
20/06/2024 14:02:20;;;;;
20/06/2024 14:02:30;;;;;
20/06/2024 14:02:40;;;;;
20/06/2024 14:02:50;;;;;
20/06/2024 14:03:00;;;;;
20/06/2024 14:03:10;;;;;
20/06/2024 14:03:20;;;;;
20/06/2024 14:03:30;;;;;
20/06/2024 14:03:40;;;;;
20/06/2024 14:03:50;;;;;
20/06/2024 14:04:00;;;;;
20/06/2024 14:04:10;;;;;
20/06/2024 14:04:20;;;;;
20/06/2024 14:04:30;;;;;
20/06/2024 14:04:40;;;;;
20/06/2024 14:04:50;;;;;
20/06/2024 14:05:00;;;;;
20/06/2024 14:05:10;;;;;
20/06/2024 14:05:20;;;;;
20/06/2024 14:05:30;;;;;
20/06/2024 14:05:40;;;;;
20/06/2024 14:05:50;;;;;
20/06/2024 14:06:00;;;;;
20/06/2024 14:06:10;;;;;
20/06/2024 14:06:20;;;;;
20/06/2024 14:06:30;;;;;
20/06/2024 14:06:40;;;;;
20/06/2024 14:06:50;;;;;
20/06/2024 14:07:00;;;;;
20/06/2024 14:07:10;;;;;
20/06/2024 14:07:20;;;;;
20/06/2024 14:07:30;;;;;
20/06/2024 14:07:40;;;;;
20/06/2024 14:07:50;;;;;
20/06/2024 14:08:00;;;;;
20/06/2024 14:08:10;;;;;
20/06/2024 14:08:20;;;;;
20/06/2024 14:08:30;;;;;
20/06/2024 14:08:40;;;;;
20/06/2024 14:08:50;;;;;
20/06/2024 14:09:00;;;;;
20/06/2024 14:09:10;;;;;
20/06/2024 14:09:20;;;;;
20/06/2024 14:09:30;;;;;
20/06/2024 14:09:40;;;;;
20/06/2024 14:09:50;;;;;
20/06/2024 14:10:00;;;;;
20/06/2024 14:10:10;;;;;
20/06/2024 14:10:20;;;;;
20/06/2024 14:10:30;;;;;
20/06/2024 14:10:40;;;;;
20/06/2024 14:10:50;;;;;
20/06/2024 14:11:00;;;;;
20/06/2024 14:11:10;;;;;
20/06/2024 14:11:20;;;;;
20/06/2024 14:11:30;;;;;
20/06/2024 14:11:40;;;;;
20/06/2024 14:11:50;;;;;
20/06/2024 14:12:00;;;;;
20/06/2024 14:12:10;;;;;
20/06/2024 14:12:20;;;;;
20/06/2024 14:12:30;;;;;
20/06/2024 14:12:40;;;;;
20/06/2024 14:12:50;;;;;
20/06/2024 14:13:00;;;;;
20/06/2024 14:13:10;;;;;
20/06/2024 14:13:20;;;;;
20/06/2024 14:13:30;;;;;
20/06/2024 14:13:40;;;;;
20/06/2024 14:13:50;;;;;
20/06/2024 14:14:00;;;;;
20/06/2024 14:14:10;;;;;
20/06/2024 14:14:20;;;;;
20/06/2024 14:14:30;;;;;
20/06/2024 14:14:40;;;;;
20/06/2024 14:14:50;;;;;
20/06/2024 14:15:00;;;;;
20/06/2024 14:15:10;;;;;
20/06/2024 14:15:20;;;;;
20/06/2024 14:15:30;;;;;
20/06/2024 14:15:40;;;;;
20/06/2024 14:15:50;;;;;
20/06/2024 14:16:00;;;;;
20/06/2024 14:16:10;;;;;
20/06/2024 14:16:20;;;;;
20/06/2024 14:16:30;;;;;
20/06/2024 14:16:40;;;;;
20/06/2024 14:16:50;;;;;
20/06/2024 14:17:00;;;;;
20/06/2024 14:17:10;;;;;
20/06/2024 14:17:20;;;;;
20/06/2024 14:17:30;;;;;
20/06/2024 14:17:40;;;;;
20/06/2024 14:17:50;;;;;
20/06/2024 14:18:00;;;;;
20/06/2024 14:18:10;;;;;
20/06/2024 14:18:20;;;;;
20/06/2024 14:18:30;;;;;
20/06/2024 14:18:40;;;;;
20/06/2024 14:18:50;;;;;
20/06/2024 14:19:00;;;;;
20/06/2024 14:19:10;;;;;
20/06/2024 14:19:20;;;;;
20/06/2024 14:19:30;;;;;
20/06/2024 14:19:40;;;;;
20/06/2024 14:19:50;;;;;
20/06/2024 14:20:00;;;;;
20/06/2024 14:20:10;;;;;
20/06/2024 14:20:20;;;;;
20/06/2024 14:20:30;;;;;
20/06/2024 14:20:40;;;;;
20/06/2024 14:20:50;;;;;
20/06/2024 14:21:00;;;;;
20/06/2024 14:21:10;;;;;
20/06/2024 14:21:20;;;;;
20/06/2024 14:21:30;;;;;
20/06/2024 14:21:40;;;;;
20/06/2024 14:21:50;;;;;
20/06/2024 14:22:00;;;;;
20/06/2024 14:22:10;;;;;
20/06/2024 14:22:20;;;;;
20/06/2024 14:22:30;;;;;
20/06/2024 14:22:40;;;;;
20/06/2024 14:22:50;;;;;
20/06/2024 14:23:00;;;;;
20/06/2024 14:23:10;;;;;
20/06/2024 14:23:20;;;;;
20/06/2024 14:23:30;;;;;
20/06/2024 14:23:40;;;;;
20/06/2024 14:23:50;;;;;
20/06/2024 14:24:00;;;;;
20/06/2024 14:24:10;;;;;
20/06/2024 14:24:20;;;;;
20/06/2024 14:24:30;;;;;
20/06/2024 14:24:40;;;;;
20/06/2024 14:24:50;;;;;
20/06/2024 14:25:00;;;;;
20/06/2024 14:25:10;;;;;
20/06/2024 14:25:20;;;;;
20/06/2024 14:25:30;;;;;
20/06/2024 14:25:40;;;;;
20/06/2024 14:25:50;;;;;
20/06/2024 14:26:00;;;;;
20/06/2024 14:26:10;;;;;
20/06/2024 14:26:20;;;;;
20/06/2024 14:26:30;;;;;
20/06/2024 14:26:40;;;;;
20/06/2024 14:26:50;;;;;
20/06/2024 14:27:00;;;;;
20/06/2024 14:27:10;;;;;
20/06/2024 14:27:20;;;;;
20/06/2024 14:27:30;;;;;
20/06/2024 14:27:40;;;;;
20/06/2024 14:27:50;;;;;
20/06/2024 14:28:00;;;;;
20/06/2024 14:28:10;;;;;
20/06/2024 14:28:20;;;;;
20/06/2024 14:28:30;;;;;
20/06/2024 14:28:40;;;;;
20/06/2024 14:28:50;;;;;
20/06/2024 14:29:00;;;;;
20/06/2024 14:29:10;;;;;
20/06/2024 14:29:20;;;;;
20/06/2024 14:29:30;;;;;
20/06/2024 14:29:40;;;;;
20/06/2024 14:29:50;;;;;
20/06/2024 14:30:00;;;;;
20/06/2024 14:30:10;;;;;
20/06/2024 14:30:20;;;;;
20/06/2024 14:30:30;;;;;
20/06/2024 14:30:40;;;;;
20/06/2024 14:30:50;;;;;
20/06/2024 14:31:00;;;;;
20/06/2024 14:31:10;;;;;
20/06/2024 14:31:20;;;;;
20/06/2024 14:31:30;;;;;
20/06/2024 14:31:40;;;;;
20/06/2024 14:31:50;;;;;
20/06/2024 14:32:00;;;;;
20/06/2024 14:32:10;;;;;
20/06/2024 14:32:20;;;;;
20/06/2024 14:32:30;;;;;
20/06/2024 14:32:40;;;;;
20/06/2024 14:32:50;;;;;
20/06/2024 14:33:00;;;;;
20/06/2024 14:33:10;;;;;
20/06/2024 14:33:20;;;;;
20/06/2024 14:33:30;;;;;
20/06/2024 14:33:40;;;;;
20/06/2024 14:33:50;;;;;
20/06/2024 14:34:00;;;;;
20/06/2024 14:34:10;;;;;
20/06/2024 14:34:20;;;;;
20/06/2024 14:34:30;;;;;
20/06/2024 14:34:40;;;;;
20/06/2024 14:34:50;;;;;
20/06/2024 14:35:00;;;;;
20/06/2024 14:35:10;;;;;
20/06/2024 14:35:20;;;;;
20/06/2024 14:35:30;;;;;
20/06/2024 14:35:40;;;;;
20/06/2024 14:35:50;;;;;
20/06/2024 14:36:00;;;;;
20/06/2024 14:36:10;;;;;
20/06/2024 14:36:20;;;;;
20/06/2024 14:36:30;;;;;
20/06/2024 14:36:40;;;;;
20/06/2024 14:36:50;;;;;
20/06/2024 14:37:00;;;;;
20/06/2024 14:37:10;;;;;
20/06/2024 14:37:20;;;;;
20/06/2024 14:37:30;;;;;
20/06/2024 14:37:40;;;;;
20/06/2024 14:37:50;;;;;
20/06/2024 14:38:00;;;;;
20/06/2024 14:38:10;;;;;
20/06/2024 14:38:20;;;;;
20/06/2024 14:38:30;;;;;
20/06/2024 14:38:40;;;;;
20/06/2024 14:38:50;;;;;
20/06/2024 14:39:00;;;;;
20/06/2024 14:39:10;;;;;
20/06/2024 14:39:20;;;;;
20/06/2024 14:39:30;;;;;
20/06/2024 14:39:40;;;;;
20/06/2024 14:39:50;;;;;
20/06/2024 14:40:00;;;;;
20/06/2024 14:40:10;;;;;
20/06/2024 14:40:20;;;;;
20/06/2024 14:40:30;;;;;
20/06/2024 14:40:40;;;;;
20/06/2024 14:40:50;;;;;
20/06/2024 14:41:00;;;;;
20/06/2024 14:41:10;;;;;
20/06/2024 14:41:20;;;;;
20/06/2024 14:41:30;;;;;
20/06/2024 14:41:40;;;;;
20/06/2024 14:41:50;;;;;
20/06/2024 14:42:00;;;;;
20/06/2024 14:42:10;;;;;
20/06/2024 14:42:20;;;;;
20/06/2024 14:42:30;;;;;
20/06/2024 14:42:40;;;;;
20/06/2024 14:42:50;;;;;
20/06/2024 14:43:00;;;;;
20/06/2024 14:43:10;;;;;
20/06/2024 14:43:20;;;;;
20/06/2024 14:43:30;;;;;
20/06/2024 14:43:40;;;;;
20/06/2024 14:43:50;;;;;
20/06/2024 14:44:00;;;;;
20/06/2024 14:44:10;;;;;
20/06/2024 14:44:20;;;;;
20/06/2024 14:44:30;;;;;
20/06/2024 14:44:40;;;;;
20/06/2024 14:44:50;;;;;
20/06/2024 14:45:00;;;;;
20/06/2024 14:45:10;;;;;
20/06/2024 14:45:20;;;;;
20/06/2024 14:45:30;;;;;
20/06/2024 14:45:40;;;;;
20/06/2024 14:45:50;;;;;
20/06/2024 14:46:00;;;;;
20/06/2024 14:46:10;;;;;
20/06/2024 14:46:20;;;;;
20/06/2024 14:46:30;;;;;
20/06/2024 14:46:40;;;;;
20/06/2024 14:46:50;;;;;
20/06/2024 14:47:00;;;;;
20/06/2024 14:47:10;;;;;
20/06/2024 14:47:20;;;;;
20/06/2024 14:47:30;;;;;
20/06/2024 14:47:40;;;;;
20/06/2024 14:47:50;;;;;
20/06/2024 14:48:00;;;;;
20/06/2024 14:48:10;;;;;
20/06/2024 14:48:20;;;;;
20/06/2024 14:48:30;;;;;
20/06/2024 14:48:40;;;;;
20/06/2024 14:48:50;;;;;
20/06/2024 14:49:00;;;;;
20/06/2024 14:49:10;;;;;
20/06/2024 14:49:20;;;;;
20/06/2024 14:49:30;;;;;
20/06/2024 14:49:40;;;;;
20/06/2024 14:49:50;;;;;
20/06/2024 14:50:00;;;;;
20/06/2024 14:50:10;;;;;
20/06/2024 14:50:20;;;;;
20/06/2024 14:50:30;;;;;
20/06/2024 14:50:40;;;;;
20/06/2024 14:50:50;;;;;
20/06/2024 14:51:00;;;;;
20/06/2024 14:51:10;;;;;
20/06/2024 14:51:20;;;;;
20/06/2024 14:51:30;;;;;
20/06/2024 14:51:40;;;;;
20/06/2024 14:51:50;;;;;
20/06/2024 14:52:00;;;;;
20/06/2024 14:52:10;;;;;
20/06/2024 14:52:20;;;;;
20/06/2024 14:52:30;;;;;
20/06/2024 14:52:40;;;;;
20/06/2024 14:52:50;;;;;
20/06/2024 14:53:00;;;;;
20/06/2024 14:53:10;;;;;
20/06/2024 14:53:20;;;;;
20/06/2024 14:53:30;;;;;
20/06/2024 14:53:40;;;;;
20/06/2024 14:53:50;;;;;
20/06/2024 14:54:00;;;;;
20/06/2024 14:54:10;;;;;
20/06/2024 14:54:20;;;;;
20/06/2024 14:54:30;;;;;
20/06/2024 14:54:40;;;;;
20/06/2024 14:54:50;;;;;
20/06/2024 14:55:00;;;;;
20/06/2024 14:55:10;;;;;
20/06/2024 14:55:20;;;;;
20/06/2024 14:55:30;;;;;
20/06/2024 14:55:40;;;;;
20/06/2024 14:55:50;;;;;
20/06/2024 14:56:00;;;;;
20/06/2024 14:56:10;;;;;
20/06/2024 14:56:20;;;;;
20/06/2024 14:56:30;;;;;
20/06/2024 14:56:40;;;;;
20/06/2024 14:56:50;;;;;
20/06/2024 14:57:00;;;;;
20/06/2024 14:57:10;;;;;
20/06/2024 14:57:20;;;;;
20/06/2024 14:57:30;;;;;
20/06/2024 14:57:40;;;;;
20/06/2024 14:57:50;;;;;
20/06/2024 14:58:00;;;;;
20/06/2024 14:58:10;;;;;
20/06/2024 14:58:20;;;;;
20/06/2024 14:58:30;;;;;
20/06/2024 14:58:40;;;;;
20/06/2024 14:58:50;;;;;
20/06/2024 14:59:00;;;;;
20/06/2024 14:59:10;;;;;
20/06/2024 14:59:20;;;;;
20/06/2024 14:59:30;;;;;
20/06/2024 14:59:40;;;;;
20/06/2024 14:59:50;;;;;
20/06/2024 15:00:00;;;;;
20/06/2024 15:00:10;;;;;
20/06/2024 15:00:20;;;;;
20/06/2024 15:00:30;;;;;
20/06/2024 15:00:40;;;;;
20/06/2024 15:00:50;;;;;
20/06/2024 15:01:00;;;;;
20/06/2024 15:01:10;;;;;
20/06/2024 15:01:20;;;;;
20/06/2024 15:01:30;;;;;
20/06/2024 15:01:40;;;;;
20/06/2024 15:01:50;;;;;
20/06/2024 15:02:00;0;0;0;0;0
20/06/2024 15:02:10;0,073917157948017;0,31081134080887;0,0015451519284397;0,11424762010574;0,004351353738457
20/06/2024 15:02:20;0,14783431589603;0,62162268161774;0,0030903038568795;0,22849524021149;0,0087027074769139
20/06/2024 15:02:30;0,22175147384405;0,93243402242661;0,0046354557853192;0,34274286031723;0,013054061215371
20/06/2024 15:02:40;0,29566863179207;1,2432453632355;0,0061806077137589;0,45699048042297;0,017405414953828
20/06/2024 15:02:50;0,36958578974009;1,5540567040443;0,0077257596421987;0,57123810052872;0,021756768692285
20/06/2024 15:03:00;0,4435029476881;1,8648680448532;0,0092709115706384;0,68548572063446;0,026108122430742
20/06/2024 15:03:10;0,51742010563612;2,1756793856621;0,010816063499078;0,7997333407402;0,030459476169199
20/06/2024 15:03:20;0,59133726358414;2,4864907264709;0,012361215427518;0,91398096084595;0,034810829907656
20/06/2024 15:03:30;0,66525442153215;2,7973020672798;0,013906367355958;1,0282285809517;0,039162183646113
20/06/2024 15:03:40;0,73917157948017;3,1081134080887;0,015451519284397;1,1424762010574;0,04351353738457
20/06/2024 15:03:50;0,81308873742819;3,4189247488976;0,016996671212837;1,2567238211632;0,047864891123027
20/06/2024 15:04:00;0,88700589537621;3,7297360897064;0,018541823141277;1,3709714412689;0,052216244861484
20/06/2024 15:04:10;0,96092305332422;4,0405474305153;0,020086975069717;1,4852190613747;0,056567598599941
20/06/2024 15:04:20;1,0348402112722;4,3513587713242;0,021632126998156;1,5994666814804;0,060918952338398
20/06/2024 15:04:30;1,1087573692203;4,662170112133;0,023177278926596;1,7137143015862;0,065270306076854
20/06/2024 15:04:40;1,1826745271683;4,9729814529419;0,024722430855036;1,8279619216919;0,069621659815311
20/06/2024 15:04:50;1,2565916851163;5,2837927937508;0,026267582783476;1,9422095417976;0,073973013553768
20/06/2024 15:05:00;1,3305088430643;5,5946041345596;0,027812734711915;2,0564571619034;0,078324367292225
20/06/2024 15:05:10;1,4044260010123;5,9054154753685;0,029357886640355;2,1707047820091;0,082675721030682
20/06/2024 15:05:20;1,4783431589603;6,2162268161774;0,030903038568795;2,2849524021149;0,087027074769139
20/06/2024 15:05:30;1,5522603169084;6,5270381569862;0,032448190497234;2,3992000222206;0,091378428507596
20/06/2024 15:05:40;1,6261774748564;6,8378494977951;0,033993342425674;2,5134476423264;0,095729782246053
20/06/2024 15:05:50;1,7000946328044;7,148660838604;0,035538494354114;2,6276952624321;0,10008113598451
20/06/2024 15:06:00;1,7740117907524;7,4594721794128;0,037083646282554;2,7419428825378;0,10443248972297
20/06/2024 15:06:10;1,8479289487004;7,7702835202217;0,038628798210993;2,8561905026436;0,10878384346142
20/06/2024 15:06:20;1,9218461066484;8,0810948610306;0,040173950139433;2,9704381227493;0,11313519719988
20/06/2024 15:06:30;1,9957632645965;8,3919062018394;0,041719102067873;3,0846857428551;0,11748655093834
20/06/2024 15:06:40;2,0696804225445;8,7027175426483;0,043264253996313;3,1989333629608;0,1218379046768
20/06/2024 15:06:50;2,1435975804925;9,0135288834572;0,044809405924752;3,3131809830666;0,12618925841525
20/06/2024 15:07:00;2,2175147384405;9,3243402242661;0,046354557853192;3,4274286031723;0,13054061215371
20/06/2024 15:07:10;2,2914318963885;9,6351515650749;0,047899709781632;3,541676223278;0,13489196589217
20/06/2024 15:07:20;2,3653490543365;9,9459629058838;0,049444861710072;3,6559238433838;0,13924331963062
20/06/2024 15:07:30;2,4392662122846;10,256774246693;0,050990013638511;3,7701714634895;0,14359467336908
20/06/2024 15:07:40;2,5131833702326;10,567585587502;0,052535165566951;3,8844190835953;0,14794602710754
20/06/2024 15:07:50;2,5871005281806;10,87839692831;0,054080317495391;3,998666703701;0,15229738084599
20/06/2024 15:08:00;2,6610176861286;11,189208269119;0,055625469423831;4,1129143238068;0,15664873458445
20/06/2024 15:08:10;2,7349348440766;11,500019609928;0,05717062135227;4,2271619439125;0,16100008832291
20/06/2024 15:08:20;2,8088520020247;11,810830950737;0,05871577328071;4,3414095640182;0,16535144206136
20/06/2024 15:08:30;2,8827691599727;12,121642291546;0,06026092520915;4,455657184124;0,16970279579982
20/06/2024 15:08:40;2,9566863179207;12,432453632355;0,061806077137589;4,5699048042297;0,17405414953828
20/06/2024 15:08:50;3,0306034758687;12,743264973164;0,063351229066029;4,6841524243355;0,17840550327674
20/06/2024 15:09:00;3,1045206338167;13,054076313972;0,064896380994469;4,7984000444412;0,18275685701519
20/06/2024 15:09:10;3,1784377917647;13,364887654781;0,066441532922909;4,912647664547;0,18710821075365
20/06/2024 15:09:20;3,2523549497128;13,67569899559;0,067986684851348;5,0268952846527;0,19145956449211
20/06/2024 15:09:30;3,3262721076608;13,986510336399;0,069531836779788;5,1411429047585;0,19581091823056
20/06/2024 15:09:40;3,4001892656088;14,297321677208;0,071076988708228;5,2553905248642;0,20016227196902
20/06/2024 15:09:50;3,4741064235568;14,608133018017;0,072622140636668;5,3696381449699;0,20451362570748
20/06/2024 15:10:00;3,5480235815048;14,918944358826;0,074167292565107;5,4838857650757;0,20886497944593
20/06/2024 15:10:10;3,6219407394528;15,229755699635;0,075712444493547;5,5981333851814;0,21321633318439
20/06/2024 15:10:20;3,6958578974009;15,540567040443;0,077257596421987;5,7123810052872;0,21756768692285
20/06/2024 15:10:30;3,7697750553489;15,851378381252;0,078802748350427;5,8266286253929;0,22191904066131
20/06/2024 15:10:40;3,8436922132969;16,162189722061;0,080347900278866;5,9408762454987;0,22627039439976
20/06/2024 15:10:50;3,9176093712449;16,47300106287;0,081893052207306;6,0551238656044;0,23062174813822
20/06/2024 15:11:00;3,9915265291929;16,783812403679;0,083438204135746;6,1693714857101;0,23497310187668
20/06/2024 15:11:10;4,0654436871409;17,094623744488;0,084983356064186;6,2836191058159;0,23932445561513
20/06/2024 15:11:20;4,139360845089;17,405435085297;0,086528507992625;6,3978667259216;0,24367580935359
20/06/2024 15:11:30;4,213278003037;17,716246426105;0,088073659921065;6,5121143460274;0,24802716309205
20/06/2024 15:11:40;4,287195160985;18,027057766914;0,089618811849505;6,6263619661331;0,2523785168305
20/06/2024 15:11:50;4,361112318933;18,337869107723;0,091163963777944;6,7406095862389;0,25672987056896
20/06/2024 15:12:00;4,435029476881;18,648680448532;0,092709115706384;6,8548572063446;0,26108122430742
20/06/2024 15:12:10;4,508946634829;18,959491789341;0,094254267634824;6,9691048264503;0,26543257804587
20/06/2024 15:12:20;4,5828637927771;19,27030313015;0,095799419563264;7,0833524465561;0,26978393178433
20/06/2024 15:12:30;4,6567809507251;19,581114470959;0,097344571491703;7,1976000666618;0,27413528552279
20/06/2024 15:12:40;4,7306981086731;19,891925811768;0,098889723420143;7,3118476867676;0,27848663926125
20/06/2024 15:12:50;4,8046152666211;20,202737152576;0,10043487534858;7,4260953068733;0,2828379929997
20/06/2024 15:13:00;4,8785324245691;20,513548493385;0,10198002727702;7,5403429269791;0,28718934673816
20/06/2024 15:13:10;4,9524495825171;20,824359834194;0,10352517920546;7,6545905470848;0,29154070047662
20/06/2024 15:13:20;5,0263667404652;21,135171175003;0,1050703311339;7,7688381671906;0,29589205421507
20/06/2024 15:13:30;5,1002838984132;21,445982515812;0,10661548306234;7,8830857872963;0,30024340795353
20/06/2024 15:13:40;5,1742010563612;21,756793856621;0,10816063499078;7,997333407402;0,30459476169199
20/06/2024 15:13:50;5,2481182143092;22,06760519743;0,10970578691922;8,1115810275078;0,30894611543044
20/06/2024 15:14:00;5,3220353722572;22,378416538239;0,11125093884766;8,2258286476135;0,3132974691689
20/06/2024 15:14:10;5,3959525302052;22,689227879047;0,1127960907761;8,3400762677193;0,31764882290736
20/06/2024 15:14:20;5,4698696881533;23,000039219856;0,11434124270454;8,454323887825;0,32200017664582
20/06/2024 15:14:30;5,5437868461013;23,310850560665;0,11588639463298;8,5685715079308;0,32635153038427
20/06/2024 15:14:40;5,6177040040493;23,621661901474;0,11743154656142;8,6828191280365;0,33070288412273
20/06/2024 15:14:50;5,6916211619973;23,932473242283;0,11897669848986;8,7970667481422;0,33505423786119
20/06/2024 15:15:00;5,7655383199453;24,243284583092;0,1205218504183;8,911314368248;0,33940559159964
20/06/2024 15:15:10;5,8394554778934;24,554095923901;0,12206700234674;9,0255619883537;0,3437569453381
20/06/2024 15:15:20;5,9133726358414;24,864907264709;0,12361215427518;9,1398096084595;0,34810829907656
20/06/2024 15:15:30;5,9872897937894;25,175718605518;0,12515730620362;9,2540572285652;0,35245965281501
20/06/2024 15:15:40;6,0612069517374;25,486529946327;0,12670245813206;9,368304848671;0,35681100655347
20/06/2024 15:15:50;6,1351241096854;25,797341287136;0,1282476100605;9,4825524687767;0,36116236029193
20/06/2024 15:16:00;6,2090412676334;26,108152627945;0,12979276198894;9,5968000888824;0,36551371403039
20/06/2024 15:16:10;6,2829584255815;26,418963968754;0,13133791391738;9,7110477089882;0,36986506776884
20/06/2024 15:16:20;6,3568755835295;26,729775309563;0,13288306584582;9,8252953290939;0,3742164215073
20/06/2024 15:16:30;6,4307927414775;27,040586650372;0,13442821777426;9,9395429491997;0,37856777524576
20/06/2024 15:16:40;6,5047098994255;27,35139799118;0,1359733697027;10,053790569305;0,38291912898421
20/06/2024 15:16:50;6,5786270573735;27,662209331989;0,13751852163114;10,168038189411;0,38727048272267
20/06/2024 15:17:00;6,6525442153215;27,973020672798;0,13906367355958;10,282285809517;0,39162183646113
20/06/2024 15:17:10;6,7264613732696;28,283832013607;0,14060882548802;10,396533429623;0,39597319019958
20/06/2024 15:17:20;6,8003785312176;28,594643354416;0,14215397741646;10,510781049728;0,40032454393804
20/06/2024 15:17:30;6,8742956891656;28,905454695225;0,1436991293449;10,625028669834;0,4046758976765
20/06/2024 15:17:40;6,9482128471136;29,216266036034;0,14524428127334;10,73927628994;0,40902725141495
20/06/2024 15:17:50;7,0221300050616;29,527077376842;0,14678943320177;10,853523910046;0,41337860515341
20/06/2024 15:18:00;7,0960471630096;29,837888717651;0,14833458513021;10,967771530151;0,41772995889187
20/06/2024 15:18:10;7,1699643209577;30,14870005846;0,14987973705865;11,082019150257;0,42208131263033
20/06/2024 15:18:20;7,2438814789057;30,459511399269;0,15142488898709;11,196266770363;0,42643266636878
20/06/2024 15:18:30;7,3177986368537;30,770322740078;0,15297004091553;11,310514390469;0,43078402010724
20/06/2024 15:18:40;7,3917157948017;31,081134080887;0,15451519284397;11,424762010574;0,4351353738457
20/06/2024 15:18:50;7,4656329527497;31,391945421696;0,15606034477241;11,53900963068;0,43948672758415
20/06/2024 15:19:00;7,5395501106977;31,702756762505;0,15760549670085;11,653257250786;0,44383808132261
20/06/2024 15:19:10;7,6134672686458;32,013568103313;0,15915064862929;11,767504870892;0,44818943506107
20/06/2024 15:19:20;7,6873844265938;32,324379444122;0,16069580055773;11,881752490997;0,45254078879952
20/06/2024 15:19:30;7,7613015845418;32,635190784931;0,16224095248617;11,996000111103;0,45689214253798
20/06/2024 15:19:40;7,8352187424898;32,94600212574;0,16378610441461;12,110247731209;0,46124349627644
20/06/2024 15:19:50;7,9091359004378;33,256813466549;0,16533125634305;12,224495351315;0,4655948500149
20/06/2024 15:20:00;7,9830530583858;33,567624807358;0,16687640827149;12,33874297142;0,46994620375335
20/06/2024 15:20:10;8,0569702163339;33,878436148167;0,16842156019993;12,452990591526;0,47429755749181
20/06/2024 15:20:20;8,1308873742819;34,189247488976;0,16996671212837;12,567238211632;0,47864891123027
20/06/2024 15:20:30;8,2048045322299;34,500058829784;0,17151186405681;12,681485831738;0,48300026496872
20/06/2024 15:20:40;8,2787216901779;34,810870170593;0,17305701598525;12,795733451843;0,48735161870718
20/06/2024 15:20:50;8,3526388481259;35,121681511402;0,17460216791369;12,909981071949;0,49170297244564
20/06/2024 15:21:00;8,426556006074;35,432492852211;0,17614731984213;13,024228692055;0,49605432618409
20/06/2024 15:21:10;8,500473164022;35,74330419302;0,17769247177057;13,13847631216;0,50040567992255
20/06/2024 15:21:20;8,57439032197;36,054115533829;0,17923762369901;13,252723932266;0,50475703366101
20/06/2024 15:21:30;8,648307479918;36,364926874638;0,18078277562745;13,366971552372;0,50910838739946
20/06/2024 15:21:40;8,722224637866;36,675738215446;0,18232792755589;13,481219172478;0,51345974113792
20/06/2024 15:21:50;8,796141795814;36,986549556255;0,18387307948433;13,595466792583;0,51781109487638
20/06/2024 15:22:00;8,8700589537621;37,297360897064;0,18541823141277;13,709714412689;0,52216244861484
20/06/2024 15:22:10;8,9439761117101;37,608172237873;0,18696338334121;13,823962032795;0,52651380235329
20/06/2024 15:22:20;9,0178932696581;37,918983578682;0,18850853526965;13,938209652901;0,53086515609175
20/06/2024 15:22:30;9,0918104276061;38,229794919491;0,19005368719809;14,052457273006;0,53521650983021
20/06/2024 15:22:40;9,1657275855541;38,5406062603;0,19159883912653;14,166704893112;0,53956786356866
20/06/2024 15:22:50;9,2396447435021;38,851417601109;0,19314399105497;14,280952513218;0,54391921730712
20/06/2024 15:23:00;9,3135619014502;39,162228941917;0,19468914298341;14,395200133324;0,54827057104558
20/06/2024 15:23:10;9,3874790593982;39,473040282726;0,19623429491185;14,509447753429;0,55262192478403
20/06/2024 15:23:20;9,4613962173462;39,783851623535;0,19777944684029;14,623695373535;0,55697327852249
20/06/2024 15:23:30;9,5353133752942;40,094662964344;0,19932459876873;14,737942993641;0,56132463226095
20/06/2024 15:23:40;9,6092305332422;40,405474305153;0,20086975069717;14,852190613747;0,56567598599941
20/06/2024 15:23:50;9,6831476911902;40,716285645962;0,20241490262561;14,966438233852;0,57002733973786
20/06/2024 15:24:00;9,7570648491383;41,027096986771;0,20396005455405;15,080685853958;0,57437869347632
20/06/2024 15:24:10;9,8309820070863;41,337908327579;0,20550520648248;15,194933474064;0,57873004721478
20/06/2024 15:24:20;9,9048991650343;41,648719668388;0,20705035841092;15,30918109417;0,58308140095323
20/06/2024 15:24:30;9,9788163229823;41,959531009197;0,20859551033936;15,423428714275;0,58743275469169
20/06/2024 15:24:40;10,05273348093;42,270342350006;0,2101406622678;15,537676334381;0,59178410843015
20/06/2024 15:24:50;10,126650638878;42,581153690815;0,21168581419624;15,651923954487;0,5961354621686
20/06/2024 15:25:00;10,200567796826;42,891965031624;0,21323096612468;15,766171574593;0,60048681590706
20/06/2024 15:25:10;10,274484954774;43,202776372433;0,21477611805312;15,880419194698;0,60483816964552
20/06/2024 15:25:20;10,348402112722;43,513587713242;0,21632126998156;15,994666814804;0,60918952338398
20/06/2024 15:25:30;10,42231927067;43,82439905405;0,21786642191;16,10891443491;0,61354087712243
20/06/2024 15:25:40;10,496236428618;44,135210394859;0,21941157383844;16,223162055016;0,61789223086089
20/06/2024 15:25:50;10,570153586566;44,446021735668;0,22095672576688;16,337409675121;0,62224358459935
20/06/2024 15:26:00;10,644070744514;44,756833076477;0,22250187769532;16,451657295227;0,6265949383378
20/06/2024 15:26:10;10,717987902462;45,067644417286;0,22404702962376;16,565904915333;0,63094629207626
20/06/2024 15:26:20;10,79190506041;45,378455758095;0,2255921815522;16,680152535439;0,63529764581472
20/06/2024 15:26:30;10,865822218359;45,689267098904;0,22713733348064;16,794400155544;0,63964899955317
20/06/2024 15:26:40;10,939739376307;46,000078439713;0,22868248540908;16,90864777565;0,64400035329163
20/06/2024 15:26:50;11,013656534255;46,310889780521;0,23022763733752;17,022895395756;0,64835170703009
20/06/2024 15:27:00;11,087573692203;46,62170112133;0,23177278926596;17,137143015862;0,65270306076854
20/06/2024 15:27:10;11,161490850151;46,932512462139;0,2333179411944;17,251390635967;0,657054414507
20/06/2024 15:27:20;11,235408008099;47,243323802948;0,23486309312284;17,365638256073;0,66140576824546
20/06/2024 15:27:30;11,309325166047;47,554135143757;0,23640824505128;17,479885876179;0,66575712198392
20/06/2024 15:27:40;11,383242323995;47,864946484566;0,23795339697972;17,594133496284;0,67010847572237
20/06/2024 15:27:50;11,457159481943;48,175757825375;0,23949854890816;17,70838111639;0,67445982946083
20/06/2024 15:28:00;11,531076639891;48,486569166183;0,2410437008366;17,822628736496;0,67881118319929
20/06/2024 15:28:10;11,604993797839;48,797380506992;0,24258885276504;17,936876356602;0,68316253693774
20/06/2024 15:28:20;11,678910955787;49,108191847801;0,24413400469348;18,051123976707;0,6875138906762
20/06/2024 15:28:30;11,752828113735;49,41900318861;0,24567915662192;18,165371596813;0,69186524441466
20/06/2024 15:28:40;11,826745271683;49,729814529419;0,24722430855036;18,279619216919;0,69621659815311
20/06/2024 15:28:50;11,900662429631;50,040625870228;0,2487694604788;18,393866837025;0,70056795189157
20/06/2024 15:29:00;11,974579587579;50,351437211037;0,25031461240724;18,50811445713;0,70491930563003
20/06/2024 15:29:10;12,048496745527;50,662248551846;0,25185976433568;18,622362077236;0,70927065936849
20/06/2024 15:29:20;12,122413903475;50,973059892654;0,25340491626412;18,736609697342;0,71362201310694
20/06/2024 15:29:30;12,196331061423;51,283871233463;0,25495006819256;18,850857317448;0,7179733668454
20/06/2024 15:29:40;12,270248219371;51,594682574272;0,256495220121;18,965104937553;0,72232472058386
20/06/2024 15:29:50;12,344165377319;51,905493915081;0,25804037204944;19,079352557659;0,72667607432231
20/06/2024 15:30:00;12,418082535267;52,21630525589;0,25958552397788;19,193600177765;0,73102742806077
20/06/2024 15:30:10;12,491999693215;52,527116596699;0,26113067590632;19,307847797871;0,73537878179923
20/06/2024 15:30:20;12,565916851163;52,837927937508;0,26267582783476;19,422095417976;0,73973013553768
20/06/2024 15:30:30;12,639834009111;53,148739278316;0,26422097976319;19,536343038082;0,74408148927614
20/06/2024 15:30:40;12,713751167059;53,459550619125;0,26576613169163;19,650590658188;0,7484328430146
20/06/2024 15:30:50;12,787668325007;53,770361959934;0,26731128362007;19,764838278294;0,75278419675305
20/06/2024 15:31:00;12,861585482955;54,081173300743;0,26885643554851;19,879085898399;0,75713555049151
20/06/2024 15:31:10;12,935502640903;54,391984641552;0,27040158747695;19,993333518505;0,76148690422997
20/06/2024 15:31:20;13,009419798851;54,702795982361;0,27194673940539;20,107581138611;0,76583825796843
20/06/2024 15:31:30;13,083336956799;55,01360732317;0,27349189133383;20,221828758717;0,77018961170688
20/06/2024 15:31:40;13,157254114747;55,324418663979;0,27503704326227;20,336076378822;0,77454096544534
20/06/2024 15:31:50;13,231171272695;55,635230004787;0,27658219519071;20,450323998928;0,7788923191838
20/06/2024 15:32:00;13,305088430643;55,946041345596;0,27812734711915;20,564571619034;0,78324367292225
20/06/2024 15:32:10;13,379005588591;56,256852686405;0,27967249904759;20,67881923914;0,78759502666071
20/06/2024 15:32:20;13,452922746539;56,567664027214;0,28121765097603;20,793066859245;0,79194638039917
20/06/2024 15:32:30;13,526839904487;56,878475368023;0,28276280290447;20,907314479351;0,79629773413762
20/06/2024 15:32:40;13,600757062435;57,189286708832;0,28430795483291;21,021562099457;0,80064908787608
20/06/2024 15:32:50;13,674674220383;57,500098049641;0,28585310676135;21,135809719563;0,80500044161454
20/06/2024 15:33:00;13,748591378331;57,81090939045;0,28739825868979;21,250057339668;0,809351795353
20/06/2024 15:33:10;13,822508536279;58,121720731258;0,28894341061823;21,364304959774;0,81370314909145
20/06/2024 15:33:20;13,896425694227;58,432532072067;0,29048856254667;21,47855257988;0,81805450282991
20/06/2024 15:33:30;13,970342852175;58,743343412876;0,29203371447511;21,592800199986;0,82240585656837
20/06/2024 15:33:40;14,044260010123;59,054154753685;0,29357886640355;21,707047820091;0,82675721030682
20/06/2024 15:33:50;14,118177168071;59,364966094494;0,29512401833199;21,821295440197;0,83110856404528
20/06/2024 15:34:00;14,192094326019;59,675777435303;0,29666917026043;21,935543060303;0,83545991778374
20/06/2024 15:34:10;14,266011483967;59,986588776112;0,29821432218887;22,049790680408;0,83981127152219
20/06/2024 15:34:20;14,339928641915;60,29740011692;0,29975947411731;22,164038300514;0,84416262526065
20/06/2024 15:34:30;14,413845799863;60,608211457729;0,30130462604575;22,27828592062;0,84851397899911
20/06/2024 15:34:40;14,487762957811;60,919022798538;0,30284977797419;22,392533540726;0,85286533273757
20/06/2024 15:34:50;14,561680115759;61,229834139347;0,30439492990263;22,506781160831;0,85721668647602
20/06/2024 15:35:00;14,635597273707;61,540645480156;0,30594008183107;22,621028780937;0,86156804021448
20/06/2024 15:35:10;14,709514431655;61,851456820965;0,30748523375951;22,735276401043;0,86591939395294
20/06/2024 15:35:20;14,783431589603;62,162268161774;0,30903038568795;22,849524021149;0,87027074769139
20/06/2024 15:35:30;14,857348747551;62,473079502583;0,31057553761639;22,963771641254;0,87462210142985
20/06/2024 15:35:40;14,931265905499;62,783890843391;0,31212068954483;23,07801926136;0,87897345516831
20/06/2024 15:35:50;15,005183063447;63,0947021842;0,31366584147327;23,192266881466;0,88332480890676
20/06/2024 15:36:00;15,079100221395;63,405513525009;0,31521099340171;23,306514501572;0,88767616264522
20/06/2024 15:36:10;15,153017379344;63,716324865818;0,31675614533015;23,420762121677;0,89202751638368
20/06/2024 15:36:20;15,226934537292;64,027136206627;0,31830129725859;23,535009741783;0,89637887012213
20/06/2024 15:36:30;15,30085169524;64,337947547436;0,31984644918703;23,649257361889;0,90073022386059
20/06/2024 15:36:40;15,374768853188;64,648758888245;0,32139160111547;23,763504981995;0,90508157759905
20/06/2024 15:36:50;15,448686011136;64,959570229053;0,3229367530439;23,8777526021;0,90943293133751
20/06/2024 15:37:00;15,522603169084;65,270381569862;0,32448190497234;23,992000222206;0,91378428507596
20/06/2024 15:37:10;15,596520327032;65,581192910671;0,32602705690078;24,106247842312;0,91813563881442
20/06/2024 15:37:20;15,67043748498;65,89200425148;0,32757220882922;24,220495462418;0,92248699255288
20/06/2024 15:37:30;15,744354642928;66,202815592289;0,32911736075766;24,334743082523;0,92683834629133
20/06/2024 15:37:40;15,818271800876;66,513626933098;0,3306625126861;24,448990702629;0,93118970002979
20/06/2024 15:37:50;15,892188958824;66,824438273907;0,33220766461454;24,563238322735;0,93554105376825
20/06/2024 15:38:00;15,966106116772;67,135249614716;0,33375281654298;24,677485942841;0,9398924075067
20/06/2024 15:38:10;16,04002327472;67,446060955524;0,33529796847142;24,791733562946;0,94424376124516
20/06/2024 15:38:20;16,113940432668;67,756872296333;0,33684312039986;24,905981183052;0,94859511498362
20/06/2024 15:38:30;16,187857590616;68,067683637142;0,3383882723283;25,020228803158;0,95294646872208
20/06/2024 15:38:40;16,261774748564;68,378494977951;0,33993342425674;25,134476423264;0,95729782246053
20/06/2024 15:38:50;16,335691906512;68,68930631876;0,34147857618518;25,248724043369;0,96164917619899
20/06/2024 15:39:00;16,40960906446;69,000117659569;0,34302372811362;25,362971663475;0,96600052993745
20/06/2024 15:39:10;16,483526222408;69,310929000378;0,34456888004206;25,477219283581;0,9703518836759
20/06/2024 15:39:20;16,557443380356;69,621740341187;0,3461140319705;25,591466903687;0,97470323741436
20/06/2024 15:39:30;16,631360538304;69,932551681995;0,34765918389894;25,705714523792;0,97905459115282
20/06/2024 15:39:40;16,705277696252;70,243363022804;0,34920433582738;25,819962143898;0,98340594489127
20/06/2024 15:39:50;16,7791948542;70,554174363613;0,35074948775582;25,934209764004;0,98775729862973
20/06/2024 15:40:00;16,853112012148;70,864985704422;0,35229463968426;26,048457384109;0,99210865236819
20/06/2024 15:40:10;16,927029170096;71,175797045231;0,3538397916127;26,162705004215;0,99646000610664
20/06/2024 15:40:20;17,000946328044;71,48660838604;0,35538494354114;26,276952624321;1,0008113598451
20/06/2024 15:40:30;17,074863485992;71,797419726849;0,35693009546958;26,391200244427;1,0051627135836
20/06/2024 15:40:40;17,14878064394;72,108231067657;0,35847524739802;26,505447864532;1,009514067322
20/06/2024 15:40:50;17,222697801888;72,419042408466;0,36002039932646;26,619695484638;1,0138654210605
20/06/2024 15:41:00;17,296614959836;72,729853749275;0,3615655512549;26,733943104744;1,0182167747989
20/06/2024 15:41:10;17,370532117784;73,040665090084;0,36311070318334;26,84819072485;1,0225681285374
20/06/2024 15:41:20;17,444449275732;73,351476430893;0,36465585511178;26,962438344955;1,0269194822758
20/06/2024 15:41:30;17,51836643368;73,662287771702;0,36620100704022;27,076685965061;1,0312708360143
20/06/2024 15:41:40;17,592283591628;73,973099112511;0,36774615896866;27,190933585167;1,0356221897528
20/06/2024 15:41:50;17,666200749576;74,28391045332;0,3692913108971;27,305181205273;1,0399735434912
20/06/2024 15:42:00;17,740117907524;74,594721794128;0,37083646282554;27,419428825378;1,0443248972297
20/06/2024 15:42:10;17,814035065472;74,905533134937;0,37238161475398;27,533676445484;1,0486762509681
20/06/2024 15:42:20;17,88795222342;75,216344475746;0,37392676668242;27,64792406559;1,0530276047066
20/06/2024 15:42:30;17,961869381368;75,527155816555;0,37547191861086;27,762171685696;1,057378958445
20/06/2024 15:42:40;18,035786539316;75,837967157364;0,3770170705393;27,876419305801;1,0617303121835
20/06/2024 15:42:50;18,109703697264;76,148778498173;0,37856222246774;27,990666925907;1,066081665922
20/06/2024 15:43:00;18,183620855212;76,459589838982;0,38010737439618;28,104914546013;1,0704330196604
20/06/2024 15:43:10;18,25753801316;76,77040117979;0,38165252632461;28,219162166119;1,0747843733989
20/06/2024 15:43:20;18,331455171108;77,081212520599;0,38319767825305;28,333409786224;1,0791357271373
20/06/2024 15:43:30;18,405372329056;77,392023861408;0,38474283018149;28,44765740633;1,0834870808758
20/06/2024 15:43:40;18,479289487004;77,702835202217;0,38628798210993;28,561905026436;1,0878384346142
20/06/2024 15:43:50;18,553206644952;78,013646543026;0,38783313403837;28,676152646542;1,0921897883527
20/06/2024 15:44:00;18,6271238029;78,324457883835;0,38937828596681;28,790400266647;1,0965411420912
20/06/2024 15:44:10;18,701040960848;78,635269224644;0,39092343789525;28,904647886753;1,1008924958296
20/06/2024 15:44:20;18,774958118796;78,946080565453;0,39246858982369;29,018895506859;1,1052438495681
20/06/2024 15:44:30;18,848875276744;79,256891906261;0,39401374175213;29,133143126965;1,1095952033065
20/06/2024 15:44:40;18,922792434692;79,56770324707;0,39555889368057;29,24739074707;1,113946557045
20/06/2024 15:44:50;18,930967330933;79,562805175781;0,395079433918;29,216571807861;1,1111478805542
20/06/2024 15:45:00;18,934215545654;79,560157775879;0,39295947551727;29,193159103394;1,112665772438
20/06/2024 15:45:10;18,872740819857;79,301845575308;0,39168363306429;29,098376119292;1,1090532212288
20/06/2024 15:45:20;18,811266094059;79,043533374737;0,39040779061132;29,00359313519;1,1054406700196
20/06/2024 15:45:30;18,749791368262;78,785221174166;0,38913194815834;28,908810151088;1,1018281188104
20/06/2024 15:45:40;18,688316642464;78,526908973595;0,38785610570536;28,814027166986;1,0982155676012
20/06/2024 15:45:50;18,626841916666;78,268596773024;0,38658026325238;28,719244182884;1,094603016392
20/06/2024 15:46:00;18,565367190869;78,010284572453;0,3853044207994;28,624461198782;1,0909904651828
20/06/2024 15:46:10;18,503892465071;77,751972371882;0,38402857834643;28,52967821468;1,0873779139735
20/06/2024 15:46:20;18,442417739274;77,493660171311;0,38275273589345;28,434895230578;1,0837653627643
20/06/2024 15:46:30;18,380943013476;77,23534797074;0,38147689344047;28,340112246476;1,0801528115551
20/06/2024 15:46:40;18,319468287679;76,977035770169;0,38020105098749;28,245329262374;1,0765402603459
20/06/2024 15:46:50;18,257993561881;76,718723569598;0,37892520853451;28,150546278272;1,0729277091367
20/06/2024 15:47:00;18,196518836083;76,460411369026;0,37764936608154;28,05576329417;1,0693151579275
20/06/2024 15:47:10;18,135044110286;76,202099168455;0,37637352362856;27,960980310069;1,0657026067183
20/06/2024 15:47:20;18,073569384488;75,943786967884;0,37509768117558;27,866197325967;1,062090055509
20/06/2024 15:47:30;18,012094658691;75,685474767313;0,3738218387226;27,771414341865;1,0584775042998
20/06/2024 15:47:40;17,950619932893;75,427162566742;0,37254599626962;27,676631357763;1,0548649530906
20/06/2024 15:47:50;17,889145207095;75,168850366171;0,37127015381664;27,581848373661;1,0512524018814
20/06/2024 15:48:00;17,827670481298;74,9105381656;0,36999431136367;27,487065389559;1,0476398506722
20/06/2024 15:48:10;17,7661957555;74,652225965029;0,36871846891069;27,392282405457;1,044027299463
20/06/2024 15:48:20;17,704721029703;74,393913764458;0,36744262645771;27,297499421355;1,0404147482538
20/06/2024 15:48:30;17,643246303905;74,135601563887;0,36616678400473;27,202716437253;1,0368021970445
20/06/2024 15:48:40;17,581771578108;73,877289363316;0,36489094155175;27,107933453151;1,0331896458353
20/06/2024 15:48:50;17,52029685231;73,618977162745;0,36361509909878;27,013150469049;1,0295770946261
20/06/2024 15:49:00;17,458822126512;73,360664962174;0,3623392566458;26,918367484947;1,0259645434169
20/06/2024 15:49:10;17,397347400715;73,102352761603;0,36106341419282;26,823584500845;1,0223519922077
20/06/2024 15:49:20;17,335872674917;72,844040561032;0,35978757173984;26,728801516743;1,0187394409985
20/06/2024 15:49:30;17,27439794912;72,585728360461;0,35851172928686;26,634018532642;1,0151268897893
20/06/2024 15:49:40;17,212923223322;72,32741615989;0,35723588683388;26,53923554854;1,01151433858
20/06/2024 15:49:50;17,151448497525;72,069103959319;0,35596004438091;26,444452564438;1,0079017873708
20/06/2024 15:50:00;17,089973771727;71,810791758748;0,35468420192793;26,349669580336;1,0042892361616
20/06/2024 15:50:10;17,028499045929;71,552479558177;0,35340835947495;26,254886596234;1,0006766849524
20/06/2024 15:50:20;16,967024320132;71,294167357606;0,35213251702197;26,160103612132;0,99706413374319
20/06/2024 15:50:30;16,905549594334;71,035855157035;0,35085667456899;26,06532062803;0,99345158253397
20/06/2024 15:50:40;16,844074868537;70,777542956464;0,34958083211602;25,970537643928;0,98983903132476
20/06/2024 15:50:50;16,782600142739;70,519230755893;0,34830498966304;25,875754659826;0,98622648011554
20/06/2024 15:51:00;16,721125416941;70,260918555322;0,34702914721006;25,780971675724;0,98261392890633
20/06/2024 15:51:10;16,659650691144;70,002606354751;0,34575330475708;25,686188691622;0,97900137769711
20/06/2024 15:51:20;16,598175965346;69,74429415418;0,3444774623041;25,59140570752;0,9753888264879
20/06/2024 15:51:30;16,536701239549;69,485981953609;0,34320161985112;25,496622723418;0,97177627527869
20/06/2024 15:51:40;16,475226513751;69,227669753037;0,34192577739815;25,401839739316;0,96816372406947
20/06/2024 15:51:50;16,413751787954;68,969357552466;0,34064993494517;25,307056755215;0,96455117286026
20/06/2024 15:52:00;16,352277062156;68,711045351895;0,33937409249219;25,212273771113;0,96093862165104
20/06/2024 15:52:10;16,290802336358;68,452733151324;0,33809825003921;25,117490787011;0,95732607044183
20/06/2024 15:52:20;16,229327610561;68,194420950753;0,33682240758623;25,022707802909;0,95371351923261
20/06/2024 15:52:30;16,167852884763;67,936108750182;0,33554656513326;24,927924818807;0,9501009680234
20/06/2024 15:52:40;16,106378158966;67,677796549611;0,33427072268028;24,833141834705;0,94648841681418
20/06/2024 15:52:50;16,044903433168;67,41948434904;0,3329948802273;24,738358850603;0,94287586560497
20/06/2024 15:53:00;15,983428707371;67,161172148469;0,33171903777432;24,643575866501;0,93926331439576
20/06/2024 15:53:10;15,921953981573;66,902859947898;0,33044319532134;24,548792882399;0,93565076318654
20/06/2024 15:53:20;15,860479255775;66,644547747327;0,32916735286837;24,454009898297;0,93203821197733
20/06/2024 15:53:30;15,799004529978;66,386235546756;0,32789151041539;24,359226914195;0,92842566076811
20/06/2024 15:53:40;15,73752980418;66,127923346185;0,32661566796241;24,264443930093;0,9248131095589
20/06/2024 15:53:50;15,676055078383;65,869611145614;0,32533982550943;24,169660945991;0,92120055834968
20/06/2024 15:54:00;15,614580352585;65,611298945043;0,32406398305645;24,074877961889;0,91758800714047
20/06/2024 15:54:10;15,553105626787;65,352986744472;0,32278814060347;23,980094977788;0,91397545593125
20/06/2024 15:54:20;15,49163090099;65,094674543901;0,3215122981505;23,885311993686;0,91036290472204
20/06/2024 15:54:30;15,430156175192;64,83636234333;0,32023645569752;23,790529009584;0,90675035351283
20/06/2024 15:54:40;15,368681449395;64,578050142759;0,31896061324454;23,695746025482;0,90313780230361
20/06/2024 15:54:50;15,307206723597;64,319737942188;0,31768477079156;23,60096304138;0,8995252510944
20/06/2024 15:55:00;15,2457319978;64,061425741617;0,31640892833858;23,506180057278;0,89591269988518
20/06/2024 15:55:10;15,184257272002;63,803113541046;0,31513308588561;23,411397073176;0,89230014867597
20/06/2024 15:55:20;15,122782546204;63,544801340475;0,31385724343263;23,316614089074;0,88868759746675
20/06/2024 15:55:30;15,061307820407;63,286489139904;0,31258140097965;23,221831104972;0,88507504625754
20/06/2024 15:55:40;14,999833094609;63,028176939333;0,31130555852667;23,12704812087;0,88146249504832
20/06/2024 15:55:50;14,938358368812;62,769864738762;0,31002971607369;23,032265136768;0,87784994383911
20/06/2024 15:56:00;14,876883643014;62,511552538191;0,30875387362071;22,937482152666;0,8742373926299
20/06/2024 15:56:10;14,815408917217;62,25324033762;0,30747803116774;22,842699168564;0,87062484142068
20/06/2024 15:56:20;14,753934191419;61,994928137048;0,30620218871476;22,747916184463;0,86701229021147
20/06/2024 15:56:30;14,692459465621;61,736615936477;0,30492634626178;22,653133200361;0,86339973900225
20/06/2024 15:56:40;14,630984739824;61,478303735906;0,3036505038088;22,558350216259;0,85978718779304
20/06/2024 15:56:50;14,569510014026;61,219991535335;0,30237466135582;22,463567232157;0,85617463658382
20/06/2024 15:57:00;14,508035288229;60,961679334764;0,30109881890285;22,368784248055;0,85256208537461
20/06/2024 15:57:10;14,446560562431;60,703367134193;0,29982297644987;22,274001263953;0,84894953416539
20/06/2024 15:57:20;14,385085836633;60,445054933622;0,29854713399689;22,179218279851;0,84533698295618
20/06/2024 15:57:30;14,323611110836;60,186742733051;0,29727129154391;22,084435295749;0,84172443174697
20/06/2024 15:57:40;14,262136385038;59,92843053248;0,29599544909093;21,989652311647;0,83811188053775
20/06/2024 15:57:50;14,200661659241;59,670118331909;0,29471960663795;21,894869327545;0,83449932932854
20/06/2024 15:58:00;14,139186933443;59,411806131338;0,29344376418498;21,800086343443;0,83088677811932
20/06/2024 15:58:10;14,077712207646;59,153493930767;0,292167921732;21,705303359341;0,82727422691011
20/06/2024 15:58:20;14,016237481848;58,895181730196;0,29089207927902;21,610520375239;0,82366167570089
20/06/2024 15:58:30;13,95476275605;58,636869529625;0,28961623682604;21,515737391137;0,82004912449168
20/06/2024 15:58:40;13,893288030253;58,378557329054;0,28834039437306;21,420954407036;0,81643657328246
20/06/2024 15:58:50;13,831813304455;58,120245128483;0,28706455192009;21,326171422934;0,81282402207325
20/06/2024 15:59:00;13,770338578658;57,861932927912;0,28578870946711;21,231388438832;0,80921147086404
20/06/2024 15:59:10;13,70886385286;57,603620727341;0,28451286701413;21,13660545473;0,80559891965482
20/06/2024 15:59:20;13,647389127063;57,34530852677;0,28323702456115;21,041822470628;0,80198636844561
20/06/2024 15:59:30;13,585914401265;57,086996326199;0,28196118210817;20,947039486526;0,79837381723639
20/06/2024 15:59:40;13,524439675467;56,828684125628;0,28068533965519;20,852256502424;0,79476126602718
20/06/2024 15:59:50;13,46296494967;56,570371925057;0,27940949720222;20,757473518322;0,79114871481796
20/06/2024 16:00:00;13,401490223872;56,312059724486;0,27813365474924;20,66269053422;0,78753616360875
20/06/2024 16:00:10;13,340015498075;56,053747523915;0,27685781229626;20,567907550118;0,78392361239953
20/06/2024 16:00:20;13,278540772277;55,795435323344;0,27558196984328;20,473124566016;0,78031106119032
20/06/2024 16:00:30;13,217066046479;55,537123122773;0,2743061273903;20,378341581914;0,77669850998111
20/06/2024 16:00:40;13,155591320682;55,278810922202;0,27303028493733;20,283558597812;0,77308595877189
20/06/2024 16:00:50;13,094116594884;55,020498721631;0,27175444248435;20,18877561371;0,76947340756268
20/06/2024 16:01:00;13,032641869087;54,76218652106;0,27047860003137;20,093992629609;0,76586085635346
20/06/2024 16:01:10;12,971167143289;54,503874320488;0,26920275757839;19,999209645507;0,76224830514425
20/06/2024 16:01:20;12,909692417492;54,245562119917;0,26792691512541;19,904426661405;0,75863575393503
20/06/2024 16:01:30;12,848217691694;53,987249919346;0,26665107267244;19,809643677303;0,75502320272582
20/06/2024 16:01:40;12,786742965896;53,728937718775;0,26537523021946;19,714860693201;0,7514106515166
20/06/2024 16:01:50;12,725268240099;53,470625518204;0,26409938776648;19,620077709099;0,74779810030739
20/06/2024 16:02:00;12,663793514301;53,212313317633;0,2628235453135;19,525294724997;0,74418554909818
20/06/2024 16:02:10;12,602318788504;52,954001117062;0,26154770286052;19,430511740895;0,74057299788896
20/06/2024 16:02:20;12,540844062706;52,695688916491;0,26027186040754;19,335728756793;0,73696044667975
20/06/2024 16:02:30;12,479369336909;52,43737671592;0,25899601795457;19,240945772691;0,73334789547053
20/06/2024 16:02:40;12,417894611111;52,179064515349;0,25772017550159;19,146162788589;0,72973534426132
20/06/2024 16:02:50;12,356419885313;51,920752314778;0,25644433304861;19,051379804487;0,7261227930521
20/06/2024 16:03:00;12,294945159516;51,662440114207;0,25516849059563;18,956596820385;0,72251024184289
20/06/2024 16:03:10;12,233470433718;51,404127913636;0,25389264814265;18,861813836283;0,71889769063367
20/06/2024 16:03:20;12,171995707921;51,145815713065;0,25261680568968;18,767030852182;0,71528513942446
20/06/2024 16:03:30;12,110520982123;50,887503512494;0,2513409632367;18,67224786808;0,71167258821525
20/06/2024 16:03:40;12,049046256325;50,629191311923;0,25006512078372;18,577464883978;0,70806003700603
20/06/2024 16:03:50;11,987571530528;50,370879111352;0,24878927833074;18,482681899876;0,70444748579682
20/06/2024 16:04:00;11,92609680473;50,112566910781;0,24751343587776;18,387898915774;0,7008349345876
20/06/2024 16:04:10;11,864622078933;49,85425471021;0,24623759342478;18,293115931672;0,69722238337839
20/06/2024 16:04:20;11,803147353135;49,595942509639;0,24496175097181;18,19833294757;0,69360983216917
20/06/2024 16:04:30;11,741672627338;49,337630309068;0,24368590851883;18,103549963468;0,68999728095996
20/06/2024 16:04:40;11,68019790154;49,079318108497;0,24241006606585;18,008766979366;0,68638472975074
20/06/2024 16:04:50;11,618723175742;48,821005907926;0,24113422361287;17,913983995264;0,68277217854153
20/06/2024 16:05:00;11,557248449945;48,562693707355;0,23985838115989;17,819201011162;0,67915962733232
20/06/2024 16:05:10;11,495773724147;48,304381506784;0,23858253870692;17,72441802706;0,6755470761231
20/06/2024 16:05:20;11,43429899835;48,046069306213;0,23730669625394;17,629635042958;0,67193452491389
20/06/2024 16:05:30;11,372824272552;47,787757105642;0,23603085380096;17,534852058857;0,66832197370467
20/06/2024 16:05:40;11,311349546755;47,529444905071;0,23475501134798;17,440069074755;0,66470942249546
20/06/2024 16:05:50;11,249874820957;47,271132704499;0,233479168895;17,345286090653;0,66109687128624
20/06/2024 16:06:00;11,188400095159;47,012820503928;0,23220332644202;17,250503106551;0,65748432007703
20/06/2024 16:06:10;11,126925369362;46,754508303357;0,23092748398905;17,155720122449;0,65387176886781
20/06/2024 16:06:20;11,065450643564;46,496196102786;0,22965164153607;17,060937138347;0,6502592176586
20/06/2024 16:06:30;11,003975917767;46,237883902215;0,22837579908309;16,966154154245;0,64664666644939
20/06/2024 16:06:40;10,942501191969;45,979571701644;0,22709995663011;16,871371170143;0,64303411524017
20/06/2024 16:06:50;10,881026466171;45,721259501073;0,22582411417713;16,776588186041;0,63942156403096
20/06/2024 16:07:00;10,819551740374;45,462947300502;0,22454827172416;16,681805201939;0,63580901282174
20/06/2024 16:07:10;10,758077014576;45,204635099931;0,22327242927118;16,587022217837;0,63219646161253
20/06/2024 16:07:20;10,696602288779;44,94632289936;0,2219965868182;16,492239233735;0,62858391040331
20/06/2024 16:07:30;10,635127562981;44,688010698789;0,22072074436522;16,397456249633;0,6249713591941
20/06/2024 16:07:40;10,573652837184;44,429698498218;0,21944490191224;16,302673265531;0,62135880798488
20/06/2024 16:07:50;10,512178111386;44,171386297647;0,21816905945927;16,20789028143;0,61774625677567
20/06/2024 16:08:00;10,450703385588;43,913074097076;0,21689321700629;16,113107297328;0,61413370556646
20/06/2024 16:08:10;10,389228659791;43,654761896505;0,21561737455331;16,018324313226;0,61052115435724
20/06/2024 16:08:20;10,327753933993;43,396449695934;0,21434153210033;15,923541329124;0,60690860314803
20/06/2024 16:08:30;10,266279208196;43,138137495363;0,21306568964735;15,828758345022;0,60329605193881
20/06/2024 16:08:40;10,204804482398;42,879825294792;0,21178984719437;15,73397536092;0,5996835007296
20/06/2024 16:08:50;10,143329756601;42,621513094221;0,2105140047414;15,639192376818;0,59607094952038
20/06/2024 16:09:00;10,081855030803;42,36320089365;0,20923816228842;15,544409392716;0,59245839831117
20/06/2024 16:09:10;10,020380305005;42,104888693079;0,20796231983544;15,449626408614;0,58884584710195
20/06/2024 16:09:20;9,9589055792078;41,846576492508;0,20668647738246;15,354843424512;0,58523329589274
20/06/2024 16:09:30;9,8974308534102;41,588264291937;0,20541063492948;15,26006044041;0,58162074468353
20/06/2024 16:09:40;9,8359561276126;41,329952091366;0,20413479247651;15,165277456308;0,57800819347431
20/06/2024 16:09:50;9,774481401815;41,071639890795;0,20285895002353;15,070494472206;0,5743956422651
20/06/2024 16:10:00;9,7130066760175;40,813327690224;0,20158310757055;14,975711488104;0,57078309105588
20/06/2024 16:10:10;9,6515319502199;40,555015489653;0,20030726511757;14,880928504003;0,56717053984667
20/06/2024 16:10:20;9,5900572244223;40,296703289082;0,19903142266459;14,786145519901;0,56355798863745
20/06/2024 16:10:30;9,5285824986247;40,03839108851;0,19775558021161;14,691362535799;0,55994543742824
20/06/2024 16:10:40;9,4671077728271;39,780078887939;0,19647973775864;14,596579551697;0,55633288621902
20/06/2024 16:10:50;9,4056330470296;39,521766687368;0,19520389530566;14,501796567595;0,55272033500981
20/06/2024 16:11:00;9,344158321232;39,263454486797;0,19392805285268;14,407013583493;0,5491077838006
20/06/2024 16:11:10;9,2826835954344;39,005142286226;0,1926522103997;14,312230599391;0,54549523259138
20/06/2024 16:11:20;9,2212088696368;38,746830085655;0,19137636794672;14,217447615289;0,54188268138217
20/06/2024 16:11:30;9,1597341438393;38,488517885084;0,19010052549375;14,122664631187;0,53827013017295
20/06/2024 16:11:40;9,0982594180417;38,230205684513;0,18882468304077;14,027881647085;0,53465757896374
20/06/2024 16:11:50;9,0367846922441;37,971893483942;0,18754884058779;13,933098662983;0,53104502775452
20/06/2024 16:12:00;8,9753099664465;37,713581283371;0,18627299813481;13,838315678881;0,52743247654531
20/06/2024 16:12:10;8,9138352406489;37,4552690828;0,18499715568183;13,743532694779;0,52381992533609
20/06/2024 16:12:20;8,8523605148514;37,196956882229;0,18372131322885;13,648749710678;0,52020737412688
20/06/2024 16:12:30;8,7908857890538;36,938644681658;0,18244547077588;13,553966726576;0,51659482291767
20/06/2024 16:12:40;8,7294110632562;36,680332481087;0,1811696283229;13,459183742474;0,51298227170845
20/06/2024 16:12:50;8,6679363374586;36,422020280516;0,17989378586992;13,364400758372;0,50936972049924
20/06/2024 16:13:00;8,606461611661;36,163708079945;0,17861794341694;13,26961777427;0,50575716929002
20/06/2024 16:13:10;8,5449868858635;35,905395879374;0,17734210096396;13,174834790168;0,50214461808081
20/06/2024 16:13:20;8,4835121600659;35,647083678803;0,17606625851099;13,080051806066;0,49853206687159
20/06/2024 16:13:30;8,4220374342683;35,388771478232;0,17479041605801;12,985268821964;0,49491951566238
20/06/2024 16:13:40;8,3605627084707;35,130459277661;0,17351457360503;12,890485837862;0,49130696445316
20/06/2024 16:13:50;8,2990879826732;34,87214707709;0,17223873115205;12,79570285376;0,48769441324395
20/06/2024 16:14:00;8,2376132568756;34,613834876519;0,17096288869907;12,700919869658;0,48408186203474
20/06/2024 16:14:10;8,176138531078;34,355522675948;0,1696870462461;12,606136885556;0,48046931082552
20/06/2024 16:14:20;8,1146638052804;34,097210475377;0,16841120379312;12,511353901454;0,47685675961631
20/06/2024 16:14:30;8,0531890794828;33,838898274806;0,16713536134014;12,416570917352;0,47324420840709
20/06/2024 16:14:40;7,9917143536853;33,580586074235;0,16585951888716;12,321787933251;0,46963165719788
20/06/2024 16:14:50;7,9302396278877;33,322273873664;0,16458367643418;12,227004949149;0,46601910598866
20/06/2024 16:15:00;7,8687649020901;33,063961673093;0,1633078339812;12,132221965047;0,46240655477945
20/06/2024 16:15:10;7,8072901762925;32,805649472521;0,16203199152823;12,037438980945;0,45879400357023
20/06/2024 16:15:20;7,7458154504949;32,54733727195;0,16075614907525;11,942655996843;0,45518145236102
20/06/2024 16:15:30;7,6843407246974;32,289025071379;0,15948030662227;11,847873012741;0,45156890115181
20/06/2024 16:15:40;7,6228659988998;32,030712870808;0,15820446416929;11,753090028639;0,44795634994259
20/06/2024 16:15:50;7,5613912731022;31,772400670237;0,15692862171631;11,658307044537;0,44434379873338
20/06/2024 16:16:00;7,4999165473046;31,514088469666;0,15565277926334;11,563524060435;0,44073124752416
20/06/2024 16:16:10;7,438441821507;31,255776269095;0,15437693681036;11,468741076333;0,43711869631495
20/06/2024 16:16:20;7,3769670957095;30,997464068524;0,15310109435738;11,373958092231;0,43350614510573
20/06/2024 16:16:30;7,3154923699119;30,739151867953;0,1518252519044;11,279175108129;0,42989359389652
20/06/2024 16:16:40;7,2540176441143;30,480839667382;0,15054940945142;11,184392124027;0,4262810426873
20/06/2024 16:16:50;7,1925429183167;30,222527466811;0,14927356699844;11,089609139925;0,42266849147809
20/06/2024 16:17:00;7,1310681925192;29,96421526624;0,14799772454547;10,994826155824;0,41905594026888
20/06/2024 16:17:10;7,0695934667216;29,705903065669;0,14672188209249;10,900043171722;0,41544338905966
20/06/2024 16:17:20;7,008118740924;29,447590865098;0,14544603963951;10,80526018762;0,41183083785045
20/06/2024 16:17:30;6,9466440151264;29,189278664527;0,14417019718653;10,710477203518;0,40821828664123
20/06/2024 16:17:40;6,8851692893288;28,930966463956;0,14289435473355;10,615694219416;0,40460573543202
20/06/2024 16:17:50;6,8236945635313;28,672654263385;0,14161851228058;10,520911235314;0,4009931842228
20/06/2024 16:18:00;6,7622198377337;28,414342062814;0,1403426698276;10,426128251212;0,39738063301359
20/06/2024 16:18:10;6,7007451119361;28,156029862243;0,13906682737462;10,33134526711;0,39376808180437
20/06/2024 16:18:20;6,6392703861385;27,897717661672;0,13779098492164;10,236562283008;0,39015553059516
20/06/2024 16:18:30;6,5777956603409;27,639405461101;0,13651514246866;10,141779298906;0,38654297938595
20/06/2024 16:18:40;6,5163209345434;27,38109326053;0,13523930001568;10,046996314804;0,38293042817673
20/06/2024 16:18:50;6,4548462087458;27,122781059959;0,13396345756271;9,9522133307023;0,37931787696752
20/06/2024 16:19:00;6,3933714829482;26,864468859388;0,13268761510973;9,8574303466004;0,3757053257583
20/06/2024 16:19:10;6,3318967571506;26,606156658817;0,13141177265675;9,7626473624985;0,37209277454909
20/06/2024 16:19:20;6,270422031353;26,347844458246;0,13013593020377;9,6678643783966;0,36848022333987
20/06/2024 16:19:30;6,2089473055555;26,089532257675;0,12886008775079;9,5730813942946;0,36486767213066
20/06/2024 16:19:40;6,1474725797579;25,831220057104;0,12758424529782;9,4782984101927;0,36125512092144
20/06/2024 16:19:50;6,0859978539603;25,572907856533;0,12630840284484;9,3835154260908;0,35764256971223
20/06/2024 16:20:00;6,0245231281627;25,314595655961;0,12503256039186;9,2887324419889;0,35403001850302
20/06/2024 16:20:10;5,9630484023652;25,05628345539;0,12375671793888;9,1939494578869;0,3504174672938
20/06/2024 16:20:20;5,9015736765676;24,797971254819;0,1224808754859;9,099166473785;0,34680491608459
20/06/2024 16:20:30;5,84009895077;24,539659054248;0,12120503303293;9,0043834896831;0,34319236487537
20/06/2024 16:20:40;5,7786242249724;24,281346853677;0,11992919057995;8,9096005055811;0,33957981366616
20/06/2024 16:20:50;5,7171494991748;24,023034653106;0,11865334812697;8,8148175214792;0,33596726245694
20/06/2024 16:21:00;5,6556747733773;23,764722452535;0,11737750567399;8,7200345373773;0,33235471124773
20/06/2024 16:21:10;5,5942000475797;23,506410251964;0,11610166322101;8,6252515532754;0,32874216003851
20/06/2024 16:21:20;5,5327253217821;23,248098051393;0,11482582076803;8,5304685691734;0,3251296088293
20/06/2024 16:21:30;5,4712505959845;22,989785850822;0,11354997831506;8,4356855850715;0,32151705762009
20/06/2024 16:21:40;5,4097758701869;22,731473650251;0,11227413586208;8,3409026009696;0,31790450641087
20/06/2024 16:21:50;5,3483011443894;22,47316144968;0,1109982934091;8,2461196168677;0,31429195520166
20/06/2024 16:22:00;5,2868264185918;22,214849249109;0,10972245095612;8,1513366327657;0,31067940399244
20/06/2024 16:22:10;5,2253516927942;21,956537048538;0,10844660850314;8,0565536486638;0,30706685278323
20/06/2024 16:22:20;5,1638769669966;21,698224847967;0,10717076605017;7,9617706645619;0,30345430157401
20/06/2024 16:22:30;5,102402241199;21,439912647396;0,10589492359719;7,86698768046;0,2998417503648
20/06/2024 16:22:40;5,0409275154015;21,181600446825;0,10461908114421;7,772204696358;0,29622919915558
20/06/2024 16:22:50;4,9794527896039;20,923288246254;0,10334323869123;7,6774217122561;0,29261664794637
20/06/2024 16:23:00;4,9179780638063;20,664976045683;0,10206739623825;7,5826387281542;0,28900409673716
20/06/2024 16:23:10;4,8565033380087;20,406663845112;0,10079155378527;7,4878557440522;0,28539154552794
20/06/2024 16:23:20;4,7950286122112;20,148351644541;0,099515711332296;7,3930727599503;0,28177899431873
20/06/2024 16:23:30;4,7335538864136;19,89003944397;0,098239868879318;7,2982897758484;0,27816644310951
20/06/2024 16:23:40;4,672079160616;19,631727243399;0,09696402642634;7,2035067917465;0,2745538919003
20/06/2024 16:23:50;4,6106044348184;19,373415042828;0,095688183973362;7,1087238076445;0,27094134069108
20/06/2024 16:24:00;4,5491297090208;19,115102842257;0,094412341520384;7,0139408235426;0,26732878948187
20/06/2024 16:24:10;4,4876549832233;18,856790641686;0,093136499067406;6,9191578394407;0,26371623827265
20/06/2024 16:24:20;4,4261802574257;18,598478441115;0,091860656614427;6,8243748553388;0,26010368706344
20/06/2024 16:24:30;4,3647055316281;18,340166240544;0,090584814161449;6,7295918712368;0,25649113585423
20/06/2024 16:24:40;4,3032308058305;18,081854039972;0,089308971708471;6,6348088871349;0,25287858464501
20/06/2024 16:24:50;4,2417560800329;17,823541839401;0,088033129255493;6,540025903033;0,2492660334358
20/06/2024 16:25:00;4,1802813542354;17,56522963883;0,086757286802515;6,445242918931;0,24565348222658
20/06/2024 16:25:10;4,1188066284378;17,306917438259;0,085481444349537;6,3504599348291;0,24204093101737
20/06/2024 16:25:20;4,0573319026402;17,048605237688;0,084205601896558;6,2556769507272;0,23842837980815
20/06/2024 16:25:30;3,9958571768426;16,790293037117;0,08292975944358;6,1608939666253;0,23481582859894
20/06/2024 16:25:40;3,934382451045;16,531980836546;0,081653916990602;6,0661109825233;0,23120327738972
20/06/2024 16:25:50;3,8729077252475;16,273668635975;0,080378074537624;5,9713279984214;0,22759072618051
20/06/2024 16:26:00;3,8114329994499;16,015356435404;0,079102232084646;5,8765450143195;0,2239781749713
20/06/2024 16:26:10;3,7499582736523;15,757044234833;0,077826389631668;5,7817620302176;0,22036562376208
20/06/2024 16:26:20;3,6884835478547;15,498732034262;0,07655054717869;5,6869790461156;0,21675307255287
20/06/2024 16:26:30;3,6270088220572;15,240419833691;0,075274704725711;5,5921960620137;0,21314052134365
20/06/2024 16:26:40;3,5655340962596;14,98210763312;0,073998862272733;5,4974130779118;0,20952797013444
20/06/2024 16:26:50;3,504059370462;14,723795432549;0,072723019819755;5,4026300938098;0,20591541892522
20/06/2024 16:27:00;3,4425846446644;14,465483231978;0,071447177366777;5,3078471097079;0,20230286771601
20/06/2024 16:27:10;3,3811099188668;14,207171031407;0,070171334913799;5,213064125606;0,19869031650679
20/06/2024 16:27:20;3,3196351930693;13,948858830836;0,068895492460821;5,1182811415041;0,19507776529758
20/06/2024 16:27:30;3,2581604672717;13,690546630265;0,067619650007842;5,0234981574021;0,19146521408837
20/06/2024 16:27:40;3,1966857414741;13,432234429694;0,066343807554864;4,9287151733002;0,18785266287915
20/06/2024 16:27:50;3,1352110156765;13,173922229123;0,065067965101886;4,8339321891983;0,18424011166994
20/06/2024 16:28:00;3,0737362898789;12,915610028552;0,063792122648908;4,7391492050964;0,18062756046072
20/06/2024 16:28:10;3,0122615640814;12,657297827981;0,06251628019593;4,6443662209944;0,17701500925151
20/06/2024 16:28:20;2,9507868382838;12,39898562741;0,061240437742952;4,5495832368925;0,17340245804229
20/06/2024 16:28:30;2,8893121124862;12,140673426839;0,059964595289973;4,4548002527906;0,16978990683308
20/06/2024 16:28:40;2,8278373866886;11,882361226268;0,058688752836995;4,3600172686887;0,16617735562386
20/06/2024 16:28:50;2,7663626608911;11,624049025697;0,057412910384017;4,2652342845867;0,16256480441465
20/06/2024 16:29:00;2,7048879350935;11,365736825126;0,056137067931039;4,1704513004848;0,15895225320544
20/06/2024 16:29:10;2,6434132092959;11,107424624555;0,054861225478061;4,0756683163829;0,15533970199622
20/06/2024 16:29:20;2,5819384834983;10,849112423983;0,053585383025083;3,9808853322809;0,15172715078701
20/06/2024 16:29:30;2,5204637577007;10,590800223412;0,052309540572105;3,886102348179;0,14811459957779
20/06/2024 16:29:40;2,4589890319032;10,332488022841;0,051033698119126;3,7913193640771;0,14450204836858
20/06/2024 16:29:50;2,3975143061056;10,07417582227;0,049757855666148;3,6965363799752;0,14088949715936
20/06/2024 16:30:00;2,336039580308;9,8158636216993;0,04848201321317;3,6017533958732;0,13727694595015
20/06/2024 16:30:10;2,2745648545104;9,5575514211283;0,047206170760192;3,5069704117713;0,13366439474093
20/06/2024 16:30:20;2,2130901287128;9,2992392205573;0,045930328307214;3,4121874276694;0,13005184353172
20/06/2024 16:30:30;2,1516154029153;9,0409270199862;0,044654485854236;3,3174044435675;0,12643929232251
20/06/2024 16:30:40;2,0901406771177;8,7826148194152;0,043378643401257;3,2226214594655;0,12282674111329
20/06/2024 16:30:50;2,0286659513201;8,5243026188442;0,042102800948279;3,1278384753636;0,11921418990408
20/06/2024 16:31:00;1,9671912255225;8,2659904182731;0,040826958495301;3,0330554912617;0,11560163869486
20/06/2024 16:31:10;1,9057164997249;8,0076782177021;0,039551116042323;2,9382725071597;0,11198908748565
20/06/2024 16:31:20;1,8442417739274;7,7493660171311;0,038275273589345;2,8434895230578;0,10837653627643
20/06/2024 16:31:30;1,7827670481298;7,49105381656;0,036999431136367;2,7487065389559;0,10476398506722
20/06/2024 16:31:40;1,7212923223322;7,232741615989;0,035723588683388;2,653923554854;0,101151433858
20/06/2024 16:31:50;1,6598175965346;6,9744294154179;0,03444774623041;2,559140570752;0,09753888264879
20/06/2024 16:32:00;1,5983428707371;6,7161172148469;0,033171903777432;2,4643575866501;0,093926331439576
20/06/2024 16:32:10;1,5368681449395;6,4578050142759;0,031896061324454;2,3695746025482;0,090313780230361
20/06/2024 16:32:20;1,4753934191419;6,1994928137048;0,030620218871476;2,2747916184463;0,086701229021147
20/06/2024 16:32:30;1,4139186933443;5,9411806131338;0,029344376418498;2,1800086343443;0,083088677811932
20/06/2024 16:32:40;1,3524439675467;5,6828684125628;0,028068533965519;2,0852256502424;0,079476126602718
20/06/2024 16:32:50;1,2909692417492;5,4245562119917;0,026792691512541;1,9904426661405;0,075863575393503
20/06/2024 16:33:00;1,2294945159516;5,1662440114207;0,025516849059563;1,8956596820385;0,072251024184289
20/06/2024 16:33:10;1,168019790154;4,9079318108497;0,024241006606585;1,8008766979366;0,068638472975074
20/06/2024 16:33:20;1,1065450643564;4,6496196102786;0,022965164153607;1,7060937138347;0,06502592176586
20/06/2024 16:33:30;1,0450703385588;4,3913074097076;0,021689321700629;1,6113107297328;0,061413370556646
20/06/2024 16:33:40;0,98359561276126;4,1329952091366;0,020413479247651;1,5165277456308;0,057800819347431
20/06/2024 16:33:50;0,92212088696368;3,8746830085655;0,019137636794672;1,4217447615289;0,054188268138217
20/06/2024 16:34:00;0,86064616116611;3,6163708079945;0,017861794341694;1,326961777427;0,050575716929002
20/06/2024 16:34:10;0,79917143536852;3,3580586074235;0,016585951888716;1,2321787933251;0,046963165719788
20/06/2024 16:34:20;0,73769670957095;3,0997464068524;0,015310109435738;1,1373958092231;0,043350614510573
20/06/2024 16:34:30;0,67622198377337;2,8414342062814;0,01403426698276;1,0426128251212;0,039738063301359
20/06/2024 16:34:40;0,61474725797579;2,5831220057104;0,012758424529782;0,94782984101927;0,036125512092144
20/06/2024 16:34:50;0,55327253217821;2,3248098051393;0,011482582076803;0,85304685691735;0,03251296088293
20/06/2024 16:35:00;0,49179780638063;2,0664976045683;0,010206739623825;0,75826387281542;0,028900409673716
20/06/2024 16:35:10;0,43032308058305;1,8081854039972;0,0089308971708471;0,66348088871349;0,025287858464501
20/06/2024 16:35:20;0,36884835478547;1,5498732034262;0,0076550547178689;0,56869790461156;0,021675307255287
20/06/2024 16:35:30;0,30737362898789;1,2915610028552;0,0063792122648907;0,47391492050964;0,018062756046072
20/06/2024 16:35:40;0,24589890319032;1,0332488022841;0,0051033698119126;0,37913193640771;0,014450204836858
20/06/2024 16:35:50;0,18442417739274;0,77493660171309;0,0038275273589344;0,28434895230578;0,010837653627643
20/06/2024 16:36:00;0,12294945159516;0,51662440114207;0,0025516849059563;0,18956596820385;0,0072251024184289
20/06/2024 16:36:10;0,061474725797577;0,25831220057103;0,0012758424529781;0,094782984101929;0,0036125512092144
20/06/2024 16:36:20;0;0;0;0;0
20/06/2024 16:36:30;;;;;
20/06/2024 16:36:40;;;;;
20/06/2024 16:36:50;;;;;
20/06/2024 16:37:00;;;;;
20/06/2024 16:37:10;;;;;
20/06/2024 16:37:20;;;;;
20/06/2024 16:37:30;;;;;
20/06/2024 16:37:40;;;;;
20/06/2024 16:37:50;;;;;
20/06/2024 16:38:00;;;;;
20/06/2024 16:38:10;;;;;
20/06/2024 16:38:20;;;;;
20/06/2024 16:38:30;;;;;
20/06/2024 16:38:40;;;;;
20/06/2024 16:38:50;;;;;
20/06/2024 16:39:00;;;;;
20/06/2024 16:39:10;;;;;
20/06/2024 16:39:20;;;;;
20/06/2024 16:39:30;;;;;
20/06/2024 16:39:40;;;;;
20/06/2024 16:39:50;;;;;
20/06/2024 16:40:00;;;;;
20/06/2024 16:40:10;;;;;
20/06/2024 16:40:20;;;;;
20/06/2024 16:40:30;;;;;
20/06/2024 16:40:40;;;;;
20/06/2024 16:40:50;;;;;
20/06/2024 16:41:00;;;;;
20/06/2024 16:41:10;;;;;
20/06/2024 16:41:20;;;;;
20/06/2024 16:41:30;;;;;
20/06/2024 16:41:40;;;;;
20/06/2024 16:41:50;;;;;
20/06/2024 16:42:00;;;;;
20/06/2024 16:42:10;;;;;
20/06/2024 16:42:20;;;;;
20/06/2024 16:42:30;;;;;
20/06/2024 16:42:40;;;;;
20/06/2024 16:42:50;;;;;
20/06/2024 16:43:00;;;;;
20/06/2024 16:43:10;;;;;
20/06/2024 16:43:20;;;;;
20/06/2024 16:43:30;;;;;
20/06/2024 16:43:40;;;;;
20/06/2024 16:43:50;;;;;
20/06/2024 16:44:00;;;;;
20/06/2024 16:44:10;;;;;
20/06/2024 16:44:20;;;;;
20/06/2024 16:44:30;;;;;
20/06/2024 16:44:40;;;;;
20/06/2024 16:44:50;;;;;
20/06/2024 16:45:00;;;;;
20/06/2024 16:45:10;;;;;
20/06/2024 16:45:20;;;;;
20/06/2024 16:45:30;;;;;
20/06/2024 16:45:40;;;;;
20/06/2024 16:45:50;;;;;
20/06/2024 16:46:00;;;;;
20/06/2024 16:46:10;;;;;
20/06/2024 16:46:20;;;;;
20/06/2024 16:46:30;;;;;
20/06/2024 16:46:40;;;;;
20/06/2024 16:46:50;;;;;
20/06/2024 16:47:00;;;;;
20/06/2024 16:47:10;;;;;
20/06/2024 16:47:20;;;;;
20/06/2024 16:47:30;;;;;
20/06/2024 16:47:40;;;;;
20/06/2024 16:47:50;;;;;
20/06/2024 16:48:00;;;;;
20/06/2024 16:48:10;;;;;
20/06/2024 16:48:20;;;;;
20/06/2024 16:48:30;;;;;
20/06/2024 16:48:40;;;;;
20/06/2024 16:48:50;;;;;
20/06/2024 16:49:00;;;;;
20/06/2024 16:49:10;;;;;
20/06/2024 16:49:20;;;;;
20/06/2024 16:49:30;;;;;
20/06/2024 16:49:40;;;;;
20/06/2024 16:49:50;;;;;
20/06/2024 16:50:00;;;;;
20/06/2024 16:50:10;;;;;
20/06/2024 16:50:20;;;;;
20/06/2024 16:50:30;;;;;
20/06/2024 16:50:40;;;;;
20/06/2024 16:50:50;;;;;
20/06/2024 16:51:00;;;;;
20/06/2024 16:51:10;;;;;
20/06/2024 16:51:20;;;;;
20/06/2024 16:51:30;;;;;
20/06/2024 16:51:40;;;;;
20/06/2024 16:51:50;;;;;
20/06/2024 16:52:00;;;;;
20/06/2024 16:52:10;;;;;
20/06/2024 16:52:20;;;;;
20/06/2024 16:52:30;;;;;
20/06/2024 16:52:40;;;;;
20/06/2024 16:52:50;;;;;
20/06/2024 16:53:00;;;;;
20/06/2024 16:53:10;;;;;
20/06/2024 16:53:20;;;;;
20/06/2024 16:53:30;;;;;
20/06/2024 16:53:40;;;;;
20/06/2024 16:53:50;;;;;
20/06/2024 16:54:00;;;;;
20/06/2024 16:54:10;;;;;
20/06/2024 16:54:20;;;;;
20/06/2024 16:54:30;;;;;
20/06/2024 16:54:40;;;;;
20/06/2024 16:54:50;;;;;
20/06/2024 16:55:00;;;;;
20/06/2024 16:55:10;;;;;
20/06/2024 16:55:20;;;;;
20/06/2024 16:55:30;;;;;
20/06/2024 16:55:40;;;;;
20/06/2024 16:55:50;;;;;
20/06/2024 16:56:00;;;;;
20/06/2024 16:56:10;;;;;
20/06/2024 16:56:20;;;;;
20/06/2024 16:56:30;;;;;
20/06/2024 16:56:40;;;;;
20/06/2024 16:56:50;;;;;
20/06/2024 16:57:00;;;;;
20/06/2024 16:57:10;;;;;
20/06/2024 16:57:20;;;;;
20/06/2024 16:57:30;;;;;
20/06/2024 16:57:40;;;;;
20/06/2024 16:57:50;;;;;
20/06/2024 16:58:00;;;;;
20/06/2024 16:58:10;;;;;
20/06/2024 16:58:20;;;;;
20/06/2024 16:58:30;;;;;
20/06/2024 16:58:40;;;;;
20/06/2024 16:58:50;;;;;
20/06/2024 16:59:00;;;;;
20/06/2024 16:59:10;;;;;
20/06/2024 16:59:20;;;;;
20/06/2024 16:59:30;;;;;
20/06/2024 16:59:40;;;;;
20/06/2024 16:59:50;;;;;
20/06/2024 17:00:00;;;;;
20/06/2024 17:00:10;;;;;
20/06/2024 17:00:20;;;;;
20/06/2024 17:00:30;;;;;
20/06/2024 17:00:40;;;;;
20/06/2024 17:00:50;;;;;
20/06/2024 17:01:00;;;;;
20/06/2024 17:01:10;;;;;
20/06/2024 17:01:20;;;;;
20/06/2024 17:01:30;;;;;
20/06/2024 17:01:40;;;;;
20/06/2024 17:01:50;;;;;
20/06/2024 17:02:00;;;;;
20/06/2024 17:02:10;;;;;
20/06/2024 17:02:20;;;;;
20/06/2024 17:02:30;;;;;
20/06/2024 17:02:40;;;;;
20/06/2024 17:02:50;;;;;
20/06/2024 17:03:00;;;;;
20/06/2024 17:03:10;;;;;
20/06/2024 17:03:20;;;;;
20/06/2024 17:03:30;;;;;
20/06/2024 17:03:40;;;;;
20/06/2024 17:03:50;;;;;
20/06/2024 17:04:00;;;;;
20/06/2024 17:04:10;;;;;
20/06/2024 17:04:20;;;;;
20/06/2024 17:04:30;;;;;
20/06/2024 17:04:40;;;;;
20/06/2024 17:04:50;;;;;
20/06/2024 17:05:00;;;;;
20/06/2024 17:05:10;;;;;
20/06/2024 17:05:20;;;;;
20/06/2024 17:05:30;;;;;
20/06/2024 17:05:40;;;;;
20/06/2024 17:05:50;;;;;
20/06/2024 17:06:00;;;;;
20/06/2024 17:06:10;;;;;
20/06/2024 17:06:20;;;;;
20/06/2024 17:06:30;;;;;
20/06/2024 17:06:40;;;;;
20/06/2024 17:06:50;;;;;
20/06/2024 17:07:00;;;;;
20/06/2024 17:07:10;;;;;
20/06/2024 17:07:20;;;;;
20/06/2024 17:07:30;;;;;
20/06/2024 17:07:40;;;;;
20/06/2024 17:07:50;;;;;
20/06/2024 17:08:00;;;;;
20/06/2024 17:08:10;;;;;
20/06/2024 17:08:20;;;;;
20/06/2024 17:08:30;;;;;
20/06/2024 17:08:40;;;;;
20/06/2024 17:08:50;;;;;
20/06/2024 17:09:00;;;;;
20/06/2024 17:09:10;;;;;
20/06/2024 17:09:20;;;;;
20/06/2024 17:09:30;;;;;
20/06/2024 17:09:40;;;;;
20/06/2024 17:09:50;;;;;
20/06/2024 17:10:00;;;;;
20/06/2024 17:10:10;;;;;
20/06/2024 17:10:20;;;;;
20/06/2024 17:10:30;;;;;
20/06/2024 17:10:40;;;;;
20/06/2024 17:10:50;;;;;
20/06/2024 17:11:00;;;;;
20/06/2024 17:11:10;;;;;
20/06/2024 17:11:20;;;;;
20/06/2024 17:11:30;;;;;
20/06/2024 17:11:40;;;;;
20/06/2024 17:11:50;;;;;
20/06/2024 17:12:00;;;;;
20/06/2024 17:12:10;;;;;
20/06/2024 17:12:20;;;;;
20/06/2024 17:12:30;;;;;
20/06/2024 17:12:40;;;;;
20/06/2024 17:12:50;;;;;
20/06/2024 17:13:00;;;;;
20/06/2024 17:13:10;;;;;
20/06/2024 17:13:20;;;;;
20/06/2024 17:13:30;;;;;
20/06/2024 17:13:40;;;;;
20/06/2024 17:13:50;;;;;
20/06/2024 17:14:00;;;;;
20/06/2024 17:14:10;;;;;
20/06/2024 17:14:20;;;;;
20/06/2024 17:14:30;;;;;
20/06/2024 17:14:40;;;;;
20/06/2024 17:14:50;;;;;
20/06/2024 17:15:00;;;;;
20/06/2024 17:15:10;;;;;
20/06/2024 17:15:20;;;;;
20/06/2024 17:15:30;;;;;
20/06/2024 17:15:40;;;;;
20/06/2024 17:15:50;;;;;
20/06/2024 17:16:00;;;;;
20/06/2024 17:16:10;;;;;
20/06/2024 17:16:20;;;;;
20/06/2024 17:16:30;;;;;
20/06/2024 17:16:40;;;;;
20/06/2024 17:16:50;;;;;
20/06/2024 17:17:00;;;;;
20/06/2024 17:17:10;;;;;
20/06/2024 17:17:20;;;;;
20/06/2024 17:17:30;;;;;
20/06/2024 17:17:40;;;;;
20/06/2024 17:17:50;;;;;
20/06/2024 17:18:00;;;;;
20/06/2024 17:18:10;;;;;
20/06/2024 17:18:20;;;;;
20/06/2024 17:18:30;;;;;
20/06/2024 17:18:40;;;;;
20/06/2024 17:18:50;;;;;
20/06/2024 17:19:00;;;;;
20/06/2024 17:19:10;;;;;
20/06/2024 17:19:20;;;;;
20/06/2024 17:19:30;;;;;
20/06/2024 17:19:40;;;;;
20/06/2024 17:19:50;;;;;
20/06/2024 17:20:00;;;;;
20/06/2024 17:20:10;;;;;
20/06/2024 17:20:20;;;;;
20/06/2024 17:20:30;;;;;
20/06/2024 17:20:40;;;;;
20/06/2024 17:20:50;;;;;
20/06/2024 17:21:00;;;;;
20/06/2024 17:21:10;;;;;
20/06/2024 17:21:20;;;;;
20/06/2024 17:21:30;;;;;
20/06/2024 17:21:40;;;;;
20/06/2024 17:21:50;;;;;
20/06/2024 17:22:00;;;;;
20/06/2024 17:22:10;;;;;
20/06/2024 17:22:20;;;;;
20/06/2024 17:22:30;;;;;
20/06/2024 17:22:40;;;;;
20/06/2024 17:22:50;;;;;
20/06/2024 17:23:00;;;;;
20/06/2024 17:23:10;;;;;
20/06/2024 17:23:20;;;;;
20/06/2024 17:23:30;;;;;
20/06/2024 17:23:40;;;;;
20/06/2024 17:23:50;;;;;
20/06/2024 17:24:00;;;;;
20/06/2024 17:24:10;;;;;
20/06/2024 17:24:20;;;;;
20/06/2024 17:24:30;;;;;
20/06/2024 17:24:40;;;;;
20/06/2024 17:24:50;;;;;
20/06/2024 17:25:00;;;;;
20/06/2024 17:25:10;;;;;
20/06/2024 17:25:20;;;;;
20/06/2024 17:25:30;;;;;
20/06/2024 17:25:40;;;;;
20/06/2024 17:25:50;;;;;
20/06/2024 17:26:00;;;;;
20/06/2024 17:26:10;;;;;
20/06/2024 17:26:20;;;;;
20/06/2024 17:26:30;;;;;
20/06/2024 17:26:40;;;;;
20/06/2024 17:26:50;;;;;
20/06/2024 17:27:00;;;;;
20/06/2024 17:27:10;;;;;
20/06/2024 17:27:20;;;;;
20/06/2024 17:27:30;;;;;
20/06/2024 17:27:40;;;;;
20/06/2024 17:27:50;;;;;
20/06/2024 17:28:00;;;;;
20/06/2024 17:28:10;;;;;
20/06/2024 17:28:20;;;;;
20/06/2024 17:28:30;;;;;
20/06/2024 17:28:40;;;;;
20/06/2024 17:28:50;;;;;
20/06/2024 17:29:00;;;;;
20/06/2024 17:29:10;;;;;
20/06/2024 17:29:20;;;;;
20/06/2024 17:29:30;;;;;
20/06/2024 17:29:40;;;;;
20/06/2024 17:29:50;;;;;
20/06/2024 17:30:00;;;;;
20/06/2024 17:30:10;;;;;
20/06/2024 17:30:20;;;;;
20/06/2024 17:30:30;;;;;
20/06/2024 17:30:40;;;;;
20/06/2024 17:30:50;;;;;
20/06/2024 17:31:00;;;;;
20/06/2024 17:31:10;;;;;
20/06/2024 17:31:20;;;;;
20/06/2024 17:31:30;;;;;
20/06/2024 17:31:40;;;;;
20/06/2024 17:31:50;;;;;
20/06/2024 17:32:00;;;;;
20/06/2024 17:32:10;;;;;
20/06/2024 17:32:20;;;;;
20/06/2024 17:32:30;;;;;
20/06/2024 17:32:40;;;;;
20/06/2024 17:32:50;;;;;
20/06/2024 17:33:00;;;;;
20/06/2024 17:33:10;;;;;
20/06/2024 17:33:20;;;;;
20/06/2024 17:33:30;;;;;
20/06/2024 17:33:40;;;;;
20/06/2024 17:33:50;;;;;
20/06/2024 17:34:00;;;;;
20/06/2024 17:34:10;;;;;
20/06/2024 17:34:20;;;;;
20/06/2024 17:34:30;;;;;
20/06/2024 17:34:40;;;;;
20/06/2024 17:34:50;;;;;
20/06/2024 17:35:00;;;;;
20/06/2024 17:35:10;;;;;
20/06/2024 17:35:20;;;;;
20/06/2024 17:35:30;;;;;
20/06/2024 17:35:40;;;;;
20/06/2024 17:35:50;;;;;
20/06/2024 17:36:00;;;;;
20/06/2024 17:36:10;;;;;
20/06/2024 17:36:20;;;;;
20/06/2024 17:36:30;;;;;
20/06/2024 17:36:40;;;;;
20/06/2024 17:36:50;;;;;
20/06/2024 17:37:00;;;;;
20/06/2024 17:37:10;;;;;
20/06/2024 17:37:20;;;;;
20/06/2024 17:37:30;;;;;
20/06/2024 17:37:40;;;;;
20/06/2024 17:37:50;;;;;
20/06/2024 17:38:00;;;;;
20/06/2024 17:38:10;;;;;
20/06/2024 17:38:20;;;;;
20/06/2024 17:38:30;;;;;
20/06/2024 17:38:40;;;;;
20/06/2024 17:38:50;;;;;
20/06/2024 17:39:00;;;;;
20/06/2024 17:39:10;;;;;
20/06/2024 17:39:20;;;;;
20/06/2024 17:39:30;;;;;
20/06/2024 17:39:40;;;;;
20/06/2024 17:39:50;;;;;
20/06/2024 17:40:00;;;;;
20/06/2024 17:40:10;;;;;
20/06/2024 17:40:20;;;;;
20/06/2024 17:40:30;;;;;
20/06/2024 17:40:40;;;;;
20/06/2024 17:40:50;;;;;
20/06/2024 17:41:00;;;;;
20/06/2024 17:41:10;;;;;
20/06/2024 17:41:20;;;;;
20/06/2024 17:41:30;;;;;
20/06/2024 17:41:40;;;;;
20/06/2024 17:41:50;;;;;
20/06/2024 17:42:00;;;;;
20/06/2024 17:42:10;;;;;
20/06/2024 17:42:20;;;;;
20/06/2024 17:42:30;;;;;
20/06/2024 17:42:40;;;;;
20/06/2024 17:42:50;;;;;
20/06/2024 17:43:00;;;;;
20/06/2024 17:43:10;;;;;
20/06/2024 17:43:20;;;;;
20/06/2024 17:43:30;;;;;
20/06/2024 17:43:40;;;;;
20/06/2024 17:43:50;;;;;
20/06/2024 17:44:00;;;;;
20/06/2024 17:44:10;;;;;
20/06/2024 17:44:20;;;;;
20/06/2024 17:44:30;;;;;
20/06/2024 17:44:40;;;;;
20/06/2024 17:44:50;;;;;
20/06/2024 17:45:00;;;;;
20/06/2024 17:45:10;;;;;
20/06/2024 17:45:20;;;;;
20/06/2024 17:45:30;;;;;
20/06/2024 17:45:40;;;;;
20/06/2024 17:45:50;;;;;
20/06/2024 17:46:00;;;;;
20/06/2024 17:46:10;;;;;
20/06/2024 17:46:20;;;;;
20/06/2024 17:46:30;;;;;
20/06/2024 17:46:40;;;;;
20/06/2024 17:46:50;;;;;
20/06/2024 17:47:00;;;;;
20/06/2024 17:47:10;;;;;
20/06/2024 17:47:20;;;;;
20/06/2024 17:47:30;;;;;
20/06/2024 17:47:40;;;;;
20/06/2024 17:47:50;;;;;
20/06/2024 17:48:00;;;;;
20/06/2024 17:48:10;;;;;
20/06/2024 17:48:20;;;;;
20/06/2024 17:48:30;;;;;
20/06/2024 17:48:40;;;;;
20/06/2024 17:48:50;;;;;
20/06/2024 17:49:00;;;;;
20/06/2024 17:49:10;;;;;
20/06/2024 17:49:20;;;;;
20/06/2024 17:49:30;;;;;
20/06/2024 17:49:40;;;;;
20/06/2024 17:49:50;;;;;
20/06/2024 17:50:00;;;;;
20/06/2024 17:50:10;;;;;
20/06/2024 17:50:20;;;;;
20/06/2024 17:50:30;;;;;
20/06/2024 17:50:40;;;;;
20/06/2024 17:50:50;;;;;
20/06/2024 17:51:00;;;;;
20/06/2024 17:51:10;;;;;
20/06/2024 17:51:20;;;;;
20/06/2024 17:51:30;;;;;
20/06/2024 17:51:40;;;;;
20/06/2024 17:51:50;;;;;
20/06/2024 17:52:00;;;;;
20/06/2024 17:52:10;;;;;
20/06/2024 17:52:20;;;;;
20/06/2024 17:52:30;;;;;
20/06/2024 17:52:40;;;;;
20/06/2024 17:52:50;;;;;
20/06/2024 17:53:00;;;;;
20/06/2024 17:53:10;;;;;
20/06/2024 17:53:20;;;;;
20/06/2024 17:53:30;;;;;
20/06/2024 17:53:40;;;;;
20/06/2024 17:53:50;;;;;
20/06/2024 17:54:00;;;;;
20/06/2024 17:54:10;;;;;
20/06/2024 17:54:20;;;;;
20/06/2024 17:54:30;;;;;
20/06/2024 17:54:40;;;;;
20/06/2024 17:54:50;;;;;
20/06/2024 17:55:00;;;;;
20/06/2024 17:55:10;;;;;
20/06/2024 17:55:20;;;;;
20/06/2024 17:55:30;;;;;
20/06/2024 17:55:40;;;;;
20/06/2024 17:55:50;;;;;
20/06/2024 17:56:00;;;;;
20/06/2024 17:56:10;;;;;
20/06/2024 17:56:20;;;;;
20/06/2024 17:56:30;;;;;
20/06/2024 17:56:40;;;;;
20/06/2024 17:56:50;;;;;
20/06/2024 17:57:00;;;;;
20/06/2024 17:57:10;;;;;
20/06/2024 17:57:20;;;;;
20/06/2024 17:57:30;;;;;
20/06/2024 17:57:40;;;;;
20/06/2024 17:57:50;;;;;
20/06/2024 17:58:00;;;;;
20/06/2024 17:58:10;;;;;
20/06/2024 17:58:20;;;;;
20/06/2024 17:58:30;;;;;
20/06/2024 17:58:40;;;;;
20/06/2024 17:58:50;;;;;
20/06/2024 17:59:00;;;;;
20/06/2024 17:59:10;;;;;
20/06/2024 17:59:20;;;;;
20/06/2024 17:59:30;;;;;
20/06/2024 17:59:40;;;;;
20/06/2024 17:59:50;;;;;
20/06/2024 18:00:00;;;;;
20/06/2024 18:00:10;;;;;
